#pragma once

#include <Arduino.h>

constexpr int kSupaChatSplashWidth = 240;
constexpr int kSupaChatSplashHeight = 135;
const uint16_t kSupaChatSplash[] PROGMEM = {
    0x0000, 0x0000, 0x0000, 0x0000, 0x0000, 0x0000, 0x0000, 0x0000, 0x0000, 0x0000, 0x0000, 0x0000,
    0x0000, 0x0000, 0x0000, 0x0000, 0x0000, 0x0000, 0x0000, 0x0000, 0x0000, 0x0000, 0x0000, 0x0000,
    0x0000, 0x0000, 0x0000, 0x0000, 0x0000, 0x0000, 0x0000, 0x0000, 0x0000, 0x0000, 0x0000, 0x0000,
    0x0000, 0x0000, 0x0000, 0x0000, 0x0000, 0x0000, 0x0000, 0x0000, 0x0000, 0x0000, 0x0000, 0x0000,
    0x0000, 0x0000, 0x0000, 0x0000, 0x0000, 0x0000, 0x0000, 0x0000, 0x0000, 0x0000, 0x0000, 0x0000,
    0x0000, 0x0000, 0x0000, 0x0000, 0x0000, 0x0000, 0x0000, 0x0000, 0x0000, 0x0000, 0x0000, 0x0000,
    0x0000, 0x0000, 0x0000, 0x0000, 0x0000, 0x0000, 0x0000, 0x0000, 0x0000, 0x0000, 0x0000, 0x0000,
    0x0000, 0x0000, 0x0000, 0x0000, 0x0000, 0x0000, 0x0000, 0x0000, 0x0000, 0x0000, 0x0000, 0x0000,
    0x0000, 0x0000, 0x0000, 0x0000, 0x0000, 0x0000, 0x0000, 0x0000, 0x0000, 0x0000, 0x0000, 0x0000,
    0x0000, 0x0000, 0x0000, 0x0000, 0x0000, 0x0000, 0x0000, 0x0000, 0x0000, 0x0000, 0x0000, 0x0000,
    0x0000, 0x0000, 0x0000, 0x0000, 0x0000, 0x0000, 0x0000, 0x0000, 0x0000, 0x0000, 0x0000, 0x0000,
    0x0000, 0x0000, 0x0000, 0x0000, 0x0000, 0x0000, 0x0000, 0x0000, 0x0000, 0x0000, 0x0000, 0x0000,
    0x0000, 0x0000, 0x0000, 0x0000, 0x0000, 0x0000, 0x0000, 0x0000, 0x0000, 0x0000, 0x0000, 0x0000,
    0x0000, 0x0000, 0x0000, 0x0000, 0x0000, 0x0000, 0x0000, 0x0000, 0x0000, 0x0000, 0x0000, 0x0000,
    0x0000, 0x0000, 0x0000, 0x0000, 0x0000, 0x0000, 0x0000, 0x0000, 0x0000, 0x0000, 0x0000, 0x0000,
    0x0000, 0x0000, 0x0000, 0x0000, 0x0000, 0x0000, 0x0000, 0x0000, 0x0000, 0x0000, 0x0000, 0x0000,
    0x0000, 0x0000, 0x0000, 0x0000, 0x0000, 0x0000, 0x0000, 0x0000, 0x0000, 0x0000, 0x0000, 0x0000,
    0x0000, 0x0000, 0x0000, 0x0000, 0x0000, 0x0000, 0x0000, 0x0000, 0x0000, 0x0000, 0x0000, 0x0000,
    0x0000, 0x0000, 0x0000, 0x0000, 0x0000, 0x0000, 0x0000, 0x0000, 0x0000, 0x0000, 0x0000, 0x0000,
    0x0000, 0x0000, 0x0000, 0x0000, 0x0000, 0x0000, 0x0000, 0x0000, 0x0000, 0x0000, 0x0000, 0x0000,
    0x0000, 0x0000, 0x0000, 0x0000, 0x0000, 0x0000, 0x0000, 0x0000, 0x0000, 0x0000, 0x0000, 0x0000,
    0x0000, 0x0000, 0x0000, 0x0000, 0x0000, 0x0000, 0x0000, 0x0000, 0x0000, 0x0000, 0x0000, 0x0000,
    0x0000, 0x0000, 0x0000, 0x0000, 0x0000, 0x0000, 0x0000, 0x0000, 0x0000, 0x0000, 0x0000, 0x0000,
    0x0000, 0x0000, 0x0000, 0x0000, 0x0000, 0x0000, 0x0000, 0x0000, 0x0000, 0x0000, 0x0000, 0x0000,
    0x0000, 0x0000, 0x0000, 0x0000, 0x0000, 0x0000, 0x0000, 0x0000, 0x0000, 0x0000, 0x0000, 0x0000,
    0x0000, 0x0000, 0x0000, 0x0000, 0x0000, 0x0000, 0x0000, 0x0000, 0x0000, 0x0000, 0x0000, 0x0000,
    0x0000, 0x0000, 0x0000, 0x0000, 0x0000, 0x0000, 0x0000, 0x0000, 0x0000, 0x0000, 0x0000, 0x0000,
    0x0000, 0x0000, 0x0000, 0x0000, 0x0000, 0x0000, 0x0000, 0x0000, 0x0000, 0x0000, 0x0000, 0x0000,
    0x0000, 0x0000, 0x0000, 0x0000, 0x0000, 0x0000, 0x0000, 0x0000, 0x0000, 0x0000, 0x0000, 0x0000,
    0x0000, 0x0000, 0x0000, 0x0000, 0x0000, 0x0000, 0x0000, 0x0000, 0x0000, 0x0000, 0x0000, 0x0000,
    0x0000, 0x0000, 0x0000, 0x0000, 0x0000, 0x0000, 0x0000, 0x0000, 0x0000, 0x0000, 0x0000, 0x0000,
    0x0000, 0x0000, 0x0000, 0x0000, 0x0000, 0x0000, 0x0000, 0x0000, 0x0000, 0x0000, 0x0000, 0x0000,
    0x0000, 0x0000, 0x0000, 0x0000, 0x0000, 0x0000, 0x0000, 0x0000, 0x0000, 0x0000, 0x0000, 0x0000,
    0x0000, 0x0000, 0x0000, 0x0000, 0x0000, 0x0000, 0x0000, 0x0000, 0x0000, 0x0000, 0x0000, 0x0000,
    0x0000, 0x0000, 0x0000, 0x0000, 0x0000, 0x0000, 0x0000, 0x0000, 0x0000, 0x0000, 0x0000, 0x0000,
    0x0000, 0x0000, 0x0000, 0x0000, 0x0000, 0x0000, 0x0000, 0x0000, 0x0000, 0x0000, 0x0000, 0x0000,
    0x0000, 0x0000, 0x0000, 0x0000, 0x0000, 0x0000, 0x0000, 0x0000, 0x0000, 0x0000, 0x0000, 0x0000,
    0x0000, 0x0000, 0x0000, 0x0000, 0x0000, 0x0000, 0x0000, 0x0000, 0x0000, 0x0000, 0x0000, 0x0000,
    0x0000, 0x0000, 0x0000, 0x0000, 0x0000, 0x0000, 0x0000, 0x0000, 0x0000, 0x0000, 0x0000, 0x0000,
    0x0000, 0x0000, 0x0000, 0x0000, 0x0000, 0x0000, 0x0000, 0x0000, 0x0000, 0x0000, 0x0000, 0x0000,
    0x0000, 0x0000, 0x0000, 0x0000, 0x0000, 0x0000, 0x0000, 0x0000, 0x0000, 0x0000, 0x0000, 0x0000,
    0x0000, 0x0000, 0x0000, 0x0000, 0x0000, 0x0000, 0x0000, 0x0000, 0x0000, 0x0000, 0x0000, 0x0000,
    0x0000, 0x0000, 0x0000, 0x0000, 0x0000, 0x0000, 0x0000, 0x0000, 0x0000, 0x0000, 0x0000, 0x0000,
    0x0000, 0x0000, 0x0000, 0x0000, 0x0000, 0x0000, 0x0000, 0x0000, 0x0000, 0x0000, 0x0000, 0x0000,
    0x0000, 0x0000, 0x0000, 0x0000, 0x0000, 0x0000, 0x0000, 0x0000, 0x0000, 0x0000, 0x0000, 0x0000,
    0x0000, 0x0000, 0x0000, 0x0000, 0x0000, 0x0000, 0x0000, 0x0000, 0x0000, 0x0000, 0x0000, 0x0000,
    0x0000, 0x0000, 0x0000, 0x0000, 0x0000, 0x0000, 0x0000, 0x0000, 0x0000, 0x0000, 0x0000, 0x0000,
    0x0000, 0x0000, 0x0000, 0x0000, 0x0000, 0x0000, 0x0000, 0x0000, 0x0000, 0x0000, 0x0000, 0x0000,
    0x0000, 0x0000, 0x0000, 0x0000, 0x0000, 0x0000, 0x0000, 0x0000, 0x0000, 0x0000, 0x0000, 0x0000,
    0x0000, 0x0000, 0x0000, 0x0000, 0x0000, 0x0000, 0x0000, 0x0000, 0x0000, 0x0000, 0x0000, 0x0000,
    0x0000, 0x0000, 0x0000, 0x0000, 0x0000, 0x0000, 0x0000, 0x0000, 0x0000, 0x0000, 0x0000, 0x0000,
    0x0000, 0x0000, 0x0000, 0x0000, 0x0000, 0x0000, 0x0000, 0x0000, 0x0000, 0x0000, 0x0000, 0x0000,
    0x0000, 0x0000, 0x0000, 0x0000, 0x0000, 0x0000, 0x0000, 0x0000, 0x0000, 0x0000, 0x0000, 0x0000,
    0x0000, 0x0000, 0x0000, 0x0000, 0x0000, 0x0000, 0x0000, 0x0000, 0x0000, 0x0000, 0x0000, 0x0000,
    0x0000, 0x0000, 0x0000, 0x0000, 0x0000, 0x0000, 0x0000, 0x0000, 0x0000, 0x0000, 0x0000, 0x0000,
    0x0000, 0x0000, 0x0000, 0x0000, 0x0000, 0x0000, 0x0000, 0x0000, 0x0000, 0x0000, 0x0000, 0x0000,
    0x0000, 0x0000, 0x0000, 0x0000, 0x0000, 0x0000, 0x0000, 0x0000, 0x0000, 0x0000, 0x0000, 0x0000,
    0x0000, 0x0000, 0x0000, 0x0000, 0x0000, 0x0000, 0x0000, 0x0000, 0x0000, 0x0000, 0x0000, 0x0000,
    0x0000, 0x0000, 0x0000, 0x0000, 0x0000, 0x0000, 0x0000, 0x0000, 0x0000, 0x0000, 0x0000, 0x0000,
    0x0000, 0x0000, 0x0000, 0x0000, 0x0000, 0x0000, 0x0000, 0x0000, 0x0000, 0x0000, 0x0000, 0x0000,
    0x0000, 0x0000, 0x0000, 0x0000, 0x0000, 0x0000, 0x0000, 0x0000, 0x0000, 0x0000, 0x0000, 0x0000,
    0x0000, 0x0000, 0x0000, 0x0000, 0x0000, 0x0000, 0x0000, 0x0000, 0x0000, 0x0000, 0x0000, 0x0000,
    0x0000, 0x0000, 0x0000, 0x0000, 0x0000, 0x0000, 0x0000, 0x0000, 0x0000, 0x0000, 0x0000, 0x0000,
    0x0000, 0x0000, 0x0000, 0x0000, 0x0000, 0x0000, 0x0000, 0x0000, 0x0000, 0x0000, 0x0000, 0x0000,
    0x0000, 0x0000, 0x0000, 0x0000, 0x0000, 0x0000, 0x0000, 0x0000, 0x0000, 0x0000, 0x0000, 0x0000,
    0x0000, 0x0000, 0x0000, 0x0000, 0x0000, 0x0000, 0x0000, 0x0000, 0x0000, 0x0000, 0x0000, 0x0000,
    0x0000, 0x0000, 0x0000, 0x0000, 0x0000, 0x0000, 0x0000, 0x0000, 0x0000, 0x0000, 0x0000, 0x0000,
    0x0000, 0x0000, 0x0000, 0x0000, 0x0000, 0x0000, 0x0000, 0x0000, 0x0000, 0x0000, 0x0000, 0x0000,
    0x0000, 0x0000, 0x0000, 0x0000, 0x0000, 0x0000, 0x0000, 0x0000, 0x0000, 0x0000, 0x0000, 0x0000,
    0x0000, 0x0000, 0x0000, 0x0000, 0x0000, 0x0000, 0x0000, 0x0000, 0x0000, 0x0000, 0x0000, 0x0000,
    0x0000, 0x0000, 0x0000, 0x0000, 0x0000, 0x0000, 0x0000, 0x0000, 0x0000, 0x0000, 0x0000, 0x0000,
    0x0000, 0x0000, 0x0000, 0x0000, 0x0000, 0x0000, 0x0000, 0x0000, 0x0000, 0x0000, 0x0000, 0x0000,
    0x0000, 0x0000, 0x0000, 0x0000, 0x0000, 0x0000, 0x0000, 0x0000, 0x0000, 0x0000, 0x0000, 0x0000,
    0x0000, 0x0000, 0x0000, 0x0000, 0x0000, 0x0000, 0x0000, 0x0000, 0x0000, 0x0000, 0x0000, 0x0000,
    0x0000, 0x0000, 0x0000, 0x0000, 0x0000, 0x0000, 0x0000, 0x0000, 0x0000, 0x0000, 0x0000, 0x0000,
    0x0000, 0x0000, 0x0000, 0x0000, 0x0000, 0x0000, 0x0000, 0x0000, 0x0000, 0x0000, 0x0000, 0x0000,
    0x0000, 0x0000, 0x0000, 0x0000, 0x0000, 0x0000, 0x0000, 0x0000, 0x0000, 0x0000, 0x0000, 0x0000,
    0x0000, 0x0000, 0x0000, 0x0000, 0x0000, 0x0000, 0x0000, 0x0000, 0x0000, 0x0000, 0x0000, 0x0000,
    0x0000, 0x0000, 0x0000, 0x0000, 0x0000, 0x0000, 0x0000, 0x0000, 0x0000, 0x0000, 0x0000, 0x0000,
    0x0000, 0x0000, 0x0000, 0x0000, 0x0000, 0x0000, 0x0000, 0x0000, 0x0000, 0x0000, 0x0000, 0x0000,
    0x0000, 0x0000, 0x0000, 0x0000, 0x0000, 0x0000, 0x0000, 0x0000, 0x0000, 0x0000, 0x0000, 0x0000,
    0x0000, 0x0000, 0x0000, 0x0000, 0x0000, 0x0000, 0x0000, 0x0000, 0x0000, 0x0000, 0x0000, 0x0000,
    0x0000, 0x0000, 0x0000, 0x0000, 0x0000, 0x0000, 0x0000, 0x0000, 0x0000, 0x0000, 0x0000, 0x0000,
    0x0000, 0x0000, 0x0000, 0x0000, 0x0000, 0x0000, 0x0000, 0x0000, 0x0000, 0x0000, 0x0000, 0x0000,
    0x0000, 0x0000, 0x0000, 0x0000, 0x0000, 0x0000, 0x0000, 0x0000, 0x0000, 0x0000, 0x0000, 0x0000,
    0x0000, 0x0000, 0x0000, 0x0000, 0x0000, 0x0000, 0x0000, 0x0000, 0x0000, 0x0000, 0x0000, 0x0000,
    0x0000, 0x0000, 0x0000, 0x0000, 0x0000, 0x0000, 0x0000, 0x0000, 0x0000, 0x0000, 0x0000, 0x0000,
    0x0000, 0x0000, 0x0000, 0x0000, 0x0000, 0x0000, 0x0000, 0x0000, 0x0000, 0x0000, 0x0000, 0x0000,
    0x0000, 0x0000, 0x0000, 0x0000, 0x0000, 0x0000, 0x0000, 0x0000, 0x0000, 0x0000, 0x0000, 0x0000,
    0x0000, 0x0000, 0x0000, 0x0000, 0x0000, 0x0000, 0x0000, 0x0000, 0x0000, 0x0000, 0x0000, 0x0000,
    0x0000, 0x0000, 0x0000, 0x0000, 0x0000, 0x0000, 0x0000, 0x0000, 0x0000, 0x0000, 0x0000, 0x0000,
    0x0000, 0x0000, 0x0000, 0x0000, 0x0000, 0x0000, 0x0000, 0x0000, 0x0000, 0x0000, 0x0000, 0x0000,
    0x0000, 0x0000, 0x0000, 0x0000, 0x0000, 0x0000, 0x0000, 0x0000, 0x0000, 0x0000, 0x0000, 0x0000,
    0x0000, 0x0000, 0x0000, 0x0000, 0x0000, 0x0000, 0x0000, 0x0000, 0x0000, 0x0000, 0x0000, 0x0000,
    0x0000, 0x0000, 0x0000, 0x0000, 0x0000, 0x0000, 0x0000, 0x0000, 0x0000, 0x0000, 0x0000, 0x0000,
    0x0000, 0x0000, 0x0000, 0x0000, 0x0000, 0x0000, 0x0000, 0x0000, 0x0000, 0x0000, 0x0000, 0x0000,
    0x0000, 0x0000, 0x0000, 0x0000, 0x0000, 0x0000, 0x0000, 0x0000, 0x0000, 0x0000, 0x0000, 0x0000,
    0x0000, 0x0000, 0x0000, 0x0000, 0x0000, 0x0000, 0x0000, 0x0000, 0x0000, 0x0000, 0x0000, 0x0000,
    0x0000, 0x0000, 0x0000, 0x0000, 0x0000, 0x0000, 0x0000, 0x0000, 0x0000, 0x0000, 0x0000, 0x0000,
    0x0000, 0x0000, 0x0000, 0x0000, 0x0000, 0x0000, 0x0000, 0x0000, 0x0000, 0x0000, 0x0000, 0x0000,
    0x0000, 0x0000, 0x0000, 0x0000, 0x0000, 0x0000, 0x0000, 0x0000, 0x0000, 0x0000, 0x0000, 0x0000,
    0x0000, 0x0000, 0x0000, 0x0000, 0x0000, 0x0000, 0x0000, 0x0000, 0x0000, 0x0000, 0x0000, 0x0000,
    0x0000, 0x0000, 0x0000, 0x0000, 0x0000, 0x0000, 0x0000, 0x0000, 0x0000, 0x0000, 0x0000, 0x0000,
    0x0000, 0x0000, 0x0000, 0x0000, 0x0000, 0x0000, 0x0000, 0x0000, 0x0000, 0x0000, 0x0000, 0x0000,
    0x0000, 0x0000, 0x0000, 0x0000, 0x0000, 0x0000, 0x0000, 0x0000, 0x0000, 0x0000, 0x0000, 0x0000,
    0x0000, 0x0000, 0x0000, 0x0000, 0x0000, 0x0000, 0x0000, 0x0000, 0x0000, 0x0000, 0x0000, 0x0000,
    0x0000, 0x0000, 0x0000, 0x0000, 0x0000, 0x0000, 0x0000, 0x0000, 0x0000, 0x0000, 0x0000, 0x0000,
    0x0000, 0x0000, 0x0000, 0x0000, 0x0000, 0x0000, 0x0000, 0x0000, 0x0000, 0x0000, 0x0000, 0x0000,
    0x0000, 0x0000, 0x0000, 0x0000, 0x0000, 0x0000, 0x0000, 0x0000, 0x0000, 0x0000, 0x0000, 0x0000,
    0x0000, 0x0000, 0x0000, 0x0000, 0x0000, 0x0000, 0x0000, 0x0000, 0x0000, 0x0000, 0x0000, 0x0000,
    0x0000, 0x0000, 0x0000, 0x0000, 0x0000, 0x0000, 0x0000, 0x0000, 0x0000, 0x0000, 0x0000, 0x0000,
    0x0000, 0x0000, 0x0000, 0x0000, 0x0000, 0x0000, 0x0000, 0x0000, 0x0000, 0x0000, 0x0000, 0x0000,
    0x0000, 0x0000, 0x0000, 0x0000, 0x0000, 0x0000, 0x0000, 0x0000, 0x0000, 0x0000, 0x0000, 0x0000,
    0x0000, 0x0000, 0x0000, 0x0000, 0x0000, 0x0000, 0x0000, 0x0000, 0x0000, 0x0000, 0x0000, 0x0000,
    0x0000, 0x0000, 0x0000, 0x0000, 0x0000, 0x0000, 0x0000, 0x0000, 0x0000, 0x0000, 0x0000, 0x0000,
    0x0000, 0x0000, 0x0000, 0x0000, 0x0000, 0x0000, 0x0000, 0x0000, 0x0000, 0x0000, 0x0000, 0x0000,
    0x0000, 0x0000, 0x0000, 0x0000, 0x0000, 0x0000, 0x0000, 0x0000, 0x0000, 0x0000, 0x0000, 0x0000,
    0x0000, 0x0000, 0x0000, 0x0000, 0x0000, 0x0000, 0x0000, 0x0000, 0x0000, 0x0000, 0x0000, 0x0000,
    0x0000, 0x0000, 0x0000, 0x0000, 0x0000, 0x0000, 0x0000, 0x0000, 0x0000, 0x0000, 0x0000, 0x0000,
    0x0000, 0x0000, 0x0000, 0x0000, 0x0000, 0x0000, 0x0000, 0x0000, 0x0000, 0x0000, 0x0000, 0x0000,
    0x0000, 0x0000, 0x0000, 0x0000, 0x0000, 0x0000, 0x0000, 0x0000, 0x0000, 0x0000, 0x0000, 0x0000,
    0x0000, 0x0000, 0x0000, 0x0000, 0x0000, 0x0000, 0x0000, 0x0000, 0x0000, 0x0000, 0x0000, 0x0000,
    0x0000, 0x0000, 0x0000, 0x0000, 0x0000, 0x0000, 0x0000, 0x0000, 0x0000, 0x0000, 0x0000, 0x0000,
    0x0000, 0x0000, 0x0000, 0x0000, 0x0000, 0x0000, 0x0000, 0x0000, 0x0000, 0x0000, 0x0000, 0x0000,
    0x0000, 0x0000, 0x0000, 0x0000, 0x0000, 0x0000, 0x0000, 0x0000, 0x0000, 0x0000, 0x0000, 0x0000,
    0x0000, 0x0000, 0x0000, 0x0000, 0x0000, 0x0000, 0x0000, 0x0000, 0x0000, 0x0000, 0x0000, 0x0000,
    0x0000, 0x0000, 0x0000, 0x0000, 0x0000, 0x0000, 0x0000, 0x0000, 0x0000, 0x0000, 0x0000, 0x0000,
    0x0000, 0x0000, 0x0000, 0x0000, 0x0000, 0x0000, 0x0000, 0x0000, 0x0000, 0x0000, 0x0000, 0x0000,
    0x0000, 0x0000, 0x0000, 0x0000, 0x0000, 0x0000, 0x0000, 0x0000, 0x0000, 0x0000, 0x0000, 0x0000,
    0x0000, 0x0000, 0x0000, 0x0000, 0x0000, 0x0000, 0x0000, 0x0000, 0x0000, 0x0000, 0x0000, 0x0000,
    0x0000, 0x0000, 0x0000, 0x0000, 0x0000, 0x0000, 0x0000, 0x0000, 0x0000, 0x0000, 0x0000, 0x0000,
    0x0000, 0x0000, 0x0000, 0x0000, 0x0000, 0x0000, 0x0000, 0x0000, 0x0000, 0x0000, 0x0000, 0x0000,
    0x0000, 0x0000, 0x0000, 0x0000, 0x0000, 0x0000, 0x0000, 0x0000, 0x0000, 0x0000, 0x0000, 0x0000,
    0x0000, 0x0000, 0x0000, 0x0000, 0x0000, 0x0000, 0x0000, 0x0000, 0x0000, 0x0000, 0x0000, 0x0000,
    0x0000, 0x0000, 0x0000, 0x0000, 0x0000, 0x0000, 0x0000, 0x0000, 0x0000, 0x0000, 0x0000, 0x0000,
    0x0000, 0x0000, 0x0000, 0x0000, 0x0000, 0x0000, 0x0000, 0x0000, 0x0000, 0x0000, 0x0000, 0x0000,
    0x0000, 0x0000, 0x0000, 0x0000, 0x0000, 0x0000, 0x0000, 0x0000, 0x0000, 0x0000, 0x0000, 0x0000,
    0x0000, 0x0000, 0x0000, 0x0000, 0x0000, 0x0000, 0x0000, 0x0000, 0x0000, 0x0000, 0x0000, 0x0000,
    0x0000, 0x0000, 0x0000, 0x0000, 0x0000, 0x0000, 0x0000, 0x0000, 0x0000, 0x0000, 0x0000, 0x0000,
    0x0000, 0x0000, 0x0000, 0x0000, 0x0000, 0x0000, 0x0000, 0x0000, 0x0000, 0x0000, 0x0000, 0x0000,
    0x0000, 0x0000, 0x0000, 0x0000, 0x0000, 0x0000, 0x0000, 0x0000, 0x0000, 0x0000, 0x0000, 0x0000,
    0x0000, 0x0000, 0x0000, 0x0000, 0x0000, 0x0000, 0x0000, 0x0000, 0x0000, 0x0000, 0x0000, 0x0000,
    0x0000, 0x0000, 0x0000, 0x0000, 0x0000, 0x0000, 0x0000, 0x0000, 0x0000, 0x0000, 0x0000, 0x0000,
    0x0000, 0x0000, 0x0000, 0x0000, 0x0000, 0x0000, 0x0000, 0x0000, 0x0000, 0x0000, 0x0000, 0x0000,
    0x0000, 0x0000, 0x0000, 0x0000, 0x0000, 0x0000, 0x0000, 0x0000, 0x0000, 0x0000, 0x0000, 0x0000,
    0x0000, 0x0000, 0x0000, 0x0000, 0x0000, 0x0000, 0x0000, 0x0000, 0x0000, 0x0000, 0x0000, 0x0000,
    0x0000, 0x0000, 0x0000, 0x0000, 0x0000, 0x0000, 0x0000, 0x0000, 0x0000, 0x0000, 0x0000, 0x0000,
    0x0000, 0x0000, 0x0000, 0x0000, 0x0000, 0x0000, 0x0000, 0x0000, 0x0000, 0x0000, 0x0000, 0x0000,
    0x0000, 0x0000, 0x0000, 0x0000, 0x0000, 0x0000, 0x0000, 0x0000, 0x0000, 0x0000, 0x0000, 0x0000,
    0x0000, 0x0000, 0x0000, 0x0000, 0x0000, 0x0000, 0x0000, 0x0000, 0x0000, 0x0000, 0x0000, 0x0000,
    0x0000, 0x0000, 0x0000, 0x0000, 0x0000, 0x0000, 0x0000, 0x0000, 0x0000, 0x0000, 0x0000, 0x0000,
    0x0000, 0x0000, 0x0000, 0x0000, 0x0000, 0x0000, 0x0000, 0x0000, 0x0000, 0x0000, 0x0000, 0x0000,
    0x0000, 0x0000, 0x0000, 0x0000, 0x0000, 0x0000, 0x0000, 0x0000, 0x0000, 0x0000, 0x0000, 0x0000,
    0x0000, 0x0000, 0x0000, 0x0000, 0x0000, 0x0000, 0x0000, 0x0000, 0x0000, 0x0000, 0x0000, 0x0000,
    0x0000, 0x0000, 0x0000, 0x0000, 0x0000, 0x0000, 0x0000, 0x0000, 0x0000, 0x0000, 0x0000, 0x0000,
    0x0000, 0x0000, 0x0000, 0x0000, 0x0000, 0x0000, 0x0000, 0x0000, 0x0000, 0x0000, 0x0000, 0x0000,
    0x0000, 0x0000, 0x0000, 0x0000, 0x0000, 0x0000, 0x0000, 0x0000, 0x0000, 0x0000, 0x0000, 0x0000,
    0x0000, 0x0000, 0x0000, 0x0000, 0x0000, 0x0000, 0x0000, 0x0000, 0x0000, 0x0000, 0x0000, 0x0000,
    0x0000, 0x0000, 0x0000, 0x0000, 0x0000, 0x0000, 0x0000, 0x0000, 0x0000, 0x0000, 0x0000, 0x0000,
    0x0000, 0x0000, 0x0000, 0x0000, 0x0000, 0x0000, 0x0000, 0x0000, 0x0000, 0x0000, 0x0000, 0x0000,
    0x0000, 0x0000, 0x0000, 0x0000, 0x0000, 0x0000, 0x0000, 0x0000, 0x0000, 0x0000, 0x0000, 0x0000,
    0x0000, 0x0000, 0x0000, 0x0000, 0x0000, 0x0000, 0x0000, 0x0000, 0x0000, 0x0000, 0x0000, 0x0000,
    0x0000, 0x0000, 0x0000, 0x0000, 0x0000, 0x0000, 0x0000, 0x0000, 0x0000, 0x0000, 0x0000, 0x0000,
    0x0000, 0x0000, 0x0000, 0x0000, 0x0000, 0x0000, 0x0000, 0x0000, 0x0000, 0x0000, 0x0000, 0x0000,
    0x0000, 0x0000, 0x0000, 0x0000, 0x0000, 0x0000, 0x0000, 0x0000, 0x0000, 0x0000, 0x0000, 0x0000,
    0x0000, 0x0000, 0x0000, 0x0000, 0x0000, 0x0000, 0x0000, 0x0000, 0x0000, 0x0000, 0x0000, 0x0000,
    0x0000, 0x0000, 0x0000, 0x0000, 0x0000, 0x0000, 0x0000, 0x0000, 0x0000, 0x0000, 0x0000, 0x0000,
    0x0000, 0x0000, 0x0000, 0x0000, 0x0000, 0x0000, 0x0000, 0x0000, 0x0000, 0x0000, 0x0000, 0x0000,
    0x0000, 0x0000, 0x0000, 0x0000, 0x0000, 0x0000, 0x0000, 0x0000, 0x0000, 0x0000, 0x0000, 0x0000,
    0x0000, 0x0000, 0x0000, 0x0000, 0x0000, 0x0000, 0x0000, 0x0000, 0x0000, 0x0000, 0x0000, 0x0000,
    0x0000, 0x0000, 0x0000, 0x0000, 0x0000, 0x0000, 0x0000, 0x0000, 0x0000, 0x0000, 0x0000, 0x0000,
    0x0000, 0x0000, 0x0000, 0x0000, 0x0000, 0x0000, 0x0000, 0x0000, 0x0000, 0x0000, 0x0000, 0x0000,
    0x0000, 0x0000, 0x0000, 0x0000, 0x0000, 0x0000, 0x0000, 0x0000, 0x0000, 0x0000, 0x0000, 0x0000,
    0x0000, 0x0000, 0x0000, 0x0000, 0x0000, 0x0000, 0x0000, 0x0000, 0x0000, 0x0000, 0x0000, 0x0000,
    0x0000, 0x0000, 0x0000, 0x0000, 0x0000, 0x0000, 0x0000, 0x0000, 0x0000, 0x0000, 0x0000, 0x0000,
    0x0000, 0x0000, 0x0000, 0x0000, 0x0000, 0x0000, 0x0000, 0x0000, 0x0000, 0x0000, 0x0000, 0x0000,
    0x0000, 0x0000, 0x0000, 0x0000, 0x0000, 0x0000, 0x0000, 0x0000, 0x0000, 0x0000, 0x0000, 0x0000,
    0x0000, 0x0000, 0x0000, 0x0000, 0x0000, 0x0000, 0x0000, 0x0000, 0x0000, 0x0000, 0x0000, 0x0000,
    0x0000, 0x0000, 0x0000, 0x0000, 0x0000, 0x0000, 0x0000, 0x0000, 0x0000, 0x0000, 0x0000, 0x0000,
    0x0000, 0x0000, 0x0000, 0x0000, 0x0000, 0x0000, 0x0000, 0x0000, 0x0000, 0x0000, 0x0000, 0x0000,
    0x0000, 0x0000, 0x0000, 0x0000, 0x0000, 0x0000, 0x0000, 0x0000, 0x0000, 0x0000, 0x0000, 0x0000,
    0x0000, 0x0000, 0x0000, 0x0000, 0x0000, 0x0000, 0x0000, 0x0000, 0x0000, 0x0000, 0x0000, 0x0000,
    0x0000, 0x0000, 0x0000, 0x0000, 0x0000, 0x0000, 0x0000, 0x0000, 0x0000, 0x0000, 0x0000, 0x0000,
    0x0000, 0x0000, 0x0000, 0x0000, 0x0000, 0x0000, 0x0000, 0x0000, 0x0000, 0x0000, 0x0000, 0x0000,
    0x0000, 0x0000, 0x0000, 0x0000, 0x0000, 0x0000, 0x0000, 0x0000, 0x0000, 0x0000, 0x0000, 0x0000,
    0x0000, 0x0000, 0x0000, 0x0000, 0x0000, 0x0000, 0x0000, 0x0000, 0x0000, 0x0000, 0x0000, 0x0000,
    0x0000, 0x0000, 0x0000, 0x0000, 0x0000, 0x0000, 0x0000, 0x0000, 0x0000, 0x0000, 0x0000, 0x0000,
    0x0000, 0x0000, 0x0000, 0x0000, 0x0000, 0x0000, 0x0000, 0x0000, 0x0000, 0x0000, 0x0000, 0x0000,
    0x0000, 0x0000, 0x0000, 0x0000, 0x0000, 0x0000, 0x0000, 0x0000, 0x0000, 0x0000, 0x0000, 0x0000,
    0x0000, 0x0000, 0x0000, 0x0000, 0x0000, 0x0000, 0x0000, 0x0000, 0x0000, 0x0000, 0x0000, 0x0000,
    0x0000, 0x0000, 0x0000, 0x0000, 0x0000, 0x0000, 0x0000, 0x0000, 0x0000, 0x0000, 0x0000, 0x0000,
    0x0000, 0x0000, 0x0000, 0x0000, 0x0000, 0x0000, 0x0000, 0x0000, 0x0000, 0x0000, 0x0000, 0x0000,
    0x0000, 0x0000, 0x0000, 0x0000, 0x0000, 0x0000, 0x0000, 0x0000, 0x0000, 0x0000, 0x0000, 0x0000,
    0x0000, 0x0000, 0x0000, 0x0000, 0x0000, 0x0000, 0x0000, 0x0000, 0x0000, 0x0000, 0x0000, 0x0000,
    0x0000, 0x0000, 0x0000, 0x0000, 0x0000, 0x0000, 0x0000, 0x0000, 0x0000, 0x0000, 0x0000, 0x0000,
    0x0000, 0x0000, 0x0000, 0x0000, 0x0000, 0x0000, 0x0000, 0x0000, 0x0000, 0x0000, 0x0000, 0x0000,
    0x0000, 0x0000, 0x0000, 0x0000, 0x0000, 0x0000, 0x0000, 0x0000, 0x0000, 0x0000, 0x0000, 0x0000,
    0x0000, 0x0000, 0x0000, 0x0000, 0x0000, 0x0000, 0x0000, 0x0000, 0x0000, 0x0000, 0x0000, 0x0000,
    0x0000, 0x0000, 0x0000, 0x0000, 0x0000, 0x0000, 0x0000, 0x0000, 0x0000, 0x0000, 0x0000, 0x0000,
    0x0000, 0x0000, 0x0000, 0x0000, 0x0000, 0x0000, 0x0000, 0x0000, 0x0000, 0x0000, 0x0000, 0x0000,
    0x0000, 0x0000, 0x0000, 0x0000, 0x0000, 0x0000, 0x0000, 0x0000, 0x0000, 0x0000, 0x0000, 0x0000,
    0x0000, 0x0000, 0x0000, 0x0000, 0x0000, 0x0000, 0x0000, 0x0000, 0x0000, 0x0000, 0x0000, 0x0000,
    0x0000, 0x0000, 0x0000, 0x0000, 0x0000, 0x0000, 0x0000, 0x0000, 0x0000, 0x0000, 0x0000, 0x0000,
    0x0000, 0x0000, 0x0000, 0x0000, 0x0000, 0x0000, 0x0000, 0x0000, 0x0000, 0x0000, 0x0000, 0x0000,
    0x0000, 0x0000, 0x0000, 0x0000, 0x0000, 0x0000, 0x0000, 0x0000, 0x0000, 0x0000, 0x0000, 0x0000,
    0x0000, 0x0000, 0x0000, 0x0000, 0x0000, 0x0000, 0x0000, 0x0000, 0x0000, 0x0000, 0x0000, 0x0000,
    0x0000, 0x0000, 0x0000, 0x0000, 0x0000, 0x0000, 0x0000, 0x0000, 0x0000, 0x0000, 0x0000, 0x0000,
    0x0000, 0x0000, 0x0000, 0x0000, 0x0000, 0x0000, 0x0000, 0x0000, 0x0000, 0x0000, 0x0000, 0x0000,
    0x0000, 0x0000, 0x0000, 0x0000, 0x0000, 0x0000, 0x0000, 0x0000, 0x0000, 0x0000, 0x0000, 0x0000,
    0x0000, 0x0000, 0x0000, 0x0000, 0x0000, 0x0000, 0x0000, 0x0000, 0x0000, 0x0000, 0x0000, 0x0000,
    0x0000, 0x0000, 0x0000, 0x0000, 0x0000, 0x0000, 0x0000, 0x0000, 0x0000, 0x0000, 0x0000, 0x0000,
    0x0000, 0x0000, 0x0000, 0x0000, 0x0000, 0x0000, 0x0000, 0x0000, 0x0000, 0x0000, 0x0000, 0x0000,
    0x0000, 0x0000, 0x0000, 0x0000, 0x0000, 0x0000, 0x0000, 0x0000, 0x0000, 0x0000, 0x0000, 0x0000,
    0x0000, 0x0000, 0x0000, 0x0000, 0x0000, 0x0000, 0x0000, 0x0000, 0x0000, 0x0000, 0x0000, 0x0000,
    0x0000, 0x0000, 0x0000, 0x0000, 0x0000, 0x0000, 0x0000, 0x0000, 0x0000, 0x0000, 0x0000, 0x0000,
    0x0000, 0x0000, 0x0000, 0x0000, 0x0000, 0x0000, 0x0000, 0x0000, 0x0000, 0x0000, 0x0000, 0x0000,
    0x0000, 0x0000, 0x0000, 0x0000, 0x0000, 0x0000, 0x0000, 0x0000, 0x0000, 0x0000, 0x0000, 0x0000,
    0x0000, 0x0000, 0x0000, 0x0000, 0x0000, 0x0000, 0x0000, 0x0000, 0x0000, 0x0000, 0x0000, 0x0000,
    0x0000, 0x0000, 0x0000, 0x0000, 0x0000, 0x0000, 0x0000, 0x0000, 0x0000, 0x0000, 0x0000, 0x0000,
    0x0000, 0x0000, 0x0000, 0x0000, 0x0000, 0x0000, 0x0000, 0x0000, 0x0000, 0x0000, 0x0000, 0x0000,
    0x0000, 0x0000, 0x0000, 0x0000, 0x0000, 0x0000, 0x0000, 0x0000, 0x0000, 0x0000, 0x0000, 0x0000,
    0x0000, 0x0000, 0x0000, 0x0000, 0x0000, 0x0000, 0x0000, 0x0000, 0x0000, 0x0000, 0x0000, 0x0000,
    0x0000, 0x0000, 0x0000, 0x0000, 0x0000, 0x0000, 0x0000, 0x0000, 0x0000, 0x0000, 0x0000, 0x0000,
    0x0000, 0x0000, 0x0000, 0x0000, 0x0000, 0x0000, 0x0000, 0x0000, 0x0000, 0x0000, 0x0000, 0x0000,
    0x0000, 0x0000, 0x0000, 0x0000, 0x0000, 0x0000, 0x0000, 0x0000, 0x0000, 0x0000, 0x0000, 0x0000,
    0x0000, 0x0000, 0x0000, 0x0000, 0x0000, 0x0000, 0x0000, 0x0000, 0x0000, 0x0000, 0x0000, 0x0000,
    0x0000, 0x0000, 0x0000, 0x0000, 0x0000, 0x0000, 0x0000, 0x0000, 0x0000, 0x0000, 0x0000, 0x0000,
    0x0000, 0x0000, 0x0000, 0x0000, 0x0000, 0x0000, 0x0000, 0x0000, 0x0000, 0x0000, 0x0000, 0x0000,
    0x0000, 0x0000, 0x0000, 0x0000, 0x0000, 0x0000, 0x0000, 0x0000, 0x0000, 0x0000, 0x0000, 0x0000,
    0x0000, 0x0000, 0x0000, 0x0000, 0x0000, 0x0000, 0x0000, 0x0000, 0x0000, 0x0000, 0x0000, 0x0000,
    0x0000, 0x0000, 0x0000, 0x0000, 0x0000, 0x0000, 0x0000, 0x0000, 0x0000, 0x0000, 0x0000, 0x0000,
    0x0000, 0x0000, 0x0000, 0x0000, 0x0000, 0x0000, 0x0000, 0x0000, 0x0000, 0x0000, 0x0000, 0x0000,
    0x0000, 0x0000, 0x0000, 0x0000, 0x0000, 0x0000, 0x0000, 0x0000, 0x0000, 0x0000, 0x0000, 0x0000,
    0x0000, 0x0000, 0x0000, 0x0000, 0x0000, 0x0000, 0x0000, 0x0000, 0x0000, 0x0000, 0x0000, 0x0000,
    0x0000, 0x0000, 0x0000, 0x0000, 0x0000, 0x0000, 0x0000, 0x0000, 0x0000, 0x0000, 0x0000, 0x0000,
    0x0000, 0x0000, 0x0000, 0x0000, 0x0000, 0x0000, 0x0000, 0x0000, 0x0000, 0x0000, 0x0000, 0x0000,
    0x0000, 0x0000, 0x0000, 0x0000, 0x0000, 0x0000, 0x0000, 0x0000, 0x0000, 0x0000, 0x0000, 0x0000,
    0x0000, 0x0000, 0x0000, 0x0000, 0x0000, 0x0000, 0x0000, 0x0000, 0x0000, 0x0000, 0x0000, 0x0000,
    0x0000, 0x0000, 0x0000, 0x0000, 0x0000, 0x0000, 0x0000, 0x0000, 0x0000, 0x0000, 0x0000, 0x0000,
    0x0000, 0x0000, 0x0000, 0x0000, 0x0000, 0x0000, 0x0000, 0x0000, 0x0000, 0x0000, 0x0000, 0x0000,
    0x0000, 0x0000, 0x0000, 0x0000, 0x0000, 0x0000, 0x0000, 0x0000, 0x0000, 0x0000, 0x0000, 0x0000,
    0x0000, 0x0000, 0x0000, 0x0000, 0x0000, 0x0000, 0x0000, 0x0000, 0x0000, 0x0000, 0x0000, 0x0000,
    0x0000, 0x0000, 0x0000, 0x0000, 0x0000, 0x0000, 0x0000, 0x0000, 0x0000, 0x0000, 0x0000, 0x0000,
    0x0000, 0x0000, 0x0000, 0x0000, 0x0000, 0x0000, 0x0000, 0x0000, 0x0000, 0x0000, 0x0000, 0x0000,
    0x0000, 0x0000, 0x0000, 0x0000, 0x0000, 0x0000, 0x0000, 0x0000, 0x0000, 0x0000, 0x0000, 0x0000,
    0x0000, 0x0000, 0x0000, 0x0000, 0x0000, 0x0000, 0x0000, 0x0000, 0x0000, 0x0000, 0x0000, 0x0000,
    0x0000, 0x0000, 0x0000, 0x0000, 0x0000, 0x0000, 0x0000, 0x0000, 0x0000, 0x0000, 0x0000, 0x0000,
    0x0000, 0x0000, 0x0000, 0x0000, 0x0000, 0x0000, 0x0000, 0x0000, 0x0000, 0x0000, 0x0000, 0x0000,
    0x0000, 0x0000, 0x0000, 0x0000, 0x0000, 0x0000, 0x0000, 0x0000, 0x0000, 0x0000, 0x0000, 0x0000,
    0x0000, 0x0000, 0x0000, 0x0000, 0x0000, 0x0000, 0x0000, 0x0000, 0x0000, 0x0000, 0x0000, 0x0000,
    0x0000, 0x0000, 0x0000, 0x0000, 0x0000, 0x0000, 0x0000, 0x0000, 0x0000, 0x0000, 0x0000, 0x0000,
    0x0000, 0x0000, 0x0000, 0x0000, 0x0000, 0x0000, 0x0000, 0x0000, 0x0000, 0x0000, 0x0000, 0x0000,
    0x0000, 0x0000, 0x0000, 0x0000, 0x0000, 0x0000, 0x0000, 0x0000, 0x0000, 0x0000, 0x0000, 0x0000,
    0x0000, 0x0000, 0x0000, 0x0000, 0x0000, 0x0000, 0x0000, 0x0000, 0x0000, 0x0000, 0x0000, 0x0000,
    0x0000, 0x0000, 0x0000, 0x0000, 0x0000, 0x0000, 0x0000, 0x0000, 0x0000, 0x0000, 0x0000, 0x0000,
    0x0000, 0x0000, 0x0000, 0x0000, 0x0000, 0x0000, 0x0000, 0x0000, 0x0000, 0x0000, 0x0000, 0x0000,
    0x0000, 0x0000, 0x0000, 0x0000, 0x0000, 0x0000, 0x0000, 0x0000, 0x0000, 0x0000, 0x0000, 0x0000,
    0x0000, 0x0000, 0x0000, 0x0000, 0x0000, 0x0000, 0x0000, 0x0000, 0x0000, 0x0000, 0x0000, 0x0000,
    0x0000, 0x0000, 0x0000, 0x0000, 0x0000, 0x0000, 0x0000, 0x0000, 0x0000, 0x0000, 0x0000, 0x0000,
    0x0000, 0x0000, 0x0000, 0x0000, 0x0000, 0x0000, 0x0000, 0x0000, 0x0000, 0x0000, 0x0000, 0x0000,
    0x0000, 0x0000, 0x0000, 0x0000, 0x0000, 0x0000, 0x0000, 0x0000, 0x0000, 0x0000, 0x0000, 0x0000,
    0x0000, 0x0000, 0x0000, 0x0000, 0x0000, 0x0000, 0x0000, 0x0000, 0x0000, 0x0000, 0x0000, 0x0000,
    0x0000, 0x0000, 0x0000, 0x0000, 0x0000, 0x0000, 0x0000, 0x0000, 0x0000, 0x0000, 0x0000, 0x0000,
    0x0000, 0x0000, 0x0000, 0x0000, 0x0000, 0x0000, 0x0000, 0x0000, 0x0000, 0x0000, 0x0000, 0x0000,
    0x0000, 0x0000, 0x0000, 0x0000, 0x0000, 0x0000, 0x0000, 0x0000, 0x0000, 0x0000, 0x0000, 0x0000,
    0x0000, 0x0000, 0x0000, 0x0000, 0x0000, 0x0000, 0x0000, 0x0000, 0x0000, 0x0000, 0x0000, 0x0000,
    0x0000, 0x0000, 0x0000, 0x0000, 0x0000, 0x0000, 0x0000, 0x0000, 0x0000, 0x0000, 0x0000, 0x0000,
    0x0000, 0x0000, 0x0000, 0x0000, 0x0000, 0x0000, 0x0000, 0x0000, 0x0000, 0x0000, 0x0000, 0x0000,
    0x0000, 0x0000, 0x0000, 0x0000, 0x0000, 0x0000, 0x0000, 0x0000, 0x0000, 0x0000, 0x0000, 0x0000,
    0x0000, 0x0000, 0x0000, 0x0000, 0x0000, 0x0000, 0x0000, 0x0000, 0x0000, 0x0000, 0x0000, 0x0000,
    0x0000, 0x0000, 0x0000, 0x0000, 0x0000, 0x0000, 0x0000, 0x0000, 0x0000, 0x0000, 0x0000, 0x0000,
    0x0000, 0x0000, 0x0000, 0x0000, 0x0000, 0x0000, 0x0000, 0x0000, 0x0000, 0x0000, 0x0000, 0x0000,
    0x0000, 0x0000, 0x0000, 0x0000, 0x0000, 0x0000, 0x0000, 0x0000, 0x0000, 0x0000, 0x0000, 0x0000,
    0x0000, 0x0000, 0x0000, 0x0000, 0x0000, 0x0000, 0x0000, 0x0000, 0x0000, 0x0000, 0x0000, 0x0000,
    0x0000, 0x0000, 0x0000, 0x0000, 0x0000, 0x0000, 0x0000, 0x0000, 0x0000, 0x0000, 0x0000, 0x0000,
    0x0000, 0x0000, 0x0000, 0x0000, 0x0000, 0x0000, 0x0000, 0x0000, 0x0000, 0x0000, 0x0000, 0x0000,
    0x0000, 0x0000, 0x0000, 0x0000, 0x0000, 0x0000, 0x0000, 0x0000, 0x0000, 0x0000, 0x0000, 0x0000,
    0x0000, 0x0000, 0x0000, 0x0000, 0x0000, 0x0000, 0x0000, 0x0000, 0x0000, 0x0000, 0x0000, 0x0000,
    0x0000, 0x0000, 0x0000, 0x0000, 0x0000, 0x0000, 0x0000, 0x0000, 0x0000, 0x0000, 0x0000, 0x0000,
    0x0000, 0x0000, 0x0000, 0x0000, 0x0000, 0x0000, 0x0000, 0x0000, 0x0000, 0x0000, 0x0000, 0x0000,
    0x0000, 0x0000, 0x0000, 0x0000, 0x0000, 0x0000, 0x0000, 0x0000, 0x0000, 0x0000, 0x0000, 0x0000,
    0x0000, 0x0000, 0x0000, 0x0000, 0x0000, 0x0000, 0x0000, 0x0000, 0x0000, 0x0000, 0x0000, 0x0000,
    0x0000, 0x0000, 0x0000, 0x0000, 0x0000, 0x0000, 0x0000, 0x0000, 0x0000, 0x0000, 0x0000, 0x0000,
    0x0000, 0x0000, 0x0000, 0x0000, 0x0000, 0x0000, 0x0000, 0x0000, 0x0000, 0x0000, 0x0000, 0x0000,
    0x0000, 0x0000, 0x0000, 0x0000, 0x0000, 0x0000, 0x0000, 0x0000, 0x0000, 0x0000, 0x0000, 0x0000,
    0x0000, 0x0000, 0x0000, 0x0000, 0x0000, 0x0000, 0x0000, 0x0000, 0x0000, 0x0000, 0x0000, 0x0000,
    0x0000, 0x0000, 0x0000, 0x0000, 0x0000, 0x0000, 0x0000, 0x0000, 0x0000, 0x0000, 0x0000, 0x0000,
    0x0000, 0x0000, 0x0000, 0x0000, 0x0000, 0x0000, 0x0000, 0x0000, 0x0000, 0x0000, 0x0000, 0x0000,
    0x0000, 0x0000, 0x0000, 0x0000, 0x0000, 0x0000, 0x0000, 0x0000, 0x0000, 0x0000, 0x0000, 0x0000,
    0x0000, 0x0000, 0x0000, 0x0000, 0x0000, 0x0000, 0x0000, 0x0000, 0x0000, 0x0000, 0x0000, 0x0000,
    0x0000, 0x0000, 0x0000, 0x0000, 0x0000, 0x0000, 0x0000, 0x0000, 0x0000, 0x0000, 0x0000, 0x0000,
    0x0000, 0x0000, 0x0000, 0x0000, 0x0000, 0x0000, 0x0000, 0x0000, 0x0000, 0x0000, 0x0000, 0x0000,
    0x0000, 0x0000, 0x0000, 0x0000, 0x0000, 0x0000, 0x0000, 0x0000, 0x0000, 0x0000, 0x0000, 0x0000,
    0x0000, 0x0000, 0x0000, 0x0000, 0x0000, 0x0000, 0x0000, 0x0000, 0x0000, 0x0000, 0x0000, 0x0000,
    0x0000, 0x0000, 0x0000, 0x0000, 0x0000, 0x0000, 0x0000, 0x0000, 0x0000, 0x0000, 0x0000, 0x0000,
    0x0000, 0x0000, 0x0000, 0x0000, 0x0000, 0x0000, 0x0000, 0x0000, 0x0000, 0x0000, 0x0000, 0x0000,
    0x0000, 0x0000, 0x0000, 0x0000, 0x0000, 0x0000, 0x0000, 0x0000, 0x0000, 0x0000, 0x0000, 0x0000,
    0x0000, 0x0000, 0x0000, 0x0000, 0x0000, 0x0000, 0x0000, 0x0000, 0x0000, 0x0000, 0x0000, 0x0000,
    0x0000, 0x0000, 0x0000, 0x0000, 0x0000, 0x0000, 0x0000, 0x0000, 0x0000, 0x0000, 0x0000, 0x0000,
    0x0000, 0x0000, 0x0000, 0x0000, 0x0000, 0x0000, 0x0000, 0x0000, 0x0000, 0x0000, 0x0000, 0x0000,
    0x0000, 0x0000, 0x0000, 0x0000, 0x0000, 0x0000, 0x0000, 0x0000, 0x0000, 0x0000, 0x0000, 0x0000,
    0x0000, 0x0000, 0x0000, 0x0000, 0x0000, 0x0000, 0x0000, 0x0000, 0x0000, 0x0000, 0x0000, 0x0000,
    0x0000, 0x0000, 0x0000, 0x0000, 0x0000, 0x0000, 0x0000, 0x0000, 0x0000, 0x0000, 0x0000, 0x0000,
    0x0000, 0x0000, 0x0000, 0x0000, 0x0000, 0x0000, 0x0000, 0x0000, 0x0000, 0x0000, 0x0000, 0x0000,
    0x0000, 0x0000, 0x0000, 0x0000, 0x0000, 0x0000, 0x0000, 0x0000, 0x0000, 0x0000, 0x0000, 0x0000,
    0x0000, 0x0000, 0x0000, 0x0000, 0x0000, 0x0000, 0x0000, 0x0000, 0x0000, 0x0000, 0x0000, 0x0000,
    0x0000, 0x0000, 0x0000, 0x0000, 0x0000, 0x0000, 0x0000, 0x0000, 0x0000, 0x0000, 0x0000, 0x0000,
    0x0000, 0x0000, 0x0000, 0x0000, 0x0000, 0x0000, 0x0000, 0x0000, 0x0000, 0x0000, 0x0000, 0x0000,
    0x0000, 0x0000, 0x0000, 0x0000, 0x0000, 0x0000, 0x0000, 0x0000, 0x0000, 0x0000, 0x0000, 0x0000,
    0x0000, 0x0000, 0x0000, 0x0000, 0x0000, 0x0000, 0x0000, 0x0000, 0x0000, 0x0000, 0x0000, 0x0000,
    0x0000, 0x0000, 0x0000, 0x0000, 0x0000, 0x0000, 0x0000, 0x0000, 0x0000, 0x0000, 0x0000, 0x0000,
    0x0000, 0x0000, 0x0000, 0x0000, 0x0000, 0x0000, 0x0000, 0x0000, 0x0000, 0x0000, 0x0000, 0x0000,
    0x0000, 0x0000, 0x0000, 0x0000, 0x0000, 0x0000, 0x0000, 0x0000, 0x0000, 0x0000, 0x0000, 0x0000,
    0x0000, 0x0000, 0x0000, 0x0000, 0x0000, 0x0000, 0x0000, 0x0000, 0x0000, 0x0000, 0x0000, 0x0000,
    0x0000, 0x0000, 0x0000, 0x0000, 0x0000, 0x0000, 0x0000, 0x0000, 0x0000, 0x0000, 0x0000, 0x0000,
    0x0000, 0x0000, 0x0000, 0x0000, 0x0000, 0x0000, 0x0000, 0x0000, 0x0000, 0x0000, 0x0000, 0x0000,
    0x0000, 0x0000, 0x0000, 0x0000, 0x0000, 0x0000, 0x0000, 0x0000, 0x0000, 0x0000, 0x0000, 0x0000,
    0x0000, 0x0000, 0x0000, 0x0000, 0x0000, 0x0000, 0x0000, 0x0000, 0x0000, 0x0000, 0x0000, 0x0000,
    0x0000, 0x0000, 0x0000, 0x0000, 0x0000, 0x0000, 0x0000, 0x0000, 0x0000, 0x0000, 0x0000, 0x0000,
    0x0000, 0x0000, 0x0000, 0x0000, 0x0000, 0x0000, 0x0000, 0x0000, 0x0000, 0x0000, 0x0000, 0x0000,
    0x0000, 0x0000, 0x0000, 0x0000, 0x0000, 0x0000, 0x0000, 0x0000, 0x0000, 0x0000, 0x0000, 0x0000,
    0x0000, 0x0000, 0x0000, 0x0000, 0x0000, 0x0000, 0x0000, 0x0000, 0x0000, 0x0000, 0x0000, 0x0000,
    0x0000, 0x0000, 0x0000, 0x0000, 0x0000, 0x0000, 0x0000, 0x0000, 0x0000, 0x0000, 0x0000, 0x0000,
    0x0000, 0x0000, 0x0000, 0x0000, 0x0000, 0x0000, 0x0000, 0x0000, 0x0000, 0x0000, 0x0000, 0x0000,
    0x0000, 0x0000, 0x0000, 0x0000, 0x0000, 0x0000, 0x0000, 0x0000, 0x0000, 0x0000, 0x0000, 0x0000,
    0x0000, 0x0000, 0x0000, 0x0000, 0x0000, 0x0000, 0x0000, 0x0000, 0x0000, 0x0000, 0x0000, 0x0000,
    0x0000, 0x0000, 0x0000, 0x0000, 0x0000, 0x0000, 0x0000, 0x0000, 0x0000, 0x0000, 0x0000, 0x0000,
    0x0000, 0x0000, 0x0000, 0x0000, 0x0000, 0x0000, 0x0000, 0x0000, 0x0000, 0x0000, 0x0000, 0x0000,
    0x0000, 0x0000, 0x0000, 0x0000, 0x0000, 0x0000, 0x0000, 0x0000, 0x0000, 0x0000, 0x0000, 0x0000,
    0x0000, 0x0000, 0x0000, 0x0000, 0x0000, 0x0000, 0x0000, 0x0000, 0x0000, 0x0000, 0x0000, 0x0000,
    0x0000, 0x0000, 0x0000, 0x0000, 0x0000, 0x0000, 0x0000, 0x0000, 0x0000, 0x0000, 0x0000, 0x0000,
    0x0000, 0x0000, 0x0000, 0x0000, 0x0000, 0x0000, 0x0000, 0x0000, 0x0000, 0x0000, 0x0000, 0x0000,
    0x0000, 0x0000, 0x0000, 0x0000, 0x0000, 0x0000, 0x0000, 0x0000, 0x0000, 0x0000, 0x0000, 0x0000,
    0x0000, 0x0000, 0x0000, 0x0000, 0x0000, 0x0000, 0x0000, 0x0000, 0x0000, 0x0000, 0x0000, 0x0000,
    0x0000, 0x0000, 0x0000, 0x0000, 0x0000, 0x0000, 0x0000, 0x0000, 0x0000, 0x0000, 0x0000, 0x0000,
    0x0000, 0x0000, 0x0000, 0x0000, 0x0000, 0x0000, 0x0000, 0x0000, 0x0000, 0x0000, 0x0000, 0x0000,
    0x0000, 0x0000, 0x0000, 0x0000, 0x0000, 0x0000, 0x0000, 0x0000, 0x0000, 0x0000, 0x0000, 0x0000,
    0x0000, 0x0000, 0x0000, 0x0000, 0x0000, 0x0000, 0x0000, 0x0000, 0x0000, 0x0000, 0x0000, 0x0000,
    0x0000, 0x0000, 0x0000, 0x0000, 0x0000, 0x0000, 0x0000, 0x0000, 0x0000, 0x0000, 0x0000, 0x0000,
    0x0000, 0x0000, 0x0000, 0x0000, 0x0000, 0x0000, 0x0000, 0x0000, 0x0000, 0x0000, 0x0000, 0x0000,
    0x0000, 0x0000, 0x0000, 0x0000, 0x0000, 0x0000, 0x0000, 0x0000, 0x0000, 0x0000, 0x0000, 0x0000,
    0x0000, 0x0000, 0x0000, 0x0000, 0x0000, 0x0000, 0x0000, 0x0000, 0x0000, 0x0000, 0x0000, 0x0000,
    0x0000, 0x0000, 0x0000, 0x0000, 0x0000, 0x0000, 0x0000, 0x0000, 0x0000, 0x0000, 0x0000, 0x0000,
    0x0000, 0x0000, 0x0000, 0x0000, 0x0000, 0x0000, 0x0000, 0x0000, 0x0000, 0x0000, 0x0000, 0x0000,
    0x0000, 0x0000, 0x0000, 0x0000, 0x0000, 0x0000, 0x0000, 0x0000, 0x0000, 0x0000, 0x0000, 0x0000,
    0x0000, 0x0000, 0x0000, 0x0000, 0x0000, 0x0000, 0x0000, 0x0000, 0x0000, 0x0000, 0x0000, 0x0000,
    0x0000, 0x0000, 0x0000, 0x0000, 0x0000, 0x0000, 0x0000, 0x0000, 0x0000, 0x0000, 0x0000, 0x0000,
    0x0000, 0x0000, 0x0000, 0x0000, 0x0000, 0x0000, 0x0000, 0x0000, 0x0000, 0x0000, 0x0000, 0x0000,
    0x0000, 0x0000, 0x0000, 0x0000, 0x0000, 0x0000, 0x0000, 0x0000, 0x0000, 0x0000, 0x0000, 0x0000,
    0x0000, 0x0000, 0x0000, 0x0000, 0x0000, 0x0000, 0x0000, 0x0000, 0x0000, 0x0000, 0x0000, 0x0000,
    0x0000, 0x0000, 0x0000, 0x0000, 0x0000, 0x0000, 0x0000, 0x0000, 0x0000, 0x0000, 0x0000, 0x0000,
    0x0000, 0x0000, 0x0000, 0x0000, 0x0000, 0x0000, 0x0000, 0x0000, 0x0000, 0x0000, 0x0000, 0x0000,
    0x0000, 0x0000, 0x0000, 0x0000, 0x0000, 0x0000, 0x0000, 0x0000, 0x0000, 0x0000, 0x0000, 0x0000,
    0x0000, 0x0000, 0x0000, 0x0000, 0x0000, 0x0000, 0x0000, 0x0000, 0x0000, 0x0000, 0x0000, 0x0000,
    0x0000, 0x0000, 0x0000, 0x0000, 0x0000, 0x0000, 0x0000, 0x0000, 0x0000, 0x0000, 0x0000, 0x0000,
    0x0000, 0x0000, 0x0000, 0x0000, 0x0000, 0x0000, 0x0000, 0x0000, 0x0000, 0x0000, 0x0000, 0x0000,
    0x0000, 0x0000, 0x0000, 0x0000, 0x0000, 0x0000, 0x0000, 0x0000, 0x0000, 0x0000, 0x0000, 0x0000,
    0x0000, 0x0000, 0x0000, 0x0000, 0x0000, 0x0000, 0x0000, 0x0000, 0x0000, 0x0000, 0x0000, 0x0000,
    0x0000, 0x0000, 0x0000, 0x0000, 0x0000, 0x0000, 0x0000, 0x0000, 0x0000, 0x0000, 0x0000, 0x0000,
    0x0000, 0x0000, 0x0000, 0x0000, 0x0000, 0x0000, 0x0000, 0x0000, 0x0000, 0x0000, 0x0000, 0x0000,
    0x0000, 0x0000, 0x0000, 0x0000, 0x0000, 0x0000, 0x0000, 0x0000, 0x0000, 0x0000, 0x0000, 0x0000,
    0x0000, 0x0000, 0x0000, 0x0000, 0x0000, 0x0000, 0x0000, 0x0000, 0x0000, 0x0000, 0x0000, 0x0000,
    0x0000, 0x0000, 0x0000, 0x0000, 0x0000, 0x0000, 0x0000, 0x0000, 0x0000, 0x0000, 0x0000, 0x0000,
    0x0000, 0x0000, 0x0000, 0x0000, 0x0000, 0x0000, 0x0000, 0x0000, 0x0000, 0x0000, 0x0000, 0x0000,
    0x0000, 0x0000, 0x0000, 0x0000, 0x0000, 0x0000, 0x0000, 0x0000, 0x0000, 0x0000, 0x0000, 0x0000,
    0x0000, 0x0000, 0x0000, 0x0000, 0x0000, 0x0000, 0x0000, 0x0000, 0x0000, 0x0000, 0x0000, 0x0000,
    0x0000, 0x0000, 0x0000, 0x0000, 0x0000, 0x0000, 0x0000, 0x0000, 0x0000, 0x0000, 0x0000, 0x0000,
    0x0000, 0x0000, 0x0000, 0x0000, 0x0000, 0x0000, 0x0000, 0x0000, 0x0000, 0x0000, 0x0000, 0x0000,
    0x0000, 0x0000, 0x0000, 0x0000, 0x0000, 0x0000, 0x0000, 0x0000, 0x0000, 0x0000, 0x0000, 0x0000,
    0x0000, 0x0000, 0x0000, 0x0000, 0x0000, 0x0000, 0x0000, 0x0000, 0x0000, 0x0000, 0x0000, 0x0000,
    0x0000, 0x0000, 0x0000, 0x0000, 0x0000, 0x0000, 0x0000, 0x0000, 0x0000, 0x0000, 0x0000, 0x0000,
    0x0000, 0x0000, 0x0000, 0x0000, 0x0000, 0x0000, 0x0000, 0x0000, 0x0000, 0x0000, 0x0000, 0x0000,
    0x0000, 0x0000, 0x0000, 0x0000, 0x0000, 0x0000, 0x0000, 0x0000, 0x0000, 0x0000, 0x0000, 0x0000,
    0x0000, 0x0000, 0x0000, 0x0000, 0x0000, 0x0000, 0x0000, 0x0000, 0x0000, 0x0000, 0x0000, 0x0000,
    0x0000, 0x0000, 0x0000, 0x0000, 0x0000, 0x0000, 0x0000, 0x0000, 0x0000, 0x0000, 0x0000, 0x0000,
    0x0000, 0x0000, 0x0000, 0x0000, 0x0000, 0x0000, 0x0000, 0x0000, 0x0000, 0x0000, 0x0000, 0x0000,
    0x0000, 0x0000, 0x0000, 0x0000, 0x0000, 0x0000, 0x0000, 0x0000, 0x0000, 0x0000, 0x0000, 0x0000,
    0x0000, 0x0000, 0x0000, 0x0000, 0x0000, 0x0000, 0x0000, 0x0000, 0x0000, 0x0000, 0x0000, 0x0000,
    0x0000, 0x0000, 0x0000, 0x0000, 0x0000, 0x0000, 0x0000, 0x0000, 0x0000, 0x0000, 0x0000, 0x0000,
    0x0000, 0x0000, 0x0000, 0x0000, 0x0000, 0x0000, 0x0000, 0x0000, 0x0000, 0x0000, 0x0000, 0x0000,
    0x0000, 0x0000, 0x0000, 0x0000, 0x0000, 0x0000, 0x0000, 0x0000, 0x0000, 0x0000, 0x0000, 0x0000,
    0x0000, 0x0000, 0x0000, 0x0000, 0x0000, 0x0000, 0x0000, 0x0000, 0x0000, 0x0000, 0x0000, 0x0000,
    0x0000, 0x0000, 0x0000, 0x0000, 0x0000, 0x0000, 0x0000, 0x0000, 0x0000, 0x0000, 0x0000, 0x0000,
    0x0000, 0x0000, 0x0000, 0x0000, 0x0000, 0x0000, 0x0000, 0x0000, 0x0000, 0x0000, 0x0000, 0x0000,
    0x0000, 0x0000, 0x0000, 0x0000, 0x0000, 0x0000, 0x0000, 0x0000, 0x0000, 0x0000, 0x0000, 0x0000,
    0x0000, 0x0000, 0x0000, 0x0000, 0x0000, 0x0000, 0x0000, 0x0000, 0x0000, 0x0000, 0x0000, 0x0000,
    0x0000, 0x0000, 0x0000, 0x0000, 0x0000, 0x0000, 0x0000, 0x0000, 0x0000, 0x0000, 0x0000, 0x0000,
    0x0000, 0x0000, 0x0000, 0x0000, 0x0000, 0x0000, 0x0000, 0x0000, 0x0000, 0x0000, 0x0000, 0x0000,
    0x0000, 0x0000, 0x0000, 0x0000, 0x0000, 0x0000, 0x0000, 0x0000, 0x0000, 0x0000, 0x0000, 0x0000,
    0x0000, 0x0000, 0x0000, 0x0000, 0x0000, 0x0000, 0x0000, 0x0000, 0x0000, 0x0000, 0x0000, 0x0000,
    0x0000, 0x0000, 0x0000, 0x0000, 0x0000, 0x0000, 0x0000, 0x0000, 0x0000, 0x0000, 0x0000, 0x0000,
    0x0000, 0x0000, 0x0000, 0x0000, 0x0000, 0x0000, 0x0000, 0x0000, 0x0000, 0x0000, 0x0000, 0x0000,
    0x0000, 0x0000, 0x0000, 0x0000, 0x0000, 0x0000, 0x0000, 0x0000, 0x0000, 0x0000, 0x0000, 0x0000,
    0x0000, 0x0000, 0x0000, 0x0000, 0x0000, 0x0000, 0x0000, 0x0000, 0x0000, 0x0000, 0x0000, 0x0000,
    0x0000, 0x0000, 0x0000, 0x0000, 0x0000, 0x0000, 0x0000, 0x0000, 0x0000, 0x0000, 0x0000, 0x0000,
    0x0000, 0x0000, 0x0000, 0x0000, 0x0000, 0x0000, 0x0000, 0x0000, 0x0000, 0x0000, 0x0000, 0x0000,
    0x0000, 0x0000, 0x0000, 0x0000, 0x0000, 0x0000, 0x0000, 0x0000, 0x0000, 0x0000, 0x0000, 0x0000,
    0x0000, 0x0000, 0x0000, 0x0000, 0x0000, 0x0000, 0x0000, 0x0000, 0x0000, 0x0000, 0x0000, 0x0000,
    0x0000, 0x0000, 0x0000, 0x0000, 0x0000, 0x0000, 0x0000, 0x0000, 0x0000, 0x0000, 0x0000, 0x0000,
    0x0000, 0x0000, 0x0000, 0x0000, 0x0000, 0x0000, 0x0000, 0x0000, 0x0000, 0x0000, 0x0000, 0x0000,
    0x0000, 0x0000, 0x0000, 0x0000, 0x0000, 0x0000, 0x0000, 0x0000, 0x0000, 0x0000, 0x0000, 0x0000,
    0x0000, 0x0000, 0x0000, 0x0000, 0x0000, 0x0000, 0x0000, 0x0000, 0x0000, 0x0000, 0x0000, 0x0000,
    0x0000, 0x0000, 0x0000, 0x0000, 0x0000, 0x0000, 0x0000, 0x0000, 0x0000, 0x0000, 0x0000, 0x0000,
    0x0000, 0x0000, 0x0000, 0x0000, 0x0000, 0x0000, 0x0000, 0x0000, 0x0000, 0x0000, 0x0000, 0x0000,
    0x0000, 0x0000, 0x0000, 0x0000, 0x0000, 0x0000, 0x0000, 0x0000, 0x0000, 0x0000, 0x0000, 0x0000,
    0x0000, 0x0000, 0x0000, 0x0000, 0x0000, 0x0000, 0x0000, 0x0000, 0x0000, 0x0000, 0x0000, 0x0000,
    0x0000, 0x0000, 0x0000, 0x0000, 0x0000, 0x0000, 0x0000, 0x0000, 0x0000, 0x0000, 0x0000, 0x0000,
    0x0000, 0x0000, 0x0000, 0x0000, 0x0000, 0x0000, 0x0000, 0x0000, 0x0000, 0x0000, 0x0000, 0x0000,
    0x0000, 0x0000, 0x0000, 0x0000, 0x0000, 0x0000, 0x0000, 0x0000, 0x0000, 0x0000, 0x0000, 0x0000,
    0x0000, 0x0000, 0x0000, 0x0000, 0x0000, 0x0000, 0x0000, 0x0000, 0x0000, 0x0000, 0x0000, 0x0000,
    0x0000, 0x0000, 0x0000, 0x0000, 0x0000, 0x0000, 0x0000, 0x0000, 0x0000, 0x0000, 0x0000, 0x0000,
    0x0000, 0x0000, 0x0000, 0x0000, 0x0000, 0x0000, 0x0000, 0x0000, 0x0000, 0x0000, 0x0000, 0x0000,
    0x0000, 0x0000, 0x0000, 0x0000, 0x0000, 0x0000, 0x0000, 0x0000, 0x0000, 0x0000, 0x0000, 0x0000,
    0x0000, 0x0000, 0x0000, 0x0000, 0x0000, 0x0000, 0x0000, 0x0000, 0x0000, 0x0000, 0x0000, 0x0000,
    0x0000, 0x0000, 0x0000, 0x0000, 0x0000, 0x0000, 0x0000, 0x0000, 0x0000, 0x0000, 0x0000, 0x0000,
    0x0000, 0x0000, 0x0000, 0x0000, 0x0000, 0x0000, 0x0000, 0x0000, 0x0000, 0x0000, 0x0000, 0x0000,
    0x0000, 0x0000, 0x0000, 0x0000, 0x0000, 0x0000, 0x0000, 0x0000, 0x0000, 0x0000, 0x0000, 0x0000,
    0x0000, 0x0000, 0x0000, 0x0000, 0x0000, 0x0000, 0x0000, 0x0000, 0x0000, 0x0000, 0x0000, 0x0000,
    0x0000, 0x0000, 0x0000, 0x0000, 0x0000, 0x0000, 0x0000, 0x0000, 0x0000, 0x0000, 0x0000, 0x0000,
    0x0000, 0x0000, 0x0000, 0x0000, 0x0000, 0x0000, 0x0000, 0x0000, 0x0000, 0x0000, 0x0000, 0x0000,
    0x0000, 0x0000, 0x0000, 0x0000, 0x0000, 0x0000, 0x0000, 0x0000, 0x0000, 0x0000, 0x0000, 0x0000,
    0x0000, 0x0000, 0x0000, 0x0000, 0x0000, 0x0000, 0x0000, 0x0000, 0x0000, 0x0000, 0x0000, 0x0000,
    0x0000, 0x0000, 0x0000, 0x0000, 0x0000, 0x0000, 0x0000, 0x0000, 0x0000, 0x0000, 0x0000, 0x0000,
    0x0000, 0x0000, 0x0000, 0x0000, 0x0000, 0x0000, 0x0000, 0x0000, 0x0000, 0x0000, 0x0000, 0x0000,
    0x0000, 0x0000, 0x0000, 0x0000, 0x0000, 0x0000, 0x0000, 0x0000, 0x0000, 0x0000, 0x0000, 0x0000,
    0x0000, 0x0000, 0x0000, 0x0000, 0x0000, 0x0000, 0x0000, 0x0000, 0x0000, 0x0000, 0x0000, 0x0000,
    0x0000, 0x0000, 0x0000, 0x0000, 0x0000, 0x0000, 0x0000, 0x0000, 0x0000, 0x0000, 0x0000, 0x0000,
    0x0000, 0x0000, 0x0000, 0x0000, 0x0000, 0x0000, 0x0000, 0x0000, 0x0000, 0x0000, 0x0000, 0x0000,
    0x0000, 0x0000, 0x0000, 0x0000, 0x0000, 0x0000, 0x0000, 0x0000, 0x0000, 0x0000, 0x0000, 0x0000,
    0x0000, 0x0000, 0x0000, 0x0000, 0x0000, 0x0000, 0x0000, 0x0000, 0x0000, 0x0000, 0x0000, 0x0000,
    0x0000, 0x0000, 0x0000, 0x0000, 0x0000, 0x0000, 0x0000, 0x0000, 0x0000, 0x0000, 0x0000, 0x0000,
    0x0000, 0x0000, 0x0000, 0x0000, 0x0000, 0x0000, 0x0000, 0x0000, 0x0000, 0x0000, 0x0000, 0x0000,
    0x0000, 0x0000, 0x0000, 0x0000, 0x0000, 0x0000, 0x0000, 0x0000, 0x0000, 0x0000, 0x0000, 0x0000,
    0x0000, 0x0000, 0x0000, 0x0000, 0x0000, 0x0000, 0x0000, 0x0000, 0x0000, 0x0000, 0x0000, 0x0000,
    0x0000, 0x0000, 0x0000, 0x0000, 0x0000, 0x0000, 0x0000, 0x0000, 0x0000, 0x0000, 0x0000, 0x0000,
    0x0000, 0x0000, 0x0000, 0x0000, 0x0000, 0x0000, 0x0000, 0x0000, 0x0000, 0x0000, 0x0000, 0x0000,
    0x0000, 0x0000, 0x0000, 0x0000, 0x0000, 0x0000, 0x0000, 0x0000, 0x0000, 0x0000, 0x0000, 0x0000,
    0x0000, 0x0000, 0x0000, 0x0000, 0x0000, 0x0000, 0x0000, 0x0000, 0x0000, 0x0000, 0x0000, 0x0000,
    0x0000, 0x0000, 0x0000, 0x0000, 0x0000, 0x0000, 0x0000, 0x0000, 0x0000, 0x0000, 0x0000, 0x0000,
    0x0000, 0x0000, 0x0000, 0x0000, 0x0000, 0x0000, 0x0000, 0x0000, 0x0000, 0x0000, 0x0000, 0x0000,
    0x0000, 0x0000, 0x0000, 0x0000, 0x0000, 0x0000, 0x0000, 0x0000, 0x0000, 0x0000, 0x0000, 0x0000,
    0x0000, 0x0000, 0x0000, 0x0000, 0x0000, 0x0000, 0x0000, 0x0000, 0x0000, 0x0000, 0x0000, 0x0000,
    0x0000, 0x0000, 0x0000, 0x0000, 0x0000, 0x0000, 0x0000, 0x0000, 0x0000, 0x0000, 0x0000, 0x0000,
    0x0000, 0x0000, 0x0000, 0x0000, 0x0000, 0x0000, 0x0000, 0x0000, 0x0000, 0x0000, 0x0000, 0x0000,
    0x0000, 0x0000, 0x0000, 0x0000, 0x0000, 0x0000, 0x0000, 0x0000, 0x0000, 0x0000, 0x0000, 0x0000,
    0x0000, 0x0000, 0x0000, 0x0000, 0x0000, 0x0000, 0x0000, 0x0000, 0x0000, 0x0000, 0x0000, 0x0000,
    0x0000, 0x0000, 0x0000, 0x0000, 0x0000, 0x0000, 0x0000, 0x0000, 0x0000, 0x0000, 0x0000, 0x0000,
    0x0000, 0x0000, 0x0000, 0x0000, 0x0000, 0x0000, 0x0000, 0x0000, 0x0000, 0x0000, 0x0000, 0x0000,
    0x0000, 0x0000, 0x0000, 0x0000, 0x0000, 0x0000, 0x0000, 0x0000, 0x0000, 0x0000, 0x0000, 0x0000,
    0x0000, 0x0000, 0x0000, 0x0000, 0x0000, 0x0000, 0x0000, 0x0000, 0x0000, 0x0000, 0x0000, 0x0000,
    0x0000, 0x0000, 0x0000, 0x0000, 0x0000, 0x0000, 0x0000, 0x0000, 0x0000, 0x0000, 0x0000, 0x0000,
    0x0000, 0x0000, 0x0000, 0x0000, 0x0000, 0x0000, 0x0000, 0x0000, 0x0000, 0x0000, 0x0000, 0x0000,
    0x0000, 0x0000, 0x0000, 0x0000, 0x0000, 0x0000, 0x0000, 0x0000, 0x0000, 0x0000, 0x0000, 0x0000,
    0x0000, 0x0000, 0x0000, 0x0000, 0x0000, 0x0000, 0x0000, 0x0000, 0x0000, 0x0000, 0x0000, 0x0000,
    0x0000, 0x0000, 0x0000, 0x0000, 0x0000, 0x0000, 0x0000, 0x0000, 0x0000, 0x0000, 0x0000, 0x0000,
    0x0000, 0x0000, 0x0000, 0x0000, 0x0000, 0x0000, 0x0000, 0x0000, 0x0000, 0x0000, 0x0000, 0x0000,
    0x0000, 0x0000, 0x0000, 0x0000, 0x0000, 0x0000, 0x0000, 0x0000, 0x0000, 0x0000, 0x0000, 0x0000,
    0x0000, 0x0000, 0x0000, 0x0000, 0x0000, 0x0000, 0x0000, 0x0000, 0x0000, 0x0000, 0x0000, 0x0000,
    0x0000, 0x0000, 0x0000, 0x0000, 0x0000, 0x0000, 0x0000, 0x0000, 0x0000, 0x0000, 0x0000, 0x0000,
    0x0000, 0x0000, 0x0000, 0x0000, 0x0000, 0x0000, 0x0000, 0x0000, 0x0000, 0x0000, 0x0000, 0x0000,
    0x0000, 0x0000, 0x0000, 0x0000, 0x0000, 0x0000, 0x0000, 0x0000, 0x0000, 0x0000, 0x0000, 0x0000,
    0x0000, 0x0000, 0x0000, 0x0000, 0x0000, 0x0000, 0x0000, 0x0000, 0x0000, 0x0000, 0x0000, 0x0000,
    0x0000, 0x0000, 0x0000, 0x0000, 0x0000, 0x0000, 0x0000, 0x0000, 0x0000, 0x0000, 0x0000, 0x0000,
    0x0000, 0x0000, 0x0000, 0x0000, 0x0000, 0x0000, 0x0000, 0x0000, 0x0000, 0x0000, 0x0000, 0x0000,
    0x0000, 0x0000, 0x0000, 0x0000, 0x0000, 0x0000, 0x0000, 0x0000, 0x0000, 0x0000, 0x0000, 0x0000,
    0x0000, 0x0000, 0x0000, 0x0000, 0x0000, 0x0000, 0x0000, 0x0000, 0x0000, 0x0000, 0x0000, 0x0000,
    0x0000, 0x0000, 0x0000, 0x0000, 0x0000, 0x0000, 0x0000, 0x0000, 0x0000, 0x0000, 0x0000, 0x0000,
    0x0000, 0x0000, 0x0000, 0x0000, 0x0000, 0x0000, 0x0000, 0x0000, 0x0000, 0x0000, 0x0000, 0x0000,
    0x0000, 0x0000, 0x0000, 0x0000, 0x0000, 0x0000, 0x0000, 0x0000, 0x0000, 0x0000, 0x0000, 0x0000,
    0x0000, 0x0000, 0x0000, 0x0000, 0x0000, 0x0000, 0x0000, 0x0000, 0x0000, 0x0000, 0x0000, 0x0000,
    0x0000, 0x0000, 0x0000, 0x0000, 0x0000, 0x0000, 0x0000, 0x0000, 0x0000, 0x0000, 0x0000, 0x0000,
    0x0000, 0x0000, 0x0000, 0x0000, 0x0000, 0x0000, 0x0000, 0x0000, 0x0000, 0x0000, 0x0000, 0x0000,
    0x0000, 0x0000, 0x0000, 0x0000, 0x0000, 0x0000, 0x0000, 0x0000, 0x0000, 0x0000, 0x0000, 0x0000,
    0x0000, 0x0000, 0x0000, 0x0000, 0x0000, 0x0000, 0x0000, 0x0000, 0x0000, 0x0000, 0x0000, 0x0000,
    0x0000, 0x0000, 0x0000, 0x0000, 0x0000, 0x0000, 0x0000, 0x0000, 0x0000, 0x0000, 0x0000, 0x0000,
    0x0000, 0x0000, 0x0000, 0x0000, 0x0000, 0x0000, 0x0000, 0x0000, 0x0000, 0x0000, 0x0000, 0x0000,
    0x0000, 0x0000, 0x0000, 0x0000, 0x0000, 0x0000, 0x0000, 0x0000, 0x0000, 0x0000, 0x0000, 0x0000,
    0x0000, 0x0000, 0x0000, 0x0000, 0x0000, 0x0000, 0x0000, 0x0000, 0x0000, 0x0000, 0x0000, 0x0000,
    0x0000, 0x0000, 0x0000, 0x0000, 0x0000, 0x0000, 0x0000, 0x0000, 0x0000, 0x0000, 0x0000, 0x0000,
    0x0000, 0x0000, 0x0000, 0x0000, 0x0000, 0x0000, 0x0000, 0x0000, 0x0000, 0x0000, 0x0000, 0x0000,
    0x0000, 0x0000, 0x0000, 0x0000, 0x0000, 0x0000, 0x0000, 0x0000, 0x0000, 0x0000, 0x0000, 0x0000,
    0x0000, 0x0000, 0x0000, 0x0000, 0x0000, 0x0000, 0x0000, 0x0000, 0x0000, 0x0000, 0x0000, 0x0000,
    0x0000, 0x0000, 0x0000, 0x0000, 0x0000, 0x0000, 0x0000, 0x0000, 0x0000, 0x0000, 0x0000, 0x0000,
    0x0000, 0x0000, 0x0000, 0x0000, 0x0000, 0x0000, 0x0000, 0x0000, 0x0000, 0x0000, 0x0000, 0x0000,
    0x0000, 0x0000, 0x0000, 0x0000, 0x0000, 0x0000, 0x0000, 0x0000, 0x0000, 0x0000, 0x0000, 0x0000,
    0x0000, 0x0000, 0x0000, 0x0000, 0x0000, 0x0000, 0x0000, 0x0000, 0x0000, 0x0000, 0x0000, 0x0000,
    0x0000, 0x0000, 0x0000, 0x0000, 0x0000, 0x0000, 0x0000, 0x0000, 0x0000, 0x0000, 0x0000, 0x0000,
    0x0000, 0x0000, 0x0000, 0x0000, 0x0000, 0x0000, 0x0000, 0x0000, 0x0000, 0x0000, 0x0000, 0x0000,
    0x0000, 0x0000, 0x0000, 0x0000, 0x0000, 0x0000, 0x0000, 0x0000, 0x0000, 0x0000, 0x0000, 0x0000,
    0x0000, 0x0000, 0x0000, 0x0000, 0x0000, 0x0000, 0x0000, 0x0000, 0x0000, 0x0000, 0x0000, 0x0000,
    0x0000, 0x0000, 0x0000, 0x0000, 0x0000, 0x0000, 0x0000, 0x0000, 0x0000, 0x0000, 0x0000, 0x0000,
    0x0000, 0x0000, 0x0000, 0x0000, 0x0000, 0x0000, 0x0000, 0x0000, 0x0000, 0x0000, 0x0000, 0x0000,
    0x0000, 0x0000, 0x0000, 0x0000, 0x0000, 0x0000, 0x0000, 0x0000, 0x0000, 0x0000, 0x0000, 0x0000,
    0x0000, 0x0000, 0x0000, 0x0000, 0x0000, 0x0000, 0x0000, 0x0000, 0x0000, 0x0000, 0x0000, 0x0000,
    0x0000, 0x0000, 0x0000, 0x0000, 0x0000, 0x0000, 0x0000, 0x0000, 0x0000, 0x0000, 0x0000, 0x0000,
    0x0000, 0x0000, 0x0000, 0x0000, 0x0000, 0x0000, 0x0000, 0x0000, 0x0000, 0x0000, 0x0000, 0x0000,
    0x0000, 0x0000, 0x0000, 0x0000, 0x0000, 0x0000, 0x0000, 0x0000, 0x0000, 0x0000, 0x0000, 0x0000,
    0x0000, 0x0000, 0x0000, 0x0000, 0x0000, 0x0000, 0x0000, 0x0000, 0x0000, 0x0000, 0x0000, 0x0000,
    0x0000, 0x0000, 0x0000, 0x0000, 0x0000, 0x0000, 0x0000, 0x0000, 0x0000, 0x0000, 0x0000, 0x0000,
    0x0000, 0x0000, 0x0000, 0x0000, 0x0000, 0x0000, 0x0000, 0x0000, 0x0000, 0x0000, 0x0000, 0x0000,
    0x0000, 0x0000, 0x0000, 0x0000, 0x0000, 0x0000, 0x0000, 0x0000, 0x0000, 0x0000, 0x0000, 0x0000,
    0x0000, 0x0000, 0x0000, 0x0000, 0x0000, 0x0000, 0x0000, 0x0000, 0x0000, 0x0000, 0x0000, 0x0000,
    0x0000, 0x0000, 0x0000, 0x0000, 0x0000, 0x0000, 0x0042, 0x0043, 0x0043, 0x0043, 0x0043, 0x0043,
    0x0043, 0x0043, 0x0043, 0x0043, 0x0043, 0x0043, 0x0043, 0x0043, 0x0063, 0x0063, 0x0063, 0x0063,
    0x0063, 0x0063, 0x0063, 0x0063, 0x0063, 0x0063, 0x0063, 0x0063, 0x0063, 0x0063, 0x0063, 0x0063,
    0x0063, 0x0063, 0x0063, 0x0063, 0x0064, 0x0044, 0x0000, 0x0000, 0x0000, 0x0000, 0x0000, 0x0000,
    0x0000, 0x0000, 0x0000, 0x0000, 0x0000, 0x0000, 0x0000, 0x0000, 0x0000, 0x0000, 0x0000, 0x0000,
    0x0000, 0x0000, 0x0000, 0x0000, 0x0000, 0x0000, 0x0000, 0x0000, 0x0000, 0x0000, 0x0000, 0x0000,
    0x0000, 0x0000, 0x0000, 0x0000, 0x0000, 0x0000, 0x0000, 0x0000, 0x0000, 0x0000, 0x0000, 0x0000,
    0x0000, 0x0000, 0x0000, 0x0000, 0x0000, 0x0000, 0x0000, 0x0000, 0x0000, 0x0000, 0x0000, 0x0000,
    0x0000, 0x0000, 0x0000, 0x0000, 0x0000, 0x0000, 0x0000, 0x0000, 0x0000, 0x0000, 0x0000, 0x0000,
    0x0000, 0x0000, 0x0000, 0x0000, 0x0064, 0x0064, 0x0064, 0x0064, 0x0064, 0x0064, 0x0064, 0x0064,
    0x0064, 0x0064, 0x0064, 0x0064, 0x0064, 0x0064, 0x0064, 0x0064, 0x0063, 0x0064, 0x0064, 0x0064,
    0x0064, 0x0064, 0x0064, 0x0064, 0x0064, 0x0064, 0x0064, 0x0064, 0x0064, 0x0064, 0x0064, 0x0064,
    0x0064, 0x0044, 0x0000, 0x0000, 0x0000, 0x0000, 0x0000, 0x0000, 0x0000, 0x0000, 0x0000, 0x0000,
    0x0000, 0x0000, 0x0000, 0x0000, 0x0000, 0x0000, 0x0000, 0x0000, 0x0000, 0x0000, 0x0000, 0x0000,
    0x0000, 0x0000, 0x0000, 0x0000, 0x0000, 0x0000, 0x0000, 0x0000, 0x0000, 0x0000, 0x0000, 0x0000,
    0x0000, 0x0000, 0x0000, 0x0000, 0x0000, 0x0000, 0x0000, 0x0000, 0x0000, 0x0000, 0x0000, 0x0000,
    0x0000, 0x0000, 0x0000, 0x0000, 0x0000, 0x0000, 0x0000, 0x0000, 0x0000, 0x0000, 0x0000, 0x0000,
    0x0000, 0x0000, 0x0000, 0x0000, 0x0000, 0x0000, 0x0000, 0x0000, 0x0000, 0x0000, 0x0000, 0x0000,
    0x0000, 0x0000, 0x0000, 0x0000, 0x0000, 0x0000, 0x0000, 0x0000, 0x0000, 0x0000, 0x0000, 0x0000,
    0x0000, 0x0000, 0x0000, 0x0000, 0x0000, 0x0000, 0x0000, 0x0000, 0x0000, 0x0000, 0x0000, 0x0000,
    0x0000, 0x0000, 0x0000, 0x0000, 0x0000, 0x010E, 0x00CE, 0x00CE, 0x00EE, 0x00ED, 0x00ED, 0x00CE,
    0x00CE, 0x00EF, 0x00EE, 0x00CE, 0x00CE, 0x00CE, 0x00CD, 0x00CD, 0x00CD, 0x00AD, 0x00CD, 0x00CD,
    0x00CD, 0x00CD, 0x00CD, 0x00AD, 0x00AD, 0x00AD, 0x00AD, 0x00AD, 0x00AD, 0x00AD, 0x008C, 0x00AD,
    0x00AD, 0x00AC, 0x00AC, 0x008C, 0x00CD, 0x00EC, 0x0001, 0x0000, 0x0000, 0x0000, 0x0000, 0x0000,
    0x0000, 0x0000, 0x0000, 0x0000, 0x0000, 0x0000, 0x0000, 0x0000, 0x0000, 0x0000, 0x0000, 0x0000,
    0x0000, 0x0000, 0x0000, 0x0000, 0x0000, 0x0000, 0x0000, 0x0000, 0x0000, 0x0000, 0x0000, 0x0000,
    0x0000, 0x0000, 0x0000, 0x0000, 0x0000, 0x0000, 0x0000, 0x0000, 0x0000, 0x0000, 0x0000, 0x0000,
    0x0000, 0x0000, 0x0000, 0x0000, 0x0000, 0x0000, 0x0000, 0x0000, 0x0000, 0x0000, 0x0000, 0x0000,
    0x0000, 0x0000, 0x0000, 0x0000, 0x0000, 0x0000, 0x0000, 0x0000, 0x0000, 0x0000, 0x0000, 0x0000,
    0x0000, 0x0000, 0x0066, 0x0151, 0x00AD, 0x00CE, 0x00CD, 0x00CD, 0x00CD, 0x00CD, 0x00CD, 0x00CD,
    0x00CD, 0x00AD, 0x00AD, 0x00CE, 0x00CD, 0x00CD, 0x00CD, 0x00CD, 0x00AD, 0x00AD, 0x00AD, 0x00AD,
    0x00AD, 0x00AC, 0x008C, 0x008C, 0x00AC, 0x00AD, 0x00AC, 0x008C, 0x00AC, 0x00AC, 0x00AC, 0x008C,
    0x00AD, 0x00EC, 0x0001, 0x0000, 0x0000, 0x0000, 0x0000, 0x0000, 0x0000, 0x0000, 0x0000, 0x0000,
    0x0000, 0x0000, 0x0000, 0x0000, 0x0000, 0x0000, 0x0000, 0x0000, 0x0000, 0x0000, 0x0000, 0x0000,
    0x0000, 0x0000, 0x0000, 0x0000, 0x0000, 0x0000, 0x0000, 0x0000, 0x0000, 0x0000, 0x0000, 0x0000,
    0x0000, 0x0000, 0x0000, 0x0000, 0x0000, 0x0000, 0x0000, 0x0000, 0x0000, 0x0000, 0x0000, 0x0000,
    0x0000, 0x0000, 0x0000, 0x0000, 0x0000, 0x0000, 0x0000, 0x0000, 0x0000, 0x0000, 0x0000, 0x0000,
    0x0000, 0x0000, 0x0000, 0x0000, 0x0000, 0x0000, 0x0000, 0x0000, 0x0000, 0x0000, 0x0000, 0x0000,
    0x0000, 0x0000, 0x0000, 0x0000, 0x0000, 0x0000, 0x0000, 0x0000, 0x0000, 0x0000, 0x0000, 0x0000,
    0x0000, 0x0000, 0x0000, 0x0000, 0x0000, 0x0000, 0x0000, 0x0000, 0x0000, 0x0000, 0x0000, 0x0000,
    0x0000, 0x0000, 0x0000, 0x0001, 0x010F, 0x0047, 0x4180, 0x5180, 0x40E0, 0x4920, 0x5180, 0x51A0,
    0x5200, 0x49A0, 0x4980, 0x51E0, 0x5200, 0x5200, 0x49C1, 0x51E1, 0x51E2, 0x5223, 0x5203, 0x5224,
    0x5244, 0x5244, 0x5245, 0x5245, 0x5245, 0x5265, 0x5265, 0x5265, 0x5265, 0x5264, 0x5265, 0x5264,
    0x5264, 0x5264, 0x5A85, 0x5AC6, 0x5222, 0x0000, 0x016E, 0x0065, 0x0000, 0x0000, 0x0000, 0x0000,
    0x0000, 0x0000, 0x0000, 0x0000, 0x0000, 0x0000, 0x0000, 0x0000, 0x0000, 0x0000, 0x0000, 0x0000,
    0x0000, 0x0000, 0x0000, 0x0000, 0x0000, 0x0000, 0x0000, 0x0000, 0x0000, 0x0000, 0x0000, 0x0000,
    0x0000, 0x0000, 0x0000, 0x0000, 0x0000, 0x0000, 0x0000, 0x0000, 0x0000, 0x0000, 0x0000, 0x0000,
    0x0000, 0x0000, 0x0000, 0x0000, 0x0000, 0x0000, 0x0000, 0x0000, 0x0000, 0x0000, 0x0000, 0x0000,
    0x0000, 0x0000, 0x0000, 0x0000, 0x0000, 0x0000, 0x0000, 0x0000, 0x0000, 0x0000, 0x0000, 0x0000,
    0x0000, 0x0066, 0x010F, 0x0023, 0x5222, 0x59E0, 0x59E0, 0x59E0, 0x5A20, 0x5200, 0x5200, 0x5A20,
    0x5220, 0x5A40, 0x5A41, 0x5220, 0x5A20, 0x5221, 0x5220, 0x5220, 0x5A41, 0x5A62, 0x5A62, 0x5A62,
    0x5A63, 0x5263, 0x5284, 0x5284, 0x5A84, 0x5263, 0x5284, 0x5A84, 0x5A85, 0x5A85, 0x5265, 0x5AA6,
    0x5A63, 0x0800, 0x0190, 0x00E9, 0x0000, 0x0000, 0x0000, 0x0000, 0x0000, 0x0000, 0x0000, 0x0000,
    0x0000, 0x0000, 0x0000, 0x0000, 0x0000, 0x0000, 0x0000, 0x0000, 0x0000, 0x0000, 0x0000, 0x0000,
    0x0000, 0x0000, 0x0000, 0x0000, 0x0000, 0x0000, 0x0000, 0x0000, 0x0000, 0x0000, 0x0000, 0x0000,
    0x0000, 0x0000, 0x0000, 0x0000, 0x0000, 0x0000, 0x0000, 0x0000, 0x0000, 0x0000, 0x0000, 0x0000,
    0x0000, 0x0000, 0x0000, 0x0000, 0x0000, 0x0000, 0x0000, 0x0000, 0x0000, 0x0000, 0x0000, 0x0000,
    0x0000, 0x0000, 0x0000, 0x0000, 0x0000, 0x0000, 0x0000, 0x0000, 0x0000, 0x0000, 0x0000, 0x0000,
    0x0000, 0x0000, 0x0000, 0x0000, 0x0000, 0x0000, 0x0000, 0x0000, 0x0000, 0x0000, 0x0000, 0x0000,
    0x0000, 0x0000, 0x0000, 0x0000, 0x0000, 0x0000, 0x0000, 0x0000, 0x0000, 0x0000, 0x0000, 0x0000,
    0x0000, 0x0000, 0x0000, 0x006A, 0x0026, 0x6A80, 0xEC22, 0xCA80, 0xF3E0, 0xDB00, 0xE3C1, 0xF480,
    0xFD00, 0xD360, 0xFD40, 0xFDC0, 0xFDE1, 0xFD41, 0xFCC1, 0xFD61, 0xFD42, 0xFDC2, 0xFE02, 0xFE23,
    0xFE23, 0xFE43, 0xFE83, 0xFEA3, 0xFEC3, 0xFEE3, 0xFF03, 0xFF23, 0xFF43, 0xFF43, 0xFF63, 0xFF83,
    0xFF83, 0xFFA4, 0xFFA5, 0xFFE7, 0xAB82, 0x0003, 0x027E, 0x0191, 0x0000, 0x0000, 0x0000, 0x0000,
    0x0000, 0x0000, 0x0000, 0x0000, 0x0000, 0x0000, 0x0000, 0x0000, 0x0000, 0x0000, 0x0000, 0x0000,
    0x0000, 0x0000, 0x0000, 0x0000, 0x0000, 0x0000, 0x0000, 0x0000, 0x0000, 0x0000, 0x0000, 0x0000,
    0x0000, 0x0000, 0x0000, 0x0000, 0x0000, 0x0000, 0x0000, 0x0000, 0x0000, 0x0000, 0x0000, 0x0000,
    0x0000, 0x0000, 0x0000, 0x0000, 0x0000, 0x0000, 0x0000, 0x0000, 0x0000, 0x0000, 0x0000, 0x0000,
    0x0000, 0x0000, 0x0000, 0x0000, 0x0000, 0x0000, 0x0000, 0x0000, 0x0000, 0x0000, 0x0000, 0x0000,
    0x0023, 0x0048, 0x0041, 0xAC86, 0xFD43, 0xFBE0, 0xFC81, 0xFCE1, 0xFE01, 0xFD01, 0xFDC1, 0xFDA1,
    0xFDE1, 0xFE01, 0xFE21, 0xFD41, 0xFD61, 0xFD41, 0xFDC1, 0xFE01, 0xFE41, 0xFE61, 0xFE81, 0xFEA2,
    0xFEC2, 0xFEE2, 0xFF03, 0xFF23, 0xFF43, 0xFF42, 0xFF63, 0xFF84, 0xFFA4, 0xFFA5, 0xFFA6, 0xFFE9,
    0xB382, 0x0003, 0x025D, 0x0236, 0x0000, 0x0000, 0x0000, 0x0000, 0x0000, 0x0000, 0x0000, 0x0000,
    0x0000, 0x0000, 0x0000, 0x0000, 0x0000, 0x0000, 0x0000, 0x0000, 0x0000, 0x0000, 0x0000, 0x0000,
    0x0000, 0x0000, 0x0000, 0x0000, 0x0000, 0x0000, 0x0000, 0x0000, 0x0000, 0x0000, 0x0000, 0x0000,
    0x0000, 0x0000, 0x0000, 0x0000, 0x0000, 0x0000, 0x0000, 0x0000, 0x0000, 0x0000, 0x0000, 0x0000,
    0x0000, 0x0000, 0x0000, 0x0000, 0x0000, 0x0000, 0x0000, 0x0000, 0x0000, 0x0000, 0x0000, 0x0000,
    0x0000, 0x0000, 0x0000, 0x0000, 0x0000, 0x0000, 0x0000, 0x0000, 0x0000, 0x0000, 0x0000, 0x0000,
    0x0000, 0x0000, 0x0000, 0x0000, 0x0000, 0x0000, 0x0000, 0x0000, 0x0000, 0x0000, 0x0000, 0x0000,
    0x0000, 0x0000, 0x0000, 0x0000, 0x0000, 0x0000, 0x0000, 0x0000, 0x0000, 0x0000, 0x0000, 0x0000,
    0x0000, 0x0000, 0x0087, 0x0047, 0x6200, 0xFCA2, 0xD300, 0xB220, 0xC300, 0xB220, 0xEC80, 0xE420,
    0xBA60, 0xF500, 0xFD40, 0xF4A0, 0xF500, 0xF4A0, 0xEC20, 0xE380, 0xF520, 0xECA0, 0xFD60, 0xFD80,
    0xFD80, 0xFDA0, 0xFDC0, 0xFDC0, 0xFDE0, 0xFE00, 0xFE00, 0xFE20, 0xFE40, 0xFE40, 0xFE60, 0xFE80,
    0xFEA0, 0xFEA0, 0xFF20, 0xEDE0, 0x1800, 0x00AE, 0x01BA, 0x023B, 0x0022, 0x0000, 0x0000, 0x0000,
    0x0000, 0x0000, 0x0000, 0x0000, 0x0000, 0x0000, 0x0000, 0x0000, 0x0000, 0x0000, 0x0000, 0x0000,
    0x0000, 0x0000, 0x0000, 0x0000, 0x0000, 0x0000, 0x0000, 0x0000, 0x0000, 0x0000, 0x0000, 0x0000,
    0x0000, 0x0000, 0x0000, 0x0000, 0x0000, 0x0000, 0x0000, 0x0000, 0x0000, 0x0000, 0x0000, 0x0000,
    0x0000, 0x0000, 0x0000, 0x0000, 0x0000, 0x0000, 0x0000, 0x0000, 0x0000, 0x0000, 0x0000, 0x0000,
    0x0000, 0x0000, 0x0000, 0x0000, 0x0000, 0x0000, 0x0000, 0x0000, 0x0000, 0x0000, 0x0000, 0x0000,
    0x010D, 0x0043, 0xBCA5, 0xFD61, 0xEC40, 0xF4E0, 0xF4A0, 0xF540, 0xFD40, 0xF4A0, 0xFD40, 0xFD60,
    0xF500, 0xFDA0, 0xF580, 0xF4A0, 0xF500, 0xFD80, 0xFDA0, 0xFDE0, 0xFDC0, 0xFDC0, 0xFDC0, 0xFDE0,
    0xFDE0, 0xFE00, 0xFE00, 0xFE20, 0xFE20, 0xFE40, 0xFE60, 0xFE80, 0xFEA0, 0xFEA0, 0xFF20, 0xF5C0,
    0x1800, 0x00CE, 0x0199, 0x02BE, 0x00A7, 0x0000, 0x0000, 0x0000, 0x0000, 0x0000, 0x0000, 0x0000,
    0x0000, 0x0000, 0x0000, 0x0000, 0x0000, 0x0000, 0x0000, 0x0000, 0x0000, 0x0000, 0x0000, 0x0000,
    0x0000, 0x0000, 0x0000, 0x0000, 0x0000, 0x0000, 0x0000, 0x0000, 0x0000, 0x0000, 0x0000, 0x0000,
    0x0000, 0x0000, 0x0000, 0x0000, 0x0000, 0x0000, 0x0000, 0x0000, 0x0000, 0x0000, 0x0000, 0x0000,
    0x0000, 0x0000, 0x0000, 0x0000, 0x0000, 0x0000, 0x0000, 0x0000, 0x0000, 0x0000, 0x0000, 0x0000,
    0x0000, 0x0000, 0x0000, 0x0000, 0x0000, 0x0000, 0x0000, 0x0000, 0x0000, 0x0000, 0x0000, 0x0000,
    0x0000, 0x0000, 0x0000, 0x0000, 0x0000, 0x0000, 0x0000, 0x0000, 0x0000, 0x0000, 0x0000, 0x0000,
    0x0000, 0x0000, 0x0000, 0x0000, 0x0000, 0x0000, 0x0000, 0x0000, 0x0000, 0x0000, 0x0000, 0x0000,
    0x0000, 0x0000, 0x00EE, 0x08A3, 0xDCC3, 0xDAE0, 0xE3A0, 0xD2E0, 0x9A20, 0x91E0, 0xFD20, 0xF4A0,
    0xFD20, 0xFD80, 0xF4C0, 0xFD80, 0xFD00, 0xFCE0, 0xF4E0, 0xFD60, 0xFD80, 0xF560, 0xFDC0, 0xFDC0,
    0xFDC0, 0xFDE0, 0xFDE0, 0xFE00, 0xFE00, 0xFE20, 0xFE20, 0xFE20, 0xFE40, 0xFE60, 0xFE60, 0xFE80,
    0xFE80, 0xFE60, 0xFF40, 0x8AC0, 0x0004, 0x0154, 0x0155, 0x021D, 0x012D, 0x0000, 0x0000, 0x0000,
    0x0000, 0x0000, 0x0000, 0x0000, 0x0000, 0x0000, 0x0000, 0x0000, 0x0000, 0x0000, 0x0000, 0x0000,
    0x0000, 0x0000, 0x0000, 0x0000, 0x0000, 0x0000, 0x0000, 0x0000, 0x0000, 0x0000, 0x0000, 0x0000,
    0x0000, 0x0000, 0x0000, 0x0000, 0x0000, 0x0000, 0x0000, 0x0000, 0x0000, 0x0000, 0x0000, 0x0000,
    0x0000, 0x0000, 0x0000, 0x0000, 0x0000, 0x0000, 0x0000, 0x0000, 0x0000, 0x0000, 0x0000, 0x0000,
    0x0000, 0x0000, 0x0000, 0x0000, 0x0000, 0x0000, 0x0000, 0x0000, 0x0000, 0x0000, 0x0000, 0x0064,
    0x00AC, 0x4A23, 0xFE03, 0xF460, 0xFD80, 0xFD80, 0xEC60, 0xFDE0, 0xECA0, 0xF560, 0xED20, 0xFDC0,
    0xF540, 0xFE00, 0xF500, 0xFD80, 0xFE00, 0xFE00, 0xFE00, 0xFE00, 0xFE00, 0xFE00, 0xFE00, 0xFE00,
    0xFE00, 0xFE20, 0xFE20, 0xFE40, 0xFE40, 0xFE40, 0xFE60, 0xFE60, 0xFE80, 0xFE80, 0xFF41, 0x8A80,
    0x0004, 0x0175, 0x0176, 0x023D, 0x01F5, 0x0000, 0x0000, 0x0000, 0x0000, 0x0000, 0x0000, 0x0000,
    0x0000, 0x0000, 0x0000, 0x0000, 0x0000, 0x0000, 0x0000, 0x0000, 0x0000, 0x0000, 0x0000, 0x0000,
    0x0000, 0x0000, 0x0000, 0x0000, 0x0000, 0x0000, 0x0000, 0x0000, 0x0000, 0x0000, 0x0000, 0x0000,
    0x0000, 0x0000, 0x0000, 0x0000, 0x0000, 0x0000, 0x0000, 0x0000, 0x0000, 0x0000, 0x0000, 0x0000,
    0x0000, 0x0000, 0x0000, 0x0000, 0x0000, 0x0000, 0x0000, 0x0000, 0x0000, 0x0000, 0x0000, 0x0000,
    0x0000, 0x0000, 0x0000, 0x0000, 0x0000, 0x0000, 0x0000, 0x0000, 0x0000, 0x0000, 0x0000, 0x0000,
    0x0000, 0x0000, 0x0000, 0x0000, 0x0000, 0x0000, 0x0000, 0x0000, 0x0000, 0x0000, 0x0000, 0x0000,
    0x0000, 0x0000, 0x0000, 0x0000, 0x0000, 0x0000, 0x0000, 0x0000, 0x0000, 0x0000, 0x0000, 0x0000,
    0x0000, 0x0065, 0x006C, 0x5A80, 0xFD22, 0xDB80, 0xD340, 0xB2A0, 0xCB80, 0xDC00, 0xFD40, 0xF540,
    0xF560, 0xFD80, 0xF540, 0xFE40, 0xE4A0, 0xEC80, 0xFDA0, 0xFDC0, 0xFDE0, 0xFDE0, 0xFDE0, 0xFE00,
    0xFE00, 0xFE00, 0xFE00, 0xFE00, 0xFE00, 0xFE20, 0xFE20, 0xFE40, 0xFE40, 0xFE40, 0xFE40, 0xFE60,
    0xFE40, 0xFEC0, 0xF5A0, 0x1820, 0x00AD, 0x0154, 0x0153, 0x01B8, 0x0088, 0x0000, 0x0000, 0x0000,
    0x0000, 0x0000, 0x0000, 0x0000, 0x0000, 0x0000, 0x0000, 0x0000, 0x0000, 0x0000, 0x0000, 0x0000,
    0x0000, 0x0000, 0x0000, 0x0000, 0x0000, 0x0000, 0x0000, 0x0000, 0x0000, 0x0000, 0x0000, 0x0000,
    0x0000, 0x0000, 0x0000, 0x0000, 0x0000, 0x0000, 0x0000, 0x0000, 0x0000, 0x0000, 0x0000, 0x0000,
    0x0000, 0x0000, 0x0000, 0x0000, 0x0000, 0x0000, 0x0000, 0x0000, 0x0000, 0x0000, 0x0000, 0x0000,
    0x0000, 0x0000, 0x0000, 0x0000, 0x0000, 0x0000, 0x0000, 0x0000, 0x0000, 0x0000, 0x0000, 0x00EB,
    0x0027, 0xA402, 0xFD80, 0xFD60, 0xFDC0, 0xFDE0, 0xF540, 0xFE00, 0xED00, 0xFE00, 0xFDE0, 0xFE00,
    0xFE00, 0xFE00, 0xFE20, 0xFE00, 0xFE00, 0xFE00, 0xFE20, 0xFE20, 0xFE20, 0xFE20, 0xFE00, 0xFE20,
    0xFE20, 0xFE20, 0xFE20, 0xFE40, 0xFE40, 0xFE40, 0xFE60, 0xFE60, 0xFE40, 0xFEE0, 0xED80, 0x1800,
    0x00CD, 0x0155, 0x0155, 0x01DA, 0x010F, 0x0000, 0x0000, 0x0000, 0x0000, 0x0000, 0x0000, 0x0000,
    0x0000, 0x0000, 0x0000, 0x0000, 0x0000, 0x0000, 0x0000, 0x0000, 0x0000, 0x0000, 0x0000, 0x0000,
    0x0000, 0x0000, 0x0000, 0x0000, 0x0000, 0x0000, 0x0000, 0x0000, 0x0000, 0x0000, 0x0000, 0x0000,
    0x0000, 0x0000, 0x0000, 0x0000, 0x0000, 0x0000, 0x0000, 0x0000, 0x0000, 0x0000, 0x0000, 0x0000,
    0x0000, 0x0000, 0x0000, 0x0000, 0x0000, 0x0000, 0x0000, 0x0000, 0x0000, 0x0000, 0x0000, 0x0000,
    0x0000, 0x0000, 0x0000, 0x0000, 0x0000, 0x0000, 0x0000, 0x0000, 0x0000, 0x0000, 0x0000, 0x0000,
    0x0000, 0x0000, 0x0000, 0x0000, 0x0000, 0x0000, 0x0000, 0x0000, 0x0000, 0x0000, 0x0000, 0x0000,
    0x0000, 0x0000, 0x0000, 0x0000, 0x0000, 0x0000, 0x0000, 0x0000, 0x0000, 0x0000, 0x0000, 0x0000,
    0x0000, 0x00EC, 0x0065, 0xB420, 0xE3C0, 0xC300, 0xDC20, 0x8960, 0xDC40, 0xFD80, 0xF560, 0xED00,
    0xECE0, 0xF5A0, 0xFE20, 0xF5C0, 0xCC00, 0xF580, 0xFE20, 0xFDE0, 0xFDE0, 0xFE00, 0xFE00, 0xFE20,
    0xFE20, 0xFE40, 0xFE20, 0xFE20, 0xFE20, 0xFE40, 0xFE40, 0xFE40, 0xFE60, 0xFE60, 0xFE80, 0xFE80,
    0xFE60, 0xFF00, 0x8A40, 0x0004, 0x0132, 0x0111, 0x0154, 0x00EF, 0x0000, 0x0000, 0x0000, 0x0000,
    0x0000, 0x0000, 0x0000, 0x0000, 0x0000, 0x0000, 0x0000, 0x0000, 0x0000, 0x0000, 0x0000, 0x0000,
    0x0000, 0x0000, 0x0000, 0x0000, 0x0000, 0x0000, 0x0000, 0x0000, 0x0000, 0x0000, 0x0000, 0x0000,
    0x0000, 0x0000, 0x0000, 0x0000, 0x0000, 0x0000, 0x0000, 0x0000, 0x0000, 0x0000, 0x0000, 0x0000,
    0x0000, 0x0000, 0x0000, 0x0000, 0x0000, 0x0000, 0x0000, 0x0000, 0x0000, 0x0000, 0x0000, 0x0000,
    0x0000, 0x0000, 0x0000, 0x0000, 0x0000, 0x0000, 0x0000, 0x0000, 0x0000, 0x0000, 0x0000, 0x00EE,
    0x1904, 0xEDE4, 0xFD80, 0xFDE0, 0xFDE0, 0xFD80, 0xFDC0, 0xFE00, 0xF5C0, 0xFE20, 0xFE00, 0xFE20,
    0xFE20, 0xFE40, 0xFE20, 0xFE20, 0xFE20, 0xFE20, 0xFE20, 0xFE20, 0xFE40, 0xFE40, 0xFE20, 0xFE40,
    0xFE40, 0xFE40, 0xFE40, 0xFE40, 0xFE40, 0xFE40, 0xFE80, 0xFE80, 0xFE60, 0xFF20, 0x7A40, 0x0004,
    0x0133, 0x0132, 0x0154, 0x0175, 0x0001, 0x0000, 0x0000, 0x0000, 0x0000, 0x0000, 0x0000, 0x0000,
    0x0000, 0x0000, 0x0000, 0x0000, 0x0000, 0x0000, 0x0000, 0x0000, 0x0000, 0x0000, 0x0000, 0x0000,
    0x0000, 0x0000, 0x0000, 0x0000, 0x0000, 0x0000, 0x0000, 0x0000, 0x0000, 0x0000, 0x0000, 0x0000,
    0x0000, 0x0000, 0x0000, 0x0000, 0x0000, 0x0000, 0x0000, 0x0000, 0x0000, 0x0000, 0x0000, 0x0000,
    0x0000, 0x0000, 0x0000, 0x0000, 0x0000, 0x0000, 0x0000, 0x0000, 0x0000, 0x0000, 0x0000, 0x0000,
    0x0000, 0x0000, 0x0000, 0x0000, 0x0000, 0x0000, 0x0000, 0x0000, 0x0000, 0x0000, 0x0000, 0x0000,
    0x0000, 0x0000, 0x0000, 0x0000, 0x0000, 0x0000, 0x0000, 0x0000, 0x0000, 0x0000, 0x0000, 0x0000,
    0x0000, 0x0000, 0x0000, 0x0000, 0x0000, 0x0000, 0x0000, 0x0000, 0x0000, 0x0000, 0x0000, 0x0000,
    0x0022, 0x00AE, 0x3180, 0xECE1, 0xE460, 0xF560, 0xECE0, 0xA260, 0xFDE0, 0xED80, 0xED40, 0xF5C0,
    0xF560, 0xDCC0, 0xEDA0, 0xDD60, 0xD4E0, 0xFE40, 0xFE20, 0xFE60, 0xFE20, 0xFE60, 0xFE60, 0xFE40,
    0xFE80, 0xFE80, 0xFE80, 0xFE80, 0xFE80, 0xFE80, 0xFE80, 0xFE80, 0xFE80, 0xFE80, 0xFEA0, 0xFE80,
    0xFEE0, 0xED60, 0x1000, 0x00AB, 0x0110, 0x0110, 0x0133, 0x0045, 0x0000, 0x0000, 0x0000, 0x0000,
    0x0000, 0x0000, 0x0000, 0x0000, 0x0000, 0x0000, 0x0000, 0x0000, 0x0000, 0x0000, 0x0000, 0x0000,
    0x0000, 0x0000, 0x0000, 0x0000, 0x0000, 0x0000, 0x0000, 0x0000, 0x0000, 0x0000, 0x0000, 0x0000,
    0x0000, 0x0000, 0x0000, 0x0000, 0x0000, 0x0000, 0x0000, 0x0000, 0x0000, 0x0000, 0x0000, 0x0000,
    0x0000, 0x0000, 0x0000, 0x0000, 0x0000, 0x0000, 0x0000, 0x0000, 0x0000, 0x0000, 0x0000, 0x0000,
    0x0000, 0x0000, 0x0000, 0x0000, 0x0000, 0x0000, 0x0000, 0x0000, 0x0000, 0x0000, 0x0086, 0x004A,
    0x6B04, 0xFEE2, 0xFE40, 0xFE20, 0xFE00, 0xFE00, 0xFE60, 0xFE60, 0xFE60, 0xFE60, 0xFE60, 0xFE80,
    0xFE80, 0xFE60, 0xFE60, 0xFE60, 0xFE60, 0xFE60, 0xFE60, 0xFE60, 0xFE60, 0xFE80, 0xFE80, 0xFE60,
    0xFE60, 0xFE60, 0xFE80, 0xFE60, 0xFE80, 0xFE80, 0xFE80, 0xFE60, 0xFEE0, 0xE560, 0x1000, 0x00AC,
    0x0111, 0x0111, 0x0154, 0x00AA, 0x0000, 0x0000, 0x0000, 0x0000, 0x0000, 0x0000, 0x0000, 0x0000,
    0x0000, 0x0000, 0x0000, 0x0000, 0x0000, 0x0000, 0x0000, 0x0000, 0x0000, 0x0000, 0x0000, 0x0000,
    0x0000, 0x0000, 0x0000, 0x0000, 0x0000, 0x0000, 0x0000, 0x0000, 0x0000, 0x0000, 0x0000, 0x0000,
    0x0000, 0x0000, 0x0000, 0x0000, 0x0000, 0x0000, 0x0000, 0x0000, 0x0000, 0x0000, 0x0000, 0x0000,
    0x0000, 0x0000, 0x0000, 0x0000, 0x0000, 0x0000, 0x0000, 0x0000, 0x0000, 0x0000, 0x0000, 0x0000,
    0x0000, 0x0000, 0x0000, 0x0000, 0x0000, 0x0000, 0x0000, 0x0000, 0x0000, 0x0000, 0x0000, 0x0000,
    0x0000, 0x0000, 0x0000, 0x0000, 0x0000, 0x0000, 0x0000, 0x0000, 0x0000, 0x0000, 0x0000, 0x0000,
    0x0000, 0x0000, 0x0000, 0x0000, 0x0000, 0x0000, 0x0000, 0x0000, 0x0000, 0x0000, 0x0000, 0x0000,
    0x00CA, 0x0049, 0x93C0, 0xFDA1, 0xFD80, 0xFDA0, 0xECE0, 0xD3E0, 0xFE00, 0xE520, 0xED80, 0xF600,
    0xFE20, 0xE520, 0xF5C0, 0xC480, 0xD4C0, 0xFEE0, 0xFE60, 0xFE60, 0xFE60, 0xFE80, 0xFEA0, 0xFE80,
    0xFE80, 0xFEA0, 0xFEA0, 0xFEA0, 0xFEA0, 0xFE80, 0xFE80, 0xFEA0, 0xFEA0, 0xFEA0, 0xFEA0, 0xFEA0,
    0xFF01, 0x7200, 0x0004, 0x00EE, 0x00EE, 0x0111, 0x00CC, 0x0000, 0x0000, 0x0000, 0x0000, 0x0000,
    0x0000, 0x0000, 0x0000, 0x0000, 0x0000, 0x0000, 0x0000, 0x0000, 0x0000, 0x0000, 0x0000, 0x0000,
    0x0000, 0x0000, 0x0000, 0x0000, 0x0000, 0x0000, 0x0000, 0x0000, 0x0000, 0x0000, 0x0000, 0x0000,
    0x0000, 0x0000, 0x0000, 0x0000, 0x0000, 0x0000, 0x0000, 0x0000, 0x0000, 0x0000, 0x0000, 0x0000,
    0x0000, 0x0000, 0x0000, 0x0000, 0x0000, 0x0000, 0x0000, 0x0000, 0x0000, 0x0000, 0x0000, 0x0000,
    0x0000, 0x0000, 0x0000, 0x0000, 0x0000, 0x0000, 0x0000, 0x0000, 0x0000, 0x0000, 0x00EC, 0x0046,
    0xC565, 0xFE60, 0xFE40, 0xFE40, 0xFE40, 0xFE80, 0xFEA0, 0xFE80, 0xFE80, 0xFE80, 0xFE80, 0xFEA0,
    0xFEA0, 0xFE80, 0xFE80, 0xFE80, 0xFE80, 0xFE80, 0xFE80, 0xFE80, 0xFE80, 0xFEA0, 0xFE60, 0xFE60,
    0xFE80, 0xFE80, 0xFE80, 0xFE80, 0xFE80, 0xFE80, 0xFE80, 0xFE80, 0xFF01, 0x71E0, 0x0005, 0x0111,
    0x0110, 0x0132, 0x0111, 0x0001, 0x0000, 0x0000, 0x0000, 0x0000, 0x0000, 0x0000, 0x0000, 0x0000,
    0x0000, 0x0000, 0x0000, 0x0000, 0x0000, 0x0000, 0x0000, 0x0000, 0x0000, 0x0000, 0x0000, 0x0000,
    0x0000, 0x0000, 0x0000, 0x0000, 0x0000, 0x0000, 0x0000, 0x0000, 0x0000, 0x0000, 0x0000, 0x0000,
    0x0000, 0x0000, 0x0000, 0x0000, 0x0000, 0x0000, 0x0000, 0x0000, 0x0000, 0x0000, 0x0000, 0x0000,
    0x0000, 0x0000, 0x0000, 0x0000, 0x0000, 0x0000, 0x0000, 0x0000, 0x0000, 0x0000, 0x0000, 0x0000,
    0x0000, 0x0000, 0x0000, 0x0000, 0x0000, 0x0000, 0x0000, 0x0000, 0x0000, 0x0000, 0x0000, 0x0000,
    0x0000, 0x0000, 0x0000, 0x0000, 0x0000, 0x0000, 0x0000, 0x0000, 0x0000, 0x0000, 0x0000, 0x0000,
    0x0000, 0x0000, 0x0000, 0x0000, 0x0000, 0x0000, 0x0000, 0x0000, 0x0000, 0x0000, 0x0000, 0x0000,
    0x00EE, 0x18E2, 0xEDE1, 0xFDC0, 0xFDC1, 0xED20, 0xECC0, 0xF540, 0xF5A0, 0xDCC0, 0xFE40, 0xFE80,
    0xFE60, 0xEDA0, 0xEDC0, 0xA340, 0xFE80, 0xFE80, 0xFE80, 0xF620, 0xFEA0, 0xFE40, 0xFEC0, 0xFEA0,
    0xFE80, 0xFEA0, 0xFE80, 0xFE80, 0xFE80, 0xFEA0, 0xFE80, 0xFE80, 0xFEA0, 0xFEA0, 0xFE80, 0xFF00,
    0xE500, 0x0800, 0x008A, 0x00CD, 0x00CD, 0x00EF, 0x0023, 0x0000, 0x0000, 0x0000, 0x0000, 0x0000,
    0x0000, 0x0000, 0x0000, 0x0000, 0x0000, 0x0000, 0x0000, 0x0000, 0x0000, 0x0000, 0x0000, 0x0000,
    0x0000, 0x0000, 0x0000, 0x0000, 0x0000, 0x0000, 0x0000, 0x0000, 0x0000, 0x0000, 0x0000, 0x0000,
    0x0000, 0x0000, 0x0000, 0x0000, 0x0000, 0x0000, 0x0000, 0x0000, 0x0000, 0x0000, 0x0000, 0x0000,
    0x0000, 0x0000, 0x0000, 0x0000, 0x0000, 0x0000, 0x0000, 0x0000, 0x0000, 0x0000, 0x0000, 0x0000,
    0x0000, 0x0000, 0x0000, 0x0000, 0x0000, 0x0000, 0x0000, 0x0000, 0x0000, 0x0022, 0x00AD, 0x3183,
    0xF624, 0xF5E0, 0xFEA0, 0xFEA0, 0xFEA0, 0xFE80, 0xFE80, 0xFE80, 0xFEA0, 0xFEA0, 0xFE80, 0xFE80,
    0xFE60, 0xFE60, 0xFE80, 0xFE80, 0xFE80, 0xFE80, 0xFE80, 0xFE80, 0xFEA0, 0xFEA0, 0xFE60, 0xFE80,
    0xFE80, 0xFE80, 0xFE80, 0xFE80, 0xFEA0, 0xFEA0, 0xFE80, 0xFF00, 0xDCE0, 0x0800, 0x00AC, 0x00EF,
    0x00EF, 0x0131, 0x0088, 0x0000, 0x0000, 0x0000, 0x0000, 0x0000, 0x0000, 0x0000, 0x0000, 0x0000,
    0x0000, 0x0000, 0x0000, 0x0000, 0x0000, 0x0000, 0x0000, 0x0000, 0x0000, 0x0000, 0x0000, 0x0000,
    0x0000, 0x0000, 0x0000, 0x0000, 0x0000, 0x0000, 0x0000, 0x0000, 0x0000, 0x0000, 0x0000, 0x0000,
    0x0000, 0x0000, 0x0000, 0x0000, 0x0000, 0x0000, 0x0000, 0x0000, 0x0000, 0x0000, 0x0000, 0x0000,
    0x0000, 0x0000, 0x0000, 0x0000, 0x0000, 0x0000, 0x0000, 0x0000, 0x0000, 0x0000, 0x0000, 0x0000,
    0x0000, 0x0000, 0x0000, 0x0000, 0x0000, 0x0000, 0x0000, 0x0000, 0x0000, 0x0000, 0x0000, 0x0000,
    0x0000, 0x0000, 0x0000, 0x0000, 0x0000, 0x0000, 0x0000, 0x0000, 0x0000, 0x0000, 0x0000, 0x0000,
    0x0000, 0x0000, 0x0000, 0x0000, 0x0000, 0x0000, 0x0000, 0x0000, 0x0000, 0x0000, 0x0000, 0x0086,
    0x006B, 0x7341, 0xFE81, 0xFDE0, 0xED40, 0xED40, 0xED00, 0xF5E0, 0xFDE0, 0xED40, 0xFE40, 0xFE80,
    0xF600, 0xFEC0, 0xD500, 0xC4A0, 0xFF00, 0xFEC0, 0xF640, 0xF5C0, 0xF640, 0xEDC0, 0xEDE0, 0xF620,
    0xF620, 0xFEA0, 0xFEC0, 0xFEC0, 0xFEC0, 0xFEC0, 0xFEC0, 0xFEC0, 0xFEC0, 0xFEC0, 0xFEC0, 0xFEC0,
    0x6980, 0x0004, 0x00CD, 0x00AC, 0x00CE, 0x0089, 0x0000, 0x0000, 0x0000, 0x0000, 0x0000, 0x0000,
    0x0000, 0x0000, 0x0000, 0x0000, 0x0000, 0x0000, 0x0000, 0x0000, 0x0000, 0x0000, 0x0000, 0x0000,
    0x0000, 0x0000, 0x0000, 0x0000, 0x0000, 0x0000, 0x0000, 0x0000, 0x0000, 0x0000, 0x0000, 0x0000,
    0x0000, 0x0000, 0x0000, 0x0000, 0x0000, 0x0000, 0x0000, 0x0000, 0x0000, 0x0000, 0x0000, 0x0000,
    0x0000, 0x0000, 0x0000, 0x0000, 0x0000, 0x0000, 0x0000, 0x0000, 0x0000, 0x0000, 0x0000, 0x0000,
    0x0000, 0x0000, 0x0000, 0x0000, 0x0000, 0x0000, 0x0000, 0x0000, 0x0000, 0x00C9, 0x0049, 0x8B64,
    0xFE01, 0xF5E0, 0xEDC0, 0xCBE0, 0xF5E0, 0xFEC0, 0xFE80, 0xFE80, 0xFEA0, 0xFEA0, 0xFF20, 0xFF20,
    0xFE80, 0xFF20, 0xFF20, 0xFF00, 0xFF20, 0xFF20, 0xFF20, 0xFF00, 0xFEA0, 0xFE60, 0xFE40, 0xFEA0,
    0xFEA0, 0xFEA0, 0xFEA0, 0xFEA0, 0xFEA0, 0xFEA0, 0xFEA0, 0xFEC0, 0x6180, 0x0005, 0x00EF, 0x00CE,
    0x00EF, 0x00EE, 0x0000, 0x0000, 0x0000, 0x0000, 0x0000, 0x0000, 0x0000, 0x0000, 0x0000, 0x0000,
    0x0000, 0x0000, 0x0000, 0x0000, 0x0000, 0x0000, 0x0000, 0x0000, 0x0000, 0x0000, 0x0000, 0x0000,
    0x0000, 0x0000, 0x0000, 0x0000, 0x0000, 0x0000, 0x0000, 0x0000, 0x0000, 0x0000, 0x0000, 0x0000,
    0x0000, 0x0000, 0x0000, 0x0000, 0x0000, 0x0000, 0x0000, 0x0000, 0x0000, 0x0000, 0x0000, 0x0000,
    0x0000, 0x0000, 0x0000, 0x0000, 0x0000, 0x0000, 0x0000, 0x0000, 0x0000, 0x0000, 0x0000, 0x0000,
    0x0000, 0x0000, 0x0000, 0x0000, 0x0000, 0x0000, 0x0000, 0x0000, 0x0000, 0x0000, 0x0000, 0x0000,
    0x0000, 0x0000, 0x0000, 0x0000, 0x0000, 0x0000, 0x0000, 0x0000, 0x0000, 0x0000, 0x0000, 0x0000,
    0x0000, 0x0000, 0x0000, 0x0000, 0x0000, 0x0000, 0x0000, 0x0000, 0x0000, 0x0000, 0x0000, 0x00ED,
    0x0064, 0xCD22, 0xF520, 0xED40, 0xDC60, 0xCB40, 0xDCC0, 0xFEC0, 0xF600, 0xFE40, 0xF5C0, 0xEDE0,
    0xF600, 0xFEA0, 0xF521, 0xFE00, 0xFE00, 0xFE20, 0xFDA0, 0xFDC0, 0xFE60, 0xFD00, 0xF4A0, 0xFDE0,
    0xFD40, 0xFDA0, 0xFE00, 0xFE00, 0xFE00, 0xFE40, 0xFE40, 0xFE60, 0xFE60, 0xFE20, 0xFEC0, 0xD440,
    0x0000, 0x0069, 0x00AB, 0x00AB, 0x00CC, 0x0002, 0x0000, 0x0000, 0x0000, 0x0000, 0x0000, 0x0000,
    0x0000, 0x0000, 0x0000, 0x0000, 0x0000, 0x0000, 0x0000, 0x0000, 0x0000, 0x0000, 0x0000, 0x0000,
    0x0000, 0x0000, 0x0000, 0x0000, 0x0000, 0x0000, 0x0000, 0x0000, 0x0000, 0x0000, 0x0000, 0x0000,
    0x0000, 0x0000, 0x0000, 0x0000, 0x0000, 0x0000, 0x0000, 0x0000, 0x0000, 0x0000, 0x0000, 0x0000,
    0x0000, 0x0000, 0x0000, 0x0000, 0x0000, 0x0000, 0x0000, 0x0000, 0x0000, 0x0000, 0x0000, 0x0000,
    0x0000, 0x0000, 0x0000, 0x0000, 0x0000, 0x0000, 0x0000, 0x0000, 0x0000, 0x010E, 0x0884, 0xDD45,
    0xFDE0, 0xFE60, 0xF600, 0xC320, 0xE560, 0xFEA0, 0xFE80, 0xFEA0, 0xFEC0, 0xFF20, 0xDC40, 0xB340,
    0xB340, 0xB360, 0xB360, 0xB360, 0xB360, 0xB360, 0xB360, 0xCC42, 0xFEC0, 0xFE80, 0xFEA0, 0xFEA0,
    0xFEA0, 0xFEA0, 0xFEA0, 0xFEA0, 0xFEA0, 0xFE80, 0xFF20, 0xD4A0, 0x0000, 0x00AB, 0x00CD, 0x00CD,
    0x00EF, 0x0066, 0x0000, 0x0000, 0x0000, 0x0000, 0x0000, 0x0000, 0x0000, 0x0000, 0x0000, 0x0000,
    0x0000, 0x0000, 0x0000, 0x0000, 0x0000, 0x0000, 0x0000, 0x0000, 0x0000, 0x0000, 0x0000, 0x0000,
    0x0000, 0x0000, 0x0000, 0x0000, 0x0000, 0x0000, 0x0000, 0x0000, 0x0000, 0x0000, 0x0000, 0x0000,
    0x0000, 0x0000, 0x0000, 0x0000, 0x0000, 0x0000, 0x0000, 0x0000, 0x0000, 0x0000, 0x0000, 0x0000,
    0x0000, 0x0000, 0x0000, 0x0000, 0x0000, 0x0000, 0x0000, 0x0000, 0x0000, 0x0000, 0x0000, 0x0000,
    0x0000, 0x0000, 0x0000, 0x0000, 0x0000, 0x0000, 0x0000, 0x0000, 0x0000, 0x0000, 0x0000, 0x0000,
    0x0000, 0x0000, 0x0000, 0x0000, 0x0000, 0x0000, 0x0000, 0x0000, 0x0000, 0x0000, 0x0000, 0x0000,
    0x0000, 0x0000, 0x0000, 0x0000, 0x0000, 0x0000, 0x0000, 0x0000, 0x0000, 0x0000, 0x0043, 0x00CD,
    0x4A00, 0xFE61, 0xFDC0, 0xFE00, 0xFDE0, 0xED60, 0xFE40, 0xEDC0, 0xF620, 0xFEA0, 0xFE60, 0xF600,
    0xFE20, 0xC3A0, 0x3880, 0x38A0, 0x3080, 0x3880, 0x3880, 0x38A0, 0x38A0, 0x3880, 0x38A0, 0x38A0,
    0x3880, 0x3060, 0x3080, 0x3080, 0x3060, 0x3080, 0x3080, 0x30A0, 0x30A0, 0x3080, 0x30C0, 0x1840,
    0x0045, 0x00AC, 0x008A, 0x00AC, 0x0067, 0x0000, 0x0000, 0x0000, 0x0000, 0x0000, 0x0000, 0x0000,
    0x0000, 0x0000, 0x0000, 0x0000, 0x0000, 0x0000, 0x0000, 0x0000, 0x0000, 0x0000, 0x0000, 0x0000,
    0x0000, 0x0000, 0x0000, 0x0000, 0x0000, 0x0000, 0x0000, 0x0000, 0x0000, 0x0000, 0x0000, 0x0000,
    0x0000, 0x0000, 0x0000, 0x0000, 0x0000, 0x0000, 0x0000, 0x0000, 0x0000, 0x0000, 0x0000, 0x0000,
    0x0000, 0x0000, 0x0000, 0x0000, 0x0000, 0x0000, 0x0000, 0x0000, 0x0000, 0x0000, 0x0000, 0x0000,
    0x0000, 0x0000, 0x0000, 0x0000, 0x0000, 0x0000, 0x0000, 0x0000, 0x0044, 0x008B, 0x4A03, 0xF603,
    0xED80, 0xFE00, 0xFE20, 0xED60, 0xFEE0, 0xF5C0, 0xE540, 0xEDA0, 0xDD60, 0xE4E0, 0x3020, 0x0000,
    0x0000, 0x0000, 0x0000, 0x0001, 0x0000, 0x0000, 0x0000, 0x8BC4, 0xFF20, 0xFE80, 0xFEC0, 0xFEC0,
    0xFEA0, 0xFEA0, 0xFEA0, 0xFEA0, 0xFEA0, 0xFEC0, 0xFEA0, 0x5940, 0x0005, 0x00CD, 0x00AC, 0x00CE,
    0x00CC, 0x0000, 0x0000, 0x0000, 0x0000, 0x0000, 0x0000, 0x0000, 0x0000, 0x0000, 0x0000, 0x0000,
    0x0000, 0x0000, 0x0000, 0x0000, 0x0000, 0x0000, 0x0000, 0x0000, 0x0000, 0x0000, 0x0000, 0x0000,
    0x0000, 0x0000, 0x0000, 0x0000, 0x0000, 0x0000, 0x0000, 0x0000, 0x0000, 0x0000, 0x0000, 0x0000,
    0x0000, 0x0000, 0x0000, 0x0000, 0x0000, 0x0000, 0x0000, 0x0000, 0x0000, 0x0000, 0x0000, 0x0000,
    0x0000, 0x0000, 0x0000, 0x0000, 0x0000, 0x0000, 0x0000, 0x0000, 0x0000, 0x0000, 0x0000, 0x0000,
    0x0000, 0x0000, 0x0000, 0x0000, 0x0000, 0x0000, 0x0000, 0x0000, 0x0000, 0x0000, 0x0000, 0x0000,
    0x0000, 0x0000, 0x0000, 0x0000, 0x0000, 0x0000, 0x0000, 0x0000, 0x0000, 0x0000, 0x0000, 0x0000,
    0x0000, 0x0000, 0x0000, 0x0000, 0x0000, 0x0000, 0x0000, 0x0000, 0x0000, 0x0000, 0x010C, 0x0067,
    0xAC60, 0xFDE0, 0xF620, 0xFE20, 0xFE20, 0xF5A0, 0xFE40, 0xE520, 0xF600, 0xFE80, 0xFE60, 0xFE80,
    0xFE40, 0x50C0, 0x0002, 0x0002, 0x0002, 0x0002, 0x0002, 0x0002, 0x0002, 0x0002, 0x0002, 0x0002,
    0x0002, 0x0002, 0x0002, 0x0002, 0x0002, 0x0002, 0x0002, 0x0002, 0x0002, 0x0002, 0x0002, 0x0001,
    0x0068, 0x00AB, 0x008A, 0x00AB, 0x0002, 0x0000, 0x0000, 0x0000, 0x0000, 0x0000, 0x0000, 0x0000,
    0x0000, 0x0000, 0x0000, 0x0000, 0x0000, 0x0000, 0x0000, 0x0000, 0x0000, 0x0000, 0x0000, 0x0000,
    0x0000, 0x0000, 0x0000, 0x0000, 0x0000, 0x0000, 0x0000, 0x0000, 0x0000, 0x0000, 0x0000, 0x0000,
    0x0000, 0x0000, 0x0000, 0x0000, 0x0000, 0x0000, 0x0000, 0x0000, 0x0000, 0x0000, 0x0000, 0x0000,
    0x0000, 0x0000, 0x0000, 0x0000, 0x0000, 0x0000, 0x0000, 0x0000, 0x0000, 0x0000, 0x0000, 0x0000,
    0x0000, 0x0000, 0x0000, 0x0000, 0x0000, 0x0000, 0x0000, 0x0000, 0x00EA, 0x0026, 0xA487, 0xFEA0,
    0xFE20, 0xF5E0, 0xE520, 0xF5E0, 0xFEA0, 0xFE80, 0xF660, 0xF640, 0xF6C0, 0xBAE0, 0x0002, 0x0088,
    0x0003, 0x0024, 0x0023, 0x0023, 0x0023, 0x0001, 0x18E3, 0xF6C4, 0xFEA0, 0xFEA0, 0xFEC0, 0xFEC0,
    0xFEC0, 0xFEC0, 0xFEC0, 0xFEC0, 0xFEA0, 0xFF40, 0xCC20, 0x0000, 0x008A, 0x00AC, 0x00AB, 0x00CD,
    0x0045, 0x0000, 0x0000, 0x0000, 0x0000, 0x0000, 0x0000, 0x0000, 0x0000, 0x0000, 0x0000, 0x0000,
    0x0000, 0x0000, 0x0000, 0x0000, 0x0000, 0x0000, 0x0000, 0x0000, 0x0000, 0x0000, 0x0000, 0x0000,
    0x0000, 0x0000, 0x0000, 0x0000, 0x0000, 0x0000, 0x0000, 0x0000, 0x0000, 0x0000, 0x0000, 0x0000,
    0x0000, 0x0000, 0x0000, 0x0000, 0x0000, 0x0000, 0x0000, 0x0000, 0x0000, 0x0000, 0x0000, 0x0000,
    0x0000, 0x0000, 0x0000, 0x0000, 0x0000, 0x0000, 0x0000, 0x0000, 0x0000, 0x0000, 0x0000, 0x0000,
    0x0000, 0x0000, 0x0000, 0x0000, 0x0000, 0x0000, 0x0000, 0x0000, 0x0000, 0x0000, 0x0000, 0x0000,
    0x0000, 0x0000, 0x0000, 0x0000, 0x0000, 0x0000, 0x0000, 0x0000, 0x0000, 0x0000, 0x0000, 0x0000,
    0x0000, 0x0000, 0x0000, 0x0000, 0x0000, 0x0000, 0x0000, 0x0000, 0x0000, 0x0021, 0x00EE, 0x2121,
    0xF642, 0xFE20, 0xFE60, 0xFE60, 0xF580, 0xF5A0, 0xF620, 0xF5C0, 0xFE60, 0xF600, 0xFE60, 0xFEE0,
    0xDC20, 0x0801, 0x0111, 0x0046, 0x0002, 0x0003, 0x0003, 0x0003, 0x0003, 0x0003, 0x0003, 0x0003,
    0x0003, 0x0003, 0x0003, 0x0003, 0x0003, 0x0003, 0x0003, 0x0003, 0x0003, 0x0003, 0x0003, 0x0002,
    0x0026, 0x00AB, 0x008B, 0x0046, 0x0000, 0x0000, 0x0000, 0x0000, 0x0000, 0x0000, 0x0000, 0x0000,
    0x0000, 0x0000, 0x0000, 0x0000, 0x0000, 0x0000, 0x0000, 0x0000, 0x0000, 0x0000, 0x0000, 0x0000,
    0x0000, 0x0000, 0x0000, 0x0000, 0x0000, 0x0000, 0x0000, 0x0000, 0x0000, 0x0000, 0x0000, 0x0000,
    0x0000, 0x0000, 0x0000, 0x0000, 0x0000, 0x0000, 0x0000, 0x0000, 0x0000, 0x0000, 0x0000, 0x0000,
    0x0000, 0x0000, 0x0000, 0x0000, 0x0000, 0x0000, 0x0000, 0x0000, 0x0000, 0x0000, 0x0000, 0x0000,
    0x0000, 0x0000, 0x0000, 0x0000, 0x0000, 0x0000, 0x0000, 0x0000, 0x00CC, 0x1924, 0xF666, 0xF580,
    0xF5A0, 0xE500, 0xC3E0, 0xFE80, 0xFEC0, 0xFEC0, 0xFF00, 0xF680, 0xFEC0, 0x7160, 0x0027, 0x0112,
    0x0004, 0x0003, 0x0004, 0x0024, 0x0045, 0x0001, 0x7365, 0xFF41, 0xFEA0, 0xFEC0, 0xFEA0, 0xFEC0,
    0xFEC0, 0xFEC0, 0xFEC0, 0xFEA0, 0xFEC0, 0xFE80, 0x48C0, 0x0004, 0x008A, 0x008A, 0x00AB, 0x0089,
    0x0000, 0x0000, 0x0000, 0x0000, 0x0000, 0x0000, 0x0000, 0x0000, 0x0000, 0x0000, 0x0000, 0x0000,
    0x0000, 0x0000, 0x0000, 0x0000, 0x0000, 0x0000, 0x0000, 0x0000, 0x0000, 0x0000, 0x0000, 0x0000,
    0x0000, 0x0000, 0x0000, 0x0000, 0x0000, 0x0000, 0x0000, 0x0000, 0x0000, 0x0000, 0x0000, 0x0000,
    0x0000, 0x0000, 0x0000, 0x0000, 0x0000, 0x0000, 0x0000, 0x0000, 0x0000, 0x0000, 0x0000, 0x0000,
    0x0000, 0x0000, 0x0000, 0x0000, 0x0000, 0x0000, 0x0000, 0x0000, 0x0000, 0x0000, 0x0000, 0x0000,
    0x0000, 0x0000, 0x0000, 0x0000, 0x0000, 0x0000, 0x0000, 0x0000, 0x0000, 0x0000, 0x0000, 0x0000,
    0x0000, 0x0000, 0x0000, 0x0000, 0x0000, 0x0000, 0x0000, 0x0000, 0x0000, 0x0000, 0x0000, 0x0000,
    0x0000, 0x0000, 0x0000, 0x0000, 0x0000, 0x0000, 0x0000, 0x0000, 0x0000, 0x00C8, 0x0049, 0x8BE1,
    0xFEE2, 0xFE60, 0xFE60, 0xFE40, 0xF5A0, 0xFE80, 0xF5E0, 0xFE60, 0xFE60, 0xF5E0, 0xF660, 0xFE60,
    0x71A0, 0x0005, 0x0111, 0x00EE, 0x0003, 0x0003, 0x0003, 0x0003, 0x0003, 0x0003, 0x0003, 0x0003,
    0x0003, 0x0003, 0x0003, 0x0003, 0x0003, 0x0003, 0x0003, 0x0003, 0x0002, 0x0003, 0x0003, 0x0003,
    0x0003, 0x008A, 0x008A, 0x0000, 0x0000, 0x0000, 0x0000, 0x0000, 0x0000, 0x0000, 0x0000, 0x0000,
    0x0000, 0x0000, 0x0000, 0x0000, 0x0000, 0x0000, 0x0000, 0x0000, 0x0000, 0x0000, 0x0000, 0x0000,
    0x0000, 0x0000, 0x0000, 0x0000, 0x0000, 0x0000, 0x0000, 0x0000, 0x0000, 0x0000, 0x0000, 0x0000,
    0x0000, 0x0000, 0x0000, 0x0000, 0x0000, 0x0000, 0x0000, 0x0000, 0x0000, 0x0000, 0x0000, 0x0000,
    0x0000, 0x0000, 0x0000, 0x0000, 0x0000, 0x0000, 0x0000, 0x0000, 0x0000, 0x0000, 0x0000, 0x0000,
    0x0000, 0x0000, 0x0000, 0x0000, 0x0000, 0x0000, 0x0000, 0x00A6, 0x006A, 0x7324, 0xFE82, 0xED80,
    0xF5C0, 0xCBE0, 0xCC00, 0xFF20, 0xFE60, 0xF640, 0xFEC0, 0xDD00, 0xE420, 0x1800, 0x00CD, 0x0133,
    0x00AB, 0x0004, 0x0046, 0x0046, 0x0026, 0x0022, 0xCDA6, 0xFEC0, 0xFE80, 0xFEC0, 0xFEC0, 0xFEC0,
    0xFEA0, 0xFEA0, 0xFE80, 0xF680, 0xFF20, 0xBB60, 0x0000, 0x0067, 0x0068, 0x0069, 0x008A, 0x0023,
    0x0000, 0x0000, 0x0000, 0x0000, 0x0000, 0x0000, 0x0000, 0x0000, 0x0000, 0x0000, 0x0000, 0x0000,
    0x0000, 0x0000, 0x0000, 0x0000, 0x0000, 0x0000, 0x0000, 0x0000, 0x0000, 0x0000, 0x0000, 0x0000,
    0x0000, 0x0000, 0x0000, 0x0000, 0x0000, 0x0000, 0x0000, 0x0000, 0x0000, 0x0000, 0x0000, 0x0000,
    0x0000, 0x0000, 0x0000, 0x0000, 0x0000, 0x0000, 0x0000, 0x0000, 0x0000, 0x0000, 0x0000, 0x0000,
    0x0000, 0x0000, 0x0000, 0x0000, 0x0000, 0x0000, 0x0000, 0x0000, 0x0000, 0x0000, 0x0000, 0x0000,
    0x0000, 0x0000, 0x0000, 0x0000, 0x0000, 0x0000, 0x0000, 0x0000, 0x0000, 0x0000, 0x0000, 0x0000,
    0x0000, 0x0000, 0x0000, 0x0000, 0x0000, 0x0000, 0x0000, 0x0000, 0x0000, 0x0000, 0x0000, 0x0000,
    0x0000, 0x0000, 0x0000, 0x0000, 0x0000, 0x0000, 0x0000, 0x0000, 0x0000, 0x010E, 0x08A3, 0xE602,
    0xFE80, 0xFE40, 0xFE40, 0xFE20, 0xF620, 0xFE60, 0xF600, 0xFEC0, 0xFEA0, 0xFEA0, 0xFEC0, 0xF500,
    0x1800, 0x0089, 0x00CD, 0x0132, 0x00CD, 0x0023, 0x0024, 0x0025, 0x0025, 0x0024, 0x0024, 0x0024,
    0x0024, 0x0024, 0x0024, 0x0024, 0x0024, 0x0024, 0x0024, 0x0024, 0x0004, 0x0003, 0x0002, 0x0045,
    0x0024, 0x0089, 0x00AA, 0x0064, 0x0085, 0x0085, 0x0086, 0x0043, 0x0000, 0x0000, 0x0000, 0x0000,
    0x0086, 0x0085, 0x0085, 0x0085, 0x0085, 0x0085, 0x0085, 0x0085, 0x0044, 0x0000, 0x0064, 0x00A6,
    0x0086, 0x0085, 0x0085, 0x0085, 0x0085, 0x0085, 0x0085, 0x0085, 0x0085, 0x0085, 0x0085, 0x0085,
    0x0085, 0x0085, 0x0085, 0x0085, 0x0085, 0x00A6, 0x0064, 0x0000, 0x0000, 0x0000, 0x0000, 0x0000,
    0x0000, 0x0000, 0x0086, 0x0086, 0x0086, 0x0086, 0x0086, 0x0086, 0x0086, 0x0086, 0x0086, 0x0086,
    0x0086, 0x00A6, 0x00A6, 0x00A6, 0x0044, 0x0000, 0x0000, 0x010C, 0x0066, 0xB465, 0xF5A0, 0xFE80,
    0xFE20, 0xD480, 0xEDC0, 0xFEC0, 0xE560, 0xEDC0, 0xFEC0, 0xFD80, 0xA180, 0x0003, 0x0111, 0x0110,
    0x0112, 0x0048, 0x0026, 0x0068, 0x0004, 0x4205, 0xFF25, 0xF620, 0xF640, 0xF620, 0xF660, 0xFEC0,
    0xFEE0, 0xFEE0, 0xFF00, 0xFF40, 0xFE40, 0x3880, 0x0025, 0x008A, 0x00AB, 0x00CC, 0x00ED, 0x00A7,
    0x00C8, 0x00C8, 0x00C7, 0x00A7, 0x0001, 0x0000, 0x0000, 0x0000, 0x0086, 0x00C8, 0x00C8, 0x00C7,
    0x00A7, 0x00C8, 0x00C8, 0x00C8, 0x00C8, 0x0087, 0x0000, 0x0000, 0x0000, 0x0000, 0x0000, 0x0000,
    0x0000, 0x0086, 0x00C8, 0x00C8, 0x00C8, 0x00A8, 0x00C8, 0x00C8, 0x00C8, 0x00A7, 0x00C8, 0x0065,
    0x0000, 0x0000, 0x0001, 0x00A8, 0x00C8, 0x00A8, 0x00A8, 0x00A8, 0x00A8, 0x00A8, 0x00A8, 0x00A8,
    0x00A7, 0x00A7, 0x00C8, 0x00C8, 0x00C8, 0x00A8, 0x00A8, 0x00A8, 0x00C8, 0x00C8, 0x00A8, 0x00C7,
    0x00C8, 0x00C8, 0x00C8, 0x00C8, 0x00A8, 0x0065, 0x0000, 0x0000, 0x0000, 0x0000, 0x0000, 0x0000,
    0x0000, 0x0000, 0x0000, 0x0000, 0x0000, 0x0000, 0x0000, 0x0000, 0x0000, 0x0000, 0x0000, 0x0000,
    0x0000, 0x0000, 0x0000, 0x0000, 0x0000, 0x0000, 0x0000, 0x0000, 0x0085, 0x008D, 0x5AA0, 0xFE41,
    0xF620, 0xFE80, 0xFE60, 0xFE20, 0xFEC0, 0xFE40, 0xFEA0, 0xFEC0, 0xFEA0, 0xFE80, 0xFEE0, 0x9220,
    0x0000, 0x0026, 0x0028, 0x004A, 0x008C, 0x008B, 0x00AD, 0x00CD, 0x00AD, 0x00AC, 0x00AD, 0x00AD,
    0x00AD, 0x00AD, 0x00AC, 0x008C, 0x006B, 0x006B, 0x006B, 0x00AC, 0x0024, 0x0001, 0x0089, 0x0027,
    0x0006, 0x0049, 0x00AD, 0x008C, 0x00CD, 0x00CE, 0x00CD, 0x0087, 0x0000, 0x0000, 0x0001, 0x0089,
    0x00AD, 0x00AD, 0x00AD, 0x00AD, 0x00AD, 0x00AE, 0x00AD, 0x00CD, 0x0086, 0x00CA, 0x0130, 0x00CE,
    0x00CD, 0x00AD, 0x00AD, 0x00AD, 0x00AD, 0x00AD, 0x00CD, 0x00CE, 0x00AE, 0x00AD, 0x00AD, 0x00AD,
    0x00AD, 0x00CD, 0x00CD, 0x00CD, 0x00AD, 0x00CE, 0x0089, 0x0000, 0x0000, 0x0000, 0x0000, 0x0000,
    0x0001, 0x0151, 0x00AD, 0x008B, 0x008C, 0x00AD, 0x00AC, 0x008C, 0x008C, 0x008C, 0x008C, 0x008C,
    0x008C, 0x008C, 0x008C, 0x00AD, 0x0068, 0x0000, 0x0021, 0x008A, 0x3184, 0xF6A4, 0xFEA0, 0xFEA0,
    0xF620, 0xDD00, 0xFEE0, 0xF620, 0xE560, 0xF5C0, 0xFEC0, 0xFD00, 0x4000, 0x0067, 0x00EF, 0x00EF,
    0x0132, 0x0066, 0x0000, 0x00CA, 0x0005, 0xAD09, 0xFF40, 0xFF00, 0xFF20, 0xFEA0, 0xFDC0, 0xFE40,
    0xFDC0, 0xE500, 0xC3E0, 0x9AE0, 0x6160, 0x0002, 0x0069, 0x0005, 0x0027, 0x0047, 0x0049, 0x008B,
    0x00EC, 0x00CC, 0x008A, 0x00AA, 0x0001, 0x0000, 0x0000, 0x00EA, 0x0150, 0x008A, 0x008B, 0x008B,
    0x008A, 0x008B, 0x00AC, 0x008B, 0x00AB, 0x00A9, 0x0000, 0x0000, 0x0000, 0x0000, 0x0000, 0x0000,
    0x010D, 0x00CE, 0x008B, 0x008B, 0x008B, 0x008B, 0x008B, 0x008B, 0x008B, 0x006B, 0x008B, 0x0066,
    0x0000, 0x0022, 0x012F, 0x00AC, 0x008C, 0x008C, 0x006B, 0x008B, 0x006B, 0x006B, 0x006B, 0x006B,
    0x006B, 0x006B, 0x008B, 0x008B, 0x008B, 0x006B, 0x006B, 0x006B, 0x006B, 0x006B, 0x006B, 0x006B,
    0x006B, 0x006B, 0x006A, 0x008B, 0x00EC, 0x0067, 0x0000, 0x0000, 0x0000, 0x0000, 0x0000, 0x0000,
    0x0000, 0x0000, 0x0000, 0x0000, 0x0000, 0x0000, 0x0000, 0x0000, 0x0000, 0x0000, 0x0000, 0x0000,
    0x0000, 0x0000, 0x0000, 0x0000, 0x0000, 0x0000, 0x0000, 0x0000, 0x010D, 0x0045, 0xC542, 0xFEC0,
    0xFEA0, 0xFEA0, 0xFE80, 0xFE40, 0xFEA0, 0xFE80, 0xFEC0, 0xFEC0, 0xFEA0, 0xFEA0, 0xFE20, 0x59A0,
    0x2943, 0x3163, 0x2943, 0x2901, 0x2942, 0x3144, 0x3164, 0x2923, 0x2963, 0x2963, 0x3163, 0x2943,
    0x3183, 0x3183, 0x3183, 0x39C3, 0x39A3, 0x3162, 0x39C2, 0x20E1, 0x0000, 0x0086, 0x00AB, 0x3940,
    0x6A20, 0x61C0, 0x59A0, 0x6A20, 0x69E0, 0x7240, 0x6200, 0x0000, 0x0044, 0x0000, 0x00A9, 0x0065,
    0x6262, 0x7281, 0x6A81, 0x72A1, 0x72E3, 0x6A81, 0x6A60, 0x6A40, 0x0800, 0x0089, 0x3120, 0x72A0,
    0x7280, 0x7280, 0x7260, 0x7240, 0x7240, 0x7240, 0x7240, 0x7260, 0x7260, 0x7280, 0x7280, 0x7260,
    0x7260, 0x7260, 0x72A0, 0x7280, 0x7280, 0x72C1, 0x28E0, 0x0002, 0x0021, 0x0000, 0x0000, 0x0000,
    0x00EE, 0x0025, 0x5A62, 0x7303, 0x72E3, 0x72C1, 0x72C3, 0x7303, 0x72C3, 0x6AC3, 0x7304, 0x7325,
    0x7325, 0x7324, 0x7324, 0x72E3, 0x1020, 0x0003, 0x0087, 0x0006, 0x8BC5, 0xFEC1, 0xF620, 0xFEA0,
    0xF5E0, 0xEDA0, 0xFEE0, 0xFE80, 0xF5E0, 0xEDC0, 0xF5C0, 0xC340, 0x0000, 0x00CC, 0x00EE, 0x00F0,
    0x00EF, 0x0000, 0x0021, 0x00AB, 0x2923, 0xFE86, 0xF580, 0xD440, 0xB380, 0x9280, 0x69A0, 0x40A0,
    0x2020, 0x0800, 0x0001, 0x0001, 0x0000, 0x0068, 0x0026, 0x3162, 0x7282, 0x6A42, 0x8B42, 0x7AA2,
    0x7A82, 0x69E1, 0x8B22, 0x5140, 0x0003, 0x0043, 0x0000, 0x010E, 0x2102, 0x8BC6, 0x8344, 0x8B64,
    0x8B44, 0x8B65, 0x8344, 0x8BA4, 0x8AE2, 0x1000, 0x00EB, 0x0022, 0x0000, 0x0000, 0x0000, 0x00C9,
    0x008B, 0x41C3, 0x8BA6, 0x8365, 0x8B85, 0x8B85, 0x8B84, 0x8384, 0x8BA5, 0x8BC6, 0x93C5, 0x30A0,
    0x0003, 0x00CA, 0x0088, 0x62A3, 0x93E6, 0x8B65, 0x8B85, 0x8BA5, 0x8BA5, 0x8B85, 0x8B84, 0x8BA5,
    0x8BC6, 0x8BC6, 0x8B85, 0x8BA5, 0x8BC5, 0x8BC5, 0x8BC5, 0x8BE6, 0x8BE5, 0x8BE5, 0x8BE6, 0x8BE5,
    0x8BE6, 0x8BE7, 0x8C27, 0x9BE5, 0x3860, 0x0045, 0x0193, 0x0000, 0x0000, 0x0000, 0x0000, 0x0000,
    0x0000, 0x0000, 0x0000, 0x0000, 0x0000, 0x0000, 0x0000, 0x0000, 0x0000, 0x0000, 0x0000, 0x0000,
    0x0000, 0x0000, 0x0000, 0x0000, 0x0000, 0x0000, 0x0000, 0x0022, 0x00CE, 0x31A2, 0xFF03, 0xFE80,
    0xFEC0, 0xF640, 0xFEA0, 0xFEC0, 0xFE80, 0xFE40, 0xFE80, 0xFEC0, 0xF640, 0xFEA0, 0xFE40, 0xFE41,
    0xFE82, 0xFE83, 0xFE83, 0xFE82, 0xFE43, 0xFE23, 0xFE23, 0xFE42, 0xFEA3, 0xFEA3, 0xFE82, 0xF603,
    0xF622, 0xEDE2, 0xFEE2, 0xFEA2, 0xFE41, 0xFE61, 0xFF01, 0xBBE0, 0x0000, 0x012F, 0x0064, 0xDD05,
    0xFD20, 0xFCC0, 0xFCA0, 0xFD60, 0xFD40, 0xFCE0, 0xAAC0, 0x0004, 0x00EF, 0x0021, 0x006B, 0x31A4,
    0xFE85, 0xFDC0, 0xFE01, 0xFDC1, 0xFE21, 0xFDE0, 0xFE81, 0xC361, 0x0004, 0x0024, 0xBCC4, 0xFE61,
    0xFE01, 0xFDE0, 0xFDE0, 0xFE00, 0xFDE0, 0xFDE0, 0xFDE0, 0xFE00, 0xFE20, 0xFE20, 0xFE40, 0xFE20,
    0xFE20, 0xFE20, 0xFE20, 0xFE00, 0xFDE0, 0xFE42, 0x71C0, 0x0027, 0x0065, 0x0000, 0x0000, 0x00EC,
    0x004A, 0x6281, 0xFEA3, 0xFE01, 0xFE01, 0xFDC0, 0xFDA1, 0xFDE1, 0xFE02, 0xFDE2, 0xFE61, 0xFE41,
    0xFE61, 0xFE81, 0xFEE1, 0xFE22, 0x2840, 0x00AB, 0x00AB, 0x0862, 0xD5A5, 0xFE40, 0xF600, 0xFE80,
    0xFE80, 0xFEE0, 0xFEC0, 0xFEC0, 0xCC40, 0xE5C0, 0xFDA0, 0x7900, 0x0005, 0x00CE, 0x00CD, 0x00EF,
    0x0068, 0x0000, 0x0022, 0x0002, 0x1880, 0x38C0, 0x1800, 0x0000, 0x0000, 0x0001, 0x0002, 0x0003,
    0x0003, 0x0003, 0x0024, 0x0024, 0x0003, 0x0046, 0x0002, 0xB4E9, 0xFDC1, 0xFD00, 0xFDC0, 0xEC80,
    0xEC61, 0xFD81, 0xFC81, 0x50C0, 0x008B, 0x00AA, 0x0022, 0x0006, 0x8BC7, 0xFEA2, 0xFDE0, 0xFE01,
    0xFDE1, 0xFE21, 0xFE20, 0xFDE1, 0xC2C1, 0x0001, 0x01B7, 0x00A9, 0x0000, 0x0000, 0x0044, 0x00CE,
    0x18C3, 0xF628, 0xFE21, 0xFE41, 0xFE21, 0xFE01, 0xFE41, 0xFE61, 0xFE61, 0xFE81, 0xFDA2, 0x4860,
    0x00AB, 0x0151, 0x0045, 0xD587, 0xFEA1, 0xFE41, 0xFE41, 0xFE81, 0xFE81, 0xFE81, 0xFE61, 0xFE41,
    0xFE81, 0xFEC1, 0xFE81, 0xFEA1, 0xFEC1, 0xFEC1, 0xFEE1, 0xFF01, 0xFF21, 0xFF41, 0xFF61, 0xFF61,
    0xFF61, 0xFF62, 0xFFE3, 0xDBA2, 0x1001, 0x0110, 0x023C, 0x0043, 0x0000, 0x0000, 0x0000, 0x0000,
    0x0000, 0x0000, 0x0000, 0x0000, 0x0000, 0x0000, 0x0000, 0x0000, 0x0000, 0x0000, 0x0000, 0x0000,
    0x0000, 0x0000, 0x0000, 0x0000, 0x0000, 0x0000, 0x0000, 0x00EA, 0x0028, 0x9C44, 0xFF01, 0xF640,
    0xFEA0, 0xFEC0, 0xFEC0, 0xFE60, 0xFE60, 0xFE80, 0xFEA0, 0xF600, 0xF620, 0xFEC0, 0xFEA0, 0xFEA0,
    0xFE80, 0xFE60, 0xFE80, 0xFE80, 0xFE40, 0xFE40, 0xFE40, 0xFE80, 0xFE60, 0xFE60, 0xFE60, 0xFE80,
    0xF5E0, 0xED60, 0xFE40, 0xF5E0, 0xEDA0, 0xFE60, 0xFE60, 0x81C0, 0x0026, 0x0028, 0x41C1, 0xFDA2,
    0xF4C0, 0xF4A0, 0xEC60, 0xF4C0, 0xF4C0, 0xF420, 0x2820, 0x0069, 0x0111, 0x0065, 0x0002, 0x93E6,
    0xFE01, 0xF5A0, 0xF560, 0xF540, 0xFDA0, 0xFDC0, 0xFD40, 0x4080, 0x0006, 0x2963, 0xF602, 0xF580,
    0xFDA0, 0xF560, 0xFDC0, 0xFDC0, 0xFDA0, 0xFDA0, 0xFDA0, 0xFDA0, 0xFDC0, 0xFDC0, 0xFDC0, 0xFDE0,
    0xFDE0, 0xFDC0, 0xFDC0, 0xF5A0, 0xFDE0, 0xECC0, 0x1000, 0x00CD, 0x00AA, 0x0000, 0x0086, 0x00AE,
    0x2920, 0xFE62, 0xF580, 0xF580, 0xFDA0, 0xFD80, 0xF560, 0xF560, 0xE4A0, 0xFDE0, 0xF5A0, 0xF580,
    0xFDA0, 0xF5A0, 0xFE40, 0xBB20, 0x0002, 0x0110, 0x0006, 0x4A04, 0xFEA3, 0xFE80, 0xFE60, 0xFE80,
    0xFE40, 0xFEC0, 0xF640, 0xF600, 0xE5E0, 0xEDC0, 0xF460, 0x2000, 0x0069, 0x00AD, 0x00CD, 0x00CE,
    0x0001, 0x0000, 0x0000, 0x0001, 0x0003, 0x0003, 0x0004, 0x0025, 0x0025, 0x0025, 0x0025, 0x0025,
    0x0025, 0x0004, 0x0003, 0x0004, 0x0025, 0x0006, 0x1903, 0xE4E5, 0xEC80, 0xFD40, 0xDC00, 0xCB80,
    0xECC0, 0xF460, 0xA980, 0x0001, 0x00CE, 0x00EE, 0x0003, 0x0863, 0xDDA5, 0xFDC0, 0xFDA0, 0xFDA0,
    0xF580, 0xFDA0, 0xF5A0, 0xF440, 0x4020, 0x0026, 0x0113, 0x00EE, 0x0000, 0x0000, 0x0130, 0x0025,
    0xB4C8, 0xFE20, 0xF5A0, 0xFDC0, 0xF5C0, 0xF5C0, 0xFDC0, 0xFDC0, 0xFDA0, 0xF5C0, 0xFCA0, 0x2800,
    0x00CB, 0x00CF, 0x0882, 0xE5E5, 0xFE20, 0xF5E0, 0xFDE0, 0xF600, 0xF600, 0xFE20, 0xFE20, 0xE4A0,
    0xED40, 0xFE20, 0xFE00, 0xFE20, 0xFE20, 0xFE20, 0xFE00, 0xFE20, 0xFE20, 0xFE40, 0xFE60, 0xFE60,
    0xF640, 0xFEE0, 0xE4C0, 0x1800, 0x0068, 0x00F0, 0x01B8, 0x0130, 0x0000, 0x0000, 0x0000, 0x0000,
    0x0000, 0x0000, 0x0000, 0x0000, 0x0000, 0x0000, 0x0000, 0x0000, 0x0000, 0x0000, 0x0000, 0x0000,
    0x0000, 0x0000, 0x0000, 0x0000, 0x0000, 0x0000, 0x0000, 0x00EE, 0x18E4, 0xEEA5, 0xFEE0, 0xFE40,
    0xFE60, 0xFEC0, 0xFEC0, 0xFE80, 0xFE40, 0xF5C0, 0xFE40, 0xFEA0, 0xFEA0, 0xFEE0, 0xFEC0, 0xFEA0,
    0xFEA0, 0xFEA0, 0xFEA0, 0xFE80, 0xFE80, 0xFEA0, 0xFEA0, 0xFE80, 0xFEA0, 0xFEA0, 0xFEA0, 0xFEA0,
    0xFEC0, 0xF5E0, 0xED80, 0xFE80, 0xF600, 0xFE40, 0xECC0, 0x1800, 0x00AA, 0x0003, 0xA424, 0xFDA0,
    0xF520, 0xECA0, 0xF500, 0xECC0, 0xFD00, 0xC2E0, 0x0001, 0x008A, 0x00AC, 0x0048, 0x1081, 0xE583,
    0xFD60, 0xFDE0, 0xFDE0, 0xFE00, 0xFDE0, 0xFE80, 0xCBC0, 0x0002, 0x0005, 0x8BE4, 0xFE61, 0xF5C0,
    0xF560, 0xFDE0, 0xFE20, 0xFE00, 0xFE00, 0xFE00, 0xFE00, 0xFE00, 0xFE20, 0xFE20, 0xFE20, 0xFE20,
    0xFE40, 0xFE20, 0xFE20, 0xFE00, 0xFE80, 0x9AE0, 0x0002, 0x00CD, 0x00AB, 0x0023, 0x0110, 0x0821,
    0xD580, 0xED40, 0xDCA0, 0xFE20, 0xFE00, 0xFE20, 0xFE00, 0xF580, 0xE500, 0xFE00, 0xFDE0, 0xFE00,
    0xFE00, 0xFDE0, 0xFE00, 0x5900, 0x0005, 0x00CD, 0x0003, 0xACE9, 0xFE81, 0xF640, 0xF600, 0xF620,
    0xF640, 0xFEC0, 0xF620, 0xF5C0, 0xE560, 0xFD60, 0xAA40, 0x0002, 0x00AC, 0x00AB, 0x00CE, 0x008A,
    0x0000, 0x0000, 0x0000, 0x0000, 0x0047, 0x0047, 0x0026, 0x0026, 0x0026, 0x0025, 0x0025, 0x0025,
    0x0025, 0x0025, 0x0024, 0x0003, 0x0045, 0x0005, 0x7326, 0xFD81, 0xDC40, 0xE4A0, 0xD3A0, 0xE460,
    0xD420, 0xF400, 0x60E0, 0x0003, 0x00AB, 0x00CD, 0x0004, 0x5245, 0xFE63, 0xF5A0, 0xFDE0, 0xFDE0,
    0xFDC0, 0xFDC0, 0xFE40, 0xE420, 0x0800, 0x0089, 0x00AD, 0x00EF, 0x0000, 0x00EA, 0x0008, 0x6AE5,
    0xFE83, 0xFDC0, 0xFE20, 0xFE20, 0xFE40, 0xFE40, 0xFDE0, 0xF5A0, 0xFDC0, 0xFE40, 0xF501, 0x2000,
    0x0088, 0x0027, 0x2964, 0xFEA5, 0xFE40, 0xFE40, 0xFE60, 0xFE60, 0xFE40, 0xFE80, 0xF5C0, 0xF5E0,
    0xFE40, 0xFE40, 0xFE40, 0xFE60, 0xF600, 0xF600, 0xFE60, 0xFE60, 0xFE60, 0xFE80, 0xFE80, 0xFE60,
    0xFEA0, 0xFE81, 0x5900, 0x0003, 0x008A, 0x00AB, 0x0131, 0x01B8, 0x0021, 0x0000, 0x0000, 0x0000,
    0x0000, 0x0000, 0x0000, 0x0000, 0x0000, 0x0000, 0x0000, 0x0000, 0x0000, 0x0000, 0x0000, 0x0000,
    0x0000, 0x0000, 0x0000, 0x0000, 0x0000, 0x0000, 0x00A8, 0x004B, 0x7343, 0xFF62, 0xFE80, 0xFE60,
    0xFE80, 0xFEC0, 0xFEC0, 0xF660, 0xF660, 0xF5E0, 0xFE80, 0xFF00, 0xFF00, 0xF640, 0xF620, 0xFEE0,
    0xFEC0, 0xFEC0, 0xFEC0, 0xFEC0, 0xFEC0, 0xFEC0, 0xFEC0, 0xFEC0, 0xFEC0, 0xFEC0, 0xFEC0, 0xFEC0,
    0xFEC0, 0xFE80, 0xF620, 0xED80, 0xED60, 0xFE80, 0xAAA0, 0x0002, 0x0048, 0x2101, 0xF683, 0xFE80,
    0xED80, 0xDC60, 0xF5C0, 0xF5A0, 0xFD80, 0x50E0, 0x0004, 0x008A, 0x0089, 0x0004, 0x5A41, 0xFE01,
    0xF580, 0xF580, 0xF5C0, 0xFE80, 0xFE80, 0xFEA0, 0x69C0, 0x0005, 0x0863, 0xDD83, 0xFE40, 0xFE80,
    0xED60, 0xED60, 0xFE60, 0xFE60, 0xFE40, 0xFE60, 0xFE60, 0xFE60, 0xFE60, 0xFE60, 0xFE60, 0xFE80,
    0xFE60, 0xFE80, 0xFE80, 0xFE80, 0xFE60, 0x38E0, 0x0006, 0x0089, 0x0045, 0x00ED, 0x0005, 0x9C40,
    0xFEE1, 0xDD00, 0xEDA0, 0xF640, 0xFE60, 0xFE80, 0xFE40, 0xFE40, 0xFE80, 0xF5E0, 0xF580, 0xE4C0,
    0xF580, 0xFE00, 0xEC80, 0x1000, 0x0089, 0x0027, 0x18E2, 0xF685, 0xFE60, 0xE560, 0xED80, 0xF640,
    0xFEC0, 0xFE40, 0xFEA0, 0xFE60, 0xEDA0, 0xF540, 0x4860, 0x0026, 0x00AC, 0x008B, 0x00AC, 0x0023,
    0x0000, 0x0000, 0x0000, 0x0000, 0x0024, 0x0068, 0x0047, 0x0047, 0x0047, 0x0047, 0x0047, 0x0046,
    0x0046, 0x0026, 0x0026, 0x0024, 0x0067, 0x0023, 0xC547, 0xFE60, 0xF5E0, 0xB360, 0xAAE0, 0xE4E0,
    0xED60, 0xDB60, 0x1800, 0x0026, 0x0069, 0x0068, 0x0001, 0x9BE7, 0xF5C0, 0xF600, 0xED80, 0xF5E0,
    0xFE40, 0xFE20, 0xFE20, 0x8180, 0x0003, 0x00AB, 0x008A, 0x0047, 0x0065, 0x00CD, 0x2942, 0xF664,
    0xFE00, 0xFE80, 0xFE80, 0xFE80, 0xFEA0, 0xFE80, 0xFE40, 0xFE20, 0xFE60, 0xFE80, 0xE3E0, 0x1000,
    0x0088, 0x0004, 0x4A24, 0xFF03, 0xFE60, 0xFE80, 0xFE80, 0xFEA0, 0xFEA0, 0xFEC0, 0xE540, 0xF600,
    0xFEA0, 0xFE20, 0xFE80, 0xFEA0, 0xFE80, 0xFE60, 0xFEA0, 0xFE80, 0xFE80, 0xFE80, 0xFE80, 0xFE80,
    0xFF00, 0xAA80, 0x0001, 0x0068, 0x0048, 0x008A, 0x00EE, 0x00CC, 0x0000, 0x0000, 0x0000, 0x0000,
    0x0000, 0x0000, 0x0000, 0x0000, 0x0000, 0x0000, 0x0000, 0x0000, 0x0000, 0x0000, 0x0000, 0x0000,
    0x0000, 0x0000, 0x0000, 0x0000, 0x0000, 0x0000, 0x010E, 0x0064, 0xD603, 0xFEC0, 0xFE60, 0xFEC0,
    0xFEA0, 0xFE40, 0xFEA0, 0xFE60, 0xFE80, 0xFEA0, 0xFEC0, 0xFE80, 0xFEE0, 0xF640, 0xF660, 0xFEC0,
    0xFEC0, 0xFEC0, 0xFEC0, 0xFEC0, 0xFEC0, 0xFEC0, 0xFEC0, 0xFEC0, 0xFEC0, 0xFEE0, 0xFEE0, 0xFEE0,
    0xFEC0, 0xFE60, 0xFEE0, 0xFE80, 0xF600, 0xFE40, 0x4880, 0x0047, 0x0004, 0x7B81, 0xFF00, 0xF640,
    0xFE40, 0xEDA0, 0xF620, 0xFDC0, 0xE460, 0x0800, 0x0046, 0x0068, 0x0047, 0x0001, 0xBCE3, 0xFEC0,
    0xFE80, 0xFE00, 0xF5A0, 0xFE80, 0xFE60, 0xED40, 0x1841, 0x0007, 0x5263, 0xFE62, 0xF5C0, 0xFE00,
    0xF5A0, 0xEDE0, 0xF600, 0xFE80, 0xF600, 0xFE80, 0xFE80, 0xFE80, 0xFE80, 0xFE80, 0xFE80, 0xFE80,
    0xFE80, 0xFEA0, 0xFE80, 0xFEE0, 0xCC60, 0x0000, 0x0068, 0x0046, 0x00CD, 0x0008, 0x6280, 0xFEC1,
    0xED80, 0xF640, 0xF620, 0xFE40, 0xFE60, 0xFEA0, 0xFE80, 0xFEC0, 0xFEC0, 0xFEE0, 0xFE60, 0xF620,
    0xF640, 0xFEC0, 0x9AA0, 0x0003, 0x00CC, 0x0003, 0x6AE3, 0xFE20, 0xE580, 0xEE00, 0xEDC0, 0xF600,
    0xFEC0, 0xFE60, 0xFEE0, 0xF600, 0xF620, 0xC260, 0x0000, 0x0089, 0x00AB, 0x00AC, 0x008A, 0x0000,
    0x0000, 0x0000, 0x0000, 0x0000, 0x0001, 0x006A, 0x008A, 0x0069, 0x0068, 0x0047, 0x0046, 0x0024,
    0x0023, 0x0002, 0x0001, 0x0022, 0x006B, 0x31C4, 0xF603, 0xED60, 0xF540, 0xCBC0, 0xDD00, 0xEDA0,
    0xFDE0, 0x8920, 0x0001, 0x0067, 0x0068, 0x0005, 0x2103, 0xE584, 0xEDA0, 0xFEA0, 0xF5E0, 0xF5E0,
    0xFE80, 0xFEC0, 0xF580, 0x2020, 0x0025, 0x0069, 0x0069, 0x0023, 0x010E, 0x0023, 0xAC64, 0xF5C0,
    0xF620, 0xFEA0, 0xFEA0, 0xFEA0, 0xFEA0, 0xFEA0, 0xFEA0, 0xFEA0, 0xFE80, 0xFEA0, 0xCB80, 0x0000,
    0x0088, 0x0003, 0x6B24, 0xFF21, 0xF680, 0xFEA0, 0xFEA0, 0xFE80, 0xFEA0, 0xFEC0, 0xFE80, 0xFEC0,
    0xF600, 0xF5E0, 0xFEE0, 0xFEA0, 0xFEA0, 0xFEA0, 0xFEA0, 0xFEA0, 0xFEA0, 0xFEA0, 0xFEA0, 0xFF20,
    0xDC40, 0x1000, 0x0047, 0x0069, 0x0047, 0x0069, 0x008A, 0x0000, 0x0000, 0x0000, 0x0000, 0x0000,
    0x0000, 0x0000, 0x0000, 0x0000, 0x0000, 0x0000, 0x0000, 0x0000, 0x0000, 0x0000, 0x0000, 0x0000,
    0x0000, 0x0000, 0x0000, 0x0000, 0x0000, 0x0065, 0x008D, 0x4A41, 0xFF02, 0xFE40, 0xFEC0, 0xFF00,
    0xF660, 0xF620, 0xFEC0, 0xFE80, 0xFE60, 0xFEA0, 0xFE80, 0xFE80, 0xF620, 0xFEA0, 0xFF00, 0xFEC0,
    0xFEC0, 0xFEE0, 0xFEE0, 0xFEE0, 0xFEE0, 0xFEC0, 0xFEE0, 0xFEC0, 0xFEC0, 0xFEC0, 0xFEE0, 0xFEE0,
    0xFE80, 0xFE40, 0xFEC0, 0xFEA0, 0xFF00, 0xD420, 0x0000, 0x0048, 0x0842, 0xDE03, 0xFEC0, 0xFE80,
    0xFE60, 0xFEC0, 0xFE80, 0xFEC0, 0x92C0, 0x0002, 0x0067, 0x0067, 0x0004, 0x2963, 0xFEE3, 0xFEA0,
    0xFE80, 0xFE80, 0xFEC0, 0xFEC1, 0xFF00, 0x9B00, 0x0004, 0x0005, 0xB505, 0xFEE0, 0xF660, 0xEDC0,
    0xF5C0, 0xFE61, 0xED80, 0xFE40, 0xFE00, 0xFEC0, 0xFEA0, 0xFE80, 0xFE80, 0xFEA0, 0xFEA0, 0xFEA0,
    0xFEA0, 0xFEA0, 0xFEA0, 0xFEE0, 0x61E0, 0x0003, 0x0069, 0x00AB, 0x008D, 0x2920, 0xF6A0, 0xF5E0,
    0xF620, 0xDD60, 0xF640, 0xFEE0, 0xFEC0, 0xFEC0, 0xFE80, 0xFEA0, 0xFEC0, 0xFEA0, 0xFEC0, 0xFEE0,
    0xFEE0, 0xFE80, 0x38C0, 0x0027, 0x008A, 0x0021, 0xCD64, 0xFE40, 0xEDE0, 0xFE80, 0xED80, 0xF681,
    0xFEA0, 0xFF00, 0xF600, 0xE500, 0xFE00, 0x89A0, 0x0003, 0x00AB, 0x008A, 0x00AC, 0x0045, 0x0000,
    0x0000, 0x0000, 0x0000, 0x0000, 0x0000, 0x0025, 0x0045, 0x0023, 0x0001, 0x0000, 0x0000, 0x0000,
    0x0000, 0x0000, 0x0000, 0x00A8, 0x0008, 0x9C24, 0xFE81, 0xE580, 0xE520, 0xDCE0, 0xFE60, 0xE540,
    0xFD40, 0x50A0, 0x0003, 0x0046, 0x0046, 0x0001, 0x7347, 0xFF21, 0xF660, 0xFEA0, 0xFE60, 0xFEC0,
    0xFE80, 0xFF00, 0xAB00, 0x0001, 0x0068, 0x0068, 0x0026, 0x010D, 0x0007, 0x7B43, 0xD482, 0xC3E0,
    0xFE80, 0xFE60, 0xFEA0, 0xFEA0, 0xFEA0, 0xFEA0, 0xFEA0, 0xFEA0, 0xFE60, 0xFF00, 0xC380, 0x0001,
    0x0067, 0x0002, 0xA4A5, 0xFF40, 0xFEC0, 0xFEC0, 0xFEC0, 0xFE80, 0xFEA0, 0xFEA0, 0xFEA0, 0xFF00,
    0xEDC0, 0xEDE0, 0xFEE0, 0xFEA0, 0xFEA0, 0xFEC0, 0xFEA0, 0xFEA0, 0xFEC0, 0xFEC0, 0xFEE0, 0xFDC0,
    0x3860, 0x0025, 0x008A, 0x0068, 0x0048, 0x0048, 0x0001, 0x0000, 0x0000, 0x0000, 0x0000, 0x0000,
    0x0000, 0x0000, 0x0000, 0x0000, 0x0000, 0x0000, 0x0000, 0x0000, 0x0000, 0x0000, 0x0000, 0x0000,
    0x0000, 0x0000, 0x0000, 0x0000, 0x0000, 0x00EC, 0x0026, 0xB504, 0xFEC0, 0xFEE0, 0xFE80, 0xFE80,
    0xF640, 0xFEC0, 0xFE60, 0xF5E0, 0xF660, 0xFEC0, 0xFE80, 0xFEE0, 0xEDE0, 0xF640, 0xFEC0, 0xFEC0,
    0xFEE0, 0xFEE0, 0xFEE0, 0xFEE0, 0xFEE0, 0xFEE0, 0xFEE0, 0xFEE0, 0xFEE0, 0xFEE0, 0xFEE0, 0xFEE0,
    0xFEC0, 0xFEC0, 0xFEC0, 0xFEC0, 0xFEE0, 0x69A0, 0x0004, 0x0004, 0x4A43, 0xFF22, 0xFEC0, 0xFEC0,
    0xFEA0, 0xFEA0, 0xFEC0, 0xFE20, 0x2860, 0x0004, 0x0047, 0x0067, 0x0001, 0x8C24, 0xFF20, 0xFEA0,
    0xFEC0, 0xFEA0, 0xFEA0, 0xFEA0, 0xFE80, 0x40E0, 0x0005, 0x2123, 0xF6A3, 0xFEA0, 0xFEA0, 0xEDC0,
    0xF640, 0xF640, 0xED60, 0x8260, 0x4920, 0x5180, 0x4940, 0x4920, 0xCD63, 0xFEE0, 0xFEA0, 0xFEA0,
    0xFEA0, 0xFEC0, 0xFF00, 0xEDA0, 0x1020, 0x0026, 0x0069, 0x006A, 0x0840, 0xD580, 0xFE80, 0xEE00,
    0xDD40, 0xDD60, 0xFF00, 0xFEC0, 0xFEE0, 0xFEC0, 0xFE80, 0xFEA0, 0xFEC0, 0xFEE0, 0xFEC0, 0xFEA0,
    0xFF40, 0xCC60, 0x0000, 0x008A, 0x0006, 0x39C2, 0xFF02, 0xFEA0, 0xFE60, 0xFE40, 0xFE40, 0xFEE0,
    0xFEC0, 0xFEC0, 0xEDC0, 0xF660, 0xF4E0, 0x2800, 0x0046, 0x008A, 0x008A, 0x008B, 0x0001, 0x0000,
    0x0000, 0x0000, 0x0000, 0x0000, 0x0000, 0x0000, 0x0000, 0x0000, 0x0000, 0x0000, 0x0000, 0x0000,
    0x0000, 0x0000, 0x0000, 0x00ED, 0x10E4, 0xDD84, 0xF5A0, 0xFE60, 0xEDA0, 0xEDC0, 0xFEA0, 0xEDA0,
    0xD360, 0x0800, 0x0025, 0x0025, 0x0004, 0x0022, 0xD5E8, 0xFEE0, 0xFEC0, 0xFE60, 0xFEC0, 0xFEC0,
    0xFEE0, 0xFE60, 0x48A0, 0x0004, 0x0068, 0x0047, 0x00CB, 0x008B, 0x3140, 0xEE21, 0xEDA0, 0xEDA0,
    0xFEA0, 0xFE60, 0xFEC0, 0xFEC0, 0xFEC0, 0xFEC0, 0xFEC0, 0xFEA0, 0xFE80, 0xFF00, 0xAAE0, 0x0001,
    0x0047, 0x0001, 0x3920, 0x5160, 0x5160, 0x5140, 0x5140, 0x5120, 0x72C4, 0xFEE3, 0xFEA0, 0xFEE0,
    0xF620, 0xFEA0, 0xFEC0, 0xFEE0, 0xFE60, 0x79A0, 0x4900, 0x5100, 0x5100, 0x5100, 0x5920, 0x4080,
    0x0023, 0x00AD, 0x008B, 0x0069, 0x0068, 0x0002, 0x0000, 0x0000, 0x0000, 0x0000, 0x0000, 0x0000,
    0x0000, 0x0000, 0x0000, 0x0000, 0x0000, 0x0000, 0x0000, 0x0000, 0x0000, 0x0000, 0x0000, 0x0000,
    0x0000, 0x0000, 0x0000, 0x0000, 0x0042, 0x00CE, 0x31C2, 0xFEC3, 0xFE00, 0xFE40, 0xFE20, 0xFE40,
    0xFE40, 0xFEA0, 0xF5C0, 0xFE80, 0xFF00, 0xFEC0, 0xFEE0, 0xFEA0, 0xFEA0, 0xFEA0, 0xFE40, 0xFEE0,
    0xFEE0, 0xFEE0, 0xFEE0, 0xFEE0, 0xFEC0, 0xFEC0, 0xFEC0, 0xFEC0, 0xFEC0, 0xFEC0, 0xFEC0, 0xFEC0,
    0xFEA0, 0xFEC0, 0xFE80, 0xFF00, 0xED40, 0x1800, 0x0047, 0x0002, 0xB503, 0xFF00, 0xFEA0, 0xFE80,
    0xFEA0, 0xFE80, 0xFEE0, 0xBBE0, 0x0000, 0x0046, 0x0046, 0x0004, 0x0881, 0xE624, 0xFEC0, 0xFEA0,
    0xFEA0, 0xFEA0, 0xFE80, 0xFEE0, 0xCC40, 0x0001, 0x0003, 0x83C3, 0xFF00, 0xFE60, 0xFE60, 0xFE60,
    0xFE80, 0xFEA0, 0xE4C0, 0x0800, 0x0002, 0x0003, 0x0002, 0x08A2, 0xEE43, 0xFEA0, 0xFE60, 0xFE60,
    0xFE80, 0xFE60, 0xFEE0, 0x92C0, 0x0001, 0x0067, 0x0047, 0x0000, 0x9C20, 0xFEC0, 0xF640, 0xFE60,
    0xE520, 0xFEA0, 0xFE80, 0xFEA0, 0xF640, 0xB4A0, 0xFEC0, 0xFE80, 0xFEA0, 0xFEA0, 0xFEA0, 0xFE80,
    0xFEE0, 0x71A0, 0x0004, 0x00CC, 0x0003, 0x9C44, 0xFF00, 0xF640, 0xF620, 0xFE60, 0xFE60, 0xFE80,
    0xFEE0, 0xF5E0, 0xE520, 0xFE80, 0xBAC0, 0x0001, 0x0089, 0x0089, 0x008B, 0x0067, 0x0000, 0x0000,
    0x0000, 0x0000, 0x0000, 0x0000, 0x0000, 0x0000, 0x0000, 0x0000, 0x0000, 0x0000, 0x0000, 0x0000,
    0x0000, 0x0000, 0x0064, 0x008C, 0x62A2, 0xFE42, 0xF5E0, 0xFE00, 0xF560, 0xFE60, 0xFE60, 0xFDC0,
    0x7960, 0x0002, 0x0045, 0x0045, 0x0001, 0x4204, 0xFEC4, 0xFE80, 0xFE80, 0xF5E0, 0xFE80, 0xFE60,
    0xFEC0, 0xD3E0, 0x0000, 0x0047, 0x0047, 0x0068, 0x0110, 0x0861, 0xCD02, 0xFE40, 0xDD00, 0xF620,
    0xFE40, 0xFE40, 0xFEA0, 0xFE80, 0xFEA0, 0xFE80, 0xFE80, 0xFE80, 0xFE40, 0xFEC0, 0x9240, 0x0002,
    0x0047, 0x0024, 0x0002, 0x0002, 0x0002, 0x0002, 0x0002, 0x0000, 0x83E8, 0xFF22, 0xFE80, 0xFEA0,
    0xFE60, 0xFEA0, 0xFE80, 0xFEE0, 0xD3E0, 0x0001, 0x0004, 0x0002, 0x0001, 0x0002, 0x0002, 0x0002,
    0x00AA, 0x00CD, 0x00AC, 0x00AC, 0x0046, 0x0000, 0x0000, 0x0000, 0x0000, 0x0000, 0x0000, 0x0000,
    0x0000, 0x0000, 0x0000, 0x0000, 0x0000, 0x0000, 0x0000, 0x0000, 0x0000, 0x0000, 0x0000, 0x0000,
    0x0000, 0x0000, 0x0000, 0x0000, 0x0044, 0x0005, 0x7B00, 0xFCE1, 0xEBC0, 0xEB80, 0xFC60, 0xEB80,
    0xF460, 0xF420, 0xE3A0, 0xFD00, 0xF480, 0xF440, 0xFD20, 0xF400, 0xF3E0, 0xEBE0, 0xEBE0, 0xFCA0,
    0xF460, 0xFCE0, 0xFCA0, 0xF500, 0xFE00, 0xFE00, 0xFE00, 0xFE40, 0xFE00, 0xFE20, 0xFE20, 0xFE20,
    0xFE20, 0xFE20, 0xF5E0, 0xFE40, 0x9A60, 0x0002, 0x0005, 0x2921, 0xFE01, 0xFDE0, 0xFDE0, 0xFDC0,
    0xFDE0, 0xFDE0, 0xFE00, 0x4920, 0x0003, 0x0046, 0x0046, 0x0002, 0x5AA0, 0xFE60, 0xFDE0, 0xFE00,
    0xFE00, 0xFE00, 0xFE00, 0xFE00, 0x6160, 0x0002, 0x0861, 0xDDA1, 0xFE00, 0xFDE0, 0xFDC0, 0xFE00,
    0xFE00, 0xFE00, 0x9260, 0x0026, 0x08AA, 0x0823, 0x0001, 0x7B63, 0xFDE0, 0xFD80, 0xFD60, 0xFD40,
    0xFD80, 0xFD80, 0xFD20, 0x3080, 0x0004, 0x0047, 0x0002, 0x5A60, 0xFE20, 0xFD60, 0xF540, 0xDCA0,
    0xF580, 0xFDA0, 0xFDA0, 0xFE60, 0x8240, 0xA440, 0xFE60, 0xF580, 0xFE00, 0xFDE0, 0xFE00, 0xFE40,
    0xF500, 0x1800, 0x0068, 0x0049, 0x10C2, 0xEDA3, 0xFDA0, 0xFD80, 0xFDA0, 0xFDA0, 0xFDC0, 0xFE00,
    0xFE40, 0xF540, 0xED00, 0xFD60, 0x50A0, 0x0004, 0x0069, 0x0069, 0x008A, 0x0023, 0x0000, 0x0000,
    0x0000, 0x0000, 0x0000, 0x0000, 0x0000, 0x0000, 0x0000, 0x0000, 0x0000, 0x0000, 0x0000, 0x0000,
    0x0000, 0x0000, 0x00EB, 0x0046, 0xBC22, 0xFD20, 0xF560, 0xFD00, 0xF500, 0xFDA0, 0xFDC0, 0xF400,
    0x1000, 0x0003, 0x0004, 0x0006, 0x0001, 0xA427, 0xFDC0, 0xFDA0, 0xFD60, 0xF4E0, 0xFD80, 0xFD40,
    0xFDA0, 0x7940, 0x0002, 0x0047, 0x0025, 0x00AB, 0x0003, 0x7220, 0xEC21, 0xB2A0, 0xBB60, 0xF520,
    0xE480, 0xFD20, 0xC3E2, 0xD486, 0xFD40, 0xFD60, 0xFD00, 0xFD00, 0xF500, 0xFD00, 0x7920, 0x0003,
    0x0046, 0x0025, 0x0025, 0x0024, 0x0024, 0x0024, 0x0002, 0x10A2, 0xEE05, 0xFE00, 0xFE00, 0xFDC0,
    0xFDA0, 0xFDE0, 0xFDC0, 0xFDC0, 0x6900, 0x0026, 0x008A, 0x0004, 0x0024, 0x0024, 0x0025, 0x0003,
    0x0089, 0x00EF, 0x00CE, 0x008A, 0x0000, 0x0000, 0x0000, 0x0000, 0x0000, 0x0000, 0x0000, 0x0000,
    0x0000, 0x0000, 0x0000, 0x0000, 0x0000, 0x0000, 0x0000, 0x0000, 0x0000, 0x0000, 0x0000, 0x0000,
    0x0000, 0x0000, 0x0000, 0x0000, 0x0000, 0x0000, 0x0000, 0x2060, 0x2060, 0x2020, 0x2020, 0x1800,
    0x2020, 0x2000, 0x2000, 0x2000, 0x2000, 0x2000, 0x2020, 0x2000, 0x2000, 0x1800, 0x1800, 0x2000,
    0x2020, 0x2820, 0x2000, 0x3921, 0xF642, 0xFE00, 0xFE20, 0xFE40, 0xFE00, 0xFE40, 0xFE20, 0xFE40,
    0xFE40, 0xFE40, 0xFE60, 0xFDA0, 0x3040, 0x0026, 0x0003, 0x8BA3, 0xFE80, 0xFDE0, 0xFE00, 0xFE00,
    0xFDE0, 0xFE40, 0xDCA0, 0x0800, 0x0005, 0x0025, 0x0025, 0x0000, 0xC501, 0xFE40, 0xFE20, 0xFE20,
    0xFE20, 0xFE20, 0xFE60, 0xECE0, 0x1000, 0x0002, 0x5262, 0xFE81, 0xFDE0, 0xFE00, 0xFE00, 0xFE00,
    0xFE20, 0xF580, 0x1800, 0x0005, 0x0027, 0x0001, 0x0001, 0xD523, 0xFD80, 0xFD80, 0xFDA0, 0xFDA0,
    0xFD80, 0xFE00, 0xC380, 0x0000, 0x0044, 0x0002, 0x2900, 0xF5C0, 0xFDE0, 0xF560, 0xE460, 0xFDE0,
    0xFDE0, 0xF560, 0xFDA0, 0xBB60, 0x20A0, 0xF660, 0xFE40, 0xFE40, 0xFE40, 0xFE20, 0xFE00, 0xFE80,
    0xA2C0, 0x0001, 0x00CB, 0x0005, 0x62E4, 0xFE62, 0xFDA0, 0xFDC0, 0xFDA0, 0xFE00, 0xFDE0, 0xFE20,
    0xFDE0, 0xFDA0, 0xFDE0, 0xEC40, 0x1000, 0x0047, 0x0068, 0x0069, 0x0068, 0x0000, 0x0000, 0x0000,
    0x0000, 0x0000, 0x0000, 0x0000, 0x0000, 0x0000, 0x0000, 0x0000, 0x0000, 0x0000, 0x0000, 0x0000,
    0x0000, 0x0001, 0x00AD, 0x2944, 0xF584, 0xFD00, 0xFD80, 0xF520, 0xFDC0, 0xFDA0, 0xFDC0, 0xCB60,
    0x4160, 0x4A00, 0x5220, 0x5220, 0x5A62, 0xED84, 0xFDA0, 0xFDA0, 0xFD80, 0xFD80, 0xFD80, 0xFDE0,
    0xF480, 0x1800, 0x0025, 0x0046, 0x0068, 0x0005, 0x41C0, 0xED01, 0xECA0, 0xCB80, 0xF520, 0xF540,
    0xECC0, 0xF480, 0x4163, 0xDD45, 0xFD00, 0xFD00, 0xFD60, 0xFD40, 0xF4E0, 0xFCE0, 0x60C0, 0x0003,
    0x0046, 0x0024, 0x0023, 0x0025, 0x0004, 0x0024, 0x0001, 0x6B05, 0xFE81, 0xFE00, 0xFE40, 0xFE20,
    0xFE00, 0xFDE0, 0xFE40, 0xEC60, 0x1000, 0x00CD, 0x00CE, 0x0004, 0x0004, 0x0004, 0x0004, 0x0004,
    0x0047, 0x0110, 0x00EE, 0x0002, 0x0000, 0x0000, 0x0000, 0x0000, 0x0000, 0x0000, 0x0000, 0x0000,
    0x0000, 0x0000, 0x0000, 0x0000, 0x0000, 0x0000, 0x0000, 0x0000, 0x0000, 0x0000, 0x0000, 0x0000,
    0x0000, 0x0000, 0x0000, 0x0000, 0x0000, 0x0024, 0x00AD, 0x0048, 0x0027, 0x0025, 0x0004, 0x0004,
    0x0004, 0x0004, 0x0003, 0x0003, 0x0003, 0x0003, 0x0003, 0x0003, 0x0003, 0x0003, 0x0003, 0x0003,
    0x0003, 0x0023, 0x0000, 0x7343, 0xFEA1, 0xFE00, 0xFE20, 0xFE20, 0xFE60, 0xFE60, 0xFE40, 0xFE20,
    0xFE20, 0xFE00, 0xFE60, 0xBB40, 0x0001, 0x0027, 0x0861, 0xE5A2, 0xFE00, 0xFDE0, 0xFDE0, 0xFE00,
    0xFDC0, 0xFE40, 0x8240, 0x0002, 0x0045, 0x0025, 0x0003, 0x3160, 0xFE20, 0xFDE0, 0xFE00, 0xFE00,
    0xFE00, 0xFDE0, 0xFE60, 0x9280, 0x0002, 0x0001, 0xB4A1, 0xFE20, 0xFDC0, 0xFDE0, 0xFDE0, 0xFDE0,
    0xFE20, 0xD460, 0x4181, 0x5263, 0x5A86, 0x4A03, 0x7302, 0xFE02, 0xFDA0, 0xFDA0, 0xFDA0, 0xFDC0,
    0xFDA0, 0xFDC0, 0x5120, 0x0003, 0x0025, 0x0840, 0xD520, 0xFDE0, 0xFDA0, 0xE4A0, 0xED00, 0xFDC0,
    0xFDA0, 0xFDE0, 0xF520, 0x1000, 0x5AA0, 0xFEC0, 0xFE20, 0xFE40, 0xFE20, 0xFE20, 0xFE20, 0xFDE0,
    0x48A0, 0x0026, 0x00CC, 0x0003, 0xC4E4, 0xFE00, 0xF580, 0xFDE0, 0xFE40, 0xFE40, 0xFE40, 0xFE20,
    0xFDC0, 0xF5C0, 0xFE00, 0x9A00, 0x0001, 0x0068, 0x0047, 0x0069, 0x0024, 0x0000, 0x0000, 0x0000,
    0x0000, 0x0000, 0x0000, 0x0000, 0x0000, 0x0000, 0x0000, 0x0000, 0x0000, 0x0000, 0x0000, 0x0000,
    0x0000, 0x0086, 0x0069, 0x8365, 0xFE41, 0xFDC0, 0xFDC0, 0xF580, 0xFE00, 0xFDE0, 0xFE00, 0xED40,
    0xF540, 0xFE00, 0xFE80, 0xFE40, 0xFE20, 0xFDC0, 0xFDC0, 0xFDC0, 0xFDA0, 0xFDC0, 0xFDA0, 0xFE20,
    0xA280, 0x0001, 0x0046, 0x0046, 0x0026, 0x0861, 0xCC83, 0xF540, 0xE4E0, 0xC320, 0xECC0, 0xDC20,
    0xF4C0, 0x8140, 0x2103, 0xFDA2, 0xFD00, 0xFD00, 0xFD20, 0xFD00, 0xFD20, 0xFCA0, 0x4060, 0x0003,
    0x0026, 0x0023, 0x0001, 0x0025, 0x0025, 0x0004, 0x0001, 0xCD44, 0xFE40, 0xFE00, 0xFDE0, 0xFDE0,
    0xFDE0, 0xFDE0, 0xFE40, 0x99E0, 0x0004, 0x0110, 0x0110, 0x0089, 0x0004, 0x0025, 0x0025, 0x0026,
    0x0026, 0x00EF, 0x0065, 0x0000, 0x0000, 0x0000, 0x0000, 0x0000, 0x0000, 0x0000, 0x0000, 0x0000,
    0x0000, 0x0000, 0x0000, 0x0000, 0x0000, 0x0000, 0x0000, 0x0000, 0x0000, 0x0000, 0x0000, 0x0000,
    0x0000, 0x0000, 0x0000, 0x0000, 0x0000, 0x0000, 0x00CF, 0x00AC, 0x0048, 0x0047, 0x0046, 0x0046,
    0x0026, 0x0025, 0x0025, 0x0025, 0x0025, 0x0025, 0x0025, 0x0025, 0x0025, 0x0025, 0x0025, 0x0024,
    0x0024, 0x0003, 0x0840, 0xDDA1, 0xFE20, 0xFE00, 0xFE40, 0xFE40, 0xFE80, 0xFE60, 0xFE20, 0xFDE0,
    0xFDE0, 0xFDE0, 0xFDC0, 0x50C0, 0x0025, 0x0004, 0x5A81, 0xFE40, 0xFDA0, 0xFDC0, 0xFDC0, 0xFDC0,
    0xFDE0, 0xF500, 0x1840, 0x0004, 0x0025, 0x0025, 0x0001, 0x93C1, 0xFE00, 0xFD80, 0xFDA0, 0xFDA0,
    0xFDA0, 0xFDC0, 0xFD40, 0x3060, 0x0003, 0x2120, 0xF5C0, 0xFD60, 0xFDA0, 0xFD80, 0xFDC0, 0xFDA0,
    0xFDC0, 0xF560, 0xFDA0, 0xFE01, 0xFDE3, 0xFDC1, 0xFDC0, 0xFE00, 0xFDE0, 0xFDE0, 0xFDE0, 0xFDE0,
    0xFE40, 0xE4A0, 0x0800, 0x0024, 0x0001, 0x9BE0, 0xFDE0, 0xFD40, 0xFD40, 0xF500, 0xFDE0, 0xF520,
    0xF580, 0xF460, 0x4880, 0x0000, 0xBCE1, 0xFE40, 0xFDE0, 0xFDE0, 0xFDC0, 0xFDC0, 0xFE20, 0xDC00,
    0x0000, 0x00AB, 0x0029, 0x2962, 0xFE63, 0xFE00, 0xFDE0, 0xFE20, 0xFE40, 0xFE40, 0xFE40, 0xFE20,
    0xFDE0, 0xFE20, 0xFDA0, 0x3860, 0x0004, 0x0047, 0x0047, 0x0047, 0x0001, 0x0000, 0x0000, 0x0000,
    0x0000, 0x0000, 0x0000, 0x0000, 0x0000, 0x0000, 0x0000, 0x0000, 0x0000, 0x0000, 0x0000, 0x0000,
    0x0000, 0x00EC, 0x08A6, 0xDDA5, 0xFDE0, 0xFE00, 0xF5A0, 0xF580, 0xFE20, 0xFE20, 0xFE20, 0xE4C0,
    0xE4A0, 0xFDE0, 0xF5E0, 0xF5C0, 0xFE00, 0xFE00, 0xFE00, 0xFE00, 0xFDE0, 0xFE00, 0xFE00, 0xFDA0,
    0x4080, 0x0002, 0x0025, 0x0025, 0x0001, 0x9BE4, 0xFD60, 0xD3E0, 0xD380, 0xDBE0, 0xDBA0, 0xCA80,
    0xB9C0, 0x0000, 0x49C2, 0xFD00, 0xFD00, 0xFD20, 0xF4C0, 0xFD40, 0xFD40, 0xFC80, 0x3040, 0x0003,
    0x0026, 0x0023, 0x0000, 0x0002, 0x0023, 0x0004, 0x39E3, 0xFE42, 0xFDA0, 0xFDC0, 0xFD80, 0xFDA0,
    0xFD80, 0xFDE0, 0xFCA0, 0x2800, 0x008A, 0x00EF, 0x0110, 0x00CD, 0x0002, 0x0023, 0x0002, 0x0002,
    0x0002, 0x0023, 0x0000, 0x0000, 0x0000, 0x0000, 0x0000, 0x0000, 0x0000, 0x0000, 0x0000, 0x0000,
    0x0000, 0x0000, 0x0000, 0x0000, 0x0000, 0x0000, 0x0000, 0x0000, 0x0000, 0x0000, 0x0000, 0x0000,
    0x0000, 0x0000, 0x0000, 0x0000, 0x0000, 0x0000, 0x0067, 0x00CF, 0x0047, 0x0048, 0x0047, 0x0047,
    0x0047, 0x0046, 0x0026, 0x0046, 0x0046, 0x0025, 0x0025, 0x0025, 0x0025, 0x0025, 0x0025, 0x0004,
    0x0024, 0x0002, 0x5241, 0xFE01, 0xFD40, 0xFD80, 0xFDA0, 0xFDC0, 0xFE40, 0xF560, 0xFDC0, 0xFDC0,
    0xFD80, 0xFDE0, 0xDBA0, 0x0800, 0x0067, 0x0001, 0xBC81, 0xFDA0, 0xFD60, 0xFD60, 0xFD80, 0xFD40,
    0xFDA0, 0xA300, 0x0000, 0x0025, 0x0025, 0x0003, 0x1080, 0xED61, 0xFD60, 0xFD40, 0xFD60, 0xFD80,
    0xFD60, 0xFDA0, 0xBB00, 0x0001, 0x0002, 0x7B00, 0xFDA0, 0xFD20, 0xFD40, 0xFD60, 0xFD80, 0xFD60,
    0xFD60, 0xFD80, 0xFD60, 0xF540, 0xF4E0, 0xF520, 0xFD80, 0xFD80, 0xFDA0, 0xFDC0, 0xFDA0, 0xFD80,
    0xFE20, 0x8260, 0x0001, 0x0001, 0x6260, 0xFDC0, 0xFD00, 0xFD40, 0xF4E0, 0xFD60, 0xFD80, 0xF4E0,
    0xFD60, 0x9260, 0x0001, 0x18C0, 0xF5A0, 0xFDA0, 0xFDA0, 0xFDA0, 0xFDA0, 0xFDA0, 0xFDE0, 0x79A0,
    0x0002, 0x00CC, 0x0004, 0x8B83, 0xFE21, 0xFD80, 0xF580, 0xFDC0, 0xFE00, 0xFE20, 0xFDA0, 0xFDC0,
    0xFDA0, 0xFDA0, 0xCB40, 0x0000, 0x0046, 0x0046, 0x0048, 0x0045, 0x0000, 0x0000, 0x0000, 0x0000,
    0x0000, 0x0000, 0x0000, 0x0000, 0x0000, 0x0000, 0x0000, 0x0000, 0x0000, 0x0000, 0x0000, 0x0000,
    0x0043, 0x008D, 0x4A23, 0xFE43, 0xFD60, 0xFD80, 0xECE0, 0xFDA0, 0xFDC0, 0xFE00, 0xE4C0, 0xD3C0,
    0xFD40, 0xFD80, 0xF540, 0xF560, 0xFDE0, 0xFDC0, 0xFDC0, 0xFDA0, 0xFDA0, 0xFD80, 0xFDE0, 0xD3A0,
    0x0000, 0x0025, 0x0045, 0x0000, 0x49E3, 0xFDE3, 0xFD80, 0xF4E0, 0xDBC0, 0xFD00, 0xF4A0, 0xE320,
    0x2800, 0x0000, 0x7AC2, 0xFD21, 0xFCC0, 0xFD00, 0xFCC0, 0xFCE0, 0xFD20, 0xF420, 0x2000, 0x0004,
    0x0026, 0x0023, 0x0000, 0x0000, 0x0086, 0x0005, 0xAC45, 0xFDE0, 0xFD60, 0xFD60, 0xFD80, 0xFD80,
    0xFD40, 0xFDA0, 0xBA60, 0x0002, 0x00EF, 0x00EE, 0x0110, 0x0068, 0x0000, 0x0000, 0x0000, 0x0000,
    0x0000, 0x0000, 0x0000, 0x0000, 0x0000, 0x0000, 0x0000, 0x0000, 0x0000, 0x0000, 0x0000, 0x0000,
    0x0000, 0x0000, 0x0000, 0x0000, 0x0000, 0x0000, 0x0000, 0x0000, 0x0000, 0x0000, 0x0000, 0x0000,
    0x0000, 0x0000, 0x0000, 0x0000, 0x0000, 0x0000, 0x0001, 0x00CF, 0x00AC, 0x008A, 0x0089, 0x0069,
    0x0069, 0x0069, 0x0068, 0x0068, 0x0047, 0x0047, 0x0047, 0x0047, 0x0046, 0x0046, 0x0026, 0x0026,
    0x0005, 0x0000, 0xBBE1, 0xFC60, 0xFC00, 0xF3E0, 0xEBC0, 0xF460, 0xFCC0, 0xFC40, 0xFC80, 0xFC60,
    0xFC80, 0xFC40, 0x70E0, 0x0004, 0x0027, 0x3140, 0xFCC1, 0xFC20, 0xFC20, 0xFC20, 0xFC20, 0xFC20,
    0xFC40, 0x40A0, 0x0002, 0x0024, 0x0024, 0x0001, 0x6220, 0xFC80, 0xFC00, 0xFC20, 0xFC40, 0xFC40,
    0xFC40, 0xFC20, 0x58C0, 0x0002, 0x0861, 0xD440, 0xFC20, 0xFC20, 0xFC40, 0xFC40, 0xFC60, 0xFC60,
    0xFC60, 0xF460, 0xFC40, 0xFC20, 0xFC40, 0xFC20, 0xFC20, 0xFC20, 0xFC40, 0xFC20, 0xFC00, 0xFC20,
    0xFBC0, 0x2840, 0x0001, 0x2920, 0xF4A0, 0xFC20, 0xF400, 0xF3C0, 0xE3C0, 0xFC80, 0xFC60, 0xFC80,
    0xCAA1, 0x0801, 0x0003, 0x6240, 0xFD20, 0xFC80, 0xFCA0, 0xFCA0, 0xFCA0, 0xFCC0, 0xF400, 0x2000,
    0x0049, 0x006B, 0x0881, 0xDC62, 0xFC20, 0xFC40, 0xFC40, 0xFC60, 0xFD20, 0xFD00, 0xFC40, 0xFC80,
    0xFC80, 0xFC40, 0x70A0, 0x0002, 0x0026, 0x0026, 0x0047, 0x0022, 0x0000, 0x0000, 0x0000, 0x0000,
    0x0000, 0x0000, 0x0000, 0x0000, 0x0000, 0x0000, 0x0000, 0x0000, 0x0000, 0x0000, 0x0000, 0x0000,
    0x00EB, 0x0068, 0xA3A2, 0xFC60, 0xFC40, 0xF440, 0xEC00, 0xFCC0, 0xFCA0, 0xFCA0, 0xEBE0, 0xF460,
    0xFC80, 0xFC80, 0xFC80, 0xFC80, 0xFCA0, 0xFC80, 0xFC60, 0xFC60, 0xFC40, 0xFC40, 0xFC80, 0x7100,
    0x0002, 0x0046, 0x0002, 0x10A0, 0xCB82, 0xEB40, 0xFC20, 0xD2E0, 0xE360, 0xDB00, 0xFAA0, 0xA160,
    0x0001, 0x0002, 0x9242, 0xEAC0, 0xF380, 0xFBA0, 0xF360, 0xFBC0, 0xFBA0, 0xDA40, 0x1000, 0x0024,
    0x0025, 0x0002, 0x0000, 0x0000, 0x00AB, 0x2124, 0xF524, 0xFC60, 0xFC80, 0xFC40, 0xFC40, 0xFC40,
    0xFC60, 0xFC00, 0x4840, 0x0047, 0x00CE, 0x00CD, 0x00CE, 0x0002, 0x0000, 0x0000, 0x0000, 0x0000,
    0x0000, 0x0000, 0x0000, 0x0000, 0x0000, 0x0000, 0x0000, 0x0000, 0x0000, 0x0000, 0x0000, 0x0000,
    0x0000, 0x0000, 0x0000, 0x0000, 0x0000, 0x0000, 0x0000, 0x0000, 0x0000, 0x0000, 0x0000, 0x0000,
    0x0000, 0x0000, 0x0000, 0x0000, 0x0000, 0x0000, 0x0000, 0x0000, 0x0001, 0x0000, 0x0000, 0x0000,
    0x0000, 0x0000, 0x0000, 0x0000, 0x0000, 0x0000, 0x0000, 0x0000, 0x0000, 0x0000, 0x0000, 0x0022,
    0x004A, 0x3140, 0xFCA0, 0xFC00, 0xFC20, 0xFC20, 0xF3C0, 0xFCA0, 0xFCC0, 0xFC80, 0xFC80, 0xFC60,
    0xFCC0, 0xF3A0, 0x1800, 0x0068, 0x0003, 0x9300, 0xFCA0, 0xFC40, 0xFC40, 0xFC40, 0xFC20, 0xFC80,
    0xD340, 0x0000, 0x0004, 0x0004, 0x0003, 0x0000, 0xC3E0, 0xFC40, 0xFC40, 0xFC40, 0xFC40, 0xFC40,
    0xFC80, 0xE360, 0x0800, 0x0002, 0x49E1, 0xFCE0, 0xFC00, 0xFC40, 0xFC60, 0xFC80, 0xFC80, 0xFC60,
    0xFC60, 0xFC20, 0xFC20, 0xFC20, 0xFC20, 0xFC00, 0xFC20, 0xFC40, 0xFC20, 0xFC00, 0xFC00, 0xFC60,
    0xC260, 0x0000, 0x0040, 0xCBE0, 0xFC20, 0xFC20, 0xF400, 0xEB80, 0xFC80, 0xF460, 0xFCC0, 0xDB40,
    0x0800, 0x0002, 0x0001, 0xB3C0, 0xFD00, 0xFCC0, 0xFCE0, 0xFCC0, 0xFCA0, 0xFD20, 0xB280, 0x0002,
    0x00CD, 0x0006, 0x5202, 0xFCC1, 0xF420, 0xFC80, 0xFC80, 0xFC80, 0xFC60, 0xFC60, 0xFC80, 0xFC80,
    0xFCC0, 0xF3C0, 0x2000, 0x0005, 0x0025, 0x0004, 0x0003, 0x0000, 0x0000, 0x0000, 0x0000, 0x0000,
    0x0000, 0x0000, 0x0000, 0x0000, 0x0000, 0x0000, 0x0000, 0x0000, 0x0000, 0x0000, 0x0000, 0x0000,
    0x00ED, 0x18E3, 0xF4C2, 0xFC40, 0xF400, 0xF420, 0xFCA0, 0xFCC0, 0xFCA0, 0xFCA0, 0xFCC0, 0xFCA0,
    0xF460, 0xF480, 0xFCC0, 0xFCA0, 0xFCA0, 0xFC80, 0xFC80, 0xFC80, 0xFC60, 0xFCC0, 0xEB80, 0x1800,
    0x0003, 0x0024, 0x0000, 0xABE4, 0xFC80, 0xD2C0, 0xE340, 0xDB40, 0xF3A0, 0xE300, 0xC180, 0x0800,
    0x0000, 0x0000, 0xAB24, 0xFB80, 0xFBE0, 0xE300, 0xE320, 0xFBE0, 0xFBC0, 0xDA80, 0x0800, 0x0024,
    0x0025, 0x0001, 0x0000, 0x0086, 0x0049, 0x8325, 0xFD21, 0xFC80, 0xFCA0, 0xFC80, 0xFC60, 0xFC40,
    0xFCC0, 0xDAC0, 0x0001, 0x00AC, 0x00CD, 0x00CE, 0x0089, 0x0000, 0x0000, 0x0000, 0x0000, 0x0000,
    0x0000, 0x0000, 0x0000, 0x0000, 0x0000, 0x0000, 0x0000, 0x0000, 0x0000, 0x0000, 0x0000, 0x0000,
    0x0000, 0x0000, 0x0000, 0x0000, 0x0000, 0x0000, 0x0000, 0x0000, 0x0000, 0x0000, 0x0000, 0x0000,
    0x0000, 0x0000, 0x0000, 0x0022, 0x00EB, 0x010C, 0x00EB, 0x00CA, 0x00CA, 0x00CA, 0x00EB, 0x00EB,
    0x00EB, 0x00EB, 0x00CA, 0x00CA, 0x00CB, 0x00EB, 0x00EC, 0x00EC, 0x00EB, 0x00EB, 0x00CA, 0x012E,
    0x0027, 0x9B80, 0xFCE1, 0xFC40, 0xFC40, 0xFC60, 0xF420, 0xFCC0, 0xFCC0, 0xFCA0, 0xFCC0, 0xFCA0,
    0xFCE0, 0x99C0, 0x0001, 0x0027, 0x10A0, 0xE4A1, 0xFC60, 0xFC80, 0xFC80, 0xFC80, 0xFC60, 0xFC80,
    0x6960, 0x0001, 0x0024, 0x0024, 0x0002, 0x3180, 0xFCE1, 0xFC40, 0xFC60, 0xFC60, 0xFC80, 0xFC80,
    0xFCC0, 0x81A0, 0x0002, 0x0001, 0xABC1, 0xFC80, 0xFC60, 0xFC60, 0xFC80, 0xFC80, 0xFCA0, 0xF440,
    0xEBE0, 0xFC60, 0xF440, 0xF420, 0xF440, 0xF420, 0xFC20, 0xF420, 0xF420, 0xF400, 0xF420, 0xFC40,
    0x58E0, 0x0000, 0x9B60, 0xFCA0, 0xF420, 0xEC00, 0xE360, 0xFC60, 0xFCA0, 0xFCA0, 0xFCE0, 0x8A80,
    0x41E0, 0x49A0, 0x4180, 0xE4A0, 0xFD00, 0xFCE0, 0xFD00, 0xFD00, 0xFCE0, 0xFCE0, 0x50C0, 0x0025,
    0x00AC, 0x0002, 0xB422, 0xFCC0, 0xFC80, 0xFC80, 0xFCA0, 0xFCA0, 0xFCA0, 0xFCC0, 0xFCA0, 0xFCA0,
    0xFD20, 0xA9E0, 0x0000, 0x0024, 0x0046, 0x006A, 0x00CD, 0x010C, 0x010C, 0x00EC, 0x00EC, 0x010D,
    0x010D, 0x012D, 0x012D, 0x012D, 0x012D, 0x012D, 0x012D, 0x012D, 0x010D, 0x010C, 0x0022, 0x0085,
    0x008B, 0x72C1, 0xFD21, 0xFC80, 0xE420, 0xDBC0, 0xFCE0, 0xFCE0, 0xFD00, 0xFC80, 0xFC80, 0xFCC0,
    0xFCE0, 0xFCE0, 0xFCC0, 0xFCA0, 0xFCC0, 0xFCC0, 0xFCA0, 0xFCA0, 0xFC80, 0xFD00, 0xA1E0, 0x0000,
    0x0044, 0x0000, 0x5A83, 0xFD42, 0xF440, 0xEC20, 0xBA80, 0xE3C0, 0xE360, 0xB200, 0x7180, 0x3121,
    0x4982, 0x4183, 0xBAA2, 0xEB20, 0xF3C0, 0xF3A0, 0xD2A0, 0xDAE0, 0xFC60, 0xCA80, 0x0000, 0x0023,
    0x0004, 0x0001, 0x0000, 0x00CC, 0x08C5, 0xDCE4, 0xFCE0, 0xFCE0, 0xF4E0, 0xFCA0, 0xFCA0, 0xFCA0,
    0xFC80, 0x68C0, 0x0005, 0x00CD, 0x00CD, 0x00CE, 0x0023, 0x0000, 0x0000, 0x0000, 0x0000, 0x0000,
    0x0000, 0x0000, 0x0000, 0x0000, 0x0000, 0x0000, 0x0000, 0x0000, 0x0000, 0x0000, 0x0000, 0x0000,
    0x0000, 0x0000, 0x0000, 0x0000, 0x0000, 0x0000, 0x0000, 0x0000, 0x0000, 0x0000, 0x0000, 0x0000,
    0x0000, 0x0000, 0x0000, 0x012F, 0x00A9, 0x0087, 0x0067, 0x0066, 0x0067, 0x0087, 0x0088, 0x0088,
    0x0067, 0x0067, 0x0067, 0x0087, 0x0087, 0x0067, 0x0067, 0x0087, 0x0087, 0x0087, 0x0087, 0x0045,
    0x18A0, 0xEBC1, 0xF340, 0xFB80, 0xFB60, 0xEB40, 0xF360, 0xFBA0, 0xFBC0, 0xFB80, 0xFBA0, 0xFBA0,
    0xFB40, 0x3020, 0x0025, 0x0004, 0x6240, 0xFC01, 0xFB60, 0xFB80, 0xFB40, 0xFB60, 0xFBA0, 0xEB20,
    0x1820, 0x0003, 0x0024, 0x0004, 0x0001, 0x9AE1, 0xFBC0, 0xFB60, 0xFBA0, 0xFBA0, 0xFB80, 0xFBA0,
    0xF340, 0x2040, 0x0003, 0x2122, 0xF4A2, 0xFBC0, 0xFBE0, 0xFBE0, 0xFC00, 0xFC00, 0xFBE0, 0xFC20,
    0xFBC0, 0xFC20, 0xFC20, 0xFC20, 0xFC00, 0xFC00, 0xFC00, 0xFBE0, 0xFBE0, 0xFC20, 0xFC00, 0xDA80,
    0x0000, 0x59A0, 0xFC00, 0xFB60, 0xFB60, 0xE2C0, 0xF340, 0xFB60, 0xEB60, 0xF3C0, 0xFBA0, 0xFC20,
    0xFC60, 0xFC40, 0xE360, 0xD300, 0xFC20, 0xFBE0, 0xF400, 0xFC00, 0xFC40, 0xE300, 0x0800, 0x0089,
    0x0027, 0x2900, 0xFCA2, 0xFC00, 0xF400, 0xF3E0, 0xFBE0, 0xEBC0, 0xEBC0, 0xFBE0, 0xFBE0, 0xFC00,
    0xFBE0, 0x4080, 0x0000, 0x0000, 0x0002, 0x0023, 0x0065, 0x0086, 0x0066, 0x0065, 0x0045, 0x0086,
    0x0086, 0x0086, 0x0086, 0x0066, 0x0066, 0x0066, 0x0066, 0x0066, 0x0065, 0x0065, 0x0001, 0x008A,
    0x0064, 0xC381, 0xFB80, 0xFBA0, 0xF380, 0xEB60, 0xFBE0, 0xFBE0, 0xE380, 0x7180, 0x89E0, 0x89E0,
    0x9220, 0x8A40, 0xEBA0, 0xFBA0, 0xFBE0, 0xFBE0, 0xFBC0, 0xFBA0, 0xFBA0, 0xFB60, 0x4060, 0x0004,
    0x0004, 0x18E1, 0xEC22, 0xFB80, 0xF340, 0xC200, 0xC9C0, 0xFB80, 0xFB40, 0xA140, 0x8880, 0xEAC0,
    0xFB21, 0xC1E1, 0xB980, 0xB9A0, 0xEA80, 0xF2E0, 0xEA80, 0xF2C0, 0xF2C0, 0xA0E0, 0x0000, 0x0003,
    0x0004, 0x0000, 0x0043, 0x008B, 0x5A03, 0xFC02, 0xFB80, 0xFBA0, 0xEB20, 0xFB20, 0xFB40, 0xFB60,
    0xE260, 0x1000, 0x008A, 0x00CD, 0x00CD, 0x00AB, 0x0000, 0x0000, 0x0000, 0x0000, 0x0000, 0x0000,
    0x0000, 0x0000, 0x0000, 0x0000, 0x0000, 0x0000, 0x0000, 0x0000, 0x0000, 0x0000, 0x0000, 0x0000,
    0x0000, 0x0000, 0x0000, 0x0000, 0x0000, 0x0000, 0x0000, 0x0000, 0x0000, 0x0000, 0x0000, 0x0000,
    0x0000, 0x0000, 0x0087, 0x0089, 0x6920, 0xB980, 0xA940, 0x9920, 0xC1C0, 0xC1A0, 0xC180, 0xB960,
    0xA940, 0xC9C0, 0xCA20, 0xB1A0, 0x9100, 0xC1C0, 0xC1A0, 0xA960, 0xC9E0, 0xD200, 0xCA00, 0xC9E0,
    0xDA60, 0xFA40, 0xF200, 0xF9E0, 0xF1C0, 0xEA20, 0xFA80, 0xFA80, 0xFA80, 0xFA60, 0xFA20, 0xFA80,
    0xB920, 0x0001, 0x0047, 0x0021, 0xC2C0, 0xFA60, 0xFA60, 0xFA40, 0xFA40, 0xFA40, 0xFA80, 0x9920,
    0x0001, 0x0025, 0x0024, 0x0002, 0x10A0, 0xEB22, 0xFA40, 0xFA60, 0xFA80, 0xFA80, 0xFA60, 0xFAA0,
    0xB140, 0x0001, 0x0001, 0x7A01, 0xFB01, 0xFA80, 0xFAA0, 0xFA80, 0xFAA0, 0xFAA0, 0xEA20, 0x8100,
    0x7920, 0x7920, 0x7920, 0x7920, 0x7920, 0x7920, 0x7120, 0x7920, 0x7920, 0x7920, 0x70E0, 0x1800,
    0x20A0, 0xEAE0, 0xFA60, 0xFAA0, 0xE240, 0xF240, 0xFA80, 0xFA60, 0xF280, 0xFA80, 0xFA80, 0xFAA0,
    0xFAA0, 0xFAA0, 0xF2C0, 0xEAC0, 0xFAC0, 0xFAC0, 0xFAC0, 0xFAC0, 0xFB00, 0x80C0, 0x0003, 0x00CD,
    0x0004, 0x8220, 0xFAE0, 0xFA80, 0xFAC0, 0xF2C0, 0xFA80, 0xEAA0, 0xFA80, 0xFA80, 0xFA80, 0xFAA0,
    0xFA80, 0xCA40, 0xCA40, 0xCA40, 0xCA40, 0xD220, 0xCA00, 0xCA00, 0xCA00, 0xC9E0, 0xC9E0, 0xD220,
    0xCA00, 0xCA00, 0xCA00, 0xCA00, 0xCA00, 0xCA00, 0xCA00, 0xC9E0, 0xD240, 0x70A0, 0x0046, 0x008D,
    0x3161, 0xF302, 0xFA40, 0xFA80, 0xF2A0, 0xFAE0, 0xFAC0, 0xFAE0, 0x80E0, 0x0000, 0x0001, 0x0001,
    0x0000, 0x18E2, 0xF322, 0xFA60, 0xFAA0, 0xFAC0, 0xFAA0, 0xFA80, 0xFAE0, 0xD180, 0x0000, 0x0024,
    0x0001, 0xB383, 0xFAC0, 0xFA60, 0xE200, 0xE200, 0xFA60, 0xFA20, 0xFA40, 0xB120, 0xD940, 0xE160,
    0xC120, 0xB0E0, 0xA0C0, 0xD1A0, 0xFA60, 0xEA00, 0xE1A0, 0xF220, 0xD160, 0x8880, 0x0000, 0x0004,
    0x0024, 0x0000, 0x00A9, 0x0066, 0xBAE2, 0xFA80, 0xFA80, 0xFA60, 0xFA20, 0xFA20, 0xF220, 0xFA60,
    0x90A0, 0x0003, 0x00AC, 0x008B, 0x00AD, 0x0045, 0x0000, 0x0000, 0x0000, 0x0000, 0x0000, 0x0000,
    0x0000, 0x0000, 0x0000, 0x0000, 0x0000, 0x0000, 0x0000, 0x0000, 0x0000, 0x0000, 0x0000, 0x0000,
    0x0000, 0x0000, 0x0000, 0x0000, 0x0000, 0x0000, 0x0000, 0x0000, 0x0000, 0x0000, 0x0000, 0x0000,
    0x0000, 0x0000, 0x00ED, 0x0882, 0xDA41, 0xF1A0, 0xF1C0, 0xD1A0, 0xFA61, 0xE1A0, 0xFA40, 0xFA60,
    0xFA20, 0xFA80, 0xFAC0, 0xD9E0, 0xC960, 0xF220, 0xFA60, 0xF220, 0xFA60, 0xFA60, 0xFA80, 0xFA80,
    0xFA40, 0xFA20, 0xFA20, 0xF220, 0xF220, 0xF260, 0xFAA0, 0xFAA0, 0xFA80, 0xFA40, 0xFA60, 0xFA80,
    0x5860, 0x0024, 0x0005, 0x3940, 0xFB01, 0xFA40, 0xFA80, 0xFA60, 0xFA80, 0xFAA0, 0xFA80, 0x3840,
    0x0004, 0x0026, 0x0845, 0x0001, 0x6A22, 0xFB00, 0xFA80, 0xFAA0, 0xFAA0, 0xFAA0, 0xFAA0, 0xFAA0,
    0x5060, 0x0002, 0x0041, 0xD2A1, 0xFA20, 0xFA40, 0xFA20, 0xFA60, 0xFA60, 0xFAA0, 0xA940, 0x0001,
    0x0001, 0x0001, 0x0001, 0x0002, 0x0002, 0x0001, 0x0001, 0x0001, 0x0001, 0x0001, 0x0001, 0x0040,
    0xCAE1, 0xFAA0, 0xFA80, 0xEA60, 0xDA20, 0xFAC0, 0xFAC0, 0xFAE0, 0xFAA0, 0xF2A0, 0xFAC0, 0xFAC0,
    0xFAE0, 0xFAE0, 0xF300, 0xEAE0, 0xFB00, 0xFAE0, 0xFAE0, 0xFB00, 0xFA80, 0x2000, 0x0067, 0x008C,
    0x0861, 0xDAE1, 0xFA60, 0xFA80, 0xFAA0, 0xFAC0, 0xFAA0, 0xFAA0, 0xFA80, 0xFA60, 0xFA80, 0xFAA0,
    0xFAA0, 0xFAC0, 0xFAE0, 0xFAE0, 0xFAE0, 0xFAC0, 0xFAA0, 0xFAA0, 0xFAA0, 0xFAA0, 0xFAC0, 0xFAC0,
    0xFAA0, 0xFAA0, 0xFAA0, 0xFAA0, 0xFAA0, 0xFAA0, 0xFAA0, 0xFAC0, 0xFA60, 0x4800, 0x008A, 0x0026,
    0x92C3, 0xFB00, 0xFAA0, 0xF2A0, 0xF2E0, 0xFB00, 0xFB20, 0xF280, 0x2820, 0x0045, 0x0024, 0x0024,
    0x0001, 0x8AC3, 0xFB00, 0xFAA0, 0xFAC0, 0xFAC0, 0xFAC0, 0xFAC0, 0xFAE0, 0x7080, 0x0002, 0x0001,
    0x6222, 0xFB00, 0xF260, 0xFAC0, 0xD200, 0xF280, 0xFA60, 0xFA60, 0xD180, 0xB100, 0xE980, 0xD160,
    0xC940, 0xC120, 0x8860, 0xD1A0, 0xFA80, 0xE1E0, 0xD960, 0xF1E0, 0xD120, 0x6840, 0x0002, 0x0004,
    0x0003, 0x0021, 0x006A, 0x3141, 0xF321, 0xF260, 0xFAA0, 0xFA80, 0xFA60, 0xFA40, 0xFA60, 0xF9E0,
    0x2800, 0x0068, 0x00AC, 0x008B, 0x008B, 0x0001, 0x0000, 0x0000, 0x0000, 0x0000, 0x0000, 0x0000,
    0x0000, 0x0000, 0x0000, 0x0000, 0x0000, 0x0000, 0x0000, 0x0000, 0x0000, 0x0000, 0x0000, 0x0000,
    0x0000, 0x0000, 0x0000, 0x0000, 0x0000, 0x0000, 0x0000, 0x0000, 0x0000, 0x0000, 0x0000, 0x0000,
    0x0000, 0x0065, 0x008C, 0x6180, 0xFA21, 0xF1A0, 0xC920, 0xC960, 0xD9A0, 0xB920, 0xFA20, 0xFA40,
    0xFA20, 0xEA20, 0xD9E0, 0xA100, 0xD9A0, 0xEA00, 0xFA61, 0xEA00, 0xFA20, 0xFA00, 0xF200, 0xFA20,
    0xFA20, 0xFA20, 0xFA20, 0xFA40, 0xFA40, 0xFA60, 0xFA80, 0xFA40, 0xFA60, 0xFA80, 0xFAA0, 0xE1C0,
    0x0800, 0x0068, 0x0002, 0xA2A0, 0xFAA0, 0xFA60, 0xFA60, 0xFA80, 0xFAA0, 0xFAC0, 0xB1A0, 0x0000,
    0x0001, 0x0001, 0x0003, 0x0022, 0xCB43, 0xFA80, 0xFA80, 0xFA80, 0xFAA0, 0xFA80, 0xFAC0, 0xDA20,
    0x0800, 0x0002, 0x4181, 0xFAE1, 0xFA20, 0xFA60, 0xFA60, 0xFA60, 0xFA80, 0xFA81, 0x5060, 0x0047,
    0x0047, 0x0003, 0x0024, 0x0024, 0x0024, 0x0024, 0x0024, 0x0024, 0x0024, 0x0824, 0x0000, 0x9260,
    0xFAE0, 0xFA60, 0xEA60, 0xEA40, 0xFA80, 0xFAC0, 0xFAA0, 0xFA80, 0xF2A0, 0xF2A0, 0xFAA0, 0xFAA0,
    0xFAA0, 0xFAC0, 0xFAC0, 0xFAC0, 0xFAE0, 0xFAE0, 0xFAE0, 0xFB20, 0xB980, 0x0001, 0x00AB, 0x0006,
    0x4960, 0xFB21, 0xFA80, 0xFAA0, 0xFAA0, 0xF280, 0xFAA0, 0xFAA0, 0xFA80, 0xFAA0, 0xFA80, 0xFA80,
    0xFA80, 0xF2A0, 0xFAA0, 0xF2A0, 0xFAA0, 0xF2A0, 0xFA80, 0xFA80, 0xFA80, 0xF280, 0xFA80, 0xFA80,
    0xFA80, 0xFAA0, 0xFA80, 0xFA80, 0xFA80, 0xFA80, 0xFA80, 0xFAC0, 0xD1A0, 0x0001, 0x0027, 0x0881,
    0xE343, 0xFAA0, 0xFAC0, 0xF2A0, 0xFAC0, 0xFAC0, 0xFB00, 0xB980, 0x0001, 0x0069, 0x0025, 0x0003,
    0x0881, 0xDBA3, 0xFAA0, 0xFAE0, 0xFAA0, 0xF2A0, 0xF2A0, 0xFAC0, 0xEA00, 0x1800, 0x0001, 0x20E0,
    0xEB42, 0xF260, 0xFAC0, 0xF260, 0xF280, 0xEA60, 0xD1A0, 0xD1A0, 0xA900, 0xB920, 0xF1C0, 0xB0C0,
    0x9060, 0xD100, 0xD140, 0xB0E0, 0xF1E0, 0xB920, 0xB0E0, 0xE9C0, 0xE940, 0x7860, 0x0002, 0x0003,
    0x0001, 0x0065, 0x0046, 0x92C3, 0xFB00, 0xFA80, 0xFAA0, 0xFA60, 0xFA40, 0xF240, 0xFA80, 0xB0E0,
    0x0001, 0x008B, 0x008A, 0x00AC, 0x0066, 0x0000, 0x0000, 0x0000, 0x0000, 0x0000, 0x0000, 0x0000,
    0x0000, 0x0000, 0x0000, 0x0000, 0x0000, 0x0000, 0x0000, 0x0000, 0x0000, 0x0000, 0x0000, 0x0000,
    0x0000, 0x0000, 0x0000, 0x0000, 0x0000, 0x0000, 0x0000, 0x0000, 0x0000, 0x0000, 0x0000, 0x0000,
    0x0000, 0x010E, 0x0085, 0xCA00, 0xE980, 0xE9C0, 0xA900, 0xE9E0, 0xF220, 0xEA00, 0xD9C0, 0xE1E0,
    0xFA40, 0xFAA0, 0xA940, 0xB140, 0xFA40, 0xFA60, 0xF261, 0xF220, 0xFA20, 0xFA20, 0xFA20, 0xFA40,
    0xFA40, 0xFA60, 0xFA60, 0xFA60, 0xFA40, 0xFA80, 0xEA60, 0xFA60, 0xFA60, 0xFA80, 0xFAC0, 0x80A0,
    0x0004, 0x0028, 0x10A0, 0xEB21, 0xFA40, 0xFAA0, 0xFAA0, 0xFAA0, 0xFAA0, 0xFAE0, 0xB200, 0x71A1,
    0x8201, 0x8222, 0x7A02, 0x9242, 0xFB21, 0xFAA0, 0xFAA0, 0xFAA0, 0xFAC0, 0xFAA0, 0xFAE0, 0x8100,
    0x0002, 0x0001, 0xA2C2, 0xFA80, 0xFA80, 0xFA80, 0xFAA0, 0xFA80, 0xFAA0, 0xD1A0, 0x0800, 0x00AB,
    0x008B, 0x0025, 0x0004, 0x0024, 0x0024, 0x0004, 0x0004, 0x0025, 0x0024, 0x0001, 0x51A0, 0xFAE0,
    0xFA60, 0xFAA0, 0xEA80, 0xFAA0, 0xFAA0, 0xFAA0, 0xFAA0, 0xFAA0, 0xFAC0, 0xFAC0, 0xFAC0, 0xFAC0,
    0xFAC0, 0xFAE0, 0xF2E0, 0xFAE0, 0xFAE0, 0xFB00, 0xFB00, 0xFB00, 0x5860, 0x0004, 0x00AD, 0x0023,
    0xAAC0, 0xFAE0, 0xFAC0, 0xFAC0, 0xEAA0, 0xF2A0, 0xFAE0, 0xF2C0, 0xFAA0, 0xFAC0, 0xFAC0, 0xFAC0,
    0xFAC0, 0xFAC0, 0xF2C0, 0xF2C0, 0xFAC0, 0xFAC0, 0xF2C0, 0xFAC0, 0xFAC0, 0xFAA0, 0xFAA0, 0xFAC0,
    0xFAC0, 0xFAC0, 0xFAA0, 0xFAA0, 0xFAA0, 0xFAA0, 0xFAC0, 0xFAA0, 0x7060, 0x0025, 0x0006, 0x59C1,
    0xFB01, 0xFAA0, 0xFAC0, 0xF2A0, 0xFB00, 0xFAE0, 0xFAC0, 0x5040, 0x0004, 0x0069, 0x0047, 0x0000,
    0x5224, 0xFB81, 0xFAC0, 0xFAC0, 0xE2C0, 0xF2E0, 0xF2C0, 0xFAC0, 0x98C0, 0x0000, 0x0021, 0xB322,
    0xFAA0, 0xEAA0, 0xF2A0, 0xDA60, 0xFAA0, 0xF280, 0xC160, 0xC920, 0xC940, 0xD180, 0xE180, 0xC100,
    0x9080, 0x8060, 0xC120, 0xE1A0, 0xF1C0, 0xB8E0, 0xC940, 0xC940, 0xE120, 0x5840, 0x0002, 0x0003,
    0x0000, 0x0026, 0x18E2, 0xEB83, 0xFA80, 0xFAE0, 0xF2A0, 0xEA60, 0xFA40, 0xFA80, 0xFA60, 0x4820,
    0x0026, 0x008B, 0x008A, 0x008B, 0x0002, 0x0000, 0x0000, 0x0000, 0x0000, 0x0000, 0x0000, 0x0000,
    0x0000, 0x0000, 0x0000, 0x0000, 0x0000, 0x0000, 0x0000, 0x0000, 0x0000, 0x0000, 0x0000, 0x0000,
    0x0000, 0x0000, 0x0000, 0x0000, 0x0000, 0x0000, 0x0000, 0x0000, 0x0000, 0x0000, 0x0000, 0x0000,
    0x0023, 0x010E, 0x3860, 0xF160, 0xF1A0, 0xE120, 0xC8E0, 0xF1A0, 0xF1E0, 0xFA00, 0xE1A0, 0xD980,
    0xFA20, 0xFA41, 0xC140, 0xE980, 0xF9E0, 0xF9E0, 0xF1E0, 0xF9E0, 0xF9C0, 0xF9C0, 0xF9E0, 0xF9E0,
    0xF9E0, 0xF9E0, 0xF9E0, 0xF9E0, 0xF9E0, 0xF1E0, 0xF1C0, 0xFA00, 0xFA20, 0xFA40, 0xF1C0, 0x1800,
    0x0067, 0x0004, 0x7201, 0xFA80, 0xFA00, 0xFA40, 0xFA20, 0xFA20, 0xFA20, 0xFA00, 0xFA20, 0xFA80,
    0xFA60, 0xFA60, 0xFA20, 0xFA20, 0xFA20, 0xFA40, 0xFA40, 0xFA40, 0xFA40, 0xFA40, 0xF1E0, 0x2000,
    0x0002, 0x18C2, 0xF2E3, 0xF9E0, 0xFA00, 0xF9E0, 0xFA20, 0xFA20, 0xFA61, 0x78A0, 0x0003, 0x00AB,
    0x00AC, 0x0068, 0x0026, 0x0026, 0x0025, 0x0026, 0x0025, 0x0025, 0x0003, 0x20C0, 0xF2E2, 0xFA00,
    0xFA00, 0xE9C0, 0xFA20, 0xFA40, 0xFA20, 0xFA20, 0xEA00, 0xDA00, 0xDA00, 0xD9E0, 0xD9E0, 0xDA00,
    0xE220, 0xFA40, 0xFA40, 0xFA60, 0xFA40, 0xFA40, 0xFA80, 0xE9E1, 0x1000, 0x0047, 0x0028, 0x20C1,
    0xF302, 0xFA40, 0xF220, 0xFA40, 0xF220, 0xFA40, 0xFA20, 0xFA20, 0xFA20, 0xFA40, 0xFA40, 0xFA40,
    0xFA40, 0xFA40, 0xFA40, 0xFA40, 0xFA20, 0xFA40, 0xFA60, 0xFA60, 0xFA40, 0xFA20, 0xFA20, 0xFA40,
    0xFA40, 0xFA40, 0xFA20, 0xFA20, 0xFA20, 0xFA20, 0xFA40, 0xF1A0, 0x1800, 0x0047, 0x0022, 0xBAC3,
    0xFA40, 0xFA20, 0xFA00, 0xFA40, 0xFA60, 0xFA80, 0xE1C0, 0x0800, 0x0067, 0x0069, 0x0068, 0x0021,
    0xB304, 0xFA80, 0xF240, 0xFA60, 0xEA80, 0xFA40, 0xFA40, 0xF200, 0x3820, 0x0000, 0x6981, 0xFAC1,
    0xF220, 0xF240, 0xDA20, 0xE1C0, 0xF9E0, 0xF9E0, 0xE980, 0xC920, 0xC960, 0xB100, 0xD160, 0xC900,
    0xA880, 0xA8A0, 0xC8A0, 0xF9E0, 0xF200, 0xF180, 0xF180, 0xC0E0, 0xE0E0, 0x3800, 0x0001, 0x0002,
    0x0024, 0x0025, 0x69A1, 0xF9C1, 0xE9C0, 0xF240, 0xF201, 0xF1E0, 0xF1C0, 0xF9E0, 0xD120, 0x0000,
    0x0068, 0x0069, 0x008A, 0x0068, 0x0000, 0x0000, 0x0000, 0x0000, 0x0000, 0x0000, 0x0000, 0x0000,
    0x0000, 0x0000, 0x0000, 0x0000, 0x0000, 0x0000, 0x0000, 0x0000, 0x0000, 0x0000, 0x0000, 0x0000,
    0x0000, 0x0000, 0x0000, 0x0000, 0x0000, 0x0000, 0x0000, 0x0000, 0x0000, 0x0000, 0x0000, 0x0000,
    0x00CB, 0x0066, 0x9820, 0xE821, 0xF021, 0xC800, 0xE081, 0xF061, 0xF801, 0xF841, 0xE021, 0xF021,
    0xF821, 0xF821, 0xF021, 0xF821, 0xF001, 0xF001, 0xF801, 0xF821, 0xF821, 0xF821, 0xF821, 0xF801,
    0xF821, 0xF801, 0xF801, 0xF801, 0xF821, 0xF821, 0xF821, 0xF041, 0xF041, 0xF821, 0x9800, 0x0001,
    0x0048, 0x0061, 0xD1A3, 0xF821, 0xF861, 0xF861, 0xF861, 0xF841, 0xF861, 0xF061, 0xE841, 0xF841,
    0xF041, 0xF020, 0xF021, 0xF041, 0xF861, 0xF861, 0xF861, 0xF861, 0xF861, 0xF861, 0xA820, 0x0001,
    0x0002, 0x7122, 0xF862, 0xF001, 0xF021, 0xF021, 0xF821, 0xF821, 0xF041, 0x2000, 0x0068, 0x008B,
    0x00AC, 0x0089, 0x0003, 0x0023, 0x0023, 0x0003, 0x0024, 0x008A, 0x0000, 0xC8C2, 0xF801, 0xF821,
    0xF021, 0xD801, 0xF821, 0xF021, 0xF821, 0xE022, 0x1800, 0x0000, 0x0000, 0x0000, 0x0000, 0x0000,
    0xA143, 0xF861, 0xF041, 0xF841, 0xF861, 0xF861, 0xF841, 0x8800, 0x0002, 0x008B, 0x0024, 0x70A1,
    0xF842, 0xF021, 0xF821, 0xF821, 0xF021, 0xF821, 0xF821, 0xF821, 0xF821, 0xF821, 0xF821, 0xF821,
    0xF821, 0xF821, 0xF821, 0xF801, 0xF821, 0xF821, 0xF821, 0xF041, 0xF821, 0xF821, 0xF841, 0xF841,
    0xF841, 0xF841, 0xF841, 0xF841, 0xF841, 0xF021, 0xF841, 0xA000, 0x0001, 0x0005, 0x20A1, 0xF123,
    0xF821, 0xF841, 0xF821, 0xF821, 0xF021, 0xF841, 0x8800, 0x0003, 0x0069, 0x0069, 0x0006, 0x20A1,
    0xF102, 0xF820, 0xF881, 0xF0A1, 0xF081, 0xF061, 0xF860, 0xC041, 0x0000, 0x2061, 0xF102, 0xF840,
    0xF8A1, 0xF881, 0xF0A1, 0xE881, 0xF021, 0xF821, 0x4000, 0x0000, 0x0000, 0x0000, 0x0800, 0x0800,
    0x0820, 0xA8E2, 0xF020, 0xF821, 0xE801, 0xD021, 0xE821, 0xE021, 0xC000, 0x3800, 0x0002, 0x0003,
    0x0047, 0x0063, 0xC902, 0xF001, 0xF841, 0xF081, 0xE061, 0xF821, 0xE041, 0xF021, 0x6000, 0x0023,
    0x0069, 0x0068, 0x008A, 0x0023, 0x0000, 0x0000, 0x0000, 0x0000, 0x0000, 0x0000, 0x0000, 0x0000,
    0x0000, 0x0000, 0x0000, 0x0000, 0x0000, 0x0000, 0x0000, 0x0000, 0x0000, 0x0000, 0x0000, 0x0000,
    0x0000, 0x0000, 0x0000, 0x0000, 0x0000, 0x0000, 0x0000, 0x0000, 0x0000, 0x0000, 0x0000, 0x0001,
    0x010D, 0x1800, 0xE041, 0xF001, 0xE801, 0xC021, 0xF041, 0xF800, 0xE801, 0xF021, 0xE841, 0xF820,
    0xF821, 0xF021, 0xF821, 0xF821, 0xF821, 0xF821, 0xF821, 0xF821, 0xF821, 0xF021, 0xF821, 0xF821,
    0xF821, 0xF821, 0xF821, 0xF821, 0xF821, 0xF841, 0xF841, 0xF821, 0xF821, 0xF821, 0x3800, 0x0045,
    0x0004, 0x4902, 0xF8E2, 0xF821, 0xF861, 0xF841, 0xF841, 0xF861, 0xF881, 0xE041, 0xE800, 0xF020,
    0xF840, 0xF841, 0xF861, 0xF861, 0xF861, 0xF861, 0xF861, 0xF861, 0xF861, 0xF861, 0x4800, 0x0002,
    0x0021, 0xC8E2, 0xF801, 0xF021, 0xF821, 0xF821, 0xF021, 0xF821, 0xA000, 0x0002, 0x008B, 0x008B,
    0x00AC, 0x0024, 0x0000, 0x0000, 0x0000, 0x0000, 0x00ED, 0x0046, 0x88C1, 0xF822, 0xF001, 0xF821,
    0xF021, 0xF841, 0xF821, 0xF821, 0xF821, 0x4000, 0x0002, 0x0024, 0x0003, 0x0003, 0x0002, 0x1081,
    0xE8E2, 0xF801, 0xF841, 0xF841, 0xF841, 0xF841, 0xF841, 0x2800, 0x0024, 0x006B, 0x0041, 0xD082,
    0xF801, 0xF021, 0xF821, 0xF821, 0xF021, 0xF821, 0xF841, 0xF841, 0xF821, 0xF841, 0xF841, 0xF841,
    0xF841, 0xF821, 0xF821, 0xF821, 0xF841, 0xF821, 0xF841, 0xF841, 0xF841, 0xF841, 0xF841, 0xF841,
    0xF841, 0xF841, 0xF841, 0xF841, 0xF841, 0xF841, 0xF842, 0x4000, 0x0024, 0x0002, 0x7942, 0xF842,
    0xF021, 0xF841, 0xF841, 0xF841, 0xF841, 0xF841, 0x2800, 0x0046, 0x0068, 0x0068, 0x0002, 0x8122,
    0xF861, 0xF061, 0xF881, 0xF081, 0xF081, 0xF081, 0xF881, 0x6800, 0x0000, 0xC122, 0xF841, 0xF040,
    0xF860, 0xF061, 0xF081, 0xE081, 0xF841, 0x7000, 0x0001, 0x0003, 0x0003, 0x0003, 0x0003, 0x0002,
    0x1061, 0xD0C2, 0xD820, 0xF821, 0xF001, 0xF001, 0xE001, 0xC801, 0xD000, 0x2000, 0x0003, 0x0825,
    0x0026, 0x40E1, 0xF8A2, 0xF001, 0xF841, 0xE041, 0xE841, 0xF841, 0xF841, 0xD821, 0x0800, 0x0067,
    0x0089, 0x0089, 0x0067, 0x0000, 0x0000, 0x0000, 0x0000, 0x0000, 0x0000, 0x0000, 0x0000, 0x0000,
    0x0000, 0x0000, 0x0000, 0x0000, 0x0000, 0x0000, 0x0000, 0x0000, 0x0000, 0x0000, 0x0000, 0x0000,
    0x0000, 0x0000, 0x0000, 0x0000, 0x0000, 0x0000, 0x0000, 0x0000, 0x0000, 0x0000, 0x0000, 0x00A8,
    0x00A9, 0x8820, 0xE821, 0xD801, 0xE801, 0xE841, 0xE041, 0xE800, 0xE801, 0xE041, 0xF841, 0xF800,
    0xE821, 0xE821, 0xF821, 0xF821, 0xF821, 0xF821, 0xF841, 0xF821, 0xF821, 0xF021, 0xF821, 0xF821,
    0xF821, 0xF821, 0xF841, 0xF841, 0xF821, 0xF801, 0xF801, 0xF021, 0xF841, 0xC821, 0x0000, 0x0048,
    0x0021, 0xA963, 0xF821, 0xF021, 0xF821, 0xF821, 0xF841, 0xF841, 0xF841, 0xE821, 0xE801, 0xE801,
    0xF821, 0xF841, 0xF841, 0xF841, 0xF821, 0xF821, 0xF841, 0xF821, 0xF821, 0xD001, 0x0000, 0x0002,
    0x40C1, 0xF882, 0xF801, 0xF821, 0xF821, 0xF821, 0xF821, 0xF842, 0x4000, 0x0045, 0x008A, 0x008A,
    0x008A, 0x0000, 0x0000, 0x0000, 0x0000, 0x00AA, 0x00AB, 0x50A0, 0xF882, 0xF801, 0xF821, 0xE821,
    0xF021, 0xF821, 0xF021, 0xF821, 0x8000, 0x0000, 0x0026, 0x0025, 0x0003, 0x0004, 0x0001, 0x60E2,
    0xF862, 0xF001, 0xF821, 0xF821, 0xF821, 0xF841, 0xB801, 0x0001, 0x0069, 0x0025, 0x4881, 0xF862,
    0xF801, 0xF021, 0xF821, 0xF021, 0xF821, 0xF821, 0xF821, 0xF821, 0xF821, 0xF821, 0xF821, 0xF821,
    0xF821, 0xF821, 0xF821, 0xF821, 0xF821, 0xF841, 0xF841, 0xF841, 0xF841, 0xF841, 0xF841, 0xF841,
    0xF841, 0xF841, 0xF821, 0xF821, 0xF821, 0xF842, 0xD001, 0x0000, 0x0027, 0x0061, 0xD144, 0xF801,
    0xF821, 0xF801, 0xF821, 0xF041, 0xF842, 0xC021, 0x0001, 0x0068, 0x0068, 0x0026, 0x0861, 0xD943,
    0xF821, 0xF861, 0xF840, 0xF061, 0xF840, 0xF861, 0xF061, 0x0000, 0x6860, 0xF081, 0xE840, 0xF061,
    0xF061, 0xF020, 0xE820, 0xF021, 0xB801, 0x0000, 0x0025, 0x0025, 0x0003, 0x0003, 0x0023, 0x0002,
    0x2061, 0xE061, 0xD000, 0xF021, 0xD820, 0xE041, 0xF021, 0xD800, 0xB800, 0x1800, 0x0002, 0x0003,
    0x0022, 0xA942, 0xF821, 0xF021, 0xF821, 0xF041, 0xE001, 0xB801, 0xD001, 0x7800, 0x0001, 0x0004,
    0x0003, 0x0002, 0x0000, 0x0820, 0x18A0, 0x20C0, 0x3120, 0x2900, 0x1880, 0x20A0, 0x1040, 0x0000,
    0x0000, 0x0000, 0x0000, 0x0000, 0x0000, 0x0000, 0x0000, 0x0000, 0x0000, 0x0000, 0x0000, 0x0000,
    0x0000, 0x0000, 0x0000, 0x0000, 0x0000, 0x0000, 0x0000, 0x0000, 0x0000, 0x0000, 0x0000, 0x010F,
    0x1022, 0xD040, 0xE821, 0xE821, 0xD000, 0xE001, 0xC800, 0xF001, 0xF821, 0xE821, 0xF821, 0xF001,
    0xE801, 0xF021, 0xF821, 0xF021, 0xF021, 0xF821, 0xF821, 0xF001, 0xF021, 0xF001, 0xF021, 0xF021,
    0xF001, 0xF821, 0xF821, 0xF021, 0xF021, 0xF001, 0xF001, 0xF001, 0xF842, 0x6800, 0x0024, 0x0005,
    0x20A1, 0xF0E3, 0xF800, 0xF001, 0xF001, 0xF021, 0xF001, 0xF001, 0xF001, 0xF021, 0xF821, 0xF821,
    0xF021, 0xF001, 0xF001, 0xF001, 0xF001, 0xF001, 0xF801, 0xF021, 0xF822, 0x7000, 0x0002, 0x0002,
    0xA103, 0xF801, 0xF001, 0xF001, 0xF001, 0xF001, 0xF822, 0xD021, 0x0000, 0x0069, 0x0089, 0x008A,
    0x0045, 0x0000, 0x0000, 0x0000, 0x0066, 0x0110, 0x1860, 0xE8E3, 0xF001, 0xF021, 0xF021, 0xE821,
    0xF801, 0xF021, 0xF822, 0xC021, 0x0000, 0x0025, 0x0047, 0x0026, 0x0024, 0x0004, 0x0021, 0xC103,
    0xF801, 0xF021, 0xF001, 0xF001, 0xF021, 0xF821, 0x5800, 0x0024, 0x006A, 0x0022, 0xA0A2, 0xF801,
    0xF021, 0xF821, 0xF001, 0xF021, 0xF021, 0xF021, 0xF021, 0xF021, 0xF021, 0xF001, 0xF001, 0xF001,
    0xF001, 0xF021, 0xF021, 0xF021, 0xF021, 0xF021, 0xF021, 0xF021, 0xF021, 0xF021, 0xF021, 0xF021,
    0xF021, 0xF821, 0xF821, 0xF821, 0xF021, 0xF822, 0x7000, 0x0023, 0x0005, 0x4102, 0xF8C3, 0xF001,
    0xF021, 0xF021, 0xF021, 0xF021, 0xF821, 0x5800, 0x0044, 0x0069, 0x0089, 0x0003, 0x4922, 0xF8C3,
    0xF001, 0xF021, 0xF041, 0xF041, 0xF041, 0xF841, 0x9000, 0x2020, 0xF041, 0xD821, 0xE041, 0xE020,
    0xF000, 0xF821, 0xF821, 0xC821, 0x1020, 0x0023, 0x0026, 0x0004, 0x0002, 0x0003, 0x0004, 0x0002,
    0x4861, 0xF821, 0xD800, 0xE021, 0xD821, 0xE821, 0xF021, 0xE821, 0x9000, 0x0000, 0x0000, 0x3160,
    0x1040, 0xC8A2, 0xF821, 0xF821, 0xB001, 0x3800, 0x1000, 0x18A0, 0x0800, 0x2080, 0x39A0, 0x6280,
    0x8360, 0xAC60, 0xC4E0, 0xDDC0, 0xEE00, 0xE5C0, 0xD5A0, 0xB4C0, 0x8360, 0x41C0, 0x18A0, 0x0000,
    0x0000, 0x0000, 0x0000, 0x0000, 0x0000, 0x0000, 0x0000, 0x0000, 0x0000, 0x0000, 0x0000, 0x0000,
    0x0000, 0x0000, 0x0000, 0x0000, 0x0000, 0x0000, 0x0000, 0x0000, 0x0000, 0x0000, 0x0086, 0x00EC,
    0x7020, 0xF822, 0xE801, 0xC801, 0xD000, 0xF001, 0xE001, 0xD801, 0xF882, 0xF801, 0xF821, 0xE821,
    0xE021, 0xF821, 0xF801, 0xF801, 0xF801, 0xF801, 0xF801, 0xF821, 0xF821, 0xF821, 0xF821, 0xF821,
    0xF821, 0xF801, 0xF801, 0xF821, 0xF801, 0xF801, 0xF801, 0xF801, 0xD801, 0x1000, 0x0069, 0x0003,
    0x90E2, 0xF822, 0xF801, 0xF821, 0xF801, 0xF801, 0xF821, 0xF821, 0xF821, 0xF821, 0xF821, 0xF821,
    0xF821, 0xF801, 0xF801, 0xF821, 0xF821, 0xF821, 0xF821, 0xF801, 0xF021, 0x1820, 0x0003, 0x20A1,
    0xF8E3, 0xF801, 0xF821, 0xF821, 0xF821, 0xF821, 0xF801, 0x7000, 0x0023, 0x008A, 0x0089, 0x008A,
    0x0001, 0x0000, 0x0000, 0x0022, 0x0130, 0x0842, 0xD143, 0xF801, 0xF801, 0xF801, 0xF801, 0xF801,
    0xF821, 0xF821, 0xE801, 0x2000, 0x0025, 0x0068, 0x0047, 0x0047, 0x0026, 0x0003, 0x38A1, 0xF883,
    0xF801, 0xF821, 0xF821, 0xF821, 0xF801, 0xE801, 0x1000, 0x0046, 0x0025, 0x2860, 0xF882, 0xF801,
    0xF801, 0xF821, 0xF821, 0xF821, 0xF801, 0xF821, 0xF821, 0xF821, 0xF821, 0xF821, 0xF821, 0xF821,
    0xF821, 0xF821, 0xF821, 0xF821, 0xF821, 0xF821, 0xF821, 0xF821, 0xF821, 0xF821, 0xF821, 0xF821,
    0xF821, 0xF821, 0xF821, 0xF821, 0xF821, 0xF821, 0x1800, 0x0025, 0x0021, 0xB123, 0xF801, 0xF801,
    0xF821, 0xF821, 0xF821, 0xF821, 0xE001, 0x0800, 0x0047, 0x0089, 0x0026, 0x0001, 0xB183, 0xF801,
    0xF801, 0xF821, 0xF821, 0xF801, 0xF821, 0xF801, 0x4800, 0xB821, 0xF801, 0xF000, 0xD021, 0xE021,
    0xE001, 0xA801, 0x7000, 0x2800, 0x0000, 0x0000, 0x0820, 0x1060, 0x1880, 0x2080, 0x20A0, 0x0000,
    0x1800, 0xB001, 0xF801, 0xF801, 0xE801, 0xF000, 0xC801, 0x5000, 0x0820, 0x41A0, 0xAC80, 0xBCA0,
    0x0000, 0x8001, 0xE001, 0x6801, 0x2940, 0x83C0, 0xD580, 0xDD80, 0xC500, 0xEE20, 0xFEC0, 0xFEE0,
    0xFEC0, 0xFEA0, 0xFEA0, 0xFE80, 0xFE40, 0xEE00, 0xC500, 0x6A80, 0x20E0, 0x0000, 0x0000, 0x0000,
    0x0000, 0x0000, 0x0000, 0x0000, 0x0000, 0x0000, 0x0000, 0x0000, 0x0000, 0x0000, 0x0000, 0x0000,
    0x0000, 0x0000, 0x0000, 0x0000, 0x0000, 0x0000, 0x0000, 0x0000, 0x0000, 0x0000, 0x00ED, 0x0044,
    0xC021, 0xF001, 0xF001, 0xD000, 0xF801, 0xE021, 0xE001, 0xE821, 0xE000, 0xF001, 0xF821, 0xE021,
    0xF001, 0xE001, 0xD801, 0xD801, 0xD801, 0xD801, 0xD001, 0xD001, 0xD001, 0xD821, 0xD821, 0xD801,
    0xD801, 0xD001, 0xD001, 0xD001, 0xD800, 0xD801, 0xD801, 0xC001, 0x2000, 0x0024, 0x0069, 0x0000,
    0x8021, 0xD001, 0xC000, 0xC801, 0xC800, 0xC800, 0xC801, 0xC821, 0xC821, 0xC000, 0xC001, 0xC001,
    0xC001, 0xC800, 0xC800, 0xC801, 0xC801, 0xC001, 0xC001, 0xB801, 0x3800, 0x0023, 0x0003, 0x58A1,
    0xD021, 0xC000, 0xC001, 0xC801, 0xC821, 0xC801, 0xC001, 0x1800, 0x0047, 0x0069, 0x008A, 0x0067,
    0x0000, 0x0000, 0x0000, 0x0044, 0x0022, 0x5840, 0xD041, 0xC800, 0xC021, 0xB800, 0xC000, 0xC001,
    0xC001, 0xC801, 0x4800, 0x0002, 0x0069, 0x0068, 0x0068, 0x0068, 0x0023, 0x0022, 0x6840, 0xC801,
    0xB800, 0xC001, 0xC021, 0xB821, 0xC001, 0x7000, 0x0001, 0x0047, 0x0003, 0x2000, 0xC821, 0xC801,
    0xC001, 0xB800, 0xB800, 0xC800, 0xC021, 0xC801, 0xC801, 0xC000, 0xC000, 0xC001, 0xC001, 0xC801,
    0xC801, 0xC801, 0xC801, 0xC001, 0xC801, 0xC801, 0xC801, 0xC801, 0xC801, 0xC801, 0xC801, 0xC801,
    0xC001, 0xC801, 0xC821, 0xC001, 0xC801, 0x7801, 0x0000, 0x0001, 0x0000, 0x6801, 0xC801, 0xC821,
    0xC801, 0xC801, 0xB801, 0xC801, 0x7800, 0x0023, 0x008B, 0x0025, 0x28C0, 0x2920, 0x9041, 0xC001,
    0xC001, 0xB801, 0xC000, 0xC800, 0xC000, 0x7000, 0x5000, 0xC000, 0xC000, 0xB021, 0xA001, 0x4800,
    0x1000, 0x0840, 0x10E0, 0x4A40, 0x93C0, 0xBD00, 0xDDA0, 0xEDE0, 0xEE00, 0xEDC0, 0xDD40, 0xD560,
    0x8360, 0x0000, 0x9001, 0xB800, 0xA000, 0x6000, 0x0000, 0x4220, 0xC500, 0xFEE0, 0xFF40, 0xC500,
    0x41E0, 0x1840, 0x28A0, 0x5280, 0xEE00, 0xFF20, 0xFEA0, 0xFEA0, 0xFEC0, 0xFE80, 0xFE60, 0xFE40,
    0xFE20, 0xFE20, 0xFE20, 0xF5E0, 0xF620, 0xDDA0, 0x9BE0, 0x5A40, 0x28C0, 0x4801, 0x2800, 0x0000,
    0x0000, 0x0000, 0x0000, 0x0000, 0x0000, 0x0000, 0x0000, 0x0000, 0x0000, 0x0000, 0x0000, 0x0000,
    0x0000, 0x0000, 0x0000, 0x0000, 0x0000, 0x0000, 0x0000, 0x0000, 0x0000, 0x0043, 0x00EC, 0x4800,
    0xE821, 0xF001, 0xE801, 0xE821, 0xF821, 0xF801, 0xE001, 0xD001, 0xE001, 0xF821, 0xF821, 0xC000,
    0x5000, 0x0000, 0x0800, 0x0800, 0x0000, 0x0000, 0x0000, 0x0000, 0x0000, 0x0000, 0x0000, 0x0000,
    0x0000, 0x0000, 0x0000, 0x0800, 0x0000, 0x0000, 0x0000, 0x0000, 0x0045, 0x00AC, 0x008A, 0x0024,
    0x0000, 0x0000, 0x0000, 0x0000, 0x0000, 0x0000, 0x0000, 0x0000, 0x0000, 0x0000, 0x0000, 0x0000,
    0x0000, 0x0000, 0x0000, 0x0000, 0x0000, 0x0000, 0x0000, 0x0000, 0x0023, 0x0047, 0x0002, 0x0000,
    0x0000, 0x0000, 0x0000, 0x0000, 0x0000, 0x0000, 0x0000, 0x0023, 0x008B, 0x008A, 0x008A, 0x0022,
    0x0000, 0x0000, 0x0000, 0x0000, 0x0000, 0x0000, 0x0001, 0x0001, 0x0000, 0x0000, 0x0000, 0x0000,
    0x0000, 0x0000, 0x0001, 0x0068, 0x0069, 0x0069, 0x008A, 0x0045, 0x0000, 0x0000, 0x0000, 0x0000,
    0x0000, 0x0000, 0x0000, 0x0000, 0x0001, 0x0000, 0x0046, 0x0068, 0x0047, 0x0001, 0x0000, 0x0000,
    0x0000, 0x0000, 0x0000, 0x0000, 0x0000, 0x0000, 0x0000, 0x0000, 0x0000, 0x0000, 0x0000, 0x0000,
    0x0000, 0x0000, 0x0000, 0x0000, 0x0000, 0x0000, 0x0000, 0x0000, 0x0000, 0x0000, 0x0000, 0x0000,
    0x0000, 0x0001, 0x0000, 0x0000, 0x0000, 0x2100, 0xC500, 0xBCE0, 0x93E0, 0x2960, 0x0820, 0x0000,
    0x0000, 0x0000, 0x0000, 0x0000, 0x0000, 0x0068, 0x0046, 0x0000, 0xAC40, 0x4180, 0x0000, 0x20E0,
    0x0020, 0x0000, 0x0000, 0x0000, 0x0000, 0x0001, 0x0000, 0x0000, 0x0000, 0x0000, 0x1080, 0x6300,
    0xAC60, 0xD560, 0xFE60, 0xFEE0, 0xFEE0, 0xFEC0, 0xFEA0, 0xFE80, 0xFE60, 0xFE60, 0xF5C0, 0xFE20,
    0xFE60, 0x8B80, 0x0040, 0x0000, 0x0000, 0x0000, 0x93C0, 0xFEC0, 0xFEE0, 0xFE80, 0xF660, 0xD580,
    0xA460, 0x0000, 0x5A40, 0xFF20, 0xFE80, 0xF620, 0xFE60, 0xFE60, 0xFE60, 0xFE80, 0xFE60, 0xFE20,
    0xFE40, 0xFE40, 0xFE20, 0xFE40, 0xFE40, 0x8320, 0x1040, 0x0000, 0x4801, 0x7001, 0x1800, 0x0800,
    0x0000, 0x0000, 0x0000, 0x0000, 0x0000, 0x0000, 0x0000, 0x0000, 0x0000, 0x0000, 0x0000, 0x0000,
    0x0000, 0x0000, 0x0000, 0x0000, 0x0000, 0x0000, 0x0000, 0x0000, 0x0000, 0x00CB, 0x0065, 0xA800,
    0xF001, 0xF001, 0xE801, 0xF021, 0xF001, 0xF801, 0xD801, 0xD801, 0xF842, 0xF821, 0x8800, 0x0800,
    0x0024, 0x0024, 0x0003, 0x0004, 0x0024, 0x0024, 0x0024, 0x0025, 0x0025, 0x0024, 0x0024, 0x0025,
    0x0025, 0x0025, 0x0025, 0x0025, 0x0025, 0x0024, 0x0025, 0x0025, 0x008A, 0x00AC, 0x008B, 0x0047,
    0x0024, 0x0025, 0x0024, 0x0024, 0x0024, 0x0024, 0x0024, 0x0024, 0x0024, 0x0024, 0x0024, 0x0024,
    0x0024, 0x0024, 0x0024, 0x0024, 0x0024, 0x0024, 0x0024, 0x0024, 0x0047, 0x0048, 0x0026, 0x0026,
    0x0046, 0x0025, 0x0024, 0x0024, 0x0024, 0x0024, 0x0003, 0x0025, 0x008B, 0x008B, 0x0068, 0x0000,
    0x0000, 0x0000, 0x0000, 0x0000, 0x0067, 0x0068, 0x0047, 0x0046, 0x0024, 0x0024, 0x0024, 0x0024,
    0x0024, 0x0024, 0x0047, 0x008B, 0x006A, 0x006A, 0x0067, 0x0000, 0x0000, 0x0001, 0x0046, 0x0046,
    0x0024, 0x0004, 0x0003, 0x0004, 0x0024, 0x0025, 0x008A, 0x008A, 0x0068, 0x0002, 0x0003, 0x0024,
    0x0025, 0x0025, 0x0025, 0x0024, 0x0024, 0x0024, 0x0024, 0x0024, 0x0025, 0x0025, 0x0024, 0x0024,
    0x0024, 0x0024, 0x0024, 0x0024, 0x0025, 0x0025, 0x0025, 0x0025, 0x0025, 0x0024, 0x0024, 0x0024,
    0x0025, 0x0025, 0x0044, 0x0002, 0x3960, 0xF640, 0xFEE0, 0xFEE0, 0xFF00, 0xFEC0, 0xAC60, 0x0000,
    0x0002, 0x0024, 0x0025, 0x0024, 0x0025, 0x0023, 0x0000, 0x5220, 0xFEC0, 0x93A0, 0x3940, 0xA460,
    0x0820, 0x0023, 0x0024, 0x0024, 0x0024, 0x0024, 0x0004, 0x0002, 0x18A0, 0x8B80, 0xEE20, 0xFF00,
    0xFEE0, 0xFEC0, 0xFEA0, 0xFE60, 0xFE40, 0xF620, 0xFE40, 0xFE60, 0xFE60, 0xFE00, 0xF5E0, 0xF600,
    0xF620, 0xFE80, 0x5A20, 0x0003, 0x0003, 0x3140, 0xFEE0, 0xFE80, 0xFE60, 0xFE80, 0xEDE0, 0xEDE0,
    0x6AA0, 0x49E0, 0xCD81, 0xFE80, 0xFE60, 0xFE40, 0xFE60, 0xFE80, 0xFE80, 0xFE80, 0xFE60, 0xFE60,
    0xFE40, 0xFE40, 0xFE60, 0xFEA0, 0xFF00, 0xBCC0, 0x4A20, 0x2020, 0x7801, 0x5801, 0x4000, 0x1800,
    0x0000, 0x0000, 0x0000, 0x0000, 0x0000, 0x0000, 0x0000, 0x0000, 0x0000, 0x0000, 0x0000, 0x0000,
    0x0000, 0x0000, 0x0000, 0x0000, 0x0000, 0x0000, 0x0000, 0x0000, 0x0001, 0x00EE, 0x3020, 0xF021,
    0xF001, 0xF001, 0xE801, 0xF001, 0xF001, 0xE801, 0xF801, 0xF801, 0xC800, 0x3800, 0x0043, 0x0046,
    0x0025, 0x0004, 0x0004, 0x0024, 0x0024, 0x0025, 0x0025, 0x0025, 0x0025, 0x0025, 0x0025, 0x0025,
    0x0026, 0x0026, 0x0025, 0x0025, 0x0026, 0x0046, 0x0046, 0x0026, 0x0048, 0x00AC, 0x00AD, 0x0067,
    0x0001, 0x0026, 0x0025, 0x0025, 0x0025, 0x0025, 0x0025, 0x0025, 0x0025, 0x0025, 0x0025, 0x0025,
    0x0025, 0x0025, 0x0025, 0x0025, 0x0025, 0x0025, 0x0025, 0x0025, 0x0025, 0x0069, 0x0048, 0x0025,
    0x0026, 0x0025, 0x0025, 0x0025, 0x0025, 0x0025, 0x0025, 0x0025, 0x008A, 0x00AC, 0x0024, 0x0000,
    0x0000, 0x0000, 0x0000, 0x0000, 0x0045, 0x008B, 0x0047, 0x0026, 0x0025, 0x0025, 0x0025, 0x0025,
    0x0025, 0x0025, 0x0025, 0x008A, 0x008B, 0x008B, 0x0001, 0x0000, 0x0000, 0x0000, 0x0025, 0x0046,
    0x0025, 0x0025, 0x0025, 0x0025, 0x0025, 0x0025, 0x0068, 0x008B, 0x0068, 0x0000, 0x0024, 0x0046,
    0x0026, 0x0025, 0x0025, 0x0025, 0x0025, 0x0025, 0x0025, 0x0025, 0x0025, 0x0025, 0x0025, 0x0025,
    0x0025, 0x0025, 0x0025, 0x0025, 0x0025, 0x0025, 0x0025, 0x0025, 0x0025, 0x0025, 0x0025, 0x0025,
    0x0025, 0x0003, 0x0820, 0x3940, 0xA420, 0xFEE0, 0xF640, 0xFE60, 0xF660, 0xFEC0, 0xBCE0, 0x6A80,
    0x0821, 0x0046, 0x0025, 0x0025, 0x0004, 0x1880, 0xA420, 0xDDA0, 0xFEC0, 0xCD40, 0xD540, 0xAC40,
    0x1020, 0x0824, 0x0045, 0x0025, 0x0025, 0x0023, 0x0840, 0x7B00, 0xEE20, 0xFF00, 0xFEA0, 0xFE60,
    0xFE60, 0xFE60, 0xFE80, 0xFE80, 0xFE60, 0xFE40, 0xFE40, 0xFE60, 0xFE40, 0xF5E0, 0xFE20, 0xFE60,
    0xF620, 0xFEA0, 0x9380, 0x0003, 0x0003, 0x8360, 0xFEE0, 0xF640, 0xFE80, 0xFE80, 0xF600, 0xFE20,
    0x2900, 0x5A40, 0xFF00, 0xFE60, 0xFE60, 0xFE40, 0xFE60, 0xFE80, 0xFE60, 0xFE60, 0xFE60, 0xFE80,
    0xFEC0, 0xFEC0, 0xF620, 0xC4E0, 0x9400, 0x39A0, 0x1800, 0x6001, 0x5000, 0x3000, 0x1000, 0x0000,
    0x0000, 0x0000, 0x0000, 0x0000, 0x0000, 0x0000, 0x0000, 0x0000, 0x0000, 0x0000, 0x0000, 0x0000,
    0x0000, 0x0000, 0x0000, 0x0000, 0x0000, 0x0000, 0x0000, 0x0000, 0x00A9, 0x00A9, 0x9040, 0xF802,
    0xF001, 0xF001, 0xF001, 0xF001, 0xE801, 0xF801, 0xF001, 0x7800, 0x0021, 0x0086, 0x0046, 0x0004,
    0x0003, 0x0004, 0x0024, 0x0025, 0x0025, 0x0025, 0x0026, 0x0026, 0x0026, 0x0026, 0x0046, 0x0046,
    0x0046, 0x0046, 0x0046, 0x0046, 0x0046, 0x0047, 0x0047, 0x0047, 0x0026, 0x00AD, 0x00CE, 0x0022,
    0x0000, 0x0025, 0x0047, 0x0046, 0x0046, 0x0046, 0x0046, 0x0046, 0x0046, 0x0046, 0x0046, 0x0046,
    0x0046, 0x0046, 0x0026, 0x0026, 0x0046, 0x0026, 0x0025, 0x0025, 0x0025, 0x008B, 0x0068, 0x0001,
    0x0047, 0x0046, 0x0046, 0x0046, 0x0046, 0x0026, 0x0026, 0x0025, 0x006A, 0x00AD, 0x0000, 0x0000,
    0x0000, 0x0000, 0x0000, 0x0000, 0x0000, 0x0069, 0x0068, 0x0046, 0x0047, 0x0046, 0x0046, 0x0046,
    0x0046, 0x0046, 0x0025, 0x0068, 0x00CD, 0x0045, 0x0000, 0x0000, 0x0000, 0x0000, 0x0002, 0x0047,
    0x0046, 0x0046, 0x0046, 0x0046, 0x0026, 0x0026, 0x0026, 0x008C, 0x0024, 0x0000, 0x0023, 0x0047,
    0x0046, 0x0046, 0x0046, 0x0046, 0x0046, 0x0046, 0x0046, 0x0046, 0x0046, 0x0046, 0x0046, 0x0046,
    0x0046, 0x0046, 0x0046, 0x0046, 0x0046, 0x0046, 0x0046, 0x0046, 0x0046, 0x0046, 0x0046, 0x0046,
    0x0025, 0x0820, 0xBCC0, 0xFEA0, 0xFE80, 0xFE80, 0xFE80, 0xFE80, 0xFE80, 0xFEA0, 0xCD20, 0xD580,
    0x2021, 0x1025, 0x0046, 0x0046, 0x0003, 0x51E0, 0xFEE0, 0xFEA0, 0xFE80, 0xF660, 0xFEC0, 0xBCA0,
    0x1840, 0x3802, 0x0045, 0x0046, 0x0047, 0x0003, 0x20C0, 0xEDE0, 0xFEA0, 0xF640, 0xFE60, 0xFE80,
    0xFE80, 0xFE80, 0xFE60, 0xFE60, 0xFEC0, 0xFF00, 0xFF00, 0xFEC0, 0xFE20, 0xFE20, 0xFE80, 0xFE80,
    0xFE60, 0xFEE0, 0xAC60, 0x0000, 0x0000, 0xC500, 0xFEE0, 0xFE60, 0xFE60, 0xFE40, 0xFE60, 0xE5A0,
    0x0000, 0x3120, 0xF640, 0xFE60, 0xFE60, 0xFE60, 0xFE60, 0xFE80, 0xFE80, 0xFF00, 0xFEE0, 0xEE00,
    0xB4A0, 0x72E0, 0x3940, 0x0800, 0x1800, 0x4001, 0x6801, 0x7001, 0x6801, 0x5000, 0x0800, 0x0000,
    0x0000, 0x0000, 0x0000, 0x0000, 0x0000, 0x0000, 0x0000, 0x0000, 0x0000, 0x0000, 0x0000, 0x0000,
    0x0000, 0x0000, 0x0000, 0x0000, 0x0000, 0x0000, 0x0000, 0x0000, 0x010E, 0x1821, 0xE821, 0xF001,
    0xF001, 0xF801, 0xF001, 0xF801, 0xF801, 0xB000, 0x2800, 0x0044, 0x0067, 0x0025, 0x0004, 0x0024,
    0x0024, 0x0025, 0x0025, 0x0025, 0x0025, 0x0025, 0x0026, 0x0026, 0x0046, 0x0046, 0x0046, 0x0046,
    0x0046, 0x0047, 0x0047, 0x0047, 0x0047, 0x0047, 0x0047, 0x0047, 0x0047, 0x008A, 0x0045, 0x0000,
    0x0000, 0x0023, 0x0048, 0x0046, 0x0046, 0x0047, 0x0047, 0x0047, 0x0046, 0x0046, 0x0046, 0x0046,
    0x0046, 0x0046, 0x0046, 0x0046, 0x0046, 0x0046, 0x0046, 0x0046, 0x0046, 0x0068, 0x0022, 0x0000,
    0x0047, 0x0047, 0x0046, 0x0046, 0x0046, 0x0046, 0x0046, 0x0046, 0x0068, 0x0047, 0x0000, 0x0000,
    0x0000, 0x0000, 0x0000, 0x0000, 0x0000, 0x0046, 0x0069, 0x0047, 0x0047, 0x0047, 0x0046, 0x0046,
    0x0047, 0x0047, 0x0046, 0x0068, 0x0068, 0x0000, 0x0000, 0x0000, 0x0000, 0x0000, 0x0000, 0x0046,
    0x0047, 0x0046, 0x0047, 0x0047, 0x0046, 0x0046, 0x0047, 0x0068, 0x0000, 0x0000, 0x0000, 0x0047,
    0x0047, 0x0047, 0x0047, 0x0047, 0x0047, 0x0047, 0x0047, 0x0047, 0x0047, 0x0047, 0x0047, 0x0047,
    0x0047, 0x0046, 0x0047, 0x0047, 0x0047, 0x0047, 0x0047, 0x0047, 0x0047, 0x0046, 0x0047, 0x0068,
    0x0003, 0x72C0, 0xFF00, 0xF600, 0xF640, 0xFE80, 0xFE80, 0xFE80, 0xFE80, 0xFE80, 0xF640, 0xC520,
    0x2000, 0x4823, 0x0067, 0x0067, 0x0001, 0x9C20, 0xFEE0, 0xFE60, 0xFEA0, 0xFE80, 0xFEC0, 0xAC60,
    0x0800, 0x6821, 0x1046, 0x0067, 0x0023, 0x41A0, 0xC500, 0xF660, 0xFE40, 0xFE60, 0xFE40, 0xFE80,
    0xFE80, 0xFE80, 0xFEA0, 0xFE80, 0xCD00, 0x8BA0, 0x7300, 0xBCC0, 0xFEA0, 0xFE60, 0xFE60, 0xFE80,
    0xFE60, 0xFF00, 0x7B20, 0x1000, 0x28C0, 0xF640, 0xFEA0, 0xFE80, 0xFE80, 0xFE40, 0xFEC0, 0xAC40,
    0x0000, 0x5A40, 0xEE40, 0xFE80, 0xFE60, 0xFE60, 0xFE40, 0xFE60, 0xF640, 0x8BA0, 0x4A00, 0x1880,
    0x0800, 0x1800, 0x4001, 0x5801, 0x6021, 0x6021, 0x5801, 0x6001, 0x7001, 0x5800, 0x0000, 0x0000,
    0x0000, 0x0000, 0x0000, 0x0000, 0x0000, 0x0000, 0x0000, 0x0000, 0x0000, 0x0000, 0x0000, 0x0000,
    0x0000, 0x0000, 0x0000, 0x0000, 0x0000, 0x0000, 0x0000, 0x0087, 0x00CB, 0x7000, 0xF802, 0xE801,
    0xF001, 0xF001, 0xF801, 0xE001, 0x6000, 0x0022, 0x0067, 0x0046, 0x0004, 0x0004, 0x0024, 0x0024,
    0x0025, 0x0025, 0x0003, 0x0000, 0x0000, 0x0000, 0x0000, 0x0000, 0x0000, 0x0000, 0x0000, 0x0000,
    0x0000, 0x0000, 0x0000, 0x0000, 0x0000, 0x0000, 0x0000, 0x0000, 0x0000, 0x0000, 0x0000, 0x0000,
    0x0000, 0x0000, 0x0000, 0x0000, 0x0000, 0x0000, 0x0000, 0x0000, 0x0000, 0x0000, 0x0000, 0x0000,
    0x0000, 0x0000, 0x0000, 0x0000, 0x0000, 0x0000, 0x0000, 0x0000, 0x0000, 0x0000, 0x0000, 0x0000,
    0x0000, 0x0000, 0x0000, 0x0000, 0x0000, 0x0000, 0x0000, 0x0000, 0x0000, 0x0000, 0x0000, 0x0000,
    0x0000, 0x0000, 0x0000, 0x0000, 0x0000, 0x0000, 0x0001, 0x0000, 0x0000, 0x0000, 0x0000, 0x0000,
    0x0000, 0x0000, 0x0000, 0x0000, 0x0000, 0x0000, 0x0000, 0x0000, 0x0000, 0x0000, 0x0000, 0x0000,
    0x0000, 0x0000, 0x0000, 0x0000, 0x0000, 0x0000, 0x0000, 0x0000, 0x0000, 0x0000, 0x0000, 0x0000,
    0x0000, 0x0000, 0x0000, 0x0000, 0x0000, 0x0000, 0x0000, 0x0000, 0x0000, 0x0000, 0x0000, 0x0000,
    0x0000, 0x0000, 0x0000, 0x0000, 0x0000, 0x0000, 0x0000, 0x0000, 0x0000, 0x0000, 0x0000, 0x0001,
    0x1060, 0xE5C0, 0xFE20, 0xF5E0, 0xFE80, 0xFE80, 0xFE80, 0xFE80, 0xFE80, 0xFE60, 0xFEE0, 0x9C20,
    0x1000, 0x7821, 0x1001, 0x0001, 0x1060, 0xE600, 0xFEA0, 0xFE80, 0xFEA0, 0xFE80, 0xFEE0, 0x93C0,
    0x2000, 0x6821, 0x2001, 0x0021, 0x0800, 0x41A0, 0xD560, 0xFE80, 0xF620, 0xFE20, 0xFE60, 0xFE80,
    0xFE40, 0xEE00, 0xB480, 0x3140, 0x1000, 0x0000, 0x0000, 0x9C00, 0xFEE0, 0xFE60, 0xFE80, 0xFE80,
    0xFE80, 0xFEC0, 0x49A0, 0x1000, 0x5A40, 0xFEE0, 0xFE60, 0xFE80, 0xFE80, 0xFE60, 0xFEE0, 0x6280,
    0x0000, 0xCD20, 0xFEC0, 0xFE60, 0xFE80, 0xFE80, 0xFE60, 0xFEC0, 0xAC60, 0x0000, 0x3801, 0x5001,
    0x5821, 0x5841, 0x5821, 0x5821, 0x5021, 0x5000, 0x5801, 0x5801, 0x3000, 0x0000, 0x0000, 0x0000,
    0x0000, 0x0000, 0x0000, 0x0000, 0x0000, 0x0000, 0x0000, 0x0000, 0x0000, 0x0000, 0x0000, 0x0000,
    0x0000, 0x0000, 0x0000, 0x0000, 0x0000, 0x0000, 0x0000, 0x010E, 0x0844, 0xD800, 0xF801, 0xF001,
    0xF801, 0xF801, 0xA000, 0x1800, 0x0045, 0x0067, 0x0025, 0x0004, 0x0025, 0x0025, 0x0025, 0x0025,
    0x0024, 0x0001, 0x0000, 0x0000, 0x0000, 0x0000, 0x0000, 0x0000, 0x0000, 0x0000, 0x0000, 0x0000,
    0x0000, 0x0000, 0x0000, 0x0000, 0x0000, 0x0000, 0x0800, 0x0800, 0x0800, 0x0800, 0x0800, 0x0800,
    0x0800, 0x0800, 0x0800, 0x0800, 0x0800, 0x0800, 0x0800, 0x0800, 0x0800, 0x0800, 0x0800, 0x0800,
    0x0800, 0x0800, 0x0800, 0x0800, 0x0800, 0x0800, 0x0800, 0x0800, 0x0800, 0x0800, 0x0800, 0x1000,
    0x0800, 0x0800, 0x0800, 0x0800, 0x0800, 0x0800, 0x0800, 0x0800, 0x0800, 0x0800, 0x1000, 0x0800,
    0x0800, 0x0800, 0x0800, 0x1000, 0x1000, 0x1000, 0x0800, 0x0800, 0x0800, 0x0800, 0x0800, 0x0800,
    0x0800, 0x0800, 0x0800, 0x0800, 0x0800, 0x1000, 0x1000, 0x1000, 0x1000, 0x1000, 0x1000, 0x0800,
    0x0800, 0x0800, 0x0800, 0x0800, 0x0800, 0x0800, 0x0800, 0x0800, 0x1000, 0x1000, 0x1000, 0x1000,
    0x1000, 0x0800, 0x0800, 0x0800, 0x0800, 0x0800, 0x0800, 0x0800, 0x0800, 0x0800, 0x0800, 0x0800,
    0x0800, 0x0800, 0x0800, 0x0800, 0x0800, 0x0800, 0x0000, 0x0000, 0x0800, 0x0800, 0x0800, 0x0000,
    0x8B80, 0xFEE0, 0xFE40, 0xF5E0, 0xF620, 0xFEA0, 0xFE80, 0xFE80, 0xFE80, 0xFE60, 0xFEE0, 0x7B60,
    0x2000, 0x7821, 0x1000, 0x0000, 0x5220, 0xFF00, 0xFE80, 0xFE80, 0xFE80, 0xFE60, 0xFEE0, 0x5240,
    0x3000, 0x5021, 0x1000, 0x0000, 0x0000, 0x1060, 0xEE00, 0xFE80, 0xFE60, 0xFE40, 0xFE80, 0xFE80,
    0xD500, 0xD540, 0x5AA0, 0x1000, 0x5041, 0x0000, 0x7320, 0xFEE0, 0xFE80, 0xFE80, 0xFE80, 0xFE60,
    0xFEC0, 0xBCA0, 0x1800, 0x1000, 0x8BC0, 0xFEE0, 0xFE60, 0xFE80, 0xFE80, 0xFEA0, 0xF660, 0x3100,
    0x0800, 0x41C0, 0xFEA0, 0xFE80, 0xFE80, 0xFE80, 0xFE80, 0xFEC0, 0x4A00, 0x2800, 0x6861, 0x6041,
    0x6021, 0x6021, 0x5821, 0x5821, 0x5801, 0x5001, 0x5001, 0x3000, 0x0000, 0x0000, 0x0000, 0x0000,
    0x0000, 0x0000, 0x0000, 0x0000, 0x0000, 0x0000, 0x0000, 0x0000, 0x0000, 0x0000, 0x0000, 0x0000,
    0x0000, 0x0000, 0x0000, 0x0000, 0x0000, 0x0000, 0x0044, 0x00ED, 0x5000, 0xF802, 0xF801, 0xF801,
    0xD801, 0x4800, 0x0022, 0x0067, 0x0047, 0x0004, 0x0025, 0x0025, 0x0025, 0x0026, 0x0025, 0x0002,
    0x0000, 0x0000, 0x0000, 0x0000, 0x0800, 0x1000, 0x1800, 0x2000, 0x2800, 0x2800, 0x2800, 0x3000,
    0x3000, 0x3801, 0x3801, 0x4001, 0x4801, 0x4801, 0x4801, 0x5001, 0x5001, 0x5801, 0x5801, 0x6801,
    0x6801, 0x6001, 0x5801, 0x6001, 0x5801, 0x5801, 0x5801, 0x5801, 0x5801, 0x6001, 0x6001, 0x6001,
    0x6001, 0x6801, 0x6001, 0x6801, 0x6801, 0x6801, 0x7001, 0x7001, 0x7001, 0x7801, 0x8001, 0x8001,
    0x7801, 0x7801, 0x8001, 0x7801, 0x7801, 0x7801, 0x7801, 0x7801, 0x7801, 0x8001, 0x8801, 0x9001,
    0x9001, 0x9002, 0x9001, 0xA002, 0xA002, 0x9802, 0x8802, 0x8802, 0x7801, 0x7801, 0x7801, 0x7001,
    0x7001, 0x7801, 0x7801, 0x8002, 0x8802, 0x9802, 0xA002, 0xA002, 0xA002, 0xA002, 0xA002, 0x9002,
    0x8001, 0x7801, 0x7001, 0x7001, 0x7001, 0x8001, 0x8001, 0x8802, 0xA002, 0x9802, 0x9802, 0x9002,
    0x8802, 0x8002, 0x7001, 0x7001, 0x7001, 0x7001, 0x7001, 0x7001, 0x7001, 0x7001, 0x7001, 0x7001,
    0x7001, 0x7001, 0x7001, 0x6801, 0x6801, 0x6801, 0x6001, 0x6001, 0x5801, 0x5001, 0x1800, 0x2900,
    0xFE60, 0xFE40, 0xFE40, 0xFE20, 0xFE40, 0xFEA0, 0xFE80, 0xFE80, 0xFE80, 0xFE60, 0xFEE0, 0x5A80,
    0x3001, 0x7021, 0x1000, 0x0000, 0xAC60, 0xFF00, 0xFE80, 0xFE80, 0xFE80, 0xFEA0, 0xF640, 0x20A0,
    0x5000, 0x5000, 0x0800, 0x0000, 0x0000, 0x3120, 0xF620, 0xFEC0, 0xFE60, 0xFE80, 0xFE80, 0xFE60,
    0xEDE0, 0xFE80, 0x3140, 0x2800, 0x0000, 0x7320, 0xFEE0, 0xFE60, 0xFE60, 0xFE80, 0xFE60, 0xFE80,
    0xFEA0, 0x3140, 0x3801, 0x1000, 0xCD40, 0xFEC0, 0xFE80, 0xFEA0, 0xFE80, 0xFEE0, 0xCD80, 0x1800,
    0x0800, 0x83A0, 0xFF00, 0xFE60, 0xFEA0, 0xFE80, 0xFEC0, 0xDDA0, 0x0820, 0x3801, 0x3000, 0x1000,
    0x0800, 0x1800, 0x1000, 0x0800, 0x2800, 0x1800, 0x0000, 0x0000, 0x0000, 0x0000, 0x0000, 0x0000,
    0x0000, 0x0000, 0x0000, 0x0000, 0x0000, 0x0000, 0x0000, 0x0000, 0x0000, 0x0000, 0x0000, 0x0000,
    0x0000, 0x0000, 0x0000, 0x0000, 0x0000, 0x0000, 0x00CC, 0x0066, 0xB820, 0xF822, 0xF822, 0x8800,
    0x0800, 0x0045, 0x0047, 0x0026, 0x0025, 0x0026, 0x0045, 0x0046, 0x0046, 0x0024, 0x0000, 0x0000,
    0x0000, 0x0000, 0x0000, 0x0000, 0x0000, 0x0000, 0x0000, 0x0000, 0x0000, 0x0000, 0x0000, 0x0000,
    0x0000, 0x0000, 0x0000, 0x0000, 0x0000, 0x0000, 0x0000, 0x0000, 0x0000, 0x0000, 0x0000, 0x0000,
    0x0000, 0x0000, 0x0000, 0x0000, 0x0000, 0x0000, 0x0000, 0x0000, 0x0000, 0x0000, 0x0000, 0x0000,
    0x0000, 0x0000, 0x0000, 0x0000, 0x0000, 0x0000, 0x0000, 0x0000, 0x0000, 0x0000, 0x0000, 0x0000,
    0x0000, 0x0000, 0x0000, 0x0000, 0x0000, 0x0000, 0x0000, 0x0000, 0x0000, 0x0000, 0x0000, 0x0000,
    0x0000, 0x0000, 0x0000, 0x0000, 0x0000, 0x0000, 0x0000, 0x0000, 0x0000, 0x0000, 0x0000, 0x0000,
    0x0000, 0x0000, 0x0000, 0x0000, 0x0000, 0x0000, 0x0000, 0x0000, 0x0000, 0x0000, 0x0000, 0x0000,
    0x0000, 0x0000, 0x0000, 0x0000, 0x0000, 0x0000, 0x0000, 0x0000, 0x0000, 0x0000, 0x0000, 0x0000,
    0x0000, 0x0000, 0x0000, 0x0000, 0x0000, 0x0000, 0x0000, 0x0000, 0x0000, 0x0000, 0x0000, 0x0000,
    0x0000, 0x0000, 0x0000, 0x0000, 0x0000, 0x0000, 0x0000, 0x0000, 0x0000, 0x0000, 0x0000, 0xB480,
    0xFE80, 0xFE20, 0xFE60, 0xF5C0, 0xFE40, 0xFE80, 0xFE80, 0xFE80, 0xFE80, 0xFE80, 0xFE60, 0x41A0,
    0x3800, 0x6021, 0x0000, 0x0840, 0xE5E0, 0xFEA0, 0xFE80, 0xFEA0, 0xFE80, 0xFEE0, 0xB4E0, 0x1000,
    0x6001, 0x4000, 0x0000, 0x0000, 0x0000, 0x6280, 0xCD80, 0xBCC0, 0xFEA0, 0xFE80, 0xFEA0, 0xFE80,
    0xFEA0, 0xDDA0, 0x0000, 0x0000, 0x93E0, 0xFEE0, 0xFE80, 0xFE80, 0xFE80, 0xFEA0, 0xFE80, 0xFE80,
    0x62C0, 0x1800, 0x4801, 0x20E0, 0xFE60, 0xFE80, 0xFE80, 0xFEA0, 0xFE80, 0xFF20, 0x8BE0, 0x1000,
    0x1840, 0xD5A0, 0xFEC0, 0xFE80, 0xFEA0, 0xFE80, 0xFF00, 0x8BA0, 0x0000, 0x28E0, 0x39A0, 0x5A80,
    0x8380, 0xA440, 0x8BC0, 0x41E0, 0x1060, 0x0000, 0x0000, 0x0000, 0x0000, 0x0000, 0x0000, 0x0000,
    0x0000, 0x0000, 0x0000, 0x0000, 0x0000, 0x0000, 0x0000, 0x0000, 0x0000, 0x0000, 0x0000, 0x0000,
    0x0000, 0x0000, 0x0000, 0x0000, 0x0000, 0x0022, 0x012E, 0x3000, 0xF802, 0xC001, 0x3000, 0x0002,
    0x0047, 0x0047, 0x0025, 0x0046, 0x0046, 0x0046, 0x0047, 0x0046, 0x0022, 0x0000, 0x0000, 0x0000,
    0x0000, 0x0800, 0x0800, 0x1000, 0x1000, 0x1000, 0x1000, 0x1000, 0x1800, 0x1800, 0x1800, 0x2000,
    0x2000, 0x2800, 0x2800, 0x3000, 0x3000, 0x2800, 0x3000, 0x3000, 0x3800, 0x3000, 0x3800, 0x3800,
    0x3801, 0x3800, 0x4000, 0x3801, 0x3801, 0x4000, 0x3801, 0x4000, 0x4000, 0x4000, 0x4001, 0x4000,
    0x4000, 0x4000, 0x4001, 0x4800, 0x4801, 0x4801, 0x4801, 0x4801, 0x4801, 0x5001, 0x5801, 0x5801,
    0x5001, 0x5001, 0x5001, 0x5001, 0x5001, 0x5001, 0x5001, 0x5001, 0x5001, 0x5001, 0x5001, 0x5001,
    0x5001, 0x5001, 0x5001, 0x5001, 0x5001, 0x5001, 0x5001, 0x5001, 0x5001, 0x5001, 0x5001, 0x5000,
    0x5000, 0x5000, 0x4800, 0x5001, 0x5001, 0x5001, 0x5001, 0x5001, 0x5801, 0x5801, 0x5801, 0x5801,
    0x5801, 0x5001, 0x5001, 0x5001, 0x5001, 0x5001, 0x5001, 0x5001, 0x5001, 0x5801, 0x5801, 0x5800,
    0x5001, 0x5001, 0x5001, 0x5001, 0x5001, 0x5000, 0x5001, 0x5001, 0x5001, 0x5001, 0x4801, 0x5001,
    0x5001, 0x4801, 0x5000, 0x4000, 0x4000, 0x3800, 0x3000, 0x3000, 0x3020, 0x0000, 0x5200, 0xFE60,
    0xF600, 0xFE40, 0xFE40, 0xF5A0, 0xFE60, 0xFE80, 0xFE80, 0xFE80, 0xFE80, 0xFEA0, 0xE5E0, 0x2900,
    0x4801, 0x5021, 0x0000, 0x41A0, 0xFEC0, 0xFE80, 0xFEA0, 0xFEA0, 0xFE80, 0xFF00, 0x7300, 0x1800,
    0x5821, 0x3000, 0x0000, 0x0000, 0x0000, 0x3140, 0x0020, 0x9C00, 0xFEC0, 0xFE60, 0xFE80, 0xFE60,
    0xFF00, 0x93C0, 0x1080, 0xC540, 0xFF00, 0xFE80, 0xFE80, 0xFE80, 0xFEA0, 0xFE80, 0xEDE0, 0x6AA0,
    0x0800, 0x6821, 0x2000, 0x5A60, 0xFF00, 0xFE60, 0xFEA0, 0xFEA0, 0xFE80, 0xFEE0, 0x4A00, 0x1000,
    0x3960, 0xFE80, 0xFEA0, 0xFEA0, 0xFEA0, 0xFEA0, 0xFEC0, 0xCD60, 0xCD60, 0xF680, 0xFEE0, 0xFF00,
    0xFF00, 0xF640, 0x5A40, 0x0000, 0x0800, 0x0000, 0x0000, 0x0000, 0x0000, 0x0000, 0x0000, 0x0000,
    0x0000, 0x0000, 0x0000, 0x0000, 0x0000, 0x0000, 0x0000, 0x0000, 0x0000, 0x0000, 0x0000, 0x0000,
    0x0000, 0x0000, 0x0000, 0x0000, 0x0000, 0x00CA, 0x00A8, 0x9000, 0x7800, 0x0000, 0x0024, 0x0047,
    0x0026, 0x0046, 0x0047, 0x0047, 0x0047, 0x0047, 0x0024, 0x0000, 0x0000, 0x0000, 0x0000, 0x0800,
    0x1000, 0x2800, 0x3000, 0x3800, 0x4000, 0x4801, 0x5001, 0x5001, 0x5801, 0x6001, 0x6001, 0x7001,
    0x7821, 0x8001, 0x8001, 0x8001, 0x8801, 0x9001, 0x9002, 0x9802, 0x9802, 0x9802, 0xA002, 0xA002,
    0xA002, 0xA002, 0xA002, 0xA002, 0xA002, 0xA802, 0xA802, 0xA802, 0xB002, 0xB002, 0xB002, 0xB002,
    0xB002, 0xB002, 0xB002, 0xB802, 0xB802, 0xB002, 0xB802, 0xC002, 0xC002, 0xC802, 0xD002, 0xD002,
    0xD002, 0xD002, 0xD002, 0xD003, 0xD002, 0xD002, 0xD802, 0xD802, 0xD002, 0xD802, 0xD802, 0xD802,
    0xD802, 0xD802, 0xD802, 0xD802, 0xD802, 0xD802, 0xD802, 0xD802, 0xD802, 0xD802, 0xD802, 0xD802,
    0xE002, 0xD802, 0xD802, 0xE003, 0xE003, 0xE003, 0xE002, 0xE003, 0xE003, 0xE002, 0xE002, 0xE002,
    0xD802, 0xD802, 0xD802, 0xD802, 0xD802, 0xD802, 0xD802, 0xD802, 0xD802, 0xD802, 0xD802, 0xE002,
    0xD802, 0xE002, 0xE002, 0xD802, 0xD802, 0xD802, 0xD802, 0xD803, 0xD803, 0xD803, 0xD803, 0xD802,
    0xD802, 0xD002, 0xD002, 0xC002, 0xC802, 0xB002, 0x9802, 0x8801, 0x6001, 0x1020, 0xD580, 0xFE80,
    0xFE20, 0xFE40, 0xFE40, 0xF5A0, 0xFE60, 0xFE80, 0xFE80, 0xFE80, 0xFE80, 0xFEC0, 0xCD40, 0x1860,
    0x4801, 0x4020, 0x0000, 0x93C0, 0xFF00, 0xFE60, 0xFEA0, 0xFEA0, 0xFEA0, 0xFEC0, 0x3140, 0x3800,
    0x5020, 0x2000, 0x0000, 0x0000, 0x0000, 0x2800, 0x1860, 0xEE20, 0xFEA0, 0xFE80, 0xFE80, 0xFE80,
    0xFEA0, 0xB460, 0xE5C0, 0xFEE0, 0xFE60, 0xFE80, 0xFE80, 0xFEA0, 0xFEA0, 0xDD80, 0x5260, 0x0800,
    0x6021, 0x6821, 0x0800, 0xA460, 0xFF00, 0xFE80, 0xFEA0, 0xFE80, 0xFEC0, 0xE600, 0x2080, 0x1000,
    0x6AC0, 0xFE60, 0xFEA0, 0xFE80, 0xFEA0, 0xFEA0, 0xFEA0, 0xFEE0, 0xFEC0, 0xFE60, 0xFE40, 0xF640,
    0xF620, 0xC4E0, 0x7B20, 0x2900, 0x1000, 0x0800, 0x0000, 0x0000, 0x0000, 0x0000, 0x0000, 0x0000,
    0x0000, 0x0000, 0x0000, 0x0000, 0x0000, 0x0000, 0x0000, 0x0000, 0x0000, 0x0000, 0x0000, 0x0000,
    0x0000, 0x0000, 0x0000, 0x0000, 0x0000, 0x0044, 0x0000, 0x1800, 0x0001, 0x0047, 0x0068, 0x0047,
    0x0047, 0x0067, 0x0067, 0x0068, 0x0046, 0x0001, 0x0000, 0x0000, 0x0000, 0x0000, 0x0000, 0x0000,
    0x0000, 0x0000, 0x0000, 0x0000, 0x0000, 0x0000, 0x0000, 0x0000, 0x0000, 0x0000, 0x0000, 0x0000,
    0x0000, 0x0000, 0x0000, 0x0000, 0x0000, 0x0000, 0x0000, 0x0000, 0x0000, 0x0000, 0x0000, 0x0000,
    0x0000, 0x0000, 0x0000, 0x0000, 0x0000, 0x0000, 0x0000, 0x0000, 0x0000, 0x0000, 0x0000, 0x0000,
    0x0000, 0x0000, 0x0000, 0x0000, 0x0000, 0x0000, 0x0000, 0x0000, 0x0000, 0x0000, 0x0000, 0x0000,
    0x0000, 0x0000, 0x0000, 0x0000, 0x0000, 0x0000, 0x0800, 0x0800, 0x0000, 0x0800, 0x0800, 0x0800,
    0x0800, 0x0800, 0x0800, 0x0800, 0x0800, 0x0800, 0x0800, 0x0800, 0x0800, 0x0800, 0x0800, 0x0800,
    0x0800, 0x0800, 0x0800, 0x0800, 0x0800, 0x0800, 0x0800, 0x0800, 0x0800, 0x0800, 0x0800, 0x0800,
    0x0800, 0x0800, 0x0800, 0x0800, 0x0800, 0x0800, 0x0800, 0x0800, 0x0800, 0x0800, 0x0800, 0x0800,
    0x0800, 0x0800, 0x0800, 0x0800, 0x0800, 0x0800, 0x0800, 0x0800, 0x0800, 0x0800, 0x0800, 0x0800,
    0x0000, 0x0000, 0x0000, 0x0000, 0x0000, 0x0000, 0x0000, 0x0000, 0x0000, 0x6AC0, 0xFE80, 0xFE20,
    0xFE40, 0xFE60, 0xFE00, 0xFE00, 0xFE80, 0xFE80, 0xFE80, 0xFEA0, 0xFE80, 0xFEE0, 0xB4A0, 0x1000,
    0x5001, 0x3000, 0x0020, 0xDDA0, 0xFEC0, 0xFE80, 0xFEA0, 0xFE80, 0xFEE0, 0xD5A0, 0x1020, 0x4000,
    0x4800, 0x0800, 0x0000, 0x0000, 0x0000, 0x1000, 0x3980, 0xFE60, 0xFE60, 0xFE80, 0xFE80, 0xFE80,
    0xFE80, 0xFEA0, 0xFE80, 0xFE60, 0xFE80, 0xFE80, 0xFE80, 0xEDE0, 0xBCC0, 0x39A0, 0x1000, 0x5000,
    0x5001, 0x4000, 0x0820, 0xDDC0, 0xFEE0, 0xFE80, 0xFEA0, 0xFE80, 0xFF00, 0xB4E0, 0x0000, 0x0820,
    0xC520, 0xFEA0, 0xFE80, 0xFEA0, 0xFEA0, 0xFEA0, 0xFEA0, 0xFE80, 0xFE40, 0xFE20, 0xFE60, 0xFE40,
    0xFE80, 0xFEA0, 0x93E0, 0x18A0, 0x2800, 0x1000, 0x0000, 0x0000, 0x0000, 0x0000, 0x0000, 0x0000,
    0x0000, 0x0000, 0x0000, 0x0000, 0x0000, 0x0000, 0x0000, 0x0000, 0x0000, 0x0000, 0x0000, 0x0000,
    0x0000, 0x0000, 0x0000, 0x0000, 0x0000, 0x0000, 0x0000, 0x0024, 0x0068, 0x0068, 0x0068, 0x0068,
    0x0068, 0x0089, 0x0068, 0x0023, 0x0000, 0x0000, 0x0000, 0x0000, 0x0000, 0x0000, 0x0000, 0x0000,
    0x0800, 0x0800, 0x0800, 0x0800, 0x0800, 0x1000, 0x1000, 0x1000, 0x1000, 0x1000, 0x1800, 0x1800,
    0x1000, 0x1800, 0x2000, 0x2000, 0x1800, 0x2000, 0x2800, 0x2800, 0x2800, 0x2800, 0x2800, 0x3000,
    0x3000, 0x3000, 0x3000, 0x3000, 0x3000, 0x3000, 0x3000, 0x3000, 0x3000, 0x3000, 0x3000, 0x3000,
    0x3000, 0x3000, 0x3000, 0x3000, 0x3000, 0x3000, 0x3000, 0x3000, 0x3000, 0x3000, 0x3000, 0x3800,
    0x3800, 0x3000, 0x3000, 0x3000, 0x3800, 0x3000, 0x3000, 0x3800, 0x3800, 0x3800, 0x3000, 0x3800,
    0x3800, 0x3800, 0x3800, 0x3800, 0x4000, 0x3800, 0x3800, 0x3800, 0x3800, 0x3800, 0x3800, 0x3800,
    0x3800, 0x3800, 0x3800, 0x3800, 0x3800, 0x3800, 0x3800, 0x3800, 0x3800, 0x3800, 0x3800, 0x4000,
    0x4000, 0x4000, 0x4000, 0x3800, 0x3000, 0x3000, 0x3000, 0x3000, 0x3000, 0x3000, 0x3000, 0x3000,
    0x3000, 0x3000, 0x3000, 0x3000, 0x3000, 0x3000, 0x3000, 0x3000, 0x3000, 0x3000, 0x2800, 0x2800,
    0x2800, 0x2800, 0x2800, 0x2800, 0x2800, 0x2000, 0x1800, 0x0800, 0x20C0, 0xEE20, 0xFE60, 0xFE40,
    0xFE60, 0xFE60, 0xFE60, 0xF620, 0xF640, 0xFE80, 0xFE80, 0xFE80, 0xFE60, 0xFF00, 0x7B40, 0x0800,
    0x6021, 0x2800, 0x2940, 0xFEA0, 0xFE80, 0xFEA0, 0xFEA0, 0xFE80, 0xFF20, 0x7320, 0x1000, 0x5021,
    0x3800, 0x0000, 0x0000, 0x0000, 0x0000, 0x0000, 0x6240, 0xFEA0, 0xF640, 0xFE80, 0xFE80, 0xFE80,
    0xFE80, 0xFE60, 0xFE60, 0xFE80, 0xFE80, 0xFE80, 0xFE60, 0xDDA0, 0x5220, 0x0020, 0x1800, 0x3800,
    0x5020, 0x2800, 0x2900, 0xFE80, 0xFEA0, 0xFE80, 0xFEA0, 0xFE80, 0xFF00, 0x72E0, 0x0000, 0xA420,
    0xFEE0, 0xF640, 0xFE80, 0xFEA0, 0xFEA0, 0xFEA0, 0xFEA0, 0xFE80, 0xFE40, 0xFE40, 0xFE40, 0xFEA0,
    0xFF20, 0xDDA0, 0x39A0, 0x1800, 0x6801, 0x5801, 0x0800, 0x0000, 0x0000, 0x0000, 0x0000, 0x0000,
    0x0000, 0x0000, 0x0000, 0x0000, 0x0000, 0x0000, 0x0000, 0x0000, 0x0000, 0x0000, 0x0000, 0x0000,
    0x0000, 0x0000, 0x0000, 0x0000, 0x0000, 0x0000, 0x0046, 0x008A, 0x0089, 0x0089, 0x0069, 0x008A,
    0x008A, 0x0046, 0x0001, 0x0000, 0x0000, 0x0000, 0x0800, 0x2000, 0x3000, 0x4000, 0x4000, 0x4801,
    0x5801, 0x5801, 0x6001, 0x6801, 0x7001, 0x7001, 0x7801, 0x8001, 0x8802, 0x9802, 0x9802, 0x9802,
    0x9802, 0xA802, 0xA802, 0xB002, 0xB002, 0xB002, 0xB802, 0xB802, 0xC002, 0xC802, 0xC802, 0xC802,
    0xC802, 0xC802, 0xC802, 0xD003, 0xD003, 0xD003, 0xD803, 0xD803, 0xD803, 0xD803, 0xD803, 0xD803,
    0xD802, 0xD802, 0xD802, 0xD802, 0xD803, 0xD803, 0xE003, 0xE003, 0xE003, 0xE003, 0xE003, 0xE003,
    0xE003, 0xE003, 0xE003, 0xE003, 0xE803, 0xE803, 0xE803, 0xE803, 0xE803, 0xE803, 0xE803, 0xE803,
    0xE803, 0xE803, 0xE803, 0xE803, 0xE803, 0xE803, 0xE802, 0xE802, 0xE802, 0xE803, 0xE803, 0xE803,
    0xF003, 0xF002, 0xF003, 0xF003, 0xF003, 0xF003, 0xF003, 0xF003, 0xF003, 0xF003, 0xF003, 0xF003,
    0xF003, 0xF003, 0xF003, 0xF003, 0xE803, 0xF003, 0xF002, 0xE802, 0xE802, 0xE802, 0xE803, 0xE803,
    0xE803, 0xE803, 0xE803, 0xE803, 0xE803, 0xE803, 0xE803, 0xE003, 0xE002, 0xE003, 0xD803, 0xD803,
    0xD803, 0xD802, 0xD002, 0xC002, 0xB002, 0x8802, 0x7021, 0x0000, 0x8BA0, 0xFEE0, 0xFE40, 0xFE60,
    0xFE60, 0xFE60, 0xFEE0, 0x9C00, 0xE5E0, 0xFEA0, 0xFE80, 0xFE80, 0xFE60, 0xFF00, 0x62A0, 0x1800,
    0x6041, 0x1000, 0x7300, 0xFF00, 0xFE80, 0xFEA0, 0xFEA0, 0xFEA0, 0xFEE0, 0x3980, 0x2800, 0x5021,
    0x2800, 0x0000, 0x0000, 0x0000, 0x0000, 0x0000, 0x9C00, 0xFF00, 0xFE60, 0xFE80, 0xFE80, 0xFEA0,
    0xFE80, 0xFE80, 0xFE80, 0xFE80, 0xFE80, 0xFE80, 0xFEA0, 0xFEA0, 0xFEA0, 0xEE40, 0x9C20, 0x10A0,
    0x2800, 0x1800, 0x7300, 0xFF00, 0xFE60, 0xFE80, 0xFEA0, 0xFEA0, 0xFEA0, 0x3140, 0x0000, 0xAC60,
    0xFEE0, 0xFE60, 0xFE80, 0xFE80, 0xFE80, 0xFE80, 0xFE80, 0xFE60, 0xFEA0, 0xFEC0, 0xFEC0, 0xEE20,
    0xAC80, 0x3160, 0x1000, 0x5801, 0x6001, 0x2000, 0x0000, 0x0000, 0x0000, 0x0000, 0x0000, 0x0000,
    0x0000, 0x0000, 0x0000, 0x0000, 0x0000, 0x0000, 0x0000, 0x0000, 0x0000, 0x0000, 0x0000, 0x0000,
    0x0000, 0x0000, 0x0000, 0x0000, 0x0000, 0x0000, 0x0023, 0x00AB, 0x008B, 0x00AB, 0x00AC, 0x0089,
    0x0023, 0x0000, 0x0000, 0x0000, 0x0000, 0x0000, 0x0000, 0x0000, 0x0000, 0x0000, 0x0000, 0x0000,
    0x0000, 0x0000, 0x0000, 0x0000, 0x0000, 0x0000, 0x0000, 0x0000, 0x0000, 0x0000, 0x0000, 0x0000,
    0x0000, 0x0000, 0x0000, 0x0000, 0x0000, 0x0000, 0x0000, 0x0000, 0x0800, 0x0800, 0x0800, 0x0800,
    0x0800, 0x1000, 0x1000, 0x1000, 0x1000, 0x1000, 0x1800, 0x1800, 0x1800, 0x1800, 0x1800, 0x1800,
    0x1800, 0x1800, 0x1800, 0x1800, 0x2000, 0x2000, 0x2000, 0x2000, 0x2000, 0x2000, 0x2000, 0x2000,
    0x2000, 0x2000, 0x2800, 0x2800, 0x2800, 0x2800, 0x2800, 0x2800, 0x2800, 0x2800, 0x3000, 0x3000,
    0x2800, 0x3000, 0x3000, 0x3000, 0x3000, 0x3000, 0x3000, 0x3800, 0x3800, 0x3800, 0x3000, 0x3800,
    0x3800, 0x3800, 0x3800, 0x3800, 0x3800, 0x3800, 0x3000, 0x3000, 0x3000, 0x3000, 0x3800, 0x3800,
    0x3000, 0x3000, 0x3000, 0x3000, 0x3800, 0x3800, 0x3800, 0x3800, 0x3800, 0x3000, 0x3000, 0x3000,
    0x3000, 0x3000, 0x2800, 0x2800, 0x2800, 0x2800, 0x2800, 0x2000, 0x2000, 0x2000, 0x2000, 0x2000,
    0x2000, 0x1800, 0x1000, 0x1000, 0x0800, 0x0800, 0x0800, 0x3120, 0xF660, 0xFE60, 0xFE60, 0xFE80,
    0xFE60, 0xFEC0, 0xCD40, 0x3140, 0xFE80, 0xFEA0, 0xFE80, 0xFE80, 0xFE60, 0xFEE0, 0x5240, 0x2800,
    0x5021, 0x0000, 0xC520, 0xFF00, 0xFE80, 0xFE80, 0xFE80, 0xFEC0, 0xDDE0, 0x1040, 0x3800, 0x4801,
    0x1800, 0x0000, 0x0000, 0x0000, 0x0820, 0xAC80, 0xFEC0, 0xFE60, 0xFE80, 0xFEA0, 0xFE80, 0xFE80,
    0xFE80, 0xFE80, 0xFE80, 0xFE80, 0xFE80, 0xFE80, 0xFE80, 0xFE80, 0xFEA0, 0xFEA0, 0xFF00, 0xD580,
    0x1060, 0x0000, 0xB4A0, 0xFEE0, 0xFE80, 0xFE80, 0xFE80, 0xFEC0, 0xE5E0, 0x1060, 0x0000, 0x9C20,
    0xFF00, 0xFE80, 0xFE80, 0xFE80, 0xFE80, 0xFEA0, 0xFF00, 0xFF00, 0xEDE0, 0xA400, 0x5220, 0x1880,
    0x0800, 0x2800, 0x5821, 0x6801, 0x7001, 0x5000, 0x0000, 0x0000, 0x0000, 0x0000, 0x0000, 0x0000,
    0x0000, 0x0000, 0x0000, 0x0000, 0x0000, 0x0000, 0x0000, 0x0000, 0x0000, 0x0000, 0x0000, 0x0000,
    0x0000, 0x0000, 0x0000, 0x0000, 0x0000, 0x0000, 0x0000, 0x00AB, 0x00CD, 0x00AC, 0x0066, 0x0000,
    0x0000, 0x0000, 0x0000, 0x0000, 0x0000, 0x0000, 0x0000, 0x0000, 0x0000, 0x0000, 0x0000, 0x0000,
    0x0000, 0x0000, 0x0000, 0x0000, 0x0000, 0x0000, 0x0000, 0x0000, 0x0000, 0x0000, 0x0000, 0x0000,
    0x0000, 0x0000, 0x0000, 0x0000, 0x0000, 0x0000, 0x0000, 0x0000, 0x0000, 0x0000, 0x0000, 0x0000,
    0x0000, 0x0000, 0x0000, 0x0000, 0x0000, 0x0000, 0x0800, 0x0000, 0x0000, 0x0800, 0x0000, 0x0800,
    0x0800, 0x0800, 0x0800, 0x0800, 0x0000, 0x0000, 0x0000, 0x0000, 0x0000, 0x0000, 0x0000, 0x0000,
    0x0000, 0x0800, 0x0000, 0x0000, 0x0000, 0x0000, 0x0000, 0x0000, 0x0000, 0x0000, 0x0000, 0x0000,
    0x0800, 0x0800, 0x0000, 0x0800, 0x0800, 0x0800, 0x0000, 0x0000, 0x0000, 0x0000, 0x0000, 0x0000,
    0x0000, 0x0000, 0x0000, 0x0000, 0x0000, 0x0000, 0x0000, 0x0000, 0x0000, 0x0000, 0x0000, 0x0000,
    0x0000, 0x0000, 0x0000, 0x0000, 0x0000, 0x0000, 0x0000, 0x0000, 0x0000, 0x0000, 0x0000, 0x0000,
    0x0000, 0x0000, 0x0000, 0x0000, 0x0000, 0x0000, 0x0000, 0x0800, 0x0800, 0x0800, 0x0800, 0x0000,
    0x0000, 0x0000, 0x0000, 0x0000, 0x0000, 0x0000, 0x0000, 0xAC40, 0xFEE0, 0xFE60, 0xFE60, 0xFE60,
    0xFE80, 0xFEE0, 0x3140, 0x2920, 0xFEC0, 0xFE80, 0xFE80, 0xFE80, 0xFE60, 0xFEA0, 0x39A0, 0x3801,
    0x4001, 0x18C0, 0xF660, 0xFEA0, 0xFE80, 0xFEA0, 0xFE80, 0xFF00, 0x9C00, 0x0800, 0x5020, 0x4000,
    0x0000, 0x0000, 0x0000, 0x0000, 0x3980, 0xE600, 0xFEC0, 0xFE80, 0xFE80, 0xFE80, 0xFE80, 0xFE80,
    0xFE60, 0xFEA0, 0xFE60, 0xFE60, 0xFE80, 0xFE60, 0xFE80, 0xFE80, 0xFE80, 0xFE80, 0xFE60, 0xFF20,
    0x6260, 0x0000, 0xE5C0, 0xFEA0, 0xFE80, 0xFE80, 0xFE60, 0xFF00, 0x9C00, 0x0000, 0x1040, 0xDDA0,
    0xFEC0, 0xFE80, 0xFEA0, 0xFE80, 0xFEA0, 0xF660, 0xBCE0, 0x72E0, 0x20C0, 0x0800, 0x2000, 0x4801,
    0x5821, 0x5821, 0x5021, 0x5821, 0x7801, 0x5000, 0x0000, 0x0000, 0x0000, 0x0000, 0x0000, 0x0000,
    0x0000, 0x0000, 0x0000, 0x0000, 0x0000, 0x0000, 0x0000, 0x0000, 0x0000, 0x0000, 0x0000, 0x0000,
    0x0000, 0x0000, 0x0000, 0x0000, 0x0000, 0x0000, 0x0000, 0x0067, 0x00AB, 0x0002, 0x0000, 0x0000,
    0x0000, 0x0000, 0x0800, 0x1800, 0x2800, 0x3800, 0x3800, 0x4000, 0x5001, 0x5001, 0x5801, 0x5801,
    0x6001, 0x6801, 0x6801, 0x6801, 0x7801, 0x8001, 0x8801, 0x8801, 0x8801, 0x9002, 0x9802, 0x9802,
    0x9802, 0xA002, 0xA802, 0xA802, 0xA802, 0xA802, 0xB002, 0xB802, 0xB002, 0xB802, 0xB802, 0xB802,
    0xB802, 0xB802, 0xC002, 0xC002, 0xC002, 0xC002, 0xC802, 0xC802, 0xC802, 0xC802, 0xD002, 0xD002,
    0xD002, 0xD002, 0xD002, 0xD002, 0xD002, 0xD002, 0xD002, 0xD002, 0xC802, 0xD002, 0xD002, 0xC802,
    0xD002, 0xD002, 0xD002, 0xD802, 0xD802, 0xD002, 0xD002, 0xD002, 0xD002, 0xD802, 0xD002, 0xD002,
    0xD002, 0xD002, 0xD002, 0xD002, 0xD002, 0xD802, 0xD802, 0xD802, 0xD802, 0xD802, 0xD802, 0xD802,
    0xD002, 0xD002, 0xD002, 0xD002, 0xD002, 0xD002, 0xD802, 0xD802, 0xD802, 0xD802, 0xD802, 0xD802,
    0xD802, 0xD802, 0xD802, 0xD802, 0xD002, 0xD802, 0xD802, 0xD002, 0xD002, 0xD002, 0xD002, 0xD002,
    0xD002, 0xD002, 0xD002, 0xD002, 0xD002, 0xD002, 0xC802, 0xC802, 0xC002, 0xC002, 0xB802, 0xA802,
    0x9802, 0x8801, 0x8001, 0x7801, 0x6801, 0x2800, 0x3160, 0xF660, 0xFE60, 0xFE80, 0xFE80, 0xFE60,
    0xFEE0, 0xAC60, 0x0000, 0x5A60, 0xFEE0, 0xFE60, 0xFE80, 0xFE80, 0xFEA0, 0xFE60, 0x1880, 0x0000,
    0x0800, 0x6280, 0xFF00, 0xFE60, 0xFE80, 0xFEA0, 0xFE80, 0xFEE0, 0x4A00, 0x2000, 0x5020, 0x3000,
    0x0000, 0x0000, 0x0000, 0x0000, 0x0000, 0xC500, 0xFEC0, 0xFE80, 0xFE80, 0xFE80, 0xFE80, 0xFEA0,
    0xFEC0, 0xFE40, 0xFE80, 0xFEA0, 0xFEC0, 0xFEC0, 0xFE80, 0xFE80, 0xFE80, 0xFE80, 0xFE80, 0xFF00,
    0x8B80, 0x2900, 0xFEC0, 0xFE80, 0xFE80, 0xFE80, 0xFE80, 0xFF01, 0x6260, 0x0000, 0x3140, 0xFEA0,
    0xFEA0, 0xFE80, 0xFEA0, 0xFE80, 0xFF20, 0x8380, 0x0000, 0x2000, 0x4000, 0x5021, 0x5021, 0x5021,
    0x5021, 0x5021, 0x5021, 0x5021, 0x3000, 0x0000, 0x0000, 0x0000, 0x0000, 0x0000, 0x0000, 0x0000,
    0x0000, 0x0000, 0x0000, 0x0000, 0x0000, 0x0000, 0x0000, 0x0000, 0x0000, 0x0000, 0x0000, 0x0000,
    0x0000, 0x0000, 0x0000, 0x0000, 0x0000, 0x0000, 0x0000, 0x0000, 0x0000, 0x0000, 0x0000, 0x0000,
    0x0000, 0x0000, 0x0000, 0x0000, 0x0800, 0x0800, 0x0800, 0x0800, 0x0800, 0x1000, 0x1000, 0x0800,
    0x1000, 0x1000, 0x1000, 0x1000, 0x1000, 0x1000, 0x1800, 0x1000, 0x1800, 0x1800, 0x1800, 0x2000,
    0x2000, 0x2000, 0x2000, 0x2000, 0x2000, 0x2000, 0x2800, 0x2000, 0x2000, 0x2800, 0x2800, 0x2800,
    0x2800, 0x2800, 0x2800, 0x2800, 0x3000, 0x3000, 0x3000, 0x3000, 0x3000, 0x3000, 0x3000, 0x3000,
    0x3000, 0x3800, 0x3800, 0x3000, 0x3800, 0x3800, 0x3000, 0x3000, 0x3800, 0x3800, 0x3800, 0x3800,
    0x3800, 0x3800, 0x3800, 0x4000, 0x4000, 0x3800, 0x3800, 0x3800, 0x3800, 0x4000, 0x4000, 0x4000,
    0x3800, 0x4000, 0x4000, 0x4000, 0x4000, 0x4000, 0x4000, 0x4000, 0x4000, 0x4000, 0x4000, 0x4000,
    0x4000, 0x4000, 0x4000, 0x3800, 0x3800, 0x3800, 0x3800, 0x3800, 0x3800, 0x4000, 0x4000, 0x4000,
    0x4000, 0x4000, 0x4000, 0x4000, 0x3800, 0x3800, 0x3800, 0x4000, 0x3800, 0x3800, 0x3800, 0x3800,
    0x3800, 0x3800, 0x3000, 0x3000, 0x3000, 0x3000, 0x3000, 0x3000, 0x2800, 0x2800, 0x2000, 0x2000,
    0x1800, 0x1800, 0x1000, 0x1000, 0x1000, 0x0000, 0xBCC0, 0xFEE0, 0xFE60, 0xFE60, 0xFE80, 0xFEA0,
    0xFEA0, 0x2900, 0x0000, 0x6AC0, 0xFF00, 0xF660, 0xFE80, 0xFE80, 0xFE80, 0xF640, 0xA440, 0x8BA0,
    0x20E0, 0xA420, 0xFF00, 0xFE80, 0xFEA0, 0xFE80, 0xFEA0, 0xEE00, 0x1860, 0x4000, 0x4800, 0x1800,
    0x0000, 0x0000, 0x0000, 0x0000, 0x0000, 0xD580, 0xFEC0, 0xFE60, 0xFE80, 0xFE80, 0xFE80, 0xF660,
    0xA400, 0x51E0, 0x41E0, 0x3980, 0x41A0, 0x93C0, 0xFEA0, 0xFE60, 0xFE80, 0xFE80, 0xFE60, 0xFEC0,
    0xC540, 0x72E0, 0xFF00, 0xFE60, 0xFE80, 0xFE80, 0xFE80, 0xFEA0, 0x3940, 0x0800, 0x5240, 0xFEE0,
    0xFE80, 0xFEA0, 0xFEA0, 0xFE80, 0xFEE0, 0x39A0, 0x2800, 0x5041, 0x5020, 0x5020, 0x5020, 0x4820,
    0x4000, 0x4001, 0x4000, 0x2800, 0x0000, 0x0000, 0x0000, 0x0000, 0x0000, 0x0000, 0x0000, 0x0000,
    0x0000, 0x0000, 0x0000, 0x0000, 0x0000, 0x0000, 0x0000, 0x0000, 0x0000, 0x0000, 0x0000, 0x0000,
    0x0000, 0x0000, 0x0000, 0x0000, 0x0000, 0x0000, 0x0000, 0x0000, 0x0000, 0x0000, 0x0000, 0x0000,
    0x0000, 0x0000, 0x0000, 0x0000, 0x0000, 0x0000, 0x0000, 0x0000, 0x0000, 0x0000, 0x0000, 0x0000,
    0x0000, 0x0000, 0x0000, 0x0000, 0x0000, 0x0000, 0x0000, 0x0000, 0x0000, 0x0000, 0x0000, 0x0000,
    0x0000, 0x0000, 0x0000, 0x0000, 0x0000, 0x0000, 0x0000, 0x0000, 0x0000, 0x0000, 0x0000, 0x0000,
    0x0000, 0x0000, 0x0000, 0x0000, 0x0000, 0x0000, 0x0000, 0x0000, 0x0000, 0x0000, 0x0000, 0x0000,
    0x0000, 0x0000, 0x0000, 0x0000, 0x0000, 0x0000, 0x0000, 0x0000, 0x0000, 0x0000, 0x0000, 0x0000,
    0x0000, 0x0000, 0x0000, 0x0000, 0x0000, 0x0000, 0x0000, 0x0000, 0x0000, 0x0000, 0x0000, 0x0000,
    0x0000, 0x0000, 0x0000, 0x0000, 0x0000, 0x0000, 0x0000, 0x0000, 0x0000, 0x0000, 0x0000, 0x0000,
    0x0000, 0x0000, 0x0000, 0x0000, 0x0000, 0x0000, 0x0000, 0x0000, 0x0000, 0x0000, 0x0000, 0x0000,
    0x0000, 0x0000, 0x0000, 0x0000, 0x0000, 0x0000, 0x0000, 0x0000, 0x0000, 0x0000, 0x0000, 0x0000,
    0x0000, 0x0000, 0x0000, 0x0000, 0x0000, 0x0000, 0x0000, 0x0000, 0x0000, 0x0000, 0x0000, 0x0000,
    0x0000, 0x0000, 0x0000, 0x0000, 0x0000, 0x3160, 0xFE80, 0xFE60, 0xFE80, 0xFE80, 0xF620, 0xFEC0,
    0x9C00, 0x0840, 0x3140, 0xAC60, 0xFEC0, 0xFE60, 0xFE80, 0xFE80, 0xFE80, 0xFEA0, 0xF640, 0x72E0,
    0x1080, 0xDD80, 0xFEC0, 0xFE80, 0xFEA0, 0xFE60, 0xFEE0, 0xB4E0, 0x0800, 0x5021, 0x4000, 0x0800,
    0x0000, 0x0000, 0x0000, 0x0000, 0x4180, 0xF660, 0xFE80, 0xFE80, 0xFE80, 0xF660, 0xFF00, 0x7B40,
    0x0000, 0x1800, 0x1000, 0x2800, 0x0000, 0x4A00, 0xFEE0, 0xFE60, 0xFE80, 0xFE80, 0xFE80, 0xFF00,
    0xAC80, 0x9C00, 0xFEE0, 0xFE60, 0xFE80, 0xFE80, 0xFEC0, 0xD5A0, 0x1820, 0x1000, 0x9420, 0xFEE0,
    0xFE60, 0xFEA0, 0xFE80, 0xFEE0, 0xCD20, 0x1020, 0x5000, 0x3800, 0x2000, 0x1000, 0x0800, 0x0000,
    0x0800, 0x0840, 0x0000, 0x0000, 0x1860, 0x0800, 0x0000, 0x0000, 0x0000, 0x0000, 0x0000, 0x0000,
    0x0000, 0x0000, 0x0000, 0x0000, 0x0000, 0x0000, 0x0000, 0x0000, 0x0000, 0x0000, 0x0000, 0x0000,
    0x0000, 0x0000, 0x0000, 0x0000, 0x0000, 0x0000, 0x0000, 0x0000, 0x0000, 0x0000, 0x0000, 0x0000,
    0x0000, 0x0000, 0x0000, 0x0000, 0x0000, 0x0000, 0x0000, 0x0000, 0x0000, 0x0000, 0x0000, 0x0000,
    0x0000, 0x0000, 0x0000, 0x0000, 0x0000, 0x0000, 0x0000, 0x0000, 0x0000, 0x0000, 0x0000, 0x0000,
    0x0000, 0x0000, 0x0000, 0x0000, 0x0000, 0x0000, 0x0000, 0x0000, 0x0000, 0x0000, 0x0000, 0x0000,
    0x0000, 0x0000, 0x0000, 0x0000, 0x0000, 0x0000, 0x0000, 0x0000, 0x0000, 0x0000, 0x0000, 0x0000,
    0x0000, 0x0000, 0x0000, 0x0000, 0x0000, 0x0000, 0x0000, 0x0000, 0x0000, 0x0000, 0x0000, 0x0000,
    0x0000, 0x0000, 0x0000, 0x0000, 0x0000, 0x0000, 0x0000, 0x0000, 0x0000, 0x0000, 0x0000, 0x0000,
    0x0000, 0x0000, 0x0000, 0x0000, 0x0000, 0x0000, 0x0000, 0x0000, 0x0000, 0x0000, 0x0000, 0x0000,
    0x0000, 0x0000, 0x0000, 0x0000, 0x0000, 0x0000, 0x0000, 0x0000, 0x0000, 0x0000, 0x0000, 0x0000,
    0x0000, 0x0000, 0x0000, 0x0000, 0x0000, 0x0000, 0x0000, 0x0000, 0x0000, 0x0000, 0x0000, 0x0000,
    0x0000, 0x0000, 0x0000, 0x0000, 0x0000, 0x0000, 0x0000, 0x0000, 0x0000, 0x0000, 0x0000, 0x0000,
    0x0000, 0x0000, 0x0000, 0x0020, 0x0000, 0xB480, 0xFE80, 0xFE60, 0xFE60, 0xFE60, 0xF600, 0xFE60,
    0xDDA0, 0xE600, 0xF620, 0xFE60, 0xFE80, 0xFE80, 0xFE80, 0xFE80, 0xFE80, 0xFEA0, 0xE5E0, 0x5A60,
    0x3960, 0xFEC0, 0xFE80, 0xFE80, 0xFE80, 0xFE60, 0xFF20, 0x6AE0, 0x1000, 0x5021, 0x3800, 0x0000,
    0x0000, 0x0000, 0x0000, 0x0000, 0x6260, 0xFEC0, 0xFE80, 0xFE80, 0xFE80, 0xFE80, 0xFE80, 0x2920,
    0x3800, 0x5020, 0x5040, 0x1000, 0x2920, 0xEE20, 0xFEA0, 0xFE80, 0xFE80, 0xFEA0, 0xF620, 0xFEC0,
    0x6AE0, 0xCD40, 0xFEE0, 0xFE80, 0xFE80, 0xFE60, 0xFF00, 0x9C00, 0x1000, 0x1020, 0xD5A0, 0xFEE0,
    0xFE80, 0xFEA0, 0xFE60, 0xFF00, 0x7B20, 0x0000, 0x0800, 0x1880, 0x39A0, 0x5220, 0x6AC0, 0x9C20,
    0xAC80, 0xB480, 0x9C40, 0x7B60, 0x41C0, 0x1020, 0x0000, 0x0000, 0x0000, 0x0000, 0x0000, 0x0000,
    0x0000, 0x0000, 0x0000, 0x0000, 0x0000, 0x0000, 0x0000, 0x0000, 0x0000, 0x0000, 0x0000, 0x0000,
    0x0000, 0x0000, 0x0000, 0x0000, 0x0000, 0x0000, 0x0000, 0x0000, 0x0000, 0x0000, 0x0000, 0x0000,
    0x0000, 0x0000, 0x0000, 0x0000, 0x0000, 0x0000, 0x0000, 0x0000, 0x0000, 0x0000, 0x0000, 0x0000,
    0x0000, 0x0000, 0x0000, 0x0000, 0x0000, 0x0000, 0x0000, 0x0000, 0x0000, 0x0000, 0x0000, 0x0000,
    0x0000, 0x0000, 0x0000, 0x0000, 0x0000, 0x0000, 0x0000, 0x0000, 0x0000, 0x0000, 0x0000, 0x0000,
    0x0000, 0x0000, 0x0000, 0x0000, 0x0000, 0x0000, 0x0000, 0x0000, 0x0000, 0x0000, 0x0000, 0x0000,
    0x0000, 0x0000, 0x0000, 0x0000, 0x0000, 0x0000, 0x0000, 0x0000, 0x0000, 0x0000, 0x0000, 0x0000,
    0x0000, 0x0000, 0x0000, 0x0000, 0x0000, 0x0000, 0x0000, 0x0000, 0x0000, 0x0000, 0x0000, 0x0000,
    0x0000, 0x0000, 0x0000, 0x0000, 0x0000, 0x0000, 0x0000, 0x0000, 0x0000, 0x0000, 0x0000, 0x0000,
    0x0000, 0x0000, 0x0000, 0x0000, 0x0000, 0x0000, 0x0000, 0x0000, 0x0000, 0x0000, 0x0000, 0x0000,
    0x0000, 0x0000, 0x0000, 0x0000, 0x0000, 0x0000, 0x0000, 0x0000, 0x0000, 0x0000, 0x0000, 0x0000,
    0x0000, 0x0000, 0x0000, 0x0000, 0x0000, 0x0000, 0x0000, 0x0000, 0x0000, 0x0000, 0x0000, 0x0000,
    0x0000, 0x0000, 0x0000, 0x0000, 0x41C0, 0xFE80, 0xFE60, 0xFE80, 0xFE80, 0xFE80, 0xFE80, 0xFE60,
    0xFEA0, 0xFE80, 0xED80, 0xEDA0, 0xFEA0, 0xFE80, 0xFE80, 0xFEA0, 0xFE80, 0xFEC0, 0xCD60, 0x2900,
    0x8B80, 0xFF00, 0xFE60, 0xFE80, 0xFE80, 0xFEA0, 0xEE20, 0x2100, 0x3000, 0x5820, 0x3000, 0x0000,
    0x0000, 0x0000, 0x0020, 0x0000, 0x5220, 0xFEC0, 0xFE60, 0xFE80, 0xFE60, 0xFEC0, 0xC520, 0x0800,
    0x5001, 0x4020, 0x0800, 0x39A0, 0xEE20, 0xFEC0, 0xFE60, 0xFE80, 0xFE80, 0xFE80, 0xFEC0, 0xDD80,
    0x3960, 0xFE80, 0xFE80, 0xFE80, 0xFE80, 0xFE80, 0xFEE0, 0x5A40, 0x0800, 0x3100, 0xF660, 0xFEA0,
    0xFE80, 0xFE80, 0xFE60, 0xFEC0, 0x93C0, 0x8360, 0xBCE0, 0xEDE0, 0xFE80, 0xFEA0, 0xFEE0, 0xFEC0,
    0xF620, 0xDD80, 0x8340, 0x20A0, 0x0000, 0x0000, 0x0000, 0x0000, 0x0000, 0x0000, 0x0000, 0x0000,
    0x0000, 0x0000, 0x0000, 0x0000, 0x0000, 0x0000, 0x0000, 0x0000, 0x0000, 0x0000, 0x0000, 0x0000,
    0x0000, 0x0000, 0x0000, 0x0000, 0x0000, 0x0000, 0x0000, 0x0000, 0x0000, 0x0000, 0x0000, 0x0000,
    0x0000, 0x0000, 0x0000, 0x0000, 0x0000, 0x0000, 0x0000, 0x0000, 0x0000, 0x0000, 0x0000, 0x0000,
    0x0000, 0x0000, 0x0000, 0x0000, 0x0000, 0x0000, 0x0000, 0x0000, 0x0000, 0x0000, 0x0000, 0x0000,
    0x0000, 0x0000, 0x0000, 0x0000, 0x0000, 0x0000, 0x0000, 0x0000, 0x0000, 0x0000, 0x0000, 0x0000,
    0x0000, 0x0000, 0x0000, 0x0000, 0x0000, 0x0000, 0x0000, 0x0000, 0x0000, 0x0000, 0x0000, 0x0000,
    0x0000, 0x0000, 0x0000, 0x0000, 0x0000, 0x0000, 0x0000, 0x0000, 0x0000, 0x0000, 0x0000, 0x0000,
    0x0000, 0x0000, 0x0000, 0x0000, 0x0000, 0x0000, 0x0000, 0x0000, 0x0000, 0x0000, 0x0000, 0x0000,
    0x0000, 0x0000, 0x0000, 0x0000, 0x0000, 0x0000, 0x0000, 0x0000, 0x0000, 0x0000, 0x0000, 0x0000,
    0x0000, 0x0000, 0x0000, 0x0000, 0x0000, 0x0000, 0x0000, 0x0000, 0x0000, 0x0000, 0x0000, 0x0000,
    0x0000, 0x0000, 0x0000, 0x0000, 0x0000, 0x0000, 0x0000, 0x0000, 0x0000, 0x0000, 0x0000, 0x0000,
    0x0000, 0x0000, 0x0000, 0x0000, 0x0000, 0x0000, 0x0000, 0x0000, 0x0000, 0x0000, 0x0000, 0x0000,
    0x0000, 0x0000, 0x3960, 0xB480, 0xF620, 0xFE80, 0xFE80, 0xFE80, 0xFE80, 0xFE80, 0xFE80, 0xFE80,
    0xFE40, 0xFE60, 0xF600, 0xF5E0, 0xFEA0, 0xFE80, 0xFE80, 0xFEA0, 0xFE80, 0xFEE0, 0xE5C0, 0x6AC0,
    0xC500, 0xFEC0, 0xFE80, 0xFE80, 0xFE80, 0xFEA0, 0xB4C0, 0x1020, 0x4800, 0x4800, 0x1000, 0x0000,
    0x0000, 0x0000, 0x0000, 0x0000, 0x9C20, 0xFF00, 0xFE60, 0xFE80, 0xFE60, 0xFF00, 0x8380, 0x1000,
    0x3800, 0x0000, 0x62C0, 0xFEA0, 0xFEA0, 0xFE60, 0xFE80, 0xFEA0, 0xFEA0, 0xFE80, 0xFF00, 0x41C0,
    0x41A0, 0xFEE0, 0xFE60, 0xFE80, 0xFEA0, 0xFE80, 0xEE00, 0x28E0, 0x1000, 0x6AE0, 0xFE80, 0xF640,
    0xFE80, 0xFE80, 0xFE60, 0xFE80, 0xFEC0, 0xFF20, 0xFEC0, 0xFE60, 0xFE20, 0xFE00, 0xFE20, 0xE580,
    0xCD20, 0xB4A0, 0x72E0, 0x3140, 0x3021, 0x3800, 0x0000, 0x0000, 0x0000, 0x0000, 0x0000, 0x0000,
    0x0000, 0x0000, 0x0000, 0x0000, 0x0000, 0x0000, 0x0000, 0x0000, 0x0000, 0x0000, 0x0000, 0x0000,
    0x0000, 0x0000, 0x0000, 0x0000, 0x0000, 0x0000, 0x0000, 0x0000, 0x0000, 0x0000, 0x0000, 0x0000,
    0x0000, 0x0000, 0x0000, 0x0000, 0x0000, 0x0000, 0x0000, 0x0000, 0x0000, 0x0000, 0x0000, 0x0000,
    0x0000, 0x0000, 0x0000, 0x0000, 0x0000, 0x0000, 0x0000, 0x0000, 0x0000, 0x0000, 0x0000, 0x0000,
    0x0000, 0x0000, 0x0000, 0x0000, 0x0000, 0x0000, 0x0000, 0x0000, 0x0000, 0x0000, 0x0000, 0x0000,
    0x0000, 0x0000, 0x0000, 0x0000, 0x0000, 0x0000, 0x0000, 0x0000, 0x0000, 0x0000, 0x0000, 0x0000,
    0x0000, 0x0000, 0x0000, 0x0000, 0x0000, 0x0000, 0x0000, 0x0000, 0x0000, 0x0000, 0x0000, 0x0000,
    0x0000, 0x0000, 0x0000, 0x0000, 0x0000, 0x0000, 0x0000, 0x0000, 0x0000, 0x0000, 0x0000, 0x0000,
    0x0000, 0x0000, 0x0000, 0x0000, 0x0000, 0x0000, 0x0000, 0x0000, 0x0000, 0x0000, 0x0000, 0x0000,
    0x0000, 0x0000, 0x0000, 0x0000, 0x0000, 0x0000, 0x0000, 0x0000, 0x0000, 0x0000, 0x0000, 0x0000,
    0x0000, 0x0000, 0x0000, 0x0000, 0x0000, 0x0000, 0x0000, 0x0000, 0x0000, 0x0000, 0x0000, 0x0000,
    0x0000, 0x0000, 0x0000, 0x0000, 0x0000, 0x0000, 0x0000, 0x0000, 0x0000, 0x0000, 0x0000, 0x0000,
    0x1060, 0x5220, 0xCD20, 0xFF00, 0xFE60, 0xFE60, 0xFE80, 0xFE80, 0xFE60, 0xFE80, 0xFE60, 0xFE20,
    0xF600, 0xFE20, 0xFE40, 0xFE60, 0xFE80, 0xFE80, 0xFEA0, 0xFE80, 0xFEA0, 0xCD60, 0x41A0, 0x0000,
    0xE5E0, 0xFEC0, 0xFE80, 0xFE80, 0xFE60, 0xFEE0, 0x8360, 0x0000, 0x1000, 0x0820, 0x18A0, 0x41A0,
    0x6260, 0x7B20, 0x8B80, 0x6280, 0xDDC0, 0xFEA0, 0xFE60, 0xFE80, 0xFE60, 0xFF00, 0x4A00, 0x0000,
    0x18C0, 0xA460, 0xFEE0, 0xFEA0, 0xFE80, 0xFE80, 0xFE80, 0xFEA0, 0xFE80, 0xFEC0, 0x9BE0, 0x0000,
    0x93A0, 0xFEE0, 0xF640, 0xFE80, 0xFE80, 0xFE60, 0xC500, 0x2000, 0x2000, 0x5260, 0xE5C0, 0xFE80,
    0xFE80, 0xFE80, 0xFE80, 0xFE80, 0xFE60, 0xFE60, 0xFE80, 0xFE40, 0xF5C0, 0xF5E0, 0xF600, 0xFE20,
    0xEE20, 0x6220, 0x0000, 0x1800, 0x7001, 0x1800, 0x0000, 0x0000, 0x0000, 0x0000, 0x0000, 0x0000,
    0x0000, 0x0000, 0x0000, 0x0000, 0x0000, 0x0000, 0x0000, 0x0000, 0x0000, 0x0000, 0x0000, 0x0000,
    0x0000, 0x0000, 0x0000, 0x0000, 0x0000, 0x0000, 0x0000, 0x0000, 0x0000, 0x0000, 0x0000, 0x0000,
    0x0000, 0x0000, 0x0000, 0x0000, 0x0000, 0x0000, 0x0000, 0x0000, 0x0000, 0x0000, 0x0000, 0x0000,
    0x0000, 0x0000, 0x0000, 0x0000, 0x0000, 0x0000, 0x0000, 0x0000, 0x0000, 0x0000, 0x0000, 0x0000,
    0x0000, 0x0000, 0x0000, 0x0000, 0x0000, 0x0000, 0x0000, 0x0000, 0x0000, 0x0000, 0x0000, 0x0000,
    0x0000, 0x0000, 0x0000, 0x0000, 0x0000, 0x0000, 0x0000, 0x0000, 0x0000, 0x0000, 0x0000, 0x0000,
    0x0000, 0x0000, 0x0000, 0x0000, 0x0000, 0x0000, 0x0000, 0x0000, 0x0000, 0x0000, 0x0000, 0x0000,
    0x0000, 0x0000, 0x0000, 0x0000, 0x0000, 0x0000, 0x0000, 0x0000, 0x0000, 0x0000, 0x0000, 0x0000,
    0x0000, 0x0000, 0x0000, 0x0000, 0x0000, 0x0000, 0x0000, 0x0000, 0x0000, 0x0000, 0x0000, 0x0000,
    0x0000, 0x0000, 0x0000, 0x0000, 0x0000, 0x0000, 0x0000, 0x0000, 0x0000, 0x0000, 0x0000, 0x0000,
    0x0000, 0x0000, 0x0000, 0x0000, 0x0000, 0x0000, 0x0000, 0x0000, 0x0000, 0x0000, 0x0000, 0x0000,
    0x0000, 0x0000, 0x0000, 0x0000, 0x0000, 0x0000, 0x0000, 0x0000, 0x0000, 0x0000, 0x0000, 0x0000,
    0x0840, 0x18C0, 0xB480, 0xFE60, 0xF600, 0xFE60, 0xFE80, 0xFE80, 0xFE80, 0xFE80, 0xFE40, 0xFE40,
    0xFE80, 0xFE40, 0xFE40, 0xFE80, 0xFE80, 0xFE80, 0xFE80, 0xFE60, 0xFF00, 0x62A0, 0x0000, 0x5200,
    0xF640, 0xFE80, 0xFE80, 0xFE80, 0xFE60, 0xFEC0, 0x8BA0, 0x7B40, 0xBD20, 0xDDE0, 0xF680, 0xFEC0,
    0xFEA0, 0xF640, 0x9C20, 0x5A40, 0xF640, 0xFE40, 0xFE80, 0xFE80, 0xFEC0, 0xE5E0, 0x0840, 0x62A0,
    0xEE40, 0xFF00, 0xFE80, 0xFE80, 0xFE80, 0xFE80, 0xFEA0, 0xFE80, 0xFEE0, 0xACA0, 0x0820, 0x0800,
    0xAC60, 0xF600, 0xFE40, 0xFE80, 0xFE60, 0xFEC0, 0x9400, 0x1000, 0x1000, 0x8360, 0xFE60, 0xFE20,
    0xFE80, 0xFE80, 0xFE80, 0xFE80, 0xFE60, 0xFE60, 0xFE60, 0xF600, 0xFE60, 0xFE40, 0xF600, 0xFE40,
    0xFE40, 0xA400, 0x41A0, 0x2821, 0x7821, 0x3000, 0x1000, 0x0000, 0x0000, 0x0000, 0x0000, 0x0000,
    0x0000, 0x0000, 0x0000, 0x0000, 0x0000, 0x0000, 0x0000, 0x0000, 0x0000, 0x0000, 0x0000, 0x0000,
    0x0000, 0x0000, 0x0000, 0x0000, 0x0000, 0x0000, 0x0000, 0x0000, 0x0000, 0x0000, 0x0000, 0x0000,
    0x0000, 0x0000, 0x0000, 0x0000, 0x0000, 0x0000, 0x0000, 0x0000, 0x0000, 0x0000, 0x0000, 0x0000,
    0x0000, 0x0000, 0x0000, 0x0000, 0x0000, 0x0000, 0x0000, 0x0000, 0x0000, 0x0000, 0x0000, 0x0000,
    0x0000, 0x0000, 0x0000, 0x0000, 0x0000, 0x0000, 0x0000, 0x0000, 0x0000, 0x0000, 0x0000, 0x0000,
    0x0000, 0x0000, 0x0000, 0x0000, 0x0000, 0x0000, 0x0000, 0x0000, 0x0000, 0x0000, 0x0000, 0x0000,
    0x0000, 0x0000, 0x0000, 0x0000, 0x0000, 0x0000, 0x0000, 0x0000, 0x0000, 0x0000, 0x0000, 0x0000,
    0x0000, 0x0000, 0x0000, 0x0000, 0x0000, 0x0000, 0x0000, 0x0000, 0x0000, 0x0000, 0x0000, 0x0000,
    0x0000, 0x0000, 0x0000, 0x0000, 0x0000, 0x0000, 0x0000, 0x0000, 0x0000, 0x0000, 0x0000, 0x0000,
    0x0000, 0x0000, 0x0000, 0x0000, 0x0000, 0x0000, 0x0000, 0x0000, 0x0000, 0x0000, 0x0000, 0x0000,
    0x0000, 0x0000, 0x0000, 0x0000, 0x0000, 0x0000, 0x0000, 0x0000, 0x0000, 0x0000, 0x0000, 0x0000,
    0x0000, 0x0000, 0x0000, 0x0000, 0x0000, 0x0000, 0x0000, 0x0000, 0x0000, 0x0000, 0x0000, 0x0000,
    0x1040, 0xCD00, 0xFEA0, 0xFE40, 0xFE20, 0xFE60, 0xFE80, 0xFE80, 0xFE60, 0xFE60, 0xFEA0, 0xFF00,
    0xF600, 0xAC20, 0x8320, 0xF640, 0xFE80, 0xFE80, 0xFE80, 0xFE60, 0xFEE0, 0x5A60, 0x0800, 0x7320,
    0xDD80, 0xFE60, 0xFE80, 0xFE80, 0xFE80, 0xFE80, 0xFEC0, 0xFF00, 0xFEE0, 0xFEC0, 0xFE80, 0xFE60,
    0xFE60, 0xD580, 0x8B80, 0x7B20, 0xEDE0, 0xEDE0, 0xFE80, 0xFE80, 0xFE80, 0xC500, 0xC540, 0xFF00,
    0xFEA0, 0xFE60, 0xFE80, 0xFE80, 0xFE80, 0xFEA0, 0xFE80, 0xFEA0, 0xAC80, 0x0840, 0x2800, 0x1860,
    0xCD20, 0xEDE0, 0xFE80, 0xFE60, 0xFE60, 0xFEE0, 0x5A60, 0x0000, 0x5A40, 0xFEA0, 0xF620, 0xF600,
    0xF620, 0xF620, 0xFE80, 0xFE80, 0xFE80, 0xFE60, 0xFE60, 0xF640, 0xFE40, 0xFEA0, 0xFEA0, 0xF600,
    0xC500, 0x39C0, 0x2020, 0x7021, 0x5000, 0x2800, 0x0000, 0x0000, 0x0000, 0x0000, 0x0000, 0x0000,
    0x0000, 0x0000, 0x0000, 0x0000, 0x0000, 0x0000, 0x0000, 0x0000, 0x0000, 0x0000, 0x0000, 0x0000,
    0x0000, 0x0000, 0x0000, 0x0000, 0x0000, 0x0000, 0x0000, 0x0000, 0x0000, 0x0000, 0x0000, 0x0000,
    0x0000, 0x0000, 0x0000, 0x0000, 0x0000, 0x0000, 0x0000, 0x0000, 0x0000, 0x0000, 0x0000, 0x0000,
    0x0000, 0x0000, 0x0000, 0x0000, 0x0000, 0x0000, 0x0000, 0x0000, 0x0000, 0x0000, 0x0000, 0x0000,
    0x0000, 0x0000, 0x0000, 0x0000, 0x0000, 0x0000, 0x0000, 0x0000, 0x0000, 0x0000, 0x0000, 0x0000,
    0x0000, 0x0000, 0x0000, 0x0000, 0x0000, 0x0000, 0x0000, 0x0000, 0x0000, 0x0000, 0x0000, 0x0000,
    0x0000, 0x0000, 0x0000, 0x0000, 0x0000, 0x0000, 0x0000, 0x0000, 0x0000, 0x0000, 0x0000, 0x0000,
    0x0000, 0x0000, 0x0000, 0x0000, 0x0000, 0x0000, 0x0000, 0x0000, 0x0000, 0x0000, 0x0000, 0x0000,
    0x0000, 0x0000, 0x0000, 0x0000, 0x0000, 0x0000, 0x0000, 0x0000, 0x0000, 0x0000, 0x0000, 0x0000,
    0x0000, 0x0000, 0x0000, 0x0000, 0x0000, 0x0000, 0x0000, 0x0000, 0x0000, 0x0000, 0x0000, 0x0000,
    0x0000, 0x0000, 0x0000, 0x0000, 0x0000, 0x0000, 0x0000, 0x0000, 0x0000, 0x0000, 0x0000, 0x0000,
    0x0000, 0x0000, 0x0000, 0x0000, 0x0000, 0x0000, 0x0000, 0x0000, 0x0000, 0x0000, 0x0000, 0x0000,
    0x1060, 0x8B40, 0xFE40, 0xF620, 0xFE20, 0xFE60, 0xFE60, 0xFE80, 0xFEA0, 0xFEA0, 0xDDE0, 0x8B80,
    0x3120, 0x0000, 0x18C0, 0xFE60, 0xFE80, 0xFE80, 0xFEA0, 0xFEA0, 0xFEC0, 0x3980, 0x0000, 0x72E0,
    0xEDE0, 0xFE80, 0xFE80, 0xFE60, 0xFE80, 0xFE80, 0xFE80, 0xFE60, 0xFE60, 0xF640, 0xF620, 0xF640,
    0xFEC0, 0xBCC0, 0x18A0, 0x9C20, 0xD560, 0xF640, 0xE5C0, 0xFE80, 0xFE60, 0xFE80, 0xFEA0, 0xFE60,
    0xFE80, 0xFE80, 0xFE60, 0xFEA0, 0xFE80, 0xFE60, 0xFE40, 0x8BA0, 0x0000, 0x3801, 0x3000, 0x2940,
    0xDD60, 0xEE00, 0xFE80, 0xFE60, 0xFE80, 0xF680, 0x30E0, 0x0000, 0x7B20, 0xFEC0, 0xF620, 0xF620,
    0xFE40, 0xFE40, 0xFE60, 0xFE60, 0xFE60, 0xFEA0, 0xFEE0, 0xFEA0, 0xF5E0, 0xBCA0, 0x5A60, 0x20C0,
    0x1800, 0x3000, 0x6001, 0x6801, 0x6001, 0x1000, 0x0000, 0x0000, 0x0000, 0x0000, 0x0000, 0x0000,
    0x0000, 0x0000, 0x0000, 0x0000, 0x0000, 0x0000, 0x0000, 0x0000, 0x0000, 0x0000, 0x0000, 0x0000,
    0x0000, 0x0000, 0x0000, 0x0000, 0x0000, 0x0000, 0x0000, 0x0000, 0x0000, 0x0000, 0x0000, 0x0000,
    0x0000, 0x0000, 0x0000, 0x0000, 0x0000, 0x0000, 0x0000, 0x0000, 0x0000, 0x0000, 0x0000, 0x0000,
    0x0000, 0x0000, 0x0000, 0x0000, 0x0000, 0x0000, 0x0000, 0x0000, 0x0000, 0x0000, 0x0000, 0x0000,
    0x0000, 0x0000, 0x0000, 0x0000, 0x0000, 0x0000, 0x0000, 0x0000, 0x0000, 0x0000, 0x0000, 0x0000,
    0x0000, 0x0000, 0x0000, 0x0000, 0x0000, 0x0000, 0x0000, 0x0000, 0x0000, 0x0000, 0x0000, 0x0000,
    0x0000, 0x0000, 0x0000, 0x0000, 0x0000, 0x0000, 0x0000, 0x0000, 0x0000, 0x0000, 0x0000, 0x0000,
    0x0000, 0x0000, 0x0000, 0x0000, 0x0000, 0x0000, 0x0000, 0x0000, 0x0000, 0x0000, 0x0000, 0x0000,
    0x0000, 0x0000, 0x0000, 0x0000, 0x0000, 0x0000, 0x0000, 0x0000, 0x0000, 0x0000, 0x0000, 0x0000,
    0x0000, 0x0000, 0x0000, 0x0000, 0x0000, 0x0000, 0x0000, 0x0000, 0x0000, 0x0000, 0x0000, 0x0000,
    0x0000, 0x0000, 0x0000, 0x0000, 0x0000, 0x0000, 0x0000, 0x0000, 0x0000, 0x0000, 0x0000, 0x0000,
    0x0000, 0x0000, 0x0000, 0x0000, 0x0000, 0x0000, 0x0000, 0x0000, 0x0000, 0x0000, 0x0000, 0x0000,
    0x0000, 0x8320, 0xFEA0, 0xFE20, 0xFE40, 0xFE20, 0xFE40, 0xFEA0, 0xDDC0, 0x41C0, 0x1040, 0x1000,
    0x3000, 0x2800, 0x2920, 0xFEA0, 0xFE80, 0xFE80, 0xFEA0, 0xFE80, 0xFE80, 0x2100, 0x0000, 0xB460,
    0xFE80, 0xFE60, 0xFE80, 0xFE80, 0xFE80, 0xFE80, 0xFEA0, 0xFE80, 0xFE80, 0xFE60, 0xFE40, 0xF640,
    0xFEA0, 0xD560, 0x9C00, 0xA420, 0x9380, 0xF680, 0xDDA0, 0xFE80, 0xFE80, 0xFE40, 0xFE60, 0xFE60,
    0xFE60, 0xFE80, 0xFE80, 0xFE60, 0xFE60, 0xDDC0, 0x5260, 0x0800, 0x5001, 0x6841, 0x2000, 0x5220,
    0xC500, 0xF640, 0xFE80, 0xFE60, 0xFEC0, 0xCD60, 0x2020, 0x2800, 0x39A0, 0xFF00, 0xFE80, 0xFE40,
    0xFE60, 0xFE40, 0xFEA0, 0xFEC0, 0xFEE0, 0xF640, 0xB4C0, 0x7300, 0x3140, 0x0800, 0x1000, 0x4801,
    0x6801, 0x6821, 0x7021, 0x7821, 0x8801, 0x4800, 0x0000, 0x0000, 0x0000, 0x0000, 0x0000, 0x0000,
    0x0000, 0x0000, 0x0000, 0x0000, 0x0000, 0x0000, 0x0000, 0x0000, 0x0000, 0x0000, 0x0000, 0x0000,
    0x0000, 0x0000, 0x0000, 0x0000, 0x0000, 0x0000, 0x0000, 0x0000, 0x0000, 0x0000, 0x0000, 0x0000,
    0x0000, 0x0000, 0x0000, 0x0000, 0x0000, 0x0000, 0x0000, 0x0000, 0x0000, 0x0000, 0x0000, 0x0000,
    0x0000, 0x0000, 0x0000, 0x0000, 0x0000, 0x0000, 0x0000, 0x0000, 0x0000, 0x0000, 0x0000, 0x0000,
    0x0000, 0x0000, 0x0000, 0x0000, 0x0000, 0x0000, 0x0000, 0x0000, 0x0000, 0x0000, 0x0000, 0x0000,
    0x0000, 0x0000, 0x0000, 0x0000, 0x0000, 0x0000, 0x0000, 0x0000, 0x0000, 0x0000, 0x0000, 0x0000,
    0x0000, 0x0000, 0x0000, 0x0000, 0x0000, 0x0000, 0x0000, 0x0000, 0x0000, 0x0000, 0x0000, 0x0000,
    0x0000, 0x0000, 0x0000, 0x0000, 0x0000, 0x0000, 0x0000, 0x0000, 0x0000, 0x0000, 0x0000, 0x0000,
    0x0000, 0x0000, 0x0000, 0x0000, 0x0000, 0x0000, 0x0000, 0x0000, 0x0000, 0x0000, 0x0000, 0x0000,
    0x0000, 0x0000, 0x0000, 0x0000, 0x0000, 0x0000, 0x0000, 0x0000, 0x0000, 0x0000, 0x0000, 0x0000,
    0x0000, 0x0000, 0x0000, 0x0000, 0x0000, 0x0000, 0x0000, 0x0000, 0x0000, 0x0000, 0x0000, 0x0000,
    0x0000, 0x0000, 0x0000, 0x0000, 0x0000, 0x0000, 0x0000, 0x0000, 0x0000, 0x0000, 0x0000, 0x0000,
    0x5A60, 0xF640, 0xFE40, 0xFE20, 0xFE20, 0xFE40, 0xFE40, 0xFEE0, 0x6280, 0x1000, 0x5001, 0x5021,
    0x5841, 0x2800, 0x2940, 0xFEC0, 0xFEA0, 0xFE80, 0xFE80, 0xFE80, 0xEE00, 0x1060, 0x8B80, 0xFF00,
    0xF620, 0xF600, 0xFE40, 0xFE80, 0xFE80, 0xFE80, 0xFE80, 0xFE80, 0xFE80, 0xFE40, 0xFE40, 0xFEC0,
    0xFEC0, 0xDDC0, 0x49E0, 0x4180, 0xC4E0, 0xFEA0, 0xFE60, 0xFE60, 0xF620, 0xF600, 0xFE60, 0xFE40,
    0xFE60, 0xFE60, 0xEE40, 0xDDE0, 0x9C40, 0x2100, 0x1800, 0x5821, 0x6021, 0x5821, 0x1800, 0x4A00,
    0xB480, 0xFEE0, 0xEE00, 0x93A0, 0xFEA0, 0x5220, 0x2000, 0x5801, 0x2080, 0x6280, 0xDD60, 0xFE80,
    0xFE80, 0xFEC0, 0xE620, 0xB4E0, 0x62A0, 0x10A0, 0x0800, 0x2000, 0x4001, 0x5801, 0x6021, 0x6821,
    0x6021, 0x5821, 0x6021, 0x6801, 0x4800, 0x0800, 0x0000, 0x0000, 0x0000, 0x0000, 0x0000, 0x0000,
    0x0000, 0x0000, 0x0000, 0x0000, 0x0000, 0x0000, 0x0000, 0x0000, 0x0000, 0x0000, 0x0000, 0x0000,
    0x0000, 0x0000, 0x0000, 0x0000, 0x0000, 0x0000, 0x0000, 0x0000, 0x0000, 0x0000, 0x0000, 0x0000,
    0x0000, 0x0000, 0x0000, 0x0000, 0x0000, 0x0000, 0x0000, 0x0000, 0x0000, 0x0000, 0x0000, 0x0000,
    0x0000, 0x0000, 0x0000, 0x0000, 0x0000, 0x0000, 0x0000, 0x0000, 0x0000, 0x0000, 0x0000, 0x0000,
    0x0000, 0x0000, 0x0000, 0x0000, 0x0000, 0x0000, 0x0000, 0x0000, 0x0000, 0x0000, 0x0000, 0x0000,
    0x0000, 0x0000, 0x0000, 0x0000, 0x0000, 0x0000, 0x0000, 0x0000, 0x0000, 0x0000, 0x0000, 0x0000,
    0x0000, 0x0000, 0x0000, 0x0000, 0x0000, 0x0000, 0x0000, 0x0000, 0x0000, 0x0000, 0x0000, 0x0000,
    0x0000, 0x0000, 0x0000, 0x0000, 0x0000, 0x0000, 0x0000, 0x0000, 0x0000, 0x0000, 0x0000, 0x0000,
    0x0000, 0x0000, 0x0000, 0x0000, 0x0000, 0x0000, 0x0000, 0x0000, 0x0000, 0x0000, 0x0000, 0x0000,
    0x0000, 0x0000, 0x0000, 0x0000, 0x0000, 0x0000, 0x0000, 0x0000, 0x0000, 0x0000, 0x0000, 0x0000,
    0x0000, 0x0000, 0x0000, 0x0000, 0x0000, 0x0000, 0x0000, 0x0000, 0x0000, 0x0000, 0x0000, 0x0000,
    0x0000, 0x0000, 0x0000, 0x0000, 0x0000, 0x0000, 0x0000, 0x0000, 0x0000, 0x0000, 0x0000, 0x0000,
    0x20E0, 0xCCC0, 0xF5E0, 0xFE40, 0xFE40, 0xFE60, 0xFEC0, 0xDDA0, 0x1040, 0x5021, 0x5021, 0x4021,
    0x4821, 0x2800, 0x3980, 0xFEA0, 0xFE60, 0xFE80, 0xFE60, 0xFE80, 0xD560, 0x0840, 0xC520, 0xFEC0,
    0xFE40, 0xFE40, 0xFE60, 0xFE80, 0xFE80, 0xFE80, 0xFE80, 0xFEC0, 0xFF00, 0xFEA0, 0xE5E0, 0xA460,
    0x5220, 0x18A0, 0x8340, 0xF640, 0xFE80, 0xFE40, 0xFE60, 0xFE60, 0xF620, 0xFE00, 0xFE80, 0xFE60,
    0xE5C0, 0xCD00, 0xA480, 0x41E0, 0x0800, 0x3801, 0x6021, 0x5821, 0x5821, 0x5821, 0x1820, 0x0860,
    0x93A0, 0xE600, 0x49C0, 0x2900, 0x8BC0, 0x0000, 0x4801, 0x5821, 0x5001, 0x0800, 0x5AA0, 0xEE40,
    0xE5C0, 0x7B40, 0x1060, 0x0000, 0x1000, 0x3800, 0x5821, 0x6021, 0x6021, 0x6021, 0x5801, 0x5821,
    0x6021, 0x6821, 0x6801, 0x5000, 0x0800, 0x0000, 0x0000, 0x0000, 0x0000, 0x0000, 0x0000, 0x0000,
    0x0000, 0x0000, 0x0000, 0x0000, 0x0000, 0x0000, 0x0000, 0x0000, 0x0000, 0x0000, 0x0000, 0x0000,
    0x0000, 0x0000, 0x0000, 0x0000, 0x0000, 0x0000, 0x0000, 0x0000, 0x0000, 0x0000, 0x0000, 0x0000,
    0x0000, 0x0000, 0x0000, 0x0000, 0x0000, 0x0000, 0x0000, 0x0000, 0x0000, 0x0000, 0x0000, 0x0000,
    0x0000, 0x0000, 0x0000, 0x0000, 0x0000, 0x0000, 0x0000, 0x0000, 0x0000, 0x0000, 0x0000, 0x0000,
    0x0000, 0x0000, 0x0000, 0x0000, 0x0000, 0x0000, 0x0000, 0x0000, 0x0000, 0x0000, 0x0000, 0x0000,
    0x0000, 0x0000, 0x0000, 0x0000, 0x0000, 0x0000, 0x0000, 0x0000, 0x0000, 0x0000, 0x0000, 0x0000,
    0x0000, 0x0000, 0x0000, 0x0000, 0x0000, 0x0000, 0x0000, 0x0000, 0x0000, 0x0000, 0x0000, 0x0000,
    0x0000, 0x0000, 0x0000, 0x0000, 0x0000, 0x0000, 0x0000, 0x0000, 0x0000, 0x0000, 0x0000, 0x0000,
    0x0000, 0x0000, 0x0000, 0x0000, 0x0000, 0x0000, 0x0000, 0x0000, 0x0000, 0x0000, 0x0000, 0x0000,
    0x0000, 0x0000, 0x0000, 0x0000, 0x0000, 0x0000, 0x0000, 0x0000, 0x0000, 0x0000, 0x0000, 0x0000,
    0x0000, 0x0000, 0x0000, 0x0000, 0x0000, 0x0000, 0x0000, 0x0000, 0x0000, 0x0000, 0x0000, 0x0000,
    0x0000, 0x0000, 0x0000, 0x0000, 0x0000, 0x0000, 0x0000, 0x0000, 0x0000, 0x0000, 0x0000, 0x0000,
    0x5A20, 0xFE00, 0xFE40, 0xFE60, 0xFE60, 0xFE40, 0xFEE0, 0x5220, 0x2000, 0x5821, 0x4800, 0x5000,
    0x5021, 0x3000, 0x41A0, 0xF5E0, 0xEDE0, 0xFEA0, 0xFE80, 0xFE80, 0xBCC0, 0x0000, 0x8B80, 0xFF40,
    0xF640, 0xFE80, 0xFE60, 0xFE80, 0xFEA0, 0xFEE0, 0xFF20, 0xDDA0, 0x93E0, 0x5220, 0x1880, 0x0000,
    0x0000, 0x6AA0, 0xF660, 0xFE80, 0xFE40, 0xFE60, 0xF640, 0xFE80, 0xFEA0, 0xFE80, 0xDDA0, 0xA460,
    0x6B00, 0x2960, 0x1000, 0x3001, 0x6021, 0x6021, 0x5801, 0x5821, 0x5821, 0x4801, 0x1000, 0x0020,
    0x8B80, 0x93C0, 0x0000, 0x1080, 0x1020, 0x4800, 0x5801, 0x4801, 0x2000, 0x6021, 0x2801, 0x2080,
    0x1040, 0x1800, 0x4801, 0x5021, 0x5821, 0x5021, 0x5021, 0x5001, 0x5821, 0x5821, 0x6021, 0x6021,
    0x6021, 0x4000, 0x1800, 0x0000, 0x0000, 0x0000, 0x0000, 0x0000, 0x0000, 0x0000, 0x0000, 0x0000,
    0x0000, 0x0000, 0x0000, 0x0000, 0x0000, 0x0000, 0x0000, 0x0000, 0x0000, 0x0000, 0x0000, 0x0000,
    0x0000, 0x0000, 0x0000, 0x0000, 0x0000, 0x0000, 0x0000, 0x0000, 0x0000, 0x0000, 0x0000, 0x0000,
    0x0000, 0x0000, 0x0000, 0x0000, 0x0000, 0x0000, 0x0000, 0x0000, 0x0000, 0x0000, 0x0000, 0x0000,
    0x0000, 0x0000, 0x0000, 0x0000, 0x0000, 0x0000, 0x0000, 0x0000, 0x0000, 0x0000, 0x0000, 0x0000,
    0x0000, 0x0000, 0x0000, 0x0000, 0x0000, 0x0000, 0x0000, 0x0000, 0x0000, 0x0000, 0x0000, 0x0000,
    0x0000, 0x0000, 0x0000, 0x0000, 0x0000, 0x0000, 0x0000, 0x0000, 0x0000, 0x0000, 0x0000, 0x0000,
    0x0000, 0x0000, 0x0000, 0x0000, 0x0000, 0x0000, 0x0000, 0x0000, 0x0000, 0x0000, 0x0000, 0x0000,
    0x0000, 0x0000, 0x0000, 0x0000, 0x0000, 0x0000, 0x0000, 0x0000, 0x0000, 0x0000, 0x0000, 0x0000,
    0x0000, 0x0000, 0x0000, 0x0000, 0x0000, 0x0000, 0x0000, 0x0000, 0x0000, 0x0000, 0x0000, 0x0000,
    0x0000, 0x0000, 0x0000, 0x0000, 0x0000, 0x0000, 0x0000, 0x0000, 0x0000, 0x0000, 0x0000, 0x0000,
    0x0000, 0x0000, 0x0000, 0x0000, 0x0000, 0x0000, 0x0000, 0x0000, 0x0000, 0x0000, 0x0000, 0x0000,
    0x0000, 0x0000, 0x0000, 0x0000, 0x0000, 0x0000, 0x0000, 0x0000, 0x0000, 0x0000, 0x0000, 0x0000,
    0xCD20, 0xFE60, 0xFE60, 0xFE60, 0xFE40, 0xFEA0, 0xC500, 0x0800, 0x5801, 0x4821, 0x4800, 0x3000,
    0x1000, 0x0000, 0x3140, 0xE5C0, 0xF640, 0xFE80, 0xFE60, 0xF640, 0xAC40, 0x0000, 0x39A0, 0xAC60,
    0xFE80, 0xFE80, 0xFEE0, 0xFEE0, 0xE600, 0xAC80, 0x5A80, 0x1040, 0x0000, 0x2800, 0x5001, 0x2800,
    0x20C0, 0x2920, 0x8340, 0xF640, 0xFE60, 0xFEC0, 0xFEE0, 0xE5E0, 0xA420, 0x6AC0, 0x39A0, 0x18A0,
    0x1800, 0x3000, 0x5001, 0x6021, 0x5821, 0x5821, 0x5821, 0x5821, 0x4000, 0x0000, 0x0000, 0x2000,
    0x20A0, 0x2920, 0x2800, 0x2000, 0x5001, 0x6801, 0x4801, 0x4000, 0x0000, 0x6801, 0x8021, 0x5801,
    0x5801, 0x5021, 0x5021, 0x5021, 0x5001, 0x5020, 0x5821, 0x6021, 0x6001, 0x6001, 0x4000, 0x2000,
    0x0800, 0x0000, 0x0000, 0x0000, 0x0000, 0x0000, 0x0000, 0x0000, 0x0000, 0x0000, 0x0000, 0x0000,
    0x0000, 0x0000, 0x0000, 0x0000, 0x0000, 0x0000, 0x0000, 0x0000, 0x0000, 0x0000, 0x0000, 0x0000,
    0x0000, 0x0000, 0x0000, 0x0000, 0x0000, 0x0000, 0x0000, 0x0000, 0x0000, 0x0000, 0x0000, 0x0000,
    0x0000, 0x0000, 0x0000, 0x0000, 0x0000, 0x0000, 0x0000, 0x0000, 0x0000, 0x0000, 0x0000, 0x0000,
    0x0000, 0x0000, 0x0000, 0x0000, 0x0000, 0x0000, 0x0000, 0x0000, 0x0000, 0x0000, 0x0000, 0x0000,
    0x0000, 0x0000, 0x0000, 0x0000, 0x0000, 0x0000, 0x0000, 0x0000, 0x0000, 0x0000, 0x0000, 0x0000,
    0x0000, 0x0000, 0x0000, 0x0000, 0x0000, 0x0000, 0x0000, 0x0000, 0x0000, 0x0000, 0x0000, 0x0000,
    0x0000, 0x0000, 0x0000, 0x0000, 0x0000, 0x0000, 0x0000, 0x0000, 0x0000, 0x0000, 0x0000, 0x0000,
    0x0000, 0x0000, 0x0000, 0x0000, 0x0000, 0x0000, 0x0000, 0x0000, 0x0000, 0x0000, 0x0000, 0x0000,
    0x0000, 0x0000, 0x0000, 0x0000, 0x0000, 0x0000, 0x0000, 0x0000, 0x0000, 0x0000, 0x0000, 0x0000,
    0x0000, 0x0000, 0x0000, 0x0000, 0x0000, 0x0000, 0x0000, 0x0000, 0x0000, 0x0000, 0x0000, 0x0000,
    0x0000, 0x0000, 0x0000, 0x0000, 0x0000, 0x0000, 0x0000, 0x0000, 0x0000, 0x0000, 0x0000, 0x0000,
    0x0000, 0x0000, 0x0000, 0x0000, 0x0000, 0x0000, 0x0000, 0x0000, 0x0000, 0x0000, 0x0000, 0x4A00,
    0xEE00, 0xEDE0, 0xFE80, 0xFE80, 0xFE80, 0xFEC0, 0x3980, 0x2800, 0x5021, 0x4801, 0x3800, 0x0000,
    0x0000, 0x0000, 0x3960, 0xD560, 0xF640, 0xFE80, 0xFE80, 0xF620, 0x8B60, 0x1000, 0x1800, 0x0860,
    0xD5A0, 0xFF40, 0xBD00, 0x41C0, 0x1060, 0x1000, 0x2000, 0x3801, 0x5021, 0x5821, 0x5021, 0x4801,
    0x3000, 0x0000, 0x2900, 0x9380, 0xF640, 0xBD20, 0x5A80, 0x1080, 0x0000, 0x0800, 0x2800, 0x5001,
    0x6001, 0x6021, 0x5821, 0x5021, 0x5821, 0x5821, 0x5001, 0x2800, 0x0000, 0x0000, 0x0000, 0x3800,
    0x5801, 0x3800, 0x7001, 0x5801, 0x4801, 0x4000, 0x5001, 0x3800, 0x0000, 0x1800, 0x5801, 0x7021,
    0x6821, 0x5001, 0x4821, 0x5021, 0x5021, 0x5801, 0x5801, 0x4000, 0x2000, 0x0800, 0x0000, 0x0000,
    0x0000, 0x0000, 0x0000, 0x0000, 0x0000, 0x0000, 0x0000, 0x0000, 0x0000, 0x0000, 0x0000, 0x0000,
    0x0000, 0x0000, 0x0000, 0x0000, 0x0000, 0x0000, 0x0000, 0x0000, 0x0000, 0x0000, 0x0000, 0x0000,
    0x0000, 0x0000, 0x0000, 0x0000, 0x0000, 0x0000, 0x0000, 0x0000, 0x0000, 0x0000, 0x0000, 0x0000,
    0x0000, 0x0000, 0x0000, 0x0000, 0x0000, 0x0000, 0x0000, 0x0000, 0x0000, 0x0000, 0x0000, 0x0000,
    0x0000, 0x0000, 0x0000, 0x0000, 0x0000, 0x0000, 0x0000, 0x0000, 0x0000, 0x0000, 0x0000, 0x0000,
    0x0000, 0x0000, 0x0000, 0x0000, 0x0000, 0x0000, 0x0000, 0x0000, 0x0000, 0x0000, 0x0000, 0x0000,
    0x0000, 0x0000, 0x0000, 0x0000, 0x0000, 0x0000, 0x0000, 0x0000, 0x0000, 0x0000, 0x0000, 0x0000,
    0x0000, 0x0000, 0x0000, 0x0000, 0x0000, 0x0000, 0x0000, 0x0000, 0x0000, 0x0000, 0x0000, 0x0000,
    0x0000, 0x0000, 0x0000, 0x0000, 0x0000, 0x0000, 0x0000, 0x0000, 0x0000, 0x0000, 0x0000, 0x0000,
    0x0000, 0x0000, 0x0000, 0x0000, 0x0000, 0x0000, 0x0000, 0x0000, 0x0000, 0x0000, 0x0000, 0x0000,
    0x0000, 0x0000, 0x0000, 0x0000, 0x0000, 0x0000, 0x0000, 0x0000, 0x0000, 0x0000, 0x0000, 0x0000,
    0x0000, 0x0000, 0x0000, 0x0000, 0x0000, 0x0000, 0x0000, 0x0000, 0x0000, 0x0000, 0x0000, 0x0000,
    0x0000, 0x0000, 0x0000, 0x0000, 0x0000, 0x0000, 0x0000, 0x0000, 0x0000, 0x0000, 0x0000, 0xAC60,
    0xD540, 0xFE40, 0xF640, 0xF640, 0xFEE0, 0xC500, 0x1000, 0x6001, 0x4000, 0x5001, 0x1800, 0x0000,
    0x0000, 0x0000, 0x39A0, 0xBD00, 0xF640, 0xFEA0, 0xEE00, 0xCD40, 0x4A00, 0x1800, 0x6041, 0x3000,
    0x1880, 0x41A0, 0x1000, 0x2000, 0x4000, 0x5021, 0x5021, 0x5021, 0x4821, 0x4821, 0x4821, 0x5021,
    0x5821, 0x2000, 0x18E0, 0x62A0, 0x3120, 0x2800, 0x3801, 0x3800, 0x4020, 0x5021, 0x5821, 0x5821,
    0x5021, 0x5820, 0x5801, 0x5801, 0x5801, 0x3000, 0x0800, 0x0000, 0x0000, 0x0000, 0x0000, 0x1000,
    0x7801, 0x5801, 0x5801, 0x4000, 0x4000, 0x5000, 0x5000, 0x1000, 0x0000, 0x0000, 0x2000, 0x6801,
    0x7001, 0x6001, 0x5001, 0x4800, 0x3800, 0x1800, 0x0000, 0x0000, 0x0000, 0x0000, 0x0000, 0x0000,
    0x0000, 0x0000, 0x0000, 0x0000, 0x0000, 0x0000, 0x0000, 0x0000, 0x0000, 0x0000, 0x0000, 0x0000,
    0x0000, 0x0000, 0x0000, 0x0000, 0x0000, 0x0000, 0x0000, 0x0000, 0x0000, 0x0000, 0x0000, 0x0000,
    0x0000, 0x0000, 0x0000, 0x0000, 0x0000, 0x0000, 0x0000, 0x0000, 0x0000, 0x0000, 0x0000, 0x0000,
    0x0000, 0x0000, 0x0000, 0x0000, 0x0000, 0x0000, 0x0000, 0x0000, 0x0000, 0x0000, 0x0000, 0x0000,
    0x0000, 0x0000, 0x0000, 0x0000, 0x0000, 0x0000, 0x0000, 0x0000, 0x0000, 0x0000, 0x0000, 0x0000,
    0x0000, 0x0000, 0x0000, 0x0000, 0x0000, 0x0000, 0x0000, 0x0000, 0x0000, 0x0000, 0x0000, 0x0000,
    0x0000, 0x0000, 0x0000, 0x0000, 0x0000, 0x0000, 0x0000, 0x0000, 0x0000, 0x0000, 0x0000, 0x0000,
    0x0000, 0x0000, 0x0000, 0x0000, 0x0000, 0x0000, 0x0000, 0x0000, 0x0000, 0x0000, 0x0000, 0x0000,
    0x0000, 0x0000, 0x0000, 0x0000, 0x0000, 0x0000, 0x0000, 0x0000, 0x0000, 0x0000, 0x0000, 0x0000,
    0x0000, 0x0000, 0x0000, 0x0000, 0x0000, 0x0000, 0x0000, 0x0000, 0x0000, 0x0000, 0x0000, 0x0000,
    0x0000, 0x0000, 0x0000, 0x0000, 0x0000, 0x0000, 0x0000, 0x0000, 0x0000, 0x0000, 0x0000, 0x0000,
    0x0000, 0x0000, 0x0000, 0x0000, 0x0000, 0x0000, 0x0000, 0x0000, 0x0000, 0x0000, 0x0000, 0x0000,
    0x0000, 0x0000, 0x0000, 0x0000, 0x0000, 0x0000, 0x0000, 0x0000, 0x0000, 0x0000, 0x20E0, 0x9380,
    0xE5C0, 0xFEC0, 0xFE60, 0xF640, 0xFEC0, 0x4A00, 0x3000, 0x5021, 0x4800, 0x4000, 0x0000, 0x0000,
    0x0000, 0x0000, 0x2100, 0x7300, 0xFE80, 0xDDA0, 0x8320, 0x8BA0, 0x41E0, 0x2800, 0x5021, 0x7801,
    0x6801, 0x3000, 0x4801, 0x5821, 0x5020, 0x4800, 0x4821, 0x5021, 0x5021, 0x5821, 0x5801, 0x4800,
    0x2800, 0x3000, 0x3000, 0x3000, 0x5801, 0x7021, 0x6021, 0x5821, 0x5021, 0x5021, 0x5000, 0x5001,
    0x5821, 0x6021, 0x6000, 0x4000, 0x1000, 0x0000, 0x0000, 0x0000, 0x0000, 0x0000, 0x0000, 0x0000,
    0x3800, 0x7001, 0x5800, 0x6801, 0x6801, 0x5800, 0x1000, 0x0000, 0x0000, 0x0000, 0x0000, 0x1000,
    0x4800, 0x4800, 0x1800, 0x0000, 0x0000, 0x0000, 0x0000, 0x0000, 0x0000, 0x0000, 0x0000, 0x0000,
    0x0000, 0x0000, 0x0000, 0x0000, 0x0000, 0x0000, 0x0000, 0x0000, 0x0000, 0x0000, 0x0000, 0x0000,
    0x0000, 0x0000, 0x0000, 0x0000, 0x0000, 0x0000, 0x0000, 0x0000, 0x0000, 0x0000, 0x0000, 0x0000,
    0x0000, 0x0000, 0x0000, 0x0000, 0x0000, 0x0000, 0x0000, 0x0000, 0x0000, 0x0000, 0x0000, 0x0000,
    0x0000, 0x0000, 0x0000, 0x0000, 0x0000, 0x0000, 0x0000, 0x0000, 0x0000, 0x0000, 0x0000, 0x0000,
    0x0000, 0x0000, 0x0000, 0x0000, 0x0000, 0x0000, 0x0000, 0x0000, 0x0000, 0x0000, 0x0000, 0x0000,
    0x0000, 0x0000, 0x0000, 0x0000, 0x0000, 0x0000, 0x0000, 0x0000, 0x0000, 0x0000, 0x0000, 0x0000,
    0x0000, 0x0000, 0x0000, 0x0000, 0x0000, 0x0000, 0x0000, 0x0000, 0x0000, 0x0000, 0x0000, 0x0000,
    0x0000, 0x0000, 0x0000, 0x0000, 0x0000, 0x0000, 0x0000, 0x0000, 0x0000, 0x0000, 0x0000, 0x0000,
    0x0000, 0x0000, 0x0000, 0x0000, 0x0000, 0x0000, 0x0000, 0x0000, 0x0000, 0x0000, 0x0000, 0x0000,
    0x0000, 0x0000, 0x0000, 0x0000, 0x0000, 0x0000, 0x0000, 0x0000, 0x0000, 0x0000, 0x0000, 0x0000,
    0x0000, 0x0000, 0x0000, 0x0000, 0x0000, 0x0000, 0x0000, 0x0000, 0x0000, 0x0000, 0x0000, 0x0000,
    0x0000, 0x0000, 0x0000, 0x0000, 0x0000, 0x0000, 0x0000, 0x0000, 0x0000, 0x0000, 0x0000, 0x0000,
    0x0000, 0x0000, 0x0000, 0x0000, 0x0000, 0x0000, 0x0000, 0x0000, 0x0000, 0x0000, 0x3980, 0x8320,
    0xFE80, 0xCD20, 0xBCC0, 0xFF40, 0xB4A0, 0x1000, 0x5001, 0x3800, 0x5000, 0x1800, 0x0000, 0x0000,
    0x0000, 0x0000, 0x0000, 0x3980, 0xDDC0, 0x6AA0, 0x1080, 0x5A60, 0x3140, 0x3800, 0x5020, 0x5801,
    0x7821, 0x4821, 0x4800, 0x4800, 0x4801, 0x5001, 0x5801, 0x5001, 0x4001, 0x2800, 0x1000, 0x0000,
    0x0000, 0x3000, 0x7801, 0x6821, 0x6021, 0x4820, 0x4800, 0x4800, 0x5000, 0x6001, 0x6801, 0x7001,
    0x5001, 0x2800, 0x0800, 0x0000, 0x0000, 0x0000, 0x0000, 0x0000, 0x0000, 0x0000, 0x0000, 0x0000,
    0x0800, 0x4800, 0x6001, 0x4000, 0x1000, 0x0000, 0x0000, 0x0000, 0x0000, 0x0000, 0x0000, 0x0000,
    0x0000, 0x0000, 0x0000, 0x0000, 0x0000, 0x0000, 0x0000, 0x0000, 0x0000, 0x0000, 0x0000, 0x0000,
    0x0000, 0x0000, 0x0000, 0x0000, 0x0000, 0x0000, 0x0000, 0x0000, 0x0000, 0x0000, 0x0000, 0x0000,
    0x0000, 0x0000, 0x0000, 0x0000, 0x0000, 0x0000, 0x0000, 0x0000, 0x0000, 0x0000, 0x0000, 0x0000,
    0x0000, 0x0000, 0x0000, 0x0000, 0x0000, 0x0000, 0x0000, 0x0000, 0x0000, 0x0000, 0x0000, 0x0000,
    0x0000, 0x0000, 0x0000, 0x0000, 0x0000, 0x0000, 0x0000, 0x0000, 0x0000, 0x0000, 0x0000, 0x0000,
    0x0000, 0x0000, 0x0000, 0x0000, 0x0000, 0x0000, 0x0000, 0x0000, 0x0000, 0x0000, 0x0000, 0x0000,
    0x0000, 0x0000, 0x0000, 0x0000, 0x0000, 0x0000, 0x0000, 0x0000, 0x0000, 0x0000, 0x0000, 0x0000,
    0x0000, 0x0000, 0x0000, 0x0000, 0x0000, 0x0000, 0x0000, 0x0000, 0x0000, 0x0000, 0x0000, 0x0000,
    0x0000, 0x0000, 0x0000, 0x0000, 0x0000, 0x0000, 0x0000, 0x0000, 0x0000, 0x0000, 0x0000, 0x0000,
    0x0000, 0x0000, 0x0000, 0x0000, 0x0000, 0x0000, 0x0000, 0x0000, 0x0000, 0x0000, 0x0000, 0x0000,
    0x0000, 0x0000, 0x0000, 0x0000, 0x0000, 0x0000, 0x0000, 0x0000, 0x0000, 0x0000, 0x0000, 0x0000,
    0x0000, 0x0000, 0x0000, 0x0000, 0x0000, 0x0000, 0x0000, 0x0000, 0x0000, 0x0000, 0x0000, 0x0000,
    0x0000, 0x0000, 0x0000, 0x0000, 0x0000, 0x0000, 0x0000, 0x0000, 0x0000, 0x0000, 0x0000, 0x0000,
    0x0000, 0x0000, 0x0000, 0x0000, 0x0000, 0x0000, 0x0000, 0x0000, 0x0000, 0x0840, 0x28E0, 0xBCC0,
    0xC4E0, 0x3980, 0x8B80, 0xA460, 0x0860, 0x4800, 0x5000, 0x4800, 0x4800, 0x0000, 0x0000, 0x0000,
    0x0000, 0x0000, 0x0800, 0x1040, 0x5A80, 0x1080, 0x0000, 0x10A0, 0x2080, 0x5001, 0x4000, 0x0800,
    0x3000, 0x6001, 0x5801, 0x5801, 0x5001, 0x4000, 0x2800, 0x0800, 0x0000, 0x0000, 0x0000, 0x0000,
    0x0000, 0x0000, 0x2000, 0x5001, 0x4801, 0x5801, 0x6801, 0x7001, 0x6801, 0x6001, 0x3800, 0x1000,
    0x0000, 0x0000, 0x0000, 0x0000, 0x0000, 0x0000, 0x0000, 0x0000, 0x0000, 0x0000, 0x0000, 0x0000,
    0x0000, 0x0000, 0x1000, 0x0000, 0x0000, 0x0000, 0x0000, 0x0000, 0x0000, 0x0000, 0x0000, 0x0000,
    0x0000, 0x0000, 0x0000, 0x0000, 0x0000, 0x0000, 0x0000, 0x0000, 0x0000, 0x0000, 0x0000, 0x0000,
    0x0000, 0x0000, 0x0000, 0x0000, 0x0000, 0x0000, 0x0000, 0x0000, 0x0000, 0x0000, 0x0000, 0x0000,
    0x0000, 0x0000, 0x0000, 0x0000, 0x0000, 0x0000, 0x0000, 0x0000, 0x0000, 0x0000, 0x0000, 0x0000,
    0x0000, 0x0000, 0x0000, 0x0000, 0x0000, 0x0000, 0x0000, 0x0000, 0x0000, 0x0000, 0x0000, 0x0000,
    0x0000, 0x0000, 0x0000, 0x0000, 0x0000, 0x0000, 0x0000, 0x0000, 0x0000, 0x0000, 0x0000, 0x0000,
    0x0000, 0x0000, 0x0000, 0x0000, 0x0000, 0x0000, 0x0000, 0x0000, 0x0000, 0x0000, 0x0000, 0x0000,
    0x0000, 0x0000, 0x0000, 0x0000, 0x0000, 0x0000, 0x0000, 0x0000, 0x0000, 0x0000, 0x0000, 0x0000,
    0x0000, 0x0000, 0x0000, 0x0000, 0x0000, 0x0000, 0x0000, 0x0000, 0x0000, 0x0000, 0x0000, 0x0000,
    0x0000, 0x0000, 0x0000, 0x0000, 0x0000, 0x0000, 0x0000, 0x0000, 0x0000, 0x0000, 0x0000, 0x0000,
    0x0000, 0x0000, 0x0000, 0x0000, 0x0000, 0x0000, 0x0000, 0x0000, 0x0000, 0x0000, 0x0000, 0x0000,
    0x0000, 0x0000, 0x0000, 0x0000, 0x0000, 0x0000, 0x0000, 0x0000, 0x0000, 0x0000, 0x0000, 0x0000,
    0x0000, 0x0000, 0x0000, 0x0000, 0x0000, 0x0000, 0x0000, 0x0000, 0x0000, 0x0000, 0x0000, 0x0000,
    0x0000, 0x0000, 0x0000, 0x0000, 0x0000, 0x0000, 0x0000, 0x0000, 0x0000, 0x0000, 0x0000, 0x0000,
    0x0000, 0x0000, 0x0000, 0x0000, 0x0000, 0x0000, 0x0000, 0x0000, 0x0000, 0x0000, 0x51E0, 0x9BE0,
    0x3960, 0x10A0, 0x6AE0, 0x0800, 0x3800, 0x5021, 0x4001, 0x5000, 0x1000, 0x0000, 0x0000, 0x0000,
    0x0000, 0x0000, 0x0800, 0x3000, 0x0800, 0x2800, 0x4001, 0x3000, 0x3000, 0x5001, 0x3000, 0x0000,
    0x0000, 0x3800, 0x5801, 0x3800, 0x1800, 0x0000, 0x0000, 0x0000, 0x0000, 0x0000, 0x0000, 0x0000,
    0x0000, 0x0000, 0x0000, 0x3800, 0x7001, 0x6001, 0x5000, 0x3800, 0x1000, 0x0000, 0x0000, 0x0000,
    0x0000, 0x0000, 0x0000, 0x0000, 0x0000, 0x0000, 0x0000, 0x0000, 0x0000, 0x0000, 0x0000, 0x0000,
    0x0000, 0x0000, 0x0000, 0x0000, 0x0000, 0x0000, 0x0000, 0x0000, 0x0000, 0x0000, 0x0000, 0x0000,
    0x0000, 0x0000, 0x0000, 0x0000, 0x0000, 0x0000, 0x0000, 0x0000, 0x0000, 0x0000, 0x0000, 0x0000,
    0x0000, 0x0000, 0x0000, 0x0000, 0x0000, 0x0000, 0x0000, 0x0000, 0x0000, 0x0000, 0x0000, 0x0000,
    0x0000, 0x0000, 0x0000, 0x0000, 0x0000, 0x0000, 0x0000, 0x0000, 0x0000, 0x0000, 0x0000, 0x0000,
    0x0000, 0x0000, 0x0000, 0x0000, 0x0000, 0x0000, 0x0000, 0x0000, 0x0000, 0x0000, 0x0000, 0x0000,
    0x0000, 0x0000, 0x0000, 0x0000, 0x0000, 0x0000, 0x0000, 0x0000, 0x0000, 0x0000, 0x0000, 0x0000,
    0x0000, 0x0000, 0x0000, 0x0000, 0x0000, 0x0000, 0x0000, 0x0000, 0x0000, 0x0000, 0x0000, 0x0000,
    0x0000, 0x0000, 0x0000, 0x0000, 0x0000, 0x0000, 0x0000, 0x0000, 0x0000, 0x0000, 0x0000, 0x0000,
    0x0000, 0x0000, 0x0000, 0x0000, 0x0000, 0x0000, 0x0000, 0x0000, 0x0000, 0x0000, 0x0000, 0x0000,
    0x0000, 0x0000, 0x0000, 0x0000, 0x0000, 0x0000, 0x0000, 0x0000, 0x0000, 0x0000, 0x0000, 0x0000,
    0x0000, 0x0000, 0x0000, 0x0000, 0x0000, 0x0000, 0x0000, 0x0000, 0x0000, 0x0000, 0x0000, 0x0000,
    0x0000, 0x0000, 0x0000, 0x0000, 0x0000, 0x0000, 0x0000, 0x0000, 0x0000, 0x0000, 0x0000, 0x0000,
    0x0000, 0x0000, 0x0000, 0x0000, 0x0000, 0x0000, 0x0000, 0x0000, 0x0000, 0x0000, 0x0000, 0x0000,
    0x0000, 0x0000, 0x0000, 0x0000, 0x0000, 0x0000, 0x0000, 0x0000, 0x0000, 0x0000, 0x0000, 0x0000,
    0x0000, 0x0000, 0x0000, 0x0000, 0x0000, 0x0000, 0x0000, 0x0000, 0x0000, 0x0000, 0x49E0, 0x1080,
    0x0000, 0x1840, 0x2020, 0x6801, 0x6021, 0x4000, 0x4801, 0x3800, 0x0000, 0x0000, 0x0000, 0x0000,
    0x0000, 0x0000, 0x0000, 0x5000, 0x7001, 0x6001, 0x4800, 0x5801, 0x6001, 0x4800, 0x3000, 0x0000,
    0x0000, 0x0000, 0x0000, 0x0000, 0x0000, 0x0000, 0x0000, 0x0000, 0x0000, 0x0000, 0x0000, 0x0000,
    0x0000, 0x0000, 0x0000, 0x1800, 0x2800, 0x0000, 0x0000, 0x0000, 0x0000, 0x0000, 0x0000, 0x0000,
    0x0000, 0x0000, 0x0000, 0x0000, 0x0000, 0x0000, 0x0000, 0x0000, 0x0000, 0x0000, 0x0000, 0x0000,
    0x0000, 0x0000, 0x0000, 0x0000, 0x0000, 0x0000, 0x0000, 0x0000, 0x0000, 0x0000, 0x0000, 0x0000,
    0x0000, 0x0000, 0x0000, 0x0000, 0x0000, 0x0000, 0x0000, 0x0000, 0x0000, 0x0000, 0x0000, 0x0000,
    0x0000, 0x0000, 0x0000, 0x0000, 0x0000, 0x0000, 0x0000, 0x0000, 0x0000, 0x0000, 0x0000, 0x0000,
    0x0000, 0x0000, 0x0000, 0x0000, 0x0000, 0x0000, 0x0000, 0x0000, 0x0000, 0x0000, 0x0000, 0x0000,
    0x0000, 0x0000, 0x0000, 0x0000, 0x0000, 0x0000, 0x0000, 0x0000, 0x0000, 0x0000, 0x0000, 0x0000,
    0x0000, 0x0000, 0x0000, 0x0000, 0x0000, 0x0000, 0x0000, 0x0000, 0x0000, 0x0000, 0x0000, 0x0000,
    0x0000, 0x0000, 0x0000, 0x0000, 0x0000, 0x0000, 0x0000, 0x0000, 0x0000, 0x0000, 0x0000, 0x0000,
    0x0000, 0x0000, 0x0000, 0x0000, 0x0000, 0x0000, 0x0000, 0x0000, 0x0000, 0x0000, 0x0000, 0x0000,
    0x0000, 0x0000, 0x0000, 0x0000, 0x0000, 0x0000, 0x0000, 0x0000, 0x0000, 0x0000, 0x0000, 0x0000,
    0x0000, 0x0000, 0x0000, 0x0000, 0x0000, 0x0000, 0x0000, 0x0000, 0x0000, 0x0000, 0x0000, 0x0000,
    0x0000, 0x0000, 0x0000, 0x0000, 0x0000, 0x0000, 0x0000, 0x0000, 0x0000, 0x0000, 0x0000, 0x0000,
    0x0000, 0x0000, 0x0000, 0x0000, 0x0000, 0x0000, 0x0000, 0x0000, 0x0000, 0x0000, 0x0000, 0x0000,
    0x0000, 0x0000, 0x0000, 0x0000, 0x0000, 0x0000, 0x0000, 0x0000, 0x0000, 0x0000, 0x0000, 0x0000,
    0x0000, 0x0000, 0x0000, 0x0000, 0x0000, 0x0000, 0x0000, 0x0000, 0x0000, 0x0000, 0x0000, 0x0000,
    0x0000, 0x0000, 0x0000, 0x0000, 0x0000, 0x0000, 0x0000, 0x0000, 0x0000, 0x0000, 0x1800, 0x4000,
    0x2800, 0x4801, 0x6001, 0x5800, 0x4000, 0x4000, 0x4800, 0x1000, 0x0000, 0x0000, 0x0000, 0x0000,
    0x0000, 0x0000, 0x0000, 0x3000, 0x8001, 0x5000, 0x4000, 0x5001, 0x5000, 0x5000, 0x3000, 0x0000,
    0x0000, 0x0000, 0x0000, 0x0000, 0x0000, 0x0000, 0x0000, 0x0000, 0x0000, 0x0000, 0x0000, 0x0000,
    0x0000, 0x0000, 0x0000, 0x0000, 0x0000, 0x0000, 0x0000, 0x0000, 0x0000, 0x0000, 0x0000, 0x0000,
    0x0000, 0x0000, 0x0000, 0x0000, 0x0000, 0x0000, 0x0000, 0x0000, 0x0000, 0x0000, 0x0000, 0x0000,
    0x0000, 0x0000, 0x0000, 0x0000, 0x0000, 0x0000, 0x0000, 0x0000, 0x0000, 0x0000, 0x0000, 0x0000,
    0x0000, 0x0000, 0x0000, 0x0000, 0x0000, 0x0000, 0x0000, 0x0000, 0x0000, 0x0000, 0x0000, 0x0000,
    0x0000, 0x0000, 0x0000, 0x0000, 0x0000, 0x0000, 0x0000, 0x0000, 0x0000, 0x0000, 0x0000, 0x0000,
    0x0000, 0x0000, 0x0000, 0x0000, 0x0000, 0x0000, 0x0000, 0x0000, 0x0000, 0x0000, 0x0000, 0x0000,
    0x0000, 0x0000, 0x0000, 0x0000, 0x0000, 0x0000, 0x0000, 0x0000, 0x0000, 0x0000, 0x0000, 0x0000,
    0x0000, 0x0000, 0x0000, 0x0000, 0x0000, 0x0000, 0x0000, 0x0000, 0x0000, 0x0000, 0x0000, 0x0000,
    0x0000, 0x0000, 0x0000, 0x0000, 0x0000, 0x0000, 0x0000, 0x0000, 0x0000, 0x0000, 0x0000, 0x0000,
    0x0000, 0x0000, 0x0000, 0x0000, 0x0000, 0x0000, 0x0000, 0x0000, 0x0000, 0x0000, 0x0000, 0x0000,
    0x0000, 0x0000, 0x0000, 0x0000, 0x0000, 0x0000, 0x0000, 0x0000, 0x0000, 0x0000, 0x0000, 0x0000,
    0x0000, 0x0000, 0x0000, 0x0000, 0x0000, 0x0000, 0x0000, 0x0000, 0x0000, 0x0000, 0x0000, 0x0000,
    0x0000, 0x0000, 0x0000, 0x0000, 0x0000, 0x0000, 0x0000, 0x0000, 0x0000, 0x0000, 0x0000, 0x0000,
    0x0000, 0x0000, 0x0000, 0x0000, 0x0000, 0x0000, 0x0000, 0x0000, 0x0000, 0x0000, 0x0000, 0x0000,
    0x0000, 0x0000, 0x0000, 0x0000, 0x0000, 0x0000, 0x0000, 0x0000, 0x0000, 0x0000, 0x0000, 0x0000,
    0x0000, 0x0000, 0x0000, 0x0000, 0x0000, 0x0000, 0x0000, 0x0000, 0x0000, 0x0000, 0x0000, 0x0000,
    0x0000, 0x0000, 0x0000, 0x0000, 0x0000, 0x0000, 0x0000, 0x0000, 0x0000, 0x0000, 0x5800, 0x4000,
    0x4800, 0x5801, 0x4000, 0x4000, 0x4000, 0x5000, 0x2800, 0x0000, 0x0000, 0x0000, 0x0000, 0x0000,
    0x0000, 0x0000, 0x0000, 0x0000, 0x3000, 0x6001, 0x5801, 0x5801, 0x4000, 0x5000, 0x0800, 0x0000,
    0x0000, 0x0000, 0x0000, 0x0000, 0x0000, 0x0000, 0x0000, 0x0000, 0x0000, 0x0000, 0x0000, 0x0000,
    0x0000, 0x0000, 0x0000, 0x0000, 0x0000, 0x0000, 0x0000, 0x0000, 0x0000, 0x0000, 0x0000, 0x0000,
    0x0000, 0x0000, 0x0000, 0x0000, 0x0000, 0x0000, 0x0000, 0x0000, 0x0000, 0x0000, 0x0000, 0x0000,
    0x0000, 0x0000, 0x0000, 0x0000, 0x0000, 0x0000, 0x0000, 0x0000, 0x0000, 0x0000, 0x0000, 0x0000,
    0x0000, 0x0000, 0x0000, 0x0000, 0x0000, 0x0000, 0x0000, 0x0000, 0x0000, 0x0000, 0x0000, 0x0000,
    0x0000, 0x0000, 0x0000, 0x0000, 0x0000, 0x0000, 0x0000, 0x0000, 0x0000, 0x0000, 0x0000, 0x0000,
    0x0000, 0x0000, 0x0000, 0x0000, 0x0000, 0x0000, 0x0000, 0x0000, 0x0000, 0x0000, 0x0000, 0x0000,
    0x0000, 0x0000, 0x0000, 0x0000, 0x0000, 0x0000, 0x0000, 0x0000, 0x0000, 0x0000, 0x0000, 0x0000,
    0x0000, 0x0000, 0x0000, 0x0000, 0x0000, 0x0000, 0x0000, 0x0000, 0x0000, 0x0000, 0x0000, 0x0000,
    0x0000, 0x0000, 0x0000, 0x0000, 0x0000, 0x0000, 0x0000, 0x0000, 0x0000, 0x0000, 0x0000, 0x0000,
    0x0000, 0x0000, 0x0000, 0x0000, 0x0000, 0x0000, 0x0000, 0x0000, 0x0000, 0x0000, 0x0000, 0x0000,
    0x0000, 0x0000, 0x0000, 0x0000, 0x0000, 0x0000, 0x0000, 0x0000, 0x0000, 0x0000, 0x0000, 0x0000,
    0x0000, 0x0000, 0x0000, 0x0000, 0x0000, 0x0000, 0x0000, 0x0000, 0x0000, 0x0000, 0x0000, 0x0000,
    0x0000, 0x0000, 0x0000, 0x0000, 0x0000, 0x0000, 0x0000, 0x0000, 0x0000, 0x0000, 0x0000, 0x0000,
    0x0000, 0x0000, 0x0000, 0x0000, 0x0000, 0x0000, 0x0000, 0x0000, 0x0000, 0x0000, 0x0000, 0x0000,
    0x0000, 0x0000, 0x0000, 0x0000, 0x0000, 0x0000, 0x0000, 0x0000, 0x0000, 0x0000, 0x0000, 0x0000,
    0x0000, 0x0000, 0x0000, 0x0000, 0x0000, 0x0000, 0x0000, 0x0000, 0x0000, 0x0000, 0x0000, 0x0000,
    0x0000, 0x0000, 0x0000, 0x0000, 0x0000, 0x0000, 0x0000, 0x0000, 0x0000, 0x0000, 0x2000, 0x3800,
    0x5000, 0x5000, 0x6001, 0x4800, 0x5801, 0x3000, 0x0000, 0x0000, 0x0000, 0x0000, 0x0000, 0x0000,
    0x0000, 0x0000, 0x0000, 0x0000, 0x0000, 0x3000, 0x5000, 0x2800, 0x0000, 0x1800, 0x0000, 0x0000,
    0x0000, 0x0000, 0x0000, 0x0000, 0x0000, 0x0000, 0x0000, 0x0000, 0x0000, 0x0000, 0x0000, 0x0000,
    0x0000, 0x0000, 0x0000, 0x0000, 0x0000, 0x0000, 0x0000, 0x0000, 0x0000, 0x0000, 0x0000, 0x0000,
    0x0000, 0x0000, 0x0000, 0x0000, 0x0000, 0x0000, 0x0000, 0x0000, 0x0000, 0x0000, 0x0000, 0x0000,
    0x0000, 0x0000, 0x0000, 0x0000, 0x0000, 0x0000, 0x0000, 0x0000, 0x0000, 0x0000, 0x0000, 0x0000,
    0x0000, 0x0000, 0x0000, 0x0000, 0x0000, 0x0000, 0x0000, 0x0000, 0x0000, 0x0000, 0x0000, 0x0000,
    0x0000, 0x0000, 0x0000, 0x0000, 0x0000, 0x0000, 0x0000, 0x0000, 0x0000, 0x0000, 0x0000, 0x0000,
    0x0000, 0x0000, 0x0000, 0x0000, 0x0000, 0x0000, 0x0000, 0x0000, 0x0000, 0x0000, 0x0000, 0x0000,
    0x0000, 0x0000, 0x0000, 0x0000, 0x0000, 0x0000, 0x0000, 0x0000, 0x0000, 0x0000, 0x0000, 0x0000,
    0x0000, 0x0000, 0x0000, 0x0000, 0x0000, 0x0000, 0x0000, 0x0000, 0x0000, 0x0000, 0x0000, 0x0000,
    0x0000, 0x0000, 0x0000, 0x0000, 0x0000, 0x0000, 0x0000, 0x0000, 0x0000, 0x0000, 0x0000, 0x0000,
    0x0000, 0x0000, 0x0000, 0x0000, 0x0000, 0x0000, 0x0000, 0x0000, 0x0000, 0x0000, 0x0000, 0x0000,
    0x0000, 0x0000, 0x0000, 0x0000, 0x0000, 0x0000, 0x0000, 0x0000, 0x0000, 0x0000, 0x0000, 0x0000,
    0x0000, 0x0000, 0x0000, 0x0000, 0x0000, 0x0000, 0x0000, 0x0000, 0x0000, 0x0000, 0x0000, 0x0000,
    0x0000, 0x0000, 0x0000, 0x0000, 0x0000, 0x0000, 0x0000, 0x0000, 0x0000, 0x0000, 0x0000, 0x0000,
    0x0000, 0x0000, 0x0000, 0x0000, 0x0000, 0x0000, 0x0000, 0x0000, 0x0000, 0x0000, 0x0000, 0x0000,
    0x0000, 0x0000, 0x0000, 0x0000, 0x0000, 0x0000, 0x0000, 0x0000, 0x0000, 0x0000, 0x0000, 0x0000,
    0x0000, 0x0000, 0x0000, 0x0000, 0x0000, 0x0000, 0x0000, 0x0000, 0x0000, 0x0000, 0x0000, 0x0000,
    0x0000, 0x0000, 0x0000, 0x0000, 0x0000, 0x0000, 0x0000, 0x0000, 0x0000, 0x0000, 0x0000, 0x4000,
    0x8001, 0x6801, 0x4000, 0x4000, 0x1000, 0x0000, 0x0000, 0x0000, 0x0000, 0x0000, 0x0000, 0x0000,
    0x0000, 0x0000, 0x0000, 0x0000, 0x0000, 0x0000, 0x0000, 0x0000, 0x0000, 0x0000, 0x0000, 0x0000,
    0x0000, 0x0000, 0x0000, 0x0000, 0x0000, 0x0000, 0x0000, 0x0000, 0x0000, 0x0000, 0x0000, 0x0000,
    0x0000, 0x0000, 0x0000, 0x0000, 0x0000, 0x0000, 0x0000, 0x0000, 0x0000, 0x0000, 0x0000, 0x0000,
    0x0000, 0x0000, 0x0000, 0x0000, 0x0000, 0x0000, 0x0000, 0x0000, 0x0000, 0x0000, 0x0000, 0x0000,
    0x0000, 0x0000, 0x0000, 0x0000, 0x0000, 0x0000, 0x0000, 0x0000, 0x0000, 0x0000, 0x0000, 0x0000,
    0x0000, 0x0000, 0x0000, 0x0000, 0x0000, 0x0000, 0x0000, 0x0000, 0x0000, 0x0000, 0x0000, 0x0000,
    0x0000, 0x0000, 0x0000, 0x0000, 0x0000, 0x0000, 0x0000, 0x0000, 0x0000, 0x0000, 0x0000, 0x0000,
    0x0000, 0x0000, 0x0000, 0x0000, 0x0000, 0x0000, 0x0000, 0x0000, 0x0000, 0x0000, 0x0000, 0x0000,
    0x0000, 0x0000, 0x0000, 0x0000, 0x0000, 0x0000, 0x0000, 0x0000, 0x0000, 0x0000, 0x0000, 0x0000,
    0x0000, 0x0000, 0x0000, 0x0000, 0x0000, 0x0000, 0x0000, 0x0000, 0x0000, 0x0000, 0x0000, 0x0000,
    0x0000, 0x0000, 0x0000, 0x0000, 0x0000, 0x0000, 0x0000, 0x0000, 0x0000, 0x0000, 0x0000, 0x0000,
    0x0000, 0x0000, 0x0000, 0x0000, 0x0000, 0x0000, 0x0000, 0x0000, 0x0000, 0x0000, 0x0000, 0x0000,
    0x0000, 0x0000, 0x0000, 0x0000, 0x0000, 0x0000, 0x0000, 0x0000, 0x0000, 0x0000, 0x0000, 0x0000,
    0x0000, 0x0000, 0x0000, 0x0000, 0x0000, 0x0000, 0x0000, 0x0000, 0x0000, 0x0000, 0x0000, 0x0000,
    0x0000, 0x0000, 0x0000, 0x0000, 0x0000, 0x0000, 0x0000, 0x0000, 0x0000, 0x0000, 0x0000, 0x0000,
    0x0000, 0x0000, 0x0000, 0x0000, 0x0000, 0x0000, 0x0000, 0x0000, 0x0000, 0x0000, 0x0000, 0x0000,
    0x0000, 0x0000, 0x0000, 0x0000, 0x0000, 0x0000, 0x0000, 0x0000, 0x0000, 0x0000, 0x0000, 0x0000,
    0x0000, 0x0000, 0x0000, 0x0000, 0x0000, 0x0000, 0x0000, 0x0000, 0x0000, 0x0000, 0x0000, 0x0000,
    0x0000, 0x0000, 0x0000, 0x0000, 0x0000, 0x0000, 0x0000, 0x0000, 0x0000, 0x0000, 0x0000, 0x3000,
    0x3000, 0x0800, 0x0000, 0x0000, 0x0000, 0x0000, 0x0000, 0x0000, 0x0000, 0x0000, 0x0000, 0x0000,
    0x0000, 0x0000, 0x0000, 0x0000, 0x0000, 0x0000, 0x0000, 0x0000, 0x0000, 0x0000, 0x0000, 0x0000,
    0x0000, 0x0000, 0x0000, 0x0000, 0x0000, 0x0000, 0x0000, 0x0000, 0x0000, 0x0000, 0x0000, 0x0000,
    0x0000, 0x0000, 0x0000, 0x0000, 0x0000, 0x0000, 0x0000, 0x0000, 0x0000, 0x0000, 0x0000, 0x0000,
    0x0000, 0x0000, 0x0000, 0x0000, 0x0000, 0x0000, 0x0000, 0x0000, 0x0000, 0x0000, 0x0000, 0x0000,
    0x0000, 0x0000, 0x0000, 0x0000, 0x0000, 0x0000, 0x0000, 0x0000, 0x0000, 0x0000, 0x0000, 0x0000,
    0x0000, 0x0000, 0x0000, 0x0000, 0x0000, 0x0000, 0x0000, 0x0000, 0x0000, 0x0000, 0x0000, 0x0000,
    0x0000, 0x0000, 0x0000, 0x0000, 0x0000, 0x0000, 0x0000, 0x0000, 0x0000, 0x0000, 0x0000, 0x0000,
    0x0000, 0x0000, 0x0000, 0x0000, 0x0000, 0x0000, 0x0000, 0x0000, 0x0000, 0x0000, 0x0000, 0x0000,
    0x0000, 0x0000, 0x0000, 0x0000, 0x0000, 0x0000, 0x0000, 0x0000, 0x0000, 0x0000, 0x0000, 0x0000,
    0x0000, 0x0000, 0x0000, 0x0000, 0x0000, 0x0000, 0x0000, 0x0000, 0x0000, 0x0000, 0x0000, 0x0000,
    0x0000, 0x0000, 0x0000, 0x0000, 0x0000, 0x0000, 0x0000, 0x0000, 0x0000, 0x0000, 0x0000, 0x0000,
    0x0000, 0x0000, 0x0000, 0x0000, 0x0000, 0x0000, 0x0000, 0x0000, 0x0000, 0x0000, 0x0000, 0x0000,
    0x0000, 0x0000, 0x0000, 0x0000, 0x0000, 0x0000, 0x0000, 0x0000, 0x0000, 0x0000, 0x0000, 0x0000,
    0x0000, 0x0000, 0x0000, 0x0000, 0x0000, 0x0000, 0x0000, 0x0000, 0x0000, 0x0000, 0x0000, 0x0000,
    0x0000, 0x0000, 0x0000, 0x0000, 0x0000, 0x0000, 0x0000, 0x0000, 0x0000, 0x0000, 0x0000, 0x0000,
    0x0000, 0x0000, 0x0000, 0x0000, 0x0000, 0x0000, 0x0000, 0x0000, 0x0000, 0x0000, 0x0000, 0x0000,
    0x0000, 0x0000, 0x0000, 0x0000, 0x0000, 0x0000, 0x0000, 0x0000, 0x0000, 0x0000, 0x0000, 0x0000,
    0x0000, 0x0000, 0x0000, 0x0000, 0x0000, 0x0000, 0x0000, 0x0000, 0x0000, 0x0000, 0x0000, 0x0000,
    0x0000, 0x0000, 0x0000, 0x0000, 0x0000, 0x0000, 0x0000, 0x0000, 0x0000, 0x0000, 0x0000, 0x0000,
    0x0000, 0x0000, 0x0000, 0x0000, 0x0000, 0x0000, 0x0000, 0x0000, 0x0000, 0x0000, 0x0000, 0x0000,
    0x0000, 0x0000, 0x0000, 0x0000, 0x0000, 0x0000, 0x0000, 0x0000, 0x0000, 0x0000, 0x0000, 0x0000,
    0x0000, 0x0000, 0x0000, 0x0000, 0x0000, 0x0000, 0x0000, 0x0000, 0x0000, 0x0000, 0x0000, 0x0000,
    0x0000, 0x0000, 0x0000, 0x0000, 0x0000, 0x0000, 0x0000, 0x0000, 0x0000, 0x0000, 0x0000, 0x0000,
    0x0000, 0x0000, 0x0000, 0x0000, 0x0000, 0x0000, 0x0000, 0x0000, 0x0000, 0x0000, 0x0000, 0x0000,
    0x0000, 0x0000, 0x0000, 0x0000, 0x0000, 0x0000, 0x0000, 0x0000, 0x0000, 0x0000, 0x0000, 0x0000,
    0x0000, 0x0000, 0x0000, 0x0000, 0x0000, 0x0000, 0x0000, 0x0000, 0x0000, 0x0000, 0x0000, 0x0000,
    0x0000, 0x0000, 0x0000, 0x0000, 0x0000, 0x0000, 0x0000, 0x0000, 0x0000, 0x0000, 0x0000, 0x0000,
    0x0000, 0x0000, 0x0000, 0x0000, 0x0000, 0x0000, 0x0000, 0x0000, 0x0000, 0x0000, 0x0000, 0x0000,
    0x0000, 0x0000, 0x0000, 0x0000, 0x0000, 0x0000, 0x0000, 0x0000, 0x0000, 0x0000, 0x0000, 0x0000,
    0x0000, 0x0000, 0x0000, 0x0000, 0x0000, 0x0000, 0x0000, 0x0000, 0x0000, 0x0000, 0x0000, 0x0000,
    0x0000, 0x0000, 0x0000, 0x0000, 0x0000, 0x0000, 0x0000, 0x0000, 0x0000, 0x0000, 0x0000, 0x0000,
    0x0000, 0x0000, 0x0000, 0x0000, 0x0000, 0x0000, 0x0000, 0x0000, 0x0000, 0x0000, 0x0000, 0x0000,
    0x0000, 0x0000, 0x0000, 0x0000, 0x0000, 0x0000, 0x0000, 0x0000, 0x0000, 0x0000, 0x0000, 0x0000,
    0x0000, 0x0000, 0x0000, 0x0000, 0x0000, 0x0000, 0x0000, 0x0000, 0x0000, 0x0000, 0x0000, 0x0000,
    0x0000, 0x0000, 0x0000, 0x0000, 0x0000, 0x0000, 0x0000, 0x0000, 0x0000, 0x0000, 0x0000, 0x0000,
    0x0000, 0x0000, 0x0000, 0x0000, 0x0000, 0x0000, 0x0000, 0x0000, 0x0000, 0x0000, 0x0000, 0x0000,
    0x0000, 0x0000, 0x0000, 0x0000, 0x0000, 0x0000, 0x0000, 0x0000, 0x0000, 0x0000, 0x0000, 0x0000,
    0x0000, 0x0000, 0x0000, 0x0000, 0x0000, 0x0000, 0x0000, 0x0000, 0x0000, 0x0000, 0x0000, 0x0000,
    0x0000, 0x0000, 0x0000, 0x0000, 0x0000, 0x0000, 0x0000, 0x0000, 0x0000, 0x0000, 0x0000, 0x0000,
    0x0000, 0x0000, 0x0000, 0x0000, 0x0000, 0x0000, 0x0000, 0x0000, 0x0000, 0x0000, 0x0000, 0x0000,
    0x0000, 0x0000, 0x0000, 0x0000, 0x0000, 0x0000, 0x0000, 0x0000, 0x0000, 0x0000, 0x0000, 0x0000,
    0x0000, 0x0000, 0x0000, 0x0000, 0x0000, 0x0000, 0x0000, 0x0000, 0x0000, 0x0000, 0x0000, 0x0000,
    0x0000, 0x0000, 0x0000, 0x0000, 0x0000, 0x0000, 0x0000, 0x0000, 0x0000, 0x0000, 0x0000, 0x0000,
    0x0000, 0x0000, 0x0000, 0x0000, 0x0000, 0x0000, 0x0000, 0x0000, 0x0000, 0x0000, 0x0000, 0x0000,
    0x0000, 0x0000, 0x0000, 0x0000, 0x0000, 0x0000, 0x0000, 0x0000, 0x0000, 0x0000, 0x0000, 0x0000,
    0x0000, 0x0000, 0x0000, 0x0000, 0x0000, 0x0000, 0x0000, 0x0000, 0x0000, 0x0000, 0x0000, 0x0000,
    0x0000, 0x0000, 0x0000, 0x0000, 0x0000, 0x0000, 0x0000, 0x0000, 0x0000, 0x0000, 0x0000, 0x0000,
    0x0000, 0x0000, 0x0000, 0x0000, 0x0000, 0x0000, 0x0000, 0x0000, 0x0000, 0x0000, 0x0000, 0x0000,
    0x0000, 0x0000, 0x0000, 0x0000, 0x0000, 0x0000, 0x0000, 0x0000, 0x0000, 0x0000, 0x0000, 0x0000,
    0x0000, 0x0000, 0x0000, 0x0000, 0x0000, 0x0000, 0x0000, 0x0000, 0x0000, 0x0000, 0x0000, 0x0000,
    0x0000, 0x0000, 0x0000, 0x0000, 0x0000, 0x0000, 0x0000, 0x0000, 0x0000, 0x0000, 0x0000, 0x0000,
    0x0000, 0x0000, 0x0000, 0x0000, 0x0000, 0x0000, 0x0000, 0x0000, 0x0000, 0x0000, 0x0000, 0x0000,
    0x0000, 0x0000, 0x0000, 0x0000, 0x0000, 0x0000, 0x0000, 0x0000, 0x0000, 0x0000, 0x0000, 0x0000,
    0x0000, 0x0000, 0x0000, 0x0000, 0x0000, 0x0000, 0x0000, 0x0000, 0x0000, 0x0000, 0x0000, 0x0000,
    0x0000, 0x0000, 0x0000, 0x0000, 0x0000, 0x0000, 0x0000, 0x0000, 0x0000, 0x0000, 0x0000, 0x0000,
    0x0000, 0x0000, 0x0000, 0x0000, 0x0000, 0x0000, 0x0000, 0x0000, 0x0000, 0x0000, 0x0000, 0x0000,
    0x0000, 0x0000, 0x0000, 0x0000, 0x0000, 0x0000, 0x0000, 0x0000, 0x0000, 0x0000, 0x0000, 0x0000,
    0x0000, 0x0000, 0x0000, 0x0000, 0x0000, 0x0000, 0x0000, 0x0000, 0x0000, 0x0000, 0x0000, 0x0000,
    0x0000, 0x0000, 0x0000, 0x0000, 0x0000, 0x0000, 0x0000, 0x0000, 0x0000, 0x0000, 0x0000, 0x0000,
    0x0000, 0x0000, 0x0000, 0x0000, 0x0000, 0x0000, 0x0000, 0x0000, 0x0000, 0x0000, 0x0000, 0x0000,
    0x0000, 0x0000, 0x0000, 0x0000, 0x0000, 0x0000, 0x0000, 0x0000, 0x0000, 0x0000, 0x0000, 0x0000,
    0x0000, 0x0000, 0x0000, 0x0000, 0x0000, 0x0000, 0x0000, 0x0000, 0x0000, 0x0000, 0x0000, 0x0000,
    0x0000, 0x0000, 0x0000, 0x0000, 0x0000, 0x0000, 0x0000, 0x0000, 0x0000, 0x0000, 0x0000, 0x0000,
    0x0000, 0x0000, 0x0000, 0x0000, 0x0000, 0x0000, 0x0000, 0x0000, 0x0000, 0x0000, 0x0000, 0x0000,
    0x0000, 0x0000, 0x0000, 0x0000, 0x0000, 0x0000, 0x0000, 0x0000, 0x0000, 0x0000, 0x0000, 0x0000,
    0x0000, 0x0000, 0x0000, 0x0000, 0x0000, 0x0000, 0x0000, 0x0000, 0x0000, 0x0000, 0x0000, 0x0000,
    0x0000, 0x0000, 0x0000, 0x0000, 0x0000, 0x0000, 0x0000, 0x0000, 0x0000, 0x0000, 0x0000, 0x0000,
    0x0000, 0x0000, 0x0000, 0x0000, 0x0000, 0x0000, 0x0000, 0x0000, 0x0000, 0x0000, 0x0000, 0x0000,
    0x0000, 0x0000, 0x0000, 0x0000, 0x0000, 0x0000, 0x0000, 0x0000, 0x0000, 0x0000, 0x0000, 0x0000,
    0x0000, 0x0000, 0x0000, 0x0000, 0x0000, 0x0000, 0x0000, 0x0000, 0x0000, 0x0000, 0x0000, 0x0000,
    0x0000, 0x0000, 0x0000, 0x0000, 0x0000, 0x0000, 0x0000, 0x0000, 0x0000, 0x0000, 0x0000, 0x0000,
    0x0000, 0x0000, 0x0000, 0x0000, 0x0000, 0x0000, 0x0000, 0x0000, 0x0000, 0x0000, 0x0000, 0x0000,
    0x0000, 0x0000, 0x0000, 0x0000, 0x0000, 0x0000, 0x0000, 0x0000, 0x0000, 0x0000, 0x0000, 0x0000,
    0x0000, 0x0000, 0x0000, 0x0000, 0x0000, 0x0000, 0x0000, 0x0000, 0x0000, 0x0000, 0x0000, 0x0000,
    0x0000, 0x0000, 0x0000, 0x0000, 0x0000, 0x0000, 0x0000, 0x0000, 0x0000, 0x0000, 0x0000, 0x0000,
    0x0000, 0x0000, 0x0000, 0x0000, 0x0000, 0x0000, 0x0000, 0x0000, 0x0000, 0x0000, 0x0000, 0x0000,
    0x0000, 0x0000, 0x0000, 0x0000, 0x0000, 0x0000, 0x0000, 0x0000, 0x0000, 0x0000, 0x0000, 0x0000,
    0x0000, 0x0000, 0x0000, 0x0000, 0x0000, 0x0000, 0x0000, 0x0000, 0x0000, 0x0000, 0x0000, 0x0000,
    0x0000, 0x0000, 0x0000, 0x0000, 0x0000, 0x0000, 0x0000, 0x0000, 0x0000, 0x0000, 0x0000, 0x0000,
    0x0000, 0x0000, 0x0000, 0x0000, 0x0000, 0x0000, 0x0000, 0x0000, 0x0000, 0x0000, 0x0000, 0x0000,
    0x0000, 0x0000, 0x0000, 0x0000, 0x0000, 0x0000, 0x0000, 0x0000, 0x0000, 0x0000, 0x0000, 0x0000,
    0x0000, 0x0000, 0x0000, 0x0000, 0x0000, 0x0000, 0x0000, 0x0000, 0x0000, 0x0000, 0x0000, 0x0000,
    0x0000, 0x0000, 0x0000, 0x0000, 0x0000, 0x0000, 0x0000, 0x0000, 0x0000, 0x0000, 0x0000, 0x0000,
    0x0000, 0x0000, 0x0000, 0x0000, 0x0000, 0x0000, 0x0000, 0x0000, 0x0000, 0x0000, 0x0000, 0x0000,
    0x0000, 0x0000, 0x0000, 0x0000, 0x0000, 0x0000, 0x0000, 0x0000, 0x0000, 0x0000, 0x0000, 0x0000,
    0x0000, 0x0000, 0x0000, 0x0000, 0x0000, 0x0000, 0x0000, 0x0000, 0x0000, 0x0000, 0x0000, 0x0000,
    0x0000, 0x0000, 0x0000, 0x0000, 0x0000, 0x0000, 0x0000, 0x0000, 0x0000, 0x0000, 0x0000, 0x0000,
    0x0000, 0x0000, 0x0000, 0x0000, 0x0000, 0x0000, 0x0000, 0x0000, 0x0000, 0x0000, 0x0000, 0x0000,
    0x0000, 0x0000, 0x0000, 0x0000, 0x0000, 0x0000, 0x0000, 0x0000, 0x0000, 0x0000, 0x0000, 0x0000,
    0x0000, 0x0000, 0x0000, 0x0000, 0x0000, 0x0000, 0x0000, 0x0000, 0x0000, 0x0000, 0x0000, 0x0000,
    0x0000, 0x0000, 0x0000, 0x0000, 0x0000, 0x0000, 0x0000, 0x0000, 0x0000, 0x0000, 0x0000, 0x0000,
    0x0000, 0x0000, 0x0000, 0x0000, 0x0000, 0x0000, 0x0000, 0x0000, 0x0000, 0x0000, 0x0000, 0x0000,
    0x0000, 0x0000, 0x0000, 0x0000, 0x0000, 0x0000, 0x0000, 0x0000, 0x0000, 0x0000, 0x0000, 0x0000,
    0x0000, 0x0000, 0x0000, 0x0000, 0x0000, 0x0000, 0x0000, 0x0000, 0x0000, 0x0000, 0x0000, 0x0000,
    0x0000, 0x0000, 0x0000, 0x0000, 0x0000, 0x0000, 0x0000, 0x0000, 0x0000, 0x0000, 0x0000, 0x0000,
    0x0000, 0x0000, 0x0000, 0x0000, 0x0000, 0x0000, 0x0000, 0x0000, 0x0000, 0x0000, 0x0000, 0x0000,
    0x0000, 0x0000, 0x0000, 0x0000, 0x0000, 0x0000, 0x0000, 0x0000, 0x0000, 0x0000, 0x0000, 0x0000,
    0x0000, 0x0000, 0x0000, 0x0000, 0x0000, 0x0000, 0x0000, 0x0000, 0x0000, 0x0000, 0x0000, 0x0000,
    0x0000, 0x0000, 0x0000, 0x0000, 0x0000, 0x0000, 0x0000, 0x0000, 0x0000, 0x0000, 0x0000, 0x0000,
    0x0000, 0x0000, 0x0000, 0x0000, 0x0000, 0x0000, 0x0000, 0x0000, 0x0000, 0x0000, 0x0000, 0x0000,
    0x0000, 0x0000, 0x0000, 0x0000, 0x0000, 0x0000, 0x0000, 0x0000, 0x0000, 0x0000, 0x0000, 0x0000,
    0x0000, 0x0000, 0x0000, 0x0000, 0x0000, 0x0000, 0x0000, 0x0000, 0x0000, 0x0000, 0x0000, 0x0000,
    0x0000, 0x0000, 0x0000, 0x0000, 0x0000, 0x0000, 0x0000, 0x0000, 0x0000, 0x0000, 0x0000, 0x0000,
    0x0000, 0x0000, 0x0000, 0x0000, 0x0000, 0x0000, 0x0000, 0x0000, 0x0000, 0x0000, 0x0000, 0x0000,
    0x0000, 0x0000, 0x0000, 0x0000, 0x0000, 0x0000, 0x0000, 0x0000, 0x0000, 0x0000, 0x0000, 0x0000,
    0x0000, 0x0000, 0x0000, 0x0000, 0x0000, 0x0000, 0x0000, 0x0000, 0x0000, 0x0000, 0x0000, 0x0000,
    0x0000, 0x0000, 0x0000, 0x0000, 0x0000, 0x0000, 0x0000, 0x0000, 0x0000, 0x0000, 0x0000, 0x0000,
    0x0000, 0x0000, 0x0000, 0x0000, 0x0000, 0x0000, 0x0000, 0x0000, 0x0000, 0x0000, 0x0000, 0x0000,
    0x0000, 0x0000, 0x0000, 0x0000, 0x0000, 0x0000, 0x0000, 0x0000, 0x0000, 0x0000, 0x0000, 0x0000,
    0x0000, 0x0000, 0x0000, 0x0000, 0x0000, 0x0000, 0x0000, 0x0000, 0x0000, 0x0000, 0x0000, 0x0000,
    0x0000, 0x0000, 0x0000, 0x0000, 0x0000, 0x0000, 0x0000, 0x0000, 0x0000, 0x0000, 0x0000, 0x0000,
    0x0000, 0x0000, 0x0000, 0x0000, 0x0000, 0x0000, 0x0000, 0x0000, 0x0000, 0x0000, 0x0000, 0x0000,
    0x0000, 0x0000, 0x0000, 0x0000, 0x0000, 0x0000, 0x0000, 0x0000, 0x0000, 0x0000, 0x0000, 0x0000,
    0x0000, 0x0000, 0x0000, 0x0000, 0x0000, 0x0000, 0x0000, 0x0000, 0x0000, 0x0000, 0x0000, 0x0000,
    0x0000, 0x0000, 0x0000, 0x0000, 0x0000, 0x0000, 0x0000, 0x0000, 0x0000, 0x0000, 0x0000, 0x0000,
    0x0000, 0x0000, 0x0000, 0x0000, 0x0000, 0x0000, 0x0000, 0x0000, 0x0000, 0x0000, 0x0000, 0x0000,
    0x0000, 0x0000, 0x0000, 0x0000, 0x0000, 0x0000, 0x0000, 0x0000, 0x0000, 0x0000, 0x0000, 0x0000,
    0x0000, 0x0000, 0x0000, 0x0000, 0x0000, 0x0000, 0x0000, 0x0000, 0x0000, 0x0000, 0x0000, 0x0000,
    0x0000, 0x0000, 0x0000, 0x0000, 0x0000, 0x0000, 0x0000, 0x0000, 0x0000, 0x0000, 0x0000, 0x0000,
    0x0000, 0x0000, 0x0000, 0x0000, 0x0000, 0x0000, 0x0000, 0x0000, 0x0000, 0x0000, 0x0000, 0x0000,
    0x0000, 0x0000, 0x0000, 0x0000, 0x0000, 0x0000, 0x0000, 0x0000, 0x0000, 0x0000, 0x0000, 0x0000,
    0x0000, 0x0000, 0x0000, 0x0000, 0x0000, 0x0000, 0x0000, 0x0000, 0x0000, 0x0000, 0x0000, 0x0000,
    0x0000, 0x0000, 0x0000, 0x0000, 0x0000, 0x0000, 0x0000, 0x0000, 0x0000, 0x0000, 0x0000, 0x0000,
    0x0000, 0x0000, 0x0000, 0x0000, 0x0000, 0x0000, 0x0000, 0x0000, 0x0000, 0x0000, 0x0000, 0x0000,
    0x0000, 0x0000, 0x0000, 0x0000, 0x0000, 0x0000, 0x0000, 0x0000, 0x0000, 0x0000, 0x0000, 0x0000,
    0x0000, 0x0000, 0x0000, 0x0000, 0x0000, 0x0000, 0x0000, 0x0000, 0x0000, 0x0000, 0x0000, 0x0000,
    0x0000, 0x0000, 0x0000, 0x0000, 0x0000, 0x0000, 0x0000, 0x0000, 0x0000, 0x0000, 0x0000, 0x0000,
    0x0000, 0x0000, 0x0000, 0x0000, 0x0000, 0x0000, 0x0000, 0x0000, 0x0000, 0x0000, 0x0000, 0x0000,
    0x0000, 0x0000, 0x0000, 0x0000, 0x0000, 0x0000, 0x0000, 0x0000, 0x0000, 0x0000, 0x0000, 0x0000,
    0x0000, 0x0000, 0x0000, 0x0000, 0x0000, 0x0000, 0x0000, 0x0000, 0x0000, 0x0000, 0x0000, 0x0000,
    0x0000, 0x0000, 0x0000, 0x0000, 0x0000, 0x0000, 0x0000, 0x0000, 0x0000, 0x0000, 0x0000, 0x0000,
    0x0000, 0x0000, 0x0000, 0x0000, 0x0000, 0x0000, 0x0000, 0x0000, 0x0000, 0x0000, 0x0000, 0x0000,
    0x0000, 0x0000, 0x0000, 0x0000, 0x0000, 0x0000, 0x0000, 0x0000, 0x0000, 0x0000, 0x0000, 0x0000,
    0x0000, 0x0000, 0x0000, 0x0000, 0x0000, 0x0000, 0x0000, 0x0000, 0x0000, 0x0000, 0x0000, 0x0000,
    0x0000, 0x0000, 0x0000, 0x0000, 0x0000, 0x0000, 0x0000, 0x0000, 0x0000, 0x0000, 0x0000, 0x0000,
    0x0000, 0x0000, 0x0000, 0x0000, 0x0000, 0x0000, 0x0000, 0x0000, 0x0000, 0x0000, 0x0000, 0x0000,
    0x0000, 0x0000, 0x0000, 0x0000, 0x0000, 0x0000, 0x0000, 0x0000, 0x0000, 0x0000, 0x0000, 0x0000,
    0x0000, 0x0000, 0x0000, 0x0000, 0x0000, 0x0000, 0x0000, 0x0000, 0x0000, 0x0000, 0x0000, 0x0000,
    0x0000, 0x0000, 0x0000, 0x0000, 0x0000, 0x0000, 0x0000, 0x0000, 0x0000, 0x0000, 0x0000, 0x0000,
    0x0000, 0x0000, 0x0000, 0x0000, 0x0000, 0x0000, 0x0000, 0x0000, 0x0000, 0x0000, 0x0000, 0x0000,
    0x0000, 0x0000, 0x0000, 0x0000, 0x0000, 0x0000, 0x0000, 0x0000, 0x0000, 0x0000, 0x0000, 0x0000,
    0x0000, 0x0000, 0x0000, 0x0000, 0x0000, 0x0000, 0x0000, 0x0000, 0x0000, 0x0000, 0x0000, 0x0000,
    0x0000, 0x0000, 0x0000, 0x0000, 0x0000, 0x0000, 0x0000, 0x0000, 0x0000, 0x0000, 0x0000, 0x0000,
    0x0000, 0x0000, 0x0000, 0x0000, 0x0000, 0x0000, 0x0000, 0x0000, 0x0000, 0x0000, 0x0000, 0x0000,
    0x0000, 0x0000, 0x0000, 0x0000, 0x0000, 0x0000, 0x0000, 0x0000, 0x0000, 0x0000, 0x0000, 0x0000,
    0x0000, 0x0000, 0x0000, 0x0000, 0x0000, 0x0000, 0x0000, 0x0000, 0x0000, 0x0000, 0x0000, 0x0000,
    0x0000, 0x0000, 0x0000, 0x0000, 0x0000, 0x0000, 0x0000, 0x0000, 0x0000, 0x0000, 0x0000, 0x0000,
    0x0000, 0x0000, 0x0000, 0x0000, 0x0000, 0x0000, 0x0000, 0x0000, 0x0000, 0x0000, 0x0000, 0x0000,
    0x0000, 0x0000, 0x0000, 0x0000, 0x0000, 0x0000, 0x0000, 0x0000, 0x0000, 0x0000, 0x0000, 0x0000,
    0x0000, 0x0000, 0x0000, 0x0000, 0x0000, 0x0000, 0x0000, 0x0000, 0x0000, 0x0000, 0x0000, 0x0000,
    0x0000, 0x0000, 0x0000, 0x0000, 0x0000, 0x0000, 0x0000, 0x0000, 0x0000, 0x0000, 0x0000, 0x0000,
    0x0000, 0x0000, 0x0000, 0x0000, 0x0000, 0x0000, 0x0000, 0x0000, 0x0000, 0x0000, 0x0000, 0x0000,
    0x0000, 0x0000, 0x0000, 0x0000, 0x0000, 0x0000, 0x0000, 0x0000, 0x0000, 0x0000, 0x0000, 0x0000,
    0x0000, 0x0000, 0x0000, 0x0000, 0x0000, 0x0000, 0x0000, 0x0000, 0x0000, 0x0000, 0x0000, 0x0000,
    0x0000, 0x0000, 0x0000, 0x0000, 0x0000, 0x0000, 0x0000, 0x0000, 0x0000, 0x0000, 0x0000, 0x0000,
    0x0000, 0x0000, 0x0000, 0x0000, 0x0000, 0x0000, 0x0000, 0x0000, 0x0000, 0x0000, 0x0000, 0x0000,
    0x0000, 0x0000, 0x0000, 0x0000, 0x0000, 0x0000, 0x0000, 0x0000, 0x0000, 0x0000, 0x0000, 0x0000,
    0x0000, 0x0000, 0x0000, 0x0000, 0x0000, 0x0000, 0x0000, 0x0000, 0x0000, 0x0000, 0x0000, 0x0000,
    0x0000, 0x0000, 0x0000, 0x0000, 0x0000, 0x0000, 0x0000, 0x0000, 0x0000, 0x0000, 0x0000, 0x0000,
    0x0000, 0x0000, 0x0000, 0x0000, 0x0000, 0x0000, 0x0000, 0x0000, 0x0000, 0x0000, 0x0000, 0x0000,
    0x0000, 0x0000, 0x0000, 0x0000, 0x0000, 0x0000, 0x0000, 0x0000, 0x0000, 0x0000, 0x0000, 0x0000,
    0x0000, 0x0000, 0x0000, 0x0000, 0x0000, 0x0000, 0x0000, 0x0000, 0x0000, 0x0000, 0x0000, 0x0000,
    0x0000, 0x0000, 0x0000, 0x0000, 0x0000, 0x0000, 0x0000, 0x0000, 0x0000, 0x0000, 0x0000, 0x0000,
    0x0000, 0x0000, 0x0000, 0x0000, 0x0000, 0x0000, 0x0000, 0x0000, 0x0000, 0x0000, 0x0000, 0x0000,
    0x0000, 0x0000, 0x0000, 0x0000, 0x0000, 0x0000, 0x0000, 0x0000, 0x0000, 0x0000, 0x0000, 0x0000,
    0x0000, 0x0000, 0x0000, 0x0000, 0x0000, 0x0000, 0x0000, 0x0000, 0x0000, 0x0000, 0x0000, 0x0000,
    0x0000, 0x0000, 0x0000, 0x0000, 0x0000, 0x0000, 0x0000, 0x0000, 0x0000, 0x0000, 0x0000, 0x0000,
    0x0000, 0x0000, 0x0000, 0x0000, 0x0000, 0x0000, 0x0000, 0x0000, 0x0000, 0x0000, 0x0000, 0x0000,
    0x0000, 0x0000, 0x0000, 0x0000, 0x0000, 0x0000, 0x0000, 0x0000, 0x0000, 0x0000, 0x0000, 0x0000,
    0x0000, 0x0000, 0x0000, 0x0000, 0x0000, 0x0000, 0x0000, 0x0000, 0x0000, 0x0000, 0x0000, 0x0000,
    0x0000, 0x0000, 0x0000, 0x0000, 0x0000, 0x0000, 0x0000, 0x0000, 0x0000, 0x0000, 0x0000, 0x0000,
    0x0000, 0x0000, 0x0000, 0x0000, 0x0000, 0x0000, 0x0000, 0x0000, 0x0000, 0x0000, 0x0000, 0x0000,
    0x0000, 0x0000, 0x0000, 0x0000, 0x0000, 0x0000, 0x0000, 0x0000, 0x0000, 0x0000, 0x0000, 0x0000,
    0x0000, 0x0000, 0x0000, 0x0000, 0x0000, 0x0000, 0x0000, 0x0000, 0x0000, 0x0000, 0x0000, 0x0000,
    0x0000, 0x0000, 0x0000, 0x0000, 0x0000, 0x0000, 0x0000, 0x0000, 0x0000, 0x0000, 0x0000, 0x0000,
    0x0000, 0x0000, 0x0000, 0x0000, 0x0000, 0x0000, 0x0000, 0x0000, 0x0000, 0x0000, 0x0000, 0x0000,
    0x0000, 0x0000, 0x0000, 0x0000, 0x0000, 0x0000, 0x0000, 0x0000, 0x0000, 0x0000, 0x0000, 0x0000,
    0x0000, 0x0000, 0x0000, 0x0000, 0x0000, 0x0000, 0x0000, 0x0000, 0x0000, 0x0000, 0x0000, 0x0000,
    0x0000, 0x0000, 0x0000, 0x0000, 0x0000, 0x0000, 0x0000, 0x0000, 0x0000, 0x0000, 0x0000, 0x0000,
    0x0000, 0x0000, 0x0000, 0x0000, 0x0000, 0x0000, 0x0000, 0x0000, 0x0000, 0x0000, 0x0000, 0x0000,
    0x0000, 0x0000, 0x0000, 0x0000, 0x0000, 0x0000, 0x0000, 0x0000, 0x0000, 0x0000, 0x0000, 0x0000,
    0x0000, 0x0000, 0x0000, 0x0000, 0x0000, 0x0000, 0x0000, 0x0000, 0x0000, 0x0000, 0x0000, 0x0000,
    0x0000, 0x0000, 0x0000, 0x0000, 0x0000, 0x0000, 0x0000, 0x0000, 0x0000, 0x0000, 0x0000, 0x0000,
    0x0000, 0x0000, 0x0000, 0x0000, 0x0000, 0x0000, 0x0000, 0x0000, 0x0000, 0x0000, 0x0000, 0x0000,
    0x0000, 0x0000, 0x0000, 0x0000, 0x0000, 0x0000, 0x0000, 0x0000, 0x0000, 0x0000, 0x0000, 0x0000,
    0x0000, 0x0000, 0x0000, 0x0000, 0x0000, 0x0000, 0x0000, 0x0000, 0x0000, 0x0000, 0x0000, 0x0000,
    0x0000, 0x0000, 0x0000, 0x0000, 0x0000, 0x0000, 0x0000, 0x0000, 0x0000, 0x0000, 0x0000, 0x0000,
    0x0000, 0x0000, 0x0000, 0x0000, 0x0000, 0x0000, 0x0000, 0x0000, 0x0000, 0x0000, 0x0000, 0x0000,
    0x0000, 0x0000, 0x0000, 0x0000, 0x0000, 0x0000, 0x0000, 0x0000, 0x0000, 0x0000, 0x0000, 0x0000,
    0x0000, 0x0000, 0x0000, 0x0000, 0x0000, 0x0000, 0x0000, 0x0000, 0x0000, 0x0000, 0x0000, 0x0000,
    0x0000, 0x0000, 0x0000, 0x0000, 0x0000, 0x0000, 0x0000, 0x0000, 0x0000, 0x0000, 0x0000, 0x0000,
    0x0000, 0x0000, 0x0000, 0x0000, 0x0000, 0x0000, 0x0000, 0x0000, 0x0000, 0x0000, 0x0000, 0x0000,
    0x0000, 0x0000, 0x0000, 0x0000, 0x0000, 0x0000, 0x0000, 0x0000, 0x0000, 0x0000, 0x0000, 0x0000,
    0x0000, 0x0000, 0x0000, 0x0000, 0x0000, 0x0000, 0x0000, 0x0000, 0x0000, 0x0000, 0x0000, 0x0000,
    0x0000, 0x0000, 0x0000, 0x0000, 0x0000, 0x0000, 0x0000, 0x0000, 0x0000, 0x0000, 0x0000, 0x0000,
    0x0000, 0x0000, 0x0000, 0x0000, 0x0000, 0x0000, 0x0000, 0x0000, 0x0000, 0x0000, 0x0000, 0x0000,
    0x0000, 0x0000, 0x0000, 0x0000, 0x0000, 0x0000, 0x0000, 0x0000, 0x0000, 0x0000, 0x0000, 0x0000,
    0x0000, 0x0000, 0x0000, 0x0000, 0x0000, 0x0000, 0x0000, 0x0000, 0x0000, 0x0000, 0x0000, 0x0000,
    0x0000, 0x0000, 0x0000, 0x0000, 0x0000, 0x0000, 0x0000, 0x0000, 0x0000, 0x0000, 0x0000, 0x0000,
    0x0000, 0x0000, 0x0000, 0x0000, 0x0000, 0x0000, 0x0000, 0x0000, 0x0000, 0x0000, 0x0000, 0x0000,
    0x0000, 0x0000, 0x0000, 0x0000, 0x0000, 0x0000, 0x0000, 0x0000, 0x0000, 0x0000, 0x0000, 0x0000,
    0x0000, 0x0000, 0x0000, 0x0000, 0x0000, 0x0000, 0x0000, 0x0000, 0x0000, 0x0000, 0x0000, 0x0000,
    0x0000, 0x0000, 0x0000, 0x0000, 0x0000, 0x0000, 0x0000, 0x0000, 0x0000, 0x0000, 0x0000, 0x0000,
    0x0000, 0x0000, 0x0000, 0x0000, 0x0000, 0x0000, 0x0000, 0x0000, 0x0000, 0x0000, 0x0000, 0x0000,
    0x0000, 0x0000, 0x0000, 0x0000, 0x0000, 0x0000, 0x0000, 0x0000, 0x0000, 0x0000, 0x0000, 0x0000,
    0x0000, 0x0000, 0x0000, 0x0000, 0x0000, 0x0000, 0x0000, 0x0000, 0x0000, 0x0000, 0x0000, 0x0000,
    0x0000, 0x0000, 0x0000, 0x0000, 0x0000, 0x0000, 0x0000, 0x0000, 0x0000, 0x0000, 0x0000, 0x0000,
    0x0000, 0x0000, 0x0000, 0x0000, 0x0000, 0x0000, 0x0000, 0x0000, 0x0000, 0x0000, 0x0000, 0x0000,
    0x0000, 0x0000, 0x0000, 0x0000, 0x0000, 0x0000, 0x0000, 0x0000, 0x0000, 0x0000, 0x0000, 0x0000,
    0x0000, 0x0000, 0x0000, 0x0000, 0x0000, 0x0000, 0x0000, 0x0000, 0x0000, 0x0000, 0x0000, 0x0000,
    0x0000, 0x0000, 0x0000, 0x0000, 0x0000, 0x0000, 0x0000, 0x0000, 0x0000, 0x0000, 0x0000, 0x0000,
    0x0000, 0x0000, 0x0000, 0x0000, 0x0000, 0x0000, 0x0000, 0x0000, 0x0000, 0x0000, 0x0000, 0x0000,
    0x0000, 0x0000, 0x0000, 0x0000, 0x0000, 0x0000, 0x0000, 0x0000, 0x0000, 0x0000, 0x0000, 0x0000,
    0x0000, 0x0000, 0x0000, 0x0000, 0x0000, 0x0000, 0x0000, 0x0000, 0x0000, 0x0000, 0x0000, 0x0000,
    0x0000, 0x0000, 0x0000, 0x0000, 0x0000, 0x0000, 0x0000, 0x0000, 0x0000, 0x0000, 0x0000, 0x0000,
    0x0000, 0x0000, 0x0000, 0x0000, 0x0000, 0x0000, 0x0000, 0x0000, 0x0000, 0x0000, 0x0000, 0x0000,
    0x0000, 0x0000, 0x0000, 0x0000, 0x0000, 0x0000, 0x0000, 0x0000, 0x0000, 0x0000, 0x0000, 0x0000,
    0x0000, 0x0000, 0x0000, 0x0000, 0x0000, 0x0000, 0x0000, 0x0000, 0x0000, 0x0000, 0x0000, 0x0000,
    0x0000, 0x0000, 0x0000, 0x0000, 0x0000, 0x0000, 0x0000, 0x0000, 0x0000, 0x0000, 0x0000, 0x0000,
    0x0000, 0x0000, 0x0000, 0x0000, 0x0000, 0x0000, 0x0000, 0x0000, 0x0000, 0x0000, 0x0000, 0x0000,
    0x0000, 0x0000, 0x0000, 0x0000, 0x0000, 0x0000, 0x0000, 0x0000, 0x0000, 0x0000, 0x0000, 0x0000,
    0x0000, 0x0000, 0x0000, 0x0000, 0x0000, 0x0000, 0x0000, 0x0000, 0x0000, 0x0000, 0x0000, 0x0000,
    0x0000, 0x0000, 0x0000, 0x0000, 0x0000, 0x0000, 0x0000, 0x0000, 0x0000, 0x0000, 0x0000, 0x0000,
    0x0000, 0x0000, 0x0000, 0x0000, 0x0000, 0x0000, 0x0000, 0x0000, 0x0000, 0x0000, 0x0000, 0x0000,
    0x0000, 0x0000, 0x0000, 0x0000, 0x0000, 0x0000, 0x0000, 0x0000, 0x0000, 0x0000, 0x0000, 0x0000,
    0x0000, 0x0000, 0x0000, 0x0000, 0x0000, 0x0000, 0x0000, 0x0000, 0x0000, 0x0000, 0x0000, 0x0000,
    0x0000, 0x0000, 0x0000, 0x0000, 0x0000, 0x0000, 0x0000, 0x0000, 0x0000, 0x0000, 0x0000, 0x0000,
    0x0000, 0x0000, 0x0000, 0x0000, 0x0000, 0x0000, 0x0000, 0x0000, 0x0000, 0x0000, 0x0000, 0x0000,
    0x0000, 0x0000, 0x0000, 0x0000, 0x0000, 0x0000, 0x0000, 0x0000, 0x0000, 0x0000, 0x0000, 0x0000,
    0x0000, 0x0000, 0x0000, 0x0000, 0x0000, 0x0000, 0x0000, 0x0000, 0x0000, 0x0000, 0x0000, 0x0000,
    0x0000, 0x0000, 0x0000, 0x0000, 0x0000, 0x0000, 0x0000, 0x0000, 0x0000, 0x0000, 0x0000, 0x0000,
    0x0000, 0x0000, 0x0000, 0x0000, 0x0000, 0x0000, 0x0000, 0x0000, 0x0000, 0x0000, 0x0000, 0x0000,
    0x0000, 0x0000, 0x0000, 0x0000, 0x0000, 0x0000, 0x0000, 0x0000, 0x0000, 0x0000, 0x0000, 0x0000,
    0x0000, 0x0000, 0x0000, 0x0000, 0x0000, 0x0000, 0x0000, 0x0000, 0x0000, 0x0000, 0x0000, 0x0000,
    0x0000, 0x0000, 0x0000, 0x0000, 0x0000, 0x0000, 0x0000, 0x0000, 0x0000, 0x0000, 0x0000, 0x0000,
    0x0000, 0x0000, 0x0000, 0x0000, 0x0000, 0x0000, 0x0000, 0x0000, 0x0000, 0x0000, 0x0000, 0x0000,
    0x0000, 0x0000, 0x0000, 0x0000, 0x0000, 0x0000, 0x0000, 0x0000, 0x0000, 0x0000, 0x0000, 0x0000,
    0x0000, 0x0000, 0x0000, 0x0000, 0x0000, 0x0000, 0x0000, 0x0000, 0x0000, 0x0000, 0x0000, 0x0000,
    0x0000, 0x0000, 0x0000, 0x0000, 0x0000, 0x0000, 0x0000, 0x0000, 0x0000, 0x0000, 0x0000, 0x0000,
    0x0000, 0x0000, 0x0000, 0x0000, 0x0000, 0x0000, 0x0000, 0x0000, 0x0000, 0x0000, 0x0000, 0x0000,
    0x0000, 0x0000, 0x0000, 0x0000, 0x0000, 0x0000, 0x0000, 0x0000, 0x0000, 0x0000, 0x0000, 0x0000,
    0x0000, 0x0000, 0x0000, 0x0000, 0x0000, 0x0000, 0x0000, 0x0000, 0x0000, 0x0000, 0x0000, 0x0000,
    0x0000, 0x0000, 0x0000, 0x0000, 0x0000, 0x0000, 0x0000, 0x0000, 0x0000, 0x0000, 0x0000, 0x0000,
    0x0000, 0x0000, 0x0000, 0x0000, 0x0000, 0x0000, 0x0000, 0x0000, 0x0000, 0x0000, 0x0000, 0x0000,
    0x0000, 0x0000, 0x0000, 0x0000, 0x0000, 0x0000, 0x0000, 0x0000, 0x0000, 0x0000, 0x0000, 0x0000,
    0x0000, 0x0000, 0x0000, 0x0000, 0x0000, 0x0000, 0x0000, 0x0000, 0x0000, 0x0000, 0x0000, 0x0000,
    0x0000, 0x0000, 0x0000, 0x0000, 0x0000, 0x0000, 0x0000, 0x0000, 0x0000, 0x0000, 0x0000, 0x0000,
    0x0000, 0x0000, 0x0000, 0x0000, 0x0000, 0x0000, 0x0000, 0x0000, 0x0000, 0x0000, 0x0000, 0x0000,
    0x0000, 0x0000, 0x0000, 0x0000, 0x0000, 0x0000, 0x0000, 0x0000, 0x0000, 0x0000, 0x0000, 0x0000,
    0x0000, 0x0000, 0x0000, 0x0000, 0x0000, 0x0000, 0x0000, 0x0000, 0x0000, 0x0000, 0x0000, 0x0000,
    0x0000, 0x0000, 0x0000, 0x0000, 0x0000, 0x0000, 0x0000, 0x0000, 0x0000, 0x0000, 0x0000, 0x0000,
    0x0000, 0x0000, 0x0000, 0x0000, 0x0000, 0x0000, 0x0000, 0x0000, 0x0000, 0x0000, 0x0000, 0x0000,
    0x0000, 0x0000, 0x0000, 0x0000, 0x0000, 0x0000, 0x0000, 0x0000, 0x0000, 0x0000, 0x0000, 0x0000,
    0x0000, 0x0000, 0x0000, 0x0000, 0x0000, 0x0000, 0x0000, 0x0000, 0x0000, 0x0000, 0x0000, 0x0000,
    0x0000, 0x0000, 0x0000, 0x0000, 0x0000, 0x0000, 0x0000, 0x0000, 0x0000, 0x0000, 0x0000, 0x0000,
    0x0000, 0x0000, 0x0000, 0x0000, 0x0000, 0x0000, 0x0000, 0x0000, 0x0000, 0x0000, 0x0000, 0x0000,
    0x0000, 0x0000, 0x0000, 0x0000, 0x0000, 0x0000, 0x0000, 0x0000, 0x0000, 0x0000, 0x0000, 0x0000,
    0x0000, 0x0000, 0x0000, 0x0000, 0x0000, 0x0000, 0x0000, 0x0000, 0x0000, 0x0000, 0x0000, 0x0000,
    0x0000, 0x0000, 0x0000, 0x0000, 0x0000, 0x0000, 0x0000, 0x0000, 0x0000, 0x0000, 0x0000, 0x0000,
    0x0000, 0x0000, 0x0000, 0x0000, 0x0000, 0x0000, 0x0000, 0x0000, 0x0000, 0x0000, 0x0000, 0x0000,
    0x0000, 0x0000, 0x0000, 0x0000, 0x0000, 0x0000, 0x0000, 0x0000, 0x0000, 0x0000, 0x0000, 0x0000,
    0x0000, 0x0000, 0x0000, 0x0000, 0x0000, 0x0000, 0x0000, 0x0000, 0x0000, 0x0000, 0x0000, 0x0000,
    0x0000, 0x0000, 0x0000, 0x0000, 0x0000, 0x0000, 0x0000, 0x0000, 0x0000, 0x0000, 0x0000, 0x0000,
    0x0000, 0x0000, 0x0000, 0x0000, 0x0000, 0x0000, 0x0000, 0x0000, 0x0000, 0x0000, 0x0000, 0x0000,
    0x0000, 0x0000, 0x0000, 0x0000, 0x0000, 0x0000, 0x0000, 0x0000, 0x0000, 0x0000, 0x0000, 0x0000,
    0x0000, 0x0000, 0x0000, 0x0000, 0x0000, 0x0000, 0x0000, 0x0000, 0x0000, 0x0000, 0x0000, 0x0000,
    0x0000, 0x0000, 0x0000, 0x0000, 0x0000, 0x0000, 0x0000, 0x0000, 0x0000, 0x0000, 0x0000, 0x0000,
    0x0000, 0x0000, 0x0000, 0x0000, 0x0000, 0x0000, 0x0000, 0x0000, 0x0000, 0x0000, 0x0000, 0x0000,
    0x0000, 0x0000, 0x0000, 0x0000, 0x0000, 0x0000, 0x0000, 0x0000, 0x0000, 0x0000, 0x0000, 0x0000,
    0x0000, 0x0000, 0x0000, 0x0000, 0x0000, 0x0000, 0x0000, 0x0000, 0x0000, 0x0000, 0x0000, 0x0000,
    0x0000, 0x0000, 0x0000, 0x0000, 0x0000, 0x0000, 0x0000, 0x0000, 0x0000, 0x0000, 0x0000, 0x0000,
    0x0000, 0x0000, 0x0000, 0x0000, 0x0000, 0x0000, 0x0000, 0x0000, 0x0000, 0x0000, 0x0000, 0x0000,
    0x0000, 0x0000, 0x0000, 0x0000, 0x0000, 0x0000, 0x0000, 0x0000, 0x0000, 0x0000, 0x0000, 0x0000,
    0x0000, 0x0000, 0x0000, 0x0000, 0x0000, 0x0000, 0x0000, 0x0000, 0x0000, 0x0000, 0x0000, 0x0000,
    0x0000, 0x0000, 0x0000, 0x0000, 0x0000, 0x0000, 0x0000, 0x0000, 0x0000, 0x0000, 0x0000, 0x0000,
    0x0000, 0x0000, 0x0000, 0x0000, 0x0000, 0x0000, 0x0000, 0x0000, 0x0000, 0x0000, 0x0000, 0x0000,
    0x0000, 0x0000, 0x0000, 0x0000, 0x0000, 0x0000, 0x0000, 0x0000, 0x0000, 0x0000, 0x0000, 0x0000,
    0x0000, 0x0000, 0x0000, 0x0000, 0x0000, 0x0000, 0x0000, 0x0000, 0x0000, 0x0000, 0x0000, 0x0000,
    0x0000, 0x0000, 0x0000, 0x0000, 0x0000, 0x0000, 0x0000, 0x0000, 0x0000, 0x0000, 0x0000, 0x0000,
    0x0000, 0x0000, 0x0000, 0x0000, 0x0000, 0x0000, 0x0000, 0x0000, 0x0000, 0x0000, 0x0000, 0x0000,
    0x0000, 0x0000, 0x0000, 0x0000, 0x0000, 0x0000, 0x0000, 0x0000, 0x0000, 0x0000, 0x0000, 0x0000,
    0x0000, 0x0000, 0x0000, 0x0000, 0x0000, 0x0000, 0x0000, 0x0000, 0x0000, 0x0000, 0x0000, 0x0000,
    0x0000, 0x0000, 0x0000, 0x0000, 0x0000, 0x0000, 0x0000, 0x0000, 0x0000, 0x0000, 0x0000, 0x0000,
    0x0000, 0x0000, 0x0000, 0x0000, 0x0000, 0x0000, 0x0000, 0x0000, 0x0000, 0x0000, 0x0000, 0x0000,
    0x0000, 0x0000, 0x0000, 0x0000, 0x0000, 0x0000, 0x0000, 0x0000, 0x0000, 0x0000, 0x0000, 0x0000,
    0x0000, 0x0000, 0x0000, 0x0000, 0x0000, 0x0000, 0x0000, 0x0000, 0x0000, 0x0000, 0x0000, 0x0000,
    0x0000, 0x0000, 0x0000, 0x0000, 0x0000, 0x0000, 0x0000, 0x0000, 0x0000, 0x0000, 0x0000, 0x0000,
    0x0000, 0x0000, 0x0000, 0x0000, 0x0000, 0x0000, 0x0000, 0x0000, 0x0000, 0x0000, 0x0000, 0x0000,
    0x0000, 0x0000, 0x0000, 0x0000, 0x0000, 0x0000, 0x0000, 0x0000, 0x0000, 0x0000, 0x0000, 0x0000,
    0x0000, 0x0000, 0x0000, 0x0000, 0x0000, 0x0000, 0x0000, 0x0000, 0x0000, 0x0000, 0x0000, 0x0000,
    0x0000, 0x0000, 0x0000, 0x0000, 0x0000, 0x0000, 0x0000, 0x0000, 0x0000, 0x0000, 0x0000, 0x0000,
    0x0000, 0x0000, 0x0000, 0x0000, 0x0000, 0x0000, 0x0000, 0x0000, 0x0000, 0x0000, 0x0000, 0x0000,
    0x0000, 0x0000, 0x0000, 0x0000, 0x0000, 0x0000, 0x0000, 0x0000, 0x0000, 0x0000, 0x0000, 0x0000,
    0x0000, 0x0000, 0x0000, 0x0000, 0x0000, 0x0000, 0x0000, 0x0000, 0x0000, 0x0000, 0x0000, 0x0000,
    0x0000, 0x0000, 0x0000, 0x0000, 0x0000, 0x0000, 0x0000, 0x0000, 0x0000, 0x0000, 0x0000, 0x0000,
    0x0000, 0x0000, 0x0000, 0x0000, 0x0000, 0x0000, 0x0000, 0x0000, 0x0000, 0x0000, 0x0000, 0x0000,
    0x0000, 0x0000, 0x0000, 0x0000, 0x0000, 0x0000, 0x0000, 0x0000, 0x0000, 0x0000, 0x0000, 0x0000,
    0x0000, 0x0000, 0x0000, 0x0000, 0x0000, 0x0000, 0x0000, 0x0000, 0x0000, 0x0000, 0x0000, 0x0000,
    0x0000, 0x0000, 0x0000, 0x0000, 0x0000, 0x0000, 0x0000, 0x0000, 0x0000, 0x0000, 0x0000, 0x0000,
    0x0000, 0x0000, 0x0000, 0x0000, 0x0000, 0x0000, 0x0000, 0x0000, 0x0000, 0x0000, 0x0000, 0x0000,
    0x0000, 0x0000, 0x0000, 0x0000, 0x0000, 0x0000, 0x0000, 0x0000, 0x0000, 0x0000, 0x0000, 0x0000,
    0x0000, 0x0000, 0x0000, 0x0000, 0x0000, 0x0000, 0x0000, 0x0000, 0x0000, 0x0000, 0x0000, 0x0000,
    0x0000, 0x0000, 0x0000, 0x0000, 0x0000, 0x0000, 0x0000, 0x0000, 0x0000, 0x0000, 0x0000, 0x0000,
    0x0000, 0x0000, 0x0000, 0x0000, 0x0000, 0x0000, 0x0000, 0x0000, 0x0000, 0x0000, 0x0000, 0x0000,
    0x0000, 0x0000, 0x0000, 0x0000, 0x0000, 0x0000, 0x0000, 0x0000, 0x0000, 0x0000, 0x0000, 0x0000,
    0x0000, 0x0000, 0x0000, 0x0000, 0x0000, 0x0000, 0x0000, 0x0000, 0x0000, 0x0000, 0x0000, 0x0000,
    0x0000, 0x0000, 0x0000, 0x0000, 0x0000, 0x0000, 0x0000, 0x0000, 0x0000, 0x0000, 0x0000, 0x0000,
    0x0000, 0x0000, 0x0000, 0x0000, 0x0000, 0x0000, 0x0000, 0x0000, 0x0000, 0x0000, 0x0000, 0x0000,
    0x0000, 0x0000, 0x0000, 0x0000, 0x0000, 0x0000, 0x0000, 0x0000, 0x0000, 0x0000, 0x0000, 0x0000,
    0x0000, 0x0000, 0x0000, 0x0000, 0x0000, 0x0000, 0x0000, 0x0000, 0x0000, 0x0000, 0x0000, 0x0000,
    0x0000, 0x0000, 0x0000, 0x0000, 0x0000, 0x0000, 0x0000, 0x0000, 0x0000, 0x0000, 0x0000, 0x0000,
    0x0000, 0x0000, 0x0000, 0x0000, 0x0000, 0x0000, 0x0000, 0x0000, 0x0000, 0x0000, 0x0000, 0x0000,
    0x0000, 0x0000, 0x0000, 0x0000, 0x0000, 0x0000, 0x0000, 0x0000, 0x0000, 0x0000, 0x0000, 0x0000,
    0x0000, 0x0000, 0x0000, 0x0000, 0x0000, 0x0000, 0x0000, 0x0000, 0x0000, 0x0000, 0x0000, 0x0000,
    0x0000, 0x0000, 0x0000, 0x0000, 0x0000, 0x0000, 0x0000, 0x0000, 0x0000, 0x0000, 0x0000, 0x0000,
    0x0000, 0x0000, 0x0000, 0x0000, 0x0000, 0x0000, 0x0000, 0x0000, 0x0000, 0x0000, 0x0000, 0x0000,
    0x0000, 0x0000, 0x0000, 0x0000, 0x0000, 0x0000, 0x0000, 0x0000, 0x0000, 0x0000, 0x0000, 0x0000,
    0x0000, 0x0000, 0x0000, 0x0000, 0x0000, 0x0000, 0x0000, 0x0000, 0x0000, 0x0000, 0x0000, 0x0000,
    0x0000, 0x0000, 0x0000, 0x0000, 0x0000, 0x0000, 0x0000, 0x0000, 0x0000, 0x0000, 0x0000, 0x0000,
    0x0000, 0x0000, 0x0000, 0x0000, 0x0000, 0x0000, 0x0000, 0x0000, 0x0000, 0x0000, 0x0000, 0x0000,
    0x0000, 0x0000, 0x0000, 0x0000, 0x0000, 0x0000, 0x0000, 0x0000, 0x0000, 0x0000, 0x0000, 0x0000,
    0x0000, 0x0000, 0x0000, 0x0000, 0x0000, 0x0000, 0x0000, 0x0000, 0x0000, 0x0000, 0x0000, 0x0000,
    0x0000, 0x0000, 0x0000, 0x0000, 0x0000, 0x0000, 0x0000, 0x0000, 0x0000, 0x0000, 0x0000, 0x0000,
    0x0000, 0x0000, 0x0000, 0x0000, 0x0000, 0x0000, 0x0000, 0x0000, 0x0000, 0x0000, 0x0000, 0x0000,
    0x0000, 0x0000, 0x0000, 0x0000, 0x0000, 0x0000, 0x0000, 0x0000, 0x0000, 0x0000, 0x0000, 0x0000,
    0x0000, 0x0000, 0x0000, 0x0000, 0x0000, 0x0000, 0x0000, 0x0000, 0x0000, 0x0000, 0x0000, 0x0000,
    0x0000, 0x0000, 0x0000, 0x0000, 0x0000, 0x0000, 0x0000, 0x0000, 0x0000, 0x0000, 0x0000, 0x0000,
    0x0000, 0x0000, 0x0000, 0x0000, 0x0000, 0x0000, 0x0000, 0x0000, 0x0000, 0x0000, 0x0000, 0x0000,
    0x0000, 0x0000, 0x0000, 0x0000, 0x0000, 0x0000, 0x0000, 0x0000, 0x0000, 0x0000, 0x0000, 0x0000,
    0x0000, 0x0000, 0x0000, 0x0000, 0x0000, 0x0000, 0x0000, 0x0000, 0x0000, 0x0000, 0x0000, 0x0000,
    0x0000, 0x0000, 0x0000, 0x0000, 0x0000, 0x0000, 0x0000, 0x0000, 0x0000, 0x0000, 0x0000, 0x0000,
    0x0000, 0x0000, 0x0000, 0x0000, 0x0000, 0x0000, 0x0000, 0x0000, 0x0000, 0x0000, 0x0000, 0x0000,
    0x0000, 0x0000, 0x0000, 0x0000, 0x0000, 0x0000, 0x0000, 0x0000, 0x0000, 0x0000, 0x0000, 0x0000,
    0x0000, 0x0000, 0x0000, 0x0000, 0x0000, 0x0000, 0x0000, 0x0000, 0x0000, 0x0000, 0x0000, 0x0000,
    0x0000, 0x0000, 0x0000, 0x0000, 0x0000, 0x0000, 0x0000, 0x0000, 0x0000, 0x0000, 0x0000, 0x0000,
    0x0000, 0x0000, 0x0000, 0x0000, 0x0000, 0x0000, 0x0000, 0x0000, 0x0000, 0x0000, 0x0000, 0x0000,
    0x0000, 0x0000, 0x0000, 0x0000, 0x0000, 0x0000, 0x0000, 0x0000, 0x0000, 0x0000, 0x0000, 0x0000,
    0x0000, 0x0000, 0x0000, 0x0000, 0x0000, 0x0000, 0x0000, 0x0000, 0x0000, 0x0000, 0x0000, 0x0000,
    0x0000, 0x0000, 0x0000, 0x0000, 0x0000, 0x0000, 0x0000, 0x0000, 0x0000, 0x0000, 0x0000, 0x0000,
    0x0000, 0x0000, 0x0000, 0x0000, 0x0000, 0x0000, 0x0000, 0x0000, 0x0000, 0x0000, 0x0000, 0x0000,
    0x0000, 0x0000, 0x0000, 0x0000, 0x0000, 0x0000, 0x0000, 0x0000, 0x0000, 0x0000, 0x0000, 0x0000,
    0x0000, 0x0000, 0x0000, 0x0000, 0x0000, 0x0000, 0x0000, 0x0000, 0x0000, 0x0000, 0x0000, 0x0000,
    0x0000, 0x0000, 0x0000, 0x0000, 0x0000, 0x0000, 0x0000, 0x0000, 0x0000, 0x0000, 0x0000, 0x0000,
    0x0000, 0x0000, 0x0000, 0x0000, 0x0000, 0x0000, 0x0000, 0x0000, 0x0000, 0x0000, 0x0000, 0x0000,
    0x0000, 0x0000, 0x0000, 0x0000, 0x0000, 0x0000, 0x0000, 0x0000, 0x0000, 0x0000, 0x0000, 0x0000,
    0x0000, 0x0000, 0x0000, 0x0000, 0x0000, 0x0000, 0x0000, 0x0000, 0x0000, 0x0000, 0x0000, 0x0000,
    0x0000, 0x0000, 0x0000, 0x0000, 0x0000, 0x0000, 0x0000, 0x0000, 0x0000, 0x0000, 0x0000, 0x0000,
    0x0000, 0x0000, 0x0000, 0x0000, 0x0000, 0x0000, 0x0000, 0x0000, 0x0000, 0x0000, 0x0000, 0x0000,
    0x0000, 0x0000, 0x0000, 0x0000, 0x0000, 0x0000, 0x0000, 0x0000, 0x0000, 0x0000, 0x0000, 0x0000,
    0x0000, 0x0000, 0x0000, 0x0000, 0x0000, 0x0000, 0x0000, 0x0000, 0x0000, 0x0000, 0x0000, 0x0000,
    0x0000, 0x0000, 0x0000, 0x0000, 0x0000, 0x0000, 0x0000, 0x0000, 0x0000, 0x0000, 0x0000, 0x0000,
    0x0000, 0x0000, 0x0000, 0x0000, 0x0000, 0x0000, 0x0000, 0x0000, 0x0000, 0x0000, 0x0000, 0x0000,
    0x0000, 0x0000, 0x0000, 0x0000, 0x0000, 0x0000, 0x0000, 0x0000, 0x0000, 0x0000, 0x0000, 0x0000,
    0x0000, 0x0000, 0x0000, 0x0000, 0x0000, 0x0000, 0x0000, 0x0000, 0x0000, 0x0000, 0x0000, 0x0000,
    0x0000, 0x0000, 0x0000, 0x0000, 0x0000, 0x0000, 0x0000, 0x0000, 0x0000, 0x0000, 0x0000, 0x0000,
    0x0000, 0x0000, 0x0000, 0x0000, 0x0000, 0x0000, 0x0000, 0x0000, 0x0000, 0x0000, 0x0000, 0x0000,
    0x0000, 0x0000, 0x0000, 0x0000, 0x0000, 0x0000, 0x0000, 0x0000, 0x0000, 0x0000, 0x0000, 0x0000,
    0x0000, 0x0000, 0x0000, 0x0000, 0x0000, 0x0000, 0x0000, 0x0000, 0x0000, 0x0000, 0x0000, 0x0000,
    0x0000, 0x0000, 0x0000, 0x0000, 0x0000, 0x0000, 0x0000, 0x0000, 0x0000, 0x0000, 0x0000, 0x0000,
    0x0000, 0x0000, 0x0000, 0x0000, 0x0000, 0x0000, 0x0000, 0x0000, 0x0000, 0x0000, 0x0000, 0x0000,
    0x0000, 0x0000, 0x0000, 0x0000, 0x0000, 0x0000, 0x0000, 0x0000, 0x0000, 0x0000, 0x0000, 0x0000,
    0x0000, 0x0000, 0x0000, 0x0000, 0x0000, 0x0000, 0x0000, 0x0000, 0x0000, 0x0000, 0x0000, 0x0000,
    0x0000, 0x0000, 0x0000, 0x0000, 0x0000, 0x0000, 0x0000, 0x0000, 0x0000, 0x0000, 0x0000, 0x0000,
    0x0000, 0x0000, 0x0000, 0x0000, 0x0000, 0x0000, 0x0000, 0x0000, 0x0000, 0x0000, 0x0000, 0x0000,
    0x0000, 0x0000, 0x0000, 0x0000, 0x0000, 0x0000, 0x0000, 0x0000, 0x0000, 0x0000, 0x0000, 0x0000,
    0x0000, 0x0000, 0x0000, 0x0000, 0x0000, 0x0000, 0x0000, 0x0000, 0x0000, 0x0000, 0x0000, 0x0000,
    0x0000, 0x0000, 0x0000, 0x0000, 0x0000, 0x0000, 0x0000, 0x0000, 0x0000, 0x0000, 0x0000, 0x0000,
    0x0000, 0x0000, 0x0000, 0x0000, 0x0000, 0x0000, 0x0000, 0x0000, 0x0000, 0x0000, 0x0000, 0x0000,
    0x0000, 0x0000, 0x0000, 0x0000, 0x0000, 0x0000, 0x0000, 0x0000, 0x0000, 0x0000, 0x0000, 0x0000,
    0x0000, 0x0000, 0x0000, 0x0000, 0x0000, 0x0000, 0x0000, 0x0000, 0x0000, 0x0000, 0x0000, 0x0000,
    0x0000, 0x0000, 0x0000, 0x0000, 0x0000, 0x0000, 0x0000, 0x0000, 0x0000, 0x0000, 0x0000, 0x0000,
    0x0000, 0x0000, 0x0000, 0x0000, 0x0000, 0x0000, 0x0000, 0x0000, 0x0000, 0x0000, 0x0000, 0x0000,
    0x0000, 0x0000, 0x0000, 0x0000, 0x0000, 0x0000, 0x0000, 0x0000, 0x0000, 0x0000, 0x0000, 0x0000,
    0x0000, 0x0000, 0x0000, 0x0000, 0x0000, 0x0000, 0x0000, 0x0000, 0x0000, 0x0000, 0x0000, 0x0000,
    0x0000, 0x0000, 0x0000, 0x0000, 0x0000, 0x0000, 0x0000, 0x0000, 0x0000, 0x0000, 0x0000, 0x0000,
    0x0000, 0x0000, 0x0000, 0x0000, 0x0000, 0x0000, 0x0000, 0x0000, 0x0000, 0x0000, 0x0000, 0x0000,
    0x0000, 0x0000, 0x0000, 0x0000, 0x0000, 0x0000, 0x0000, 0x0000, 0x0000, 0x0000, 0x0000, 0x0000,
    0x0000, 0x0000, 0x0000, 0x0000, 0x0000, 0x0000, 0x0000, 0x0000, 0x0000, 0x0000, 0x0000, 0x0000,
    0x0000, 0x0000, 0x0000, 0x0000, 0x0000, 0x0000, 0x0000, 0x0000, 0x0000, 0x0000, 0x0000, 0x0000,
    0x0000, 0x0000, 0x0000, 0x0000, 0x0000, 0x0000, 0x0000, 0x0000, 0x0000, 0x0000, 0x0000, 0x0000,
    0x0000, 0x0000, 0x0000, 0x0000, 0x0000, 0x0000, 0x0000, 0x0000, 0x0000, 0x0000, 0x0000, 0x0000,
    0x0000, 0x0000, 0x0000, 0x0000, 0x0000, 0x0000, 0x0000, 0x0000, 0x0000, 0x0000, 0x0000, 0x0000,
    0x0000, 0x0000, 0x0000, 0x0000, 0x0000, 0x0000, 0x0000, 0x0000, 0x0000, 0x0000, 0x0000, 0x0000,
    0x0000, 0x0000, 0x0000, 0x0000, 0x0000, 0x0000, 0x0000, 0x0000, 0x0000, 0x0000, 0x0000, 0x0000,
    0x0000, 0x0000, 0x0000, 0x0000, 0x0000, 0x0000, 0x0000, 0x0000, 0x0000, 0x0000, 0x0000, 0x0000,
    0x0000, 0x0000, 0x0000, 0x0000, 0x0000, 0x0000, 0x0000, 0x0000, 0x0000, 0x0000, 0x0000, 0x0000,
    0x0000, 0x0000, 0x0000, 0x0000, 0x0000, 0x0000, 0x0000, 0x0000, 0x0000, 0x0000, 0x0000, 0x0000,
    0x0000, 0x0000, 0x0000, 0x0000, 0x0000, 0x0000, 0x0000, 0x0000, 0x0000, 0x0000, 0x0000, 0x0000,
};
