#pragma once

#include <Arduino.h>

constexpr int kSupaChatSplashWidth = 240;
constexpr int kSupaChatSplashHeight = 135;
const uint16_t kSupaChatSplash[] PROGMEM = {
    0x0000, 0x0000, 0x0000, 0x0000, 0x0000, 0x0000, 0x0000, 0x0000, 0x0000, 0x0000, 0x0000, 0x0000,
    0x0000, 0x0000, 0x0000, 0x0000, 0x0000, 0x0000, 0x0000, 0x0000, 0x0000, 0x0000, 0x0000, 0x0000,
    0x0000, 0x0000, 0x0000, 0x0000, 0x0000, 0x0000, 0x0000, 0x0000, 0x0000, 0x0000, 0x0000, 0x0000,
    0x0000, 0x0000, 0x0000, 0x0000, 0x0000, 0x0000, 0x0000, 0x0000, 0x0000, 0x0000, 0x0000, 0x0000,
    0x0000, 0x0000, 0x0000, 0x0000, 0x0000, 0x0000, 0x0000, 0x0000, 0x0000, 0x0000, 0x0000, 0x0000,
    0x0000, 0x0000, 0x0000, 0x0000, 0x0000, 0x0000, 0x0000, 0x0000, 0x0000, 0x0000, 0x0000, 0x0000,
    0x0000, 0x0000, 0x0000, 0x0000, 0x0000, 0x0000, 0x0000, 0x0000, 0x0000, 0x0000, 0x0000, 0x0000,
    0x0000, 0x0000, 0x0000, 0x0000, 0x0000, 0x0000, 0x0000, 0x0000, 0x0000, 0x0000, 0x0000, 0x0000,
    0x0000, 0x0000, 0x0000, 0x0000, 0x0000, 0x0000, 0x0000, 0x0000, 0x0000, 0x0000, 0x0000, 0x0000,
    0x0000, 0x0000, 0x0000, 0x0000, 0x0000, 0x0000, 0x0000, 0x0000, 0x0000, 0x0000, 0x0000, 0x0000,
    0x0000, 0x0000, 0x0000, 0x0000, 0x0000, 0x0000, 0x0000, 0x0000, 0x0000, 0x0000, 0x0000, 0x0000,
    0x0000, 0x0000, 0x0000, 0x0000, 0x0000, 0x0000, 0x0000, 0x0000, 0x0000, 0x0000, 0x0000, 0x0000,
    0x0000, 0x0000, 0x0000, 0x0000, 0x0000, 0x0000, 0x0000, 0x0000, 0x0000, 0x0000, 0x0000, 0x0000,
    0x0000, 0x0000, 0x0000, 0x0000, 0x0000, 0x0000, 0x0000, 0x0000, 0x0000, 0x0000, 0x0000, 0x0000,
    0x0000, 0x0000, 0x0000, 0x0000, 0x0000, 0x0000, 0x0000, 0x0000, 0x0000, 0x0000, 0x0000, 0x0000,
    0x0000, 0x0000, 0x0000, 0x0000, 0x0000, 0x0000, 0x0000, 0x0000, 0x0000, 0x0000, 0x0000, 0x0000,
    0x0000, 0x0000, 0x0000, 0x0000, 0x0000, 0x0000, 0x0000, 0x0000, 0x0000, 0x0000, 0x0000, 0x0000,
    0x0000, 0x0000, 0x0000, 0x0000, 0x0000, 0x0000, 0x0000, 0x0000, 0x0000, 0x0000, 0x0000, 0x0000,
    0x0000, 0x0000, 0x0000, 0x0000, 0x0000, 0x0000, 0x0000, 0x0000, 0x0000, 0x0000, 0x0000, 0x0000,
    0x0000, 0x0000, 0x0000, 0x0000, 0x0000, 0x0000, 0x0000, 0x0000, 0x0000, 0x0000, 0x0000, 0x0000,
    0x0000, 0x0000, 0x0000, 0x0000, 0x0000, 0x0000, 0x0000, 0x0000, 0x0000, 0x0000, 0x0000, 0x0000,
    0x0000, 0x0000, 0x0000, 0x0000, 0x0000, 0x0000, 0x0000, 0x0000, 0x0000, 0x0000, 0x0000, 0x0000,
    0x0000, 0x0000, 0x0000, 0x0000, 0x0000, 0x0000, 0x0000, 0x0000, 0x0000, 0x0000, 0x0000, 0x0000,
    0x0000, 0x0000, 0x0000, 0x0000, 0x0000, 0x0000, 0x0000, 0x0000, 0x0000, 0x0000, 0x0000, 0x0000,
    0x0000, 0x0000, 0x0000, 0x0000, 0x0000, 0x0000, 0x0000, 0x0000, 0x0000, 0x0000, 0x0000, 0x0000,
    0x0000, 0x0000, 0x0000, 0x0000, 0x0000, 0x0000, 0x0000, 0x0000, 0x0000, 0x0000, 0x0000, 0x0000,
    0x0000, 0x0000, 0x0000, 0x0000, 0x0000, 0x0000, 0x0000, 0x0000, 0x0000, 0x0000, 0x0000, 0x0000,
    0x0000, 0x0000, 0x0000, 0x0000, 0x0000, 0x0000, 0x0000, 0x0000, 0x0000, 0x0000, 0x0000, 0x0000,
    0x0000, 0x0000, 0x0000, 0x0000, 0x0000, 0x0000, 0x0000, 0x0000, 0x0000, 0x0000, 0x0000, 0x0000,
    0x0000, 0x0000, 0x0000, 0x0000, 0x0000, 0x0000, 0x0000, 0x0000, 0x0000, 0x0000, 0x0000, 0x0000,
    0x0000, 0x0000, 0x0000, 0x0000, 0x0000, 0x0000, 0x0000, 0x0000, 0x0000, 0x0000, 0x0000, 0x0000,
    0x0000, 0x0000, 0x0000, 0x0000, 0x0000, 0x0000, 0x0000, 0x0000, 0x0000, 0x0000, 0x0000, 0x0000,
    0x0000, 0x0000, 0x0000, 0x0000, 0x0000, 0x0000, 0x0000, 0x0000, 0x0000, 0x0000, 0x0000, 0x0000,
    0x0000, 0x0000, 0x0000, 0x0000, 0x0000, 0x0000, 0x0000, 0x0000, 0x0000, 0x0000, 0x0000, 0x0000,
    0x0000, 0x0000, 0x0000, 0x0000, 0x0000, 0x0000, 0x0000, 0x0000, 0x0000, 0x0000, 0x0000, 0x0000,
    0x0000, 0x0000, 0x0000, 0x0000, 0x0000, 0x0000, 0x0000, 0x0000, 0x0000, 0x0000, 0x0000, 0x0000,
    0x0000, 0x0000, 0x0000, 0x0000, 0x0000, 0x0000, 0x0000, 0x0000, 0x0000, 0x0000, 0x0000, 0x0000,
    0x0000, 0x0000, 0x0000, 0x0000, 0x0000, 0x0000, 0x0000, 0x0000, 0x0000, 0x0000, 0x0000, 0x0000,
    0x0000, 0x0000, 0x0000, 0x0000, 0x0000, 0x0000, 0x0000, 0x0000, 0x0000, 0x0000, 0x0000, 0x0000,
    0x0000, 0x0000, 0x0000, 0x0000, 0x0000, 0x0000, 0x0000, 0x0000, 0x0000, 0x0000, 0x0000, 0x0000,
    0x0000, 0x0000, 0x0000, 0x0000, 0x0000, 0x0000, 0x0000, 0x0000, 0x0000, 0x0000, 0x0000, 0x0000,
    0x0000, 0x0000, 0x0000, 0x0000, 0x0000, 0x0000, 0x0000, 0x0000, 0x0000, 0x0000, 0x0000, 0x0000,
    0x0000, 0x0000, 0x0000, 0x0000, 0x0000, 0x0000, 0x0000, 0x0000, 0x0000, 0x0000, 0x0000, 0x0000,
    0x0000, 0x0000, 0x0000, 0x0000, 0x0000, 0x0000, 0x0000, 0x0000, 0x0000, 0x0000, 0x0000, 0x0000,
    0x0000, 0x0000, 0x0000, 0x0000, 0x0000, 0x0000, 0x0000, 0x0000, 0x0000, 0x0000, 0x0000, 0x0000,
    0x0000, 0x0000, 0x0000, 0x0000, 0x0000, 0x0000, 0x0000, 0x0000, 0x0000, 0x0000, 0x0000, 0x0000,
    0x0000, 0x0000, 0x0000, 0x0000, 0x0000, 0x0000, 0x0000, 0x0000, 0x0000, 0x0000, 0x0000, 0x0000,
    0x0000, 0x0000, 0x0000, 0x0000, 0x0000, 0x0000, 0x0000, 0x0000, 0x0000, 0x0000, 0x0000, 0x0000,
    0x0000, 0x0000, 0x0000, 0x0000, 0x0000, 0x0000, 0x0000, 0x0000, 0x0000, 0x0000, 0x0000, 0x0000,
    0x0000, 0x0000, 0x0000, 0x0000, 0x0000, 0x0000, 0x0000, 0x0000, 0x0000, 0x0000, 0x0000, 0x0000,
    0x0000, 0x0000, 0x0000, 0x0000, 0x0000, 0x0000, 0x0000, 0x0000, 0x0000, 0x0000, 0x0000, 0x0000,
    0x0000, 0x0000, 0x0000, 0x0000, 0x0000, 0x0000, 0x0000, 0x0000, 0x0000, 0x0000, 0x0000, 0x0000,
    0x0000, 0x0000, 0x0000, 0x0000, 0x0000, 0x0000, 0x0000, 0x0000, 0x0000, 0x0000, 0x0000, 0x0000,
    0x0000, 0x0000, 0x0000, 0x0000, 0x0000, 0x0000, 0x0000, 0x0000, 0x0000, 0x0000, 0x0000, 0x0000,
    0x0000, 0x0000, 0x0000, 0x0000, 0x0000, 0x0000, 0x0000, 0x0000, 0x0000, 0x0000, 0x0000, 0x0000,
    0x0000, 0x0000, 0x0000, 0x0000, 0x0000, 0x0000, 0x0000, 0x0000, 0x0000, 0x0000, 0x0000, 0x0000,
    0x0000, 0x0000, 0x0000, 0x0000, 0x0000, 0x0000, 0x0000, 0x0000, 0x0000, 0x0000, 0x0000, 0x0000,
    0x0000, 0x0000, 0x0000, 0x0000, 0x0000, 0x0000, 0x0000, 0x0000, 0x0000, 0x0000, 0x0000, 0x0000,
    0x0000, 0x0000, 0x0000, 0x0000, 0x0000, 0x0000, 0x0000, 0x0000, 0x0000, 0x0000, 0x0000, 0x0000,
    0x0000, 0x0000, 0x0000, 0x0000, 0x0000, 0x0000, 0x0000, 0x0000, 0x0000, 0x0000, 0x0000, 0x0000,
    0x0000, 0x0000, 0x0000, 0x0000, 0x0000, 0x0000, 0x0000, 0x0000, 0x0000, 0x0000, 0x0000, 0x0000,
    0x0000, 0x0000, 0x0000, 0x0000, 0x0000, 0x0000, 0x0000, 0x0000, 0x0000, 0x0000, 0x0000, 0x0000,
    0x0000, 0x0000, 0x0000, 0x0000, 0x0000, 0x0000, 0x0000, 0x0000, 0x0000, 0x0000, 0x0000, 0x0000,
    0x0000, 0x0000, 0x0000, 0x0000, 0x0000, 0x0000, 0x0000, 0x0000, 0x0000, 0x0000, 0x0000, 0x0000,
    0x0000, 0x0000, 0x0000, 0x0000, 0x0000, 0x0000, 0x0000, 0x0000, 0x0000, 0x0000, 0x0000, 0x0000,
    0x0000, 0x0000, 0x0000, 0x0000, 0x0000, 0x0000, 0x0000, 0x0000, 0x0000, 0x0000, 0x0000, 0x0000,
    0x0000, 0x0000, 0x0000, 0x0000, 0x0000, 0x0000, 0x0000, 0x0000, 0x0000, 0x0000, 0x0000, 0x0000,
    0x0000, 0x0000, 0x0000, 0x0000, 0x0000, 0x0000, 0x0000, 0x0000, 0x0000, 0x0000, 0x0000, 0x0000,
    0x0000, 0x0000, 0x0000, 0x0000, 0x0000, 0x0000, 0x0000, 0x0000, 0x0000, 0x0000, 0x0000, 0x0000,
    0x0000, 0x0000, 0x0000, 0x0000, 0x0000, 0x0000, 0x0000, 0x0000, 0x0000, 0x0000, 0x0000, 0x0000,
    0x0000, 0x0000, 0x0000, 0x0000, 0x0000, 0x0000, 0x0000, 0x0000, 0x0000, 0x0000, 0x0000, 0x0000,
    0x0000, 0x0000, 0x0000, 0x0000, 0x0000, 0x0000, 0x0000, 0x0000, 0x0000, 0x0000, 0x0000, 0x0000,
    0x0000, 0x0000, 0x0000, 0x0000, 0x0000, 0x0000, 0x0000, 0x0000, 0x0000, 0x0000, 0x0000, 0x0000,
    0x0000, 0x0000, 0x0000, 0x0000, 0x0000, 0x0000, 0x0000, 0x0000, 0x0000, 0x0000, 0x0000, 0x0000,
    0x0000, 0x0000, 0x0000, 0x0000, 0x0000, 0x0000, 0x0000, 0x0000, 0x0000, 0x0000, 0x0000, 0x0000,
    0x0000, 0x0000, 0x0000, 0x0000, 0x0000, 0x0000, 0x0000, 0x0000, 0x0000, 0x0000, 0x0000, 0x0000,
    0x0000, 0x0000, 0x0000, 0x0000, 0x0000, 0x0000, 0x0000, 0x0000, 0x0000, 0x0000, 0x0000, 0x0000,
    0x0000, 0x0000, 0x0000, 0x0000, 0x0000, 0x0000, 0x0000, 0x0000, 0x0000, 0x0000, 0x0000, 0x0000,
    0x0000, 0x0000, 0x0000, 0x0000, 0x0000, 0x0000, 0x0000, 0x0000, 0x0000, 0x0000, 0x0000, 0x0000,
    0x0000, 0x0000, 0x0000, 0x0000, 0x0000, 0x0000, 0x0000, 0x0000, 0x0000, 0x0000, 0x0000, 0x0000,
    0x0000, 0x0000, 0x0000, 0x0000, 0x0000, 0x0000, 0x0000, 0x0000, 0x0000, 0x0000, 0x0000, 0x0000,
    0x0000, 0x0000, 0x0000, 0x0000, 0x0000, 0x0000, 0x0000, 0x0000, 0x0000, 0x0000, 0x0000, 0x0000,
    0x0000, 0x0000, 0x0000, 0x0000, 0x0000, 0x0000, 0x0000, 0x0000, 0x0000, 0x0000, 0x0000, 0x0000,
    0x0000, 0x0000, 0x0000, 0x0000, 0x0000, 0x0000, 0x0000, 0x0000, 0x0000, 0x0000, 0x0000, 0x0000,
    0x0000, 0x0000, 0x0000, 0x0000, 0x0000, 0x0000, 0x0000, 0x0000, 0x0000, 0x0000, 0x0000, 0x0000,
    0x0000, 0x0000, 0x0000, 0x0000, 0x0000, 0x0000, 0x0000, 0x0000, 0x0000, 0x0000, 0x0000, 0x0000,
    0x0000, 0x0000, 0x0000, 0x0000, 0x0000, 0x0000, 0x0000, 0x0000, 0x0000, 0x0000, 0x0000, 0x0000,
    0x0000, 0x0000, 0x0000, 0x0000, 0x0000, 0x0000, 0x0000, 0x0000, 0x0000, 0x0000, 0x0000, 0x0000,
    0x0000, 0x0000, 0x0000, 0x0000, 0x0000, 0x0000, 0x0000, 0x0000, 0x0000, 0x0000, 0x0000, 0x0000,
    0x0000, 0x0000, 0x0000, 0x0000, 0x0000, 0x0000, 0x0000, 0x0000, 0x0000, 0x0000, 0x0000, 0x0000,
    0x0000, 0x0000, 0x0000, 0x0000, 0x0000, 0x0000, 0x0000, 0x0000, 0x0000, 0x0000, 0x0000, 0x0000,
    0x0000, 0x0000, 0x0000, 0x0000, 0x0000, 0x0000, 0x0000, 0x0000, 0x0000, 0x0000, 0x0000, 0x0000,
    0x0000, 0x0000, 0x0000, 0x0000, 0x0000, 0x0000, 0x0000, 0x0000, 0x0000, 0x0000, 0x0000, 0x0000,
    0x0000, 0x0000, 0x0000, 0x0000, 0x0000, 0x0000, 0x0000, 0x0000, 0x0000, 0x0000, 0x0000, 0x0000,
    0x0000, 0x0000, 0x0000, 0x0000, 0x0000, 0x0000, 0x0000, 0x0000, 0x0000, 0x0000, 0x0000, 0x0000,
    0x0000, 0x0000, 0x0000, 0x0000, 0x0000, 0x0000, 0x0000, 0x0000, 0x0000, 0x0000, 0x0000, 0x0000,
    0x0000, 0x0000, 0x0000, 0x0000, 0x0000, 0x0000, 0x0000, 0x0000, 0x0000, 0x0000, 0x0000, 0x0000,
    0x0000, 0x0000, 0x0000, 0x0000, 0x0000, 0x0000, 0x0000, 0x0000, 0x0000, 0x0000, 0x0000, 0x0000,
    0x0000, 0x0000, 0x0000, 0x0000, 0x0000, 0x0000, 0x0000, 0x0000, 0x0000, 0x0000, 0x0000, 0x0000,
    0x0000, 0x0000, 0x0000, 0x0000, 0x0000, 0x0000, 0x0000, 0x0000, 0x0000, 0x0000, 0x0000, 0x0000,
    0x0000, 0x0000, 0x0000, 0x0000, 0x0000, 0x0000, 0x0000, 0x0000, 0x0000, 0x0000, 0x0000, 0x0000,
    0x0000, 0x0000, 0x0000, 0x0000, 0x0000, 0x0000, 0x0000, 0x0000, 0x0000, 0x0000, 0x0000, 0x0000,
    0x0000, 0x0000, 0x0000, 0x0000, 0x0000, 0x0000, 0x0000, 0x0000, 0x0000, 0x0000, 0x0000, 0x0000,
    0x0000, 0x0000, 0x0000, 0x0000, 0x0000, 0x0000, 0x0000, 0x0000, 0x0000, 0x0000, 0x0000, 0x0000,
    0x0000, 0x0000, 0x0000, 0x0000, 0x0000, 0x0000, 0x0000, 0x0000, 0x0000, 0x0000, 0x0000, 0x0000,
    0x0000, 0x0000, 0x0000, 0x0000, 0x0000, 0x0000, 0x0000, 0x0000, 0x0000, 0x0000, 0x0000, 0x0000,
    0x0000, 0x0000, 0x0000, 0x0000, 0x0000, 0x0000, 0x0000, 0x0000, 0x0000, 0x0000, 0x0000, 0x0000,
    0x0000, 0x0000, 0x0000, 0x0000, 0x0000, 0x0000, 0x0000, 0x0000, 0x0000, 0x0000, 0x0000, 0x0000,
    0x0000, 0x0000, 0x0000, 0x0000, 0x0000, 0x0000, 0x0000, 0x0000, 0x0000, 0x0000, 0x0000, 0x0000,
    0x0000, 0x0000, 0x0000, 0x0000, 0x0000, 0x0000, 0x0000, 0x0000, 0x0000, 0x0000, 0x0000, 0x0000,
    0x0000, 0x0000, 0x0000, 0x0000, 0x0000, 0x0000, 0x0000, 0x0000, 0x0000, 0x0000, 0x0000, 0x0000,
    0x0000, 0x0000, 0x0000, 0x0000, 0x0000, 0x0000, 0x0000, 0x0000, 0x0000, 0x0000, 0x0000, 0x0000,
    0x0000, 0x0000, 0x0000, 0x0000, 0x0000, 0x0000, 0x0000, 0x0000, 0x0000, 0x0000, 0x0000, 0x0000,
    0x0000, 0x0000, 0x0000, 0x0000, 0x0000, 0x0000, 0x0000, 0x0000, 0x0000, 0x0000, 0x0000, 0x0000,
    0x0000, 0x0000, 0x0000, 0x0000, 0x0000, 0x0000, 0x0000, 0x0000, 0x0000, 0x0000, 0x0000, 0x0000,
    0x0000, 0x0000, 0x0000, 0x0000, 0x0000, 0x0000, 0x0000, 0x0000, 0x0000, 0x0000, 0x0000, 0x0000,
    0x0000, 0x0000, 0x0000, 0x0000, 0x0000, 0x0000, 0x0000, 0x0000, 0x0000, 0x0000, 0x0000, 0x0000,
    0x0000, 0x0000, 0x0000, 0x0000, 0x0000, 0x0000, 0x0000, 0x0000, 0x0000, 0x0000, 0x0000, 0x0000,
    0x0000, 0x0000, 0x0000, 0x0000, 0x0000, 0x0000, 0x0000, 0x0000, 0x0000, 0x0000, 0x0000, 0x0000,
    0x0000, 0x0000, 0x0000, 0x0000, 0x0000, 0x0000, 0x0000, 0x0000, 0x0000, 0x0000, 0x0000, 0x0000,
    0x0000, 0x0000, 0x0000, 0x0000, 0x0000, 0x0000, 0x0000, 0x0000, 0x0000, 0x0000, 0x0000, 0x0000,
    0x0000, 0x0000, 0x0000, 0x0000, 0x0000, 0x0000, 0x0000, 0x0000, 0x0000, 0x0000, 0x0000, 0x0000,
    0x0000, 0x0000, 0x0000, 0x0000, 0x0000, 0x0000, 0x0000, 0x0000, 0x0000, 0x0000, 0x0000, 0x0000,
    0x0000, 0x0000, 0x0000, 0x0000, 0x0000, 0x0000, 0x0000, 0x0000, 0x0000, 0x0000, 0x0000, 0x0000,
    0x0000, 0x0000, 0x0000, 0x0000, 0x0000, 0x0000, 0x0000, 0x0000, 0x0000, 0x0000, 0x0000, 0x0000,
    0x0000, 0x0000, 0x0000, 0x0000, 0x0000, 0x0000, 0x0000, 0x0000, 0x0000, 0x0000, 0x0000, 0x0000,
    0x0000, 0x0000, 0x0000, 0x0000, 0x0000, 0x0000, 0x0000, 0x0000, 0x0000, 0x0000, 0x0000, 0x0000,
    0x0000, 0x0000, 0x0000, 0x0000, 0x0000, 0x0000, 0x0000, 0x0000, 0x0000, 0x0000, 0x0000, 0x0000,
    0x0000, 0x0000, 0x0000, 0x0000, 0x0000, 0x0000, 0x0000, 0x0000, 0x0000, 0x0000, 0x0000, 0x0000,
    0x0000, 0x0000, 0x0000, 0x0000, 0x0000, 0x0000, 0x0000, 0x0000, 0x0000, 0x0000, 0x0000, 0x0000,
    0x0000, 0x0000, 0x0000, 0x0000, 0x0000, 0x0000, 0x0000, 0x0000, 0x0000, 0x0000, 0x0000, 0x0000,
    0x0000, 0x0000, 0x0000, 0x0000, 0x0000, 0x0000, 0x0000, 0x0000, 0x0000, 0x0000, 0x0000, 0x0000,
    0x0000, 0x0000, 0x0000, 0x0000, 0x0000, 0x0000, 0x0000, 0x0000, 0x0000, 0x0000, 0x0000, 0x0000,
    0x0000, 0x0000, 0x0000, 0x0000, 0x0000, 0x0000, 0x0000, 0x0000, 0x0000, 0x0000, 0x0000, 0x0000,
    0x0000, 0x0000, 0x0000, 0x0000, 0x0000, 0x0000, 0x0000, 0x0000, 0x0000, 0x0000, 0x0000, 0x0000,
    0x0000, 0x0000, 0x0000, 0x0000, 0x0000, 0x0000, 0x0000, 0x0000, 0x0000, 0x0000, 0x0000, 0x0000,
    0x0000, 0x0000, 0x0000, 0x0000, 0x0000, 0x0000, 0x0000, 0x0000, 0x0000, 0x0000, 0x0000, 0x0000,
    0x0000, 0x0000, 0x0000, 0x0000, 0x0000, 0x0000, 0x0000, 0x0000, 0x0000, 0x0000, 0x0000, 0x0000,
    0x0000, 0x0000, 0x0000, 0x0000, 0x0000, 0x0000, 0x0000, 0x0000, 0x0000, 0x0000, 0x0000, 0x0000,
    0x0000, 0x0000, 0x0000, 0x0000, 0x0000, 0x0000, 0x0000, 0x0000, 0x0000, 0x0000, 0x0000, 0x0000,
    0x0000, 0x0000, 0x0000, 0x0000, 0x0000, 0x0000, 0x0000, 0x0000, 0x0000, 0x0000, 0x0000, 0x0000,
    0x0000, 0x0000, 0x0000, 0x0000, 0x0000, 0x0000, 0x0000, 0x0000, 0x0000, 0x0000, 0x0000, 0x0000,
    0x0000, 0x0000, 0x0000, 0x0000, 0x0000, 0x0000, 0x0000, 0x0000, 0x0000, 0x0000, 0x0000, 0x0000,
    0x0000, 0x0000, 0x0000, 0x0000, 0x0000, 0x0000, 0x0000, 0x0000, 0x0000, 0x0000, 0x0000, 0x0000,
    0x0000, 0x0000, 0x0000, 0x0000, 0x0000, 0x0000, 0x0000, 0x0000, 0x0000, 0x0000, 0x0000, 0x0000,
    0x0000, 0x0000, 0x0000, 0x0000, 0x0000, 0x0000, 0x0000, 0x0000, 0x0000, 0x0000, 0x0000, 0x0000,
    0x0000, 0x0000, 0x0000, 0x0000, 0x0000, 0x0000, 0x0000, 0x0000, 0x0000, 0x0000, 0x0000, 0x0000,
    0x0000, 0x0000, 0x0000, 0x0000, 0x0000, 0x0000, 0x0000, 0x0000, 0x0000, 0x0000, 0x0000, 0x0000,
    0x0000, 0x0000, 0x0000, 0x0000, 0x0000, 0x0000, 0x0000, 0x0000, 0x0000, 0x0000, 0x0000, 0x0000,
    0x0000, 0x0000, 0x0000, 0x0000, 0x0000, 0x0000, 0x0000, 0x0000, 0x0000, 0x0000, 0x0000, 0x0000,
    0x0000, 0x0000, 0x0000, 0x0000, 0x0000, 0x0000, 0x0000, 0x0000, 0x0000, 0x0000, 0x0000, 0x0000,
    0x0000, 0x0000, 0x0000, 0x0000, 0x0000, 0x0000, 0x0000, 0x0000, 0x0000, 0x0000, 0x0000, 0x0000,
    0x0000, 0x0000, 0x0000, 0x0000, 0x0000, 0x0000, 0x0000, 0x0000, 0x0000, 0x0000, 0x0000, 0x0000,
    0x0000, 0x0000, 0x0000, 0x0000, 0x0000, 0x0000, 0x0000, 0x0000, 0x0000, 0x0000, 0x0000, 0x0000,
    0x0000, 0x0000, 0x0000, 0x0000, 0x0000, 0x0000, 0x0000, 0x0000, 0x0000, 0x0000, 0x0000, 0x0000,
    0x0000, 0x0000, 0x0000, 0x0000, 0x0000, 0x0000, 0x0000, 0x0000, 0x0000, 0x0000, 0x0000, 0x0000,
    0x0000, 0x0000, 0x0000, 0x0000, 0x0000, 0x0000, 0x0000, 0x0000, 0x0000, 0x0000, 0x0000, 0x0000,
    0x0000, 0x0000, 0x0000, 0x0000, 0x0000, 0x0000, 0x0000, 0x0000, 0x0000, 0x0000, 0x0000, 0x0000,
    0x0000, 0x0000, 0x0000, 0x0000, 0x0000, 0x0000, 0x0000, 0x0000, 0x0000, 0x0000, 0x0000, 0x0000,
    0x0000, 0x0000, 0x0000, 0x0000, 0x0000, 0x0000, 0x0000, 0x0000, 0x0000, 0x0000, 0x0000, 0x0000,
    0x0000, 0x0000, 0x0000, 0x0000, 0x0000, 0x0000, 0x0000, 0x0000, 0x0000, 0x0000, 0x0000, 0x0000,
    0x0000, 0x0000, 0x0000, 0x0000, 0x0000, 0x0000, 0x0000, 0x0000, 0x0000, 0x0000, 0x0000, 0x0000,
    0x0000, 0x0000, 0x0000, 0x0000, 0x0000, 0x0000, 0x0000, 0x0000, 0x0000, 0x0000, 0x0000, 0x0000,
    0x0000, 0x0000, 0x0000, 0x0000, 0x0000, 0x0000, 0x0000, 0x0000, 0x0000, 0x0000, 0x0000, 0x0000,
    0x0000, 0x0000, 0x0000, 0x0000, 0x0000, 0x0000, 0x0000, 0x0000, 0x0000, 0x0000, 0x0000, 0x0000,
    0x0000, 0x0000, 0x0000, 0x0000, 0x0000, 0x0000, 0x0000, 0x0000, 0x0000, 0x0000, 0x0000, 0x0000,
    0x0000, 0x0000, 0x0000, 0x0000, 0x0000, 0x0000, 0x0000, 0x0000, 0x0000, 0x0000, 0x0000, 0x0000,
    0x0000, 0x0000, 0x0000, 0x0000, 0x0000, 0x0000, 0x0000, 0x0000, 0x0000, 0x0000, 0x0000, 0x0000,
    0x0000, 0x0000, 0x0000, 0x0000, 0x0000, 0x0000, 0x0000, 0x0000, 0x0000, 0x0000, 0x0000, 0x0000,
    0x0000, 0x0000, 0x0000, 0x0000, 0x0000, 0x0000, 0x0000, 0x0000, 0x0000, 0x0000, 0x0000, 0x0000,
    0x0000, 0x0000, 0x0000, 0x0000, 0x0000, 0x0000, 0x0000, 0x0000, 0x0000, 0x0000, 0x0000, 0x0000,
    0x0000, 0x0000, 0x0000, 0x0000, 0x0000, 0x0000, 0x0000, 0x0000, 0x0000, 0x0000, 0x0000, 0x0000,
    0x0000, 0x0000, 0x0000, 0x0000, 0x0000, 0x0000, 0x0000, 0x0000, 0x0000, 0x0000, 0x0000, 0x0000,
    0x0000, 0x0000, 0x0000, 0x0000, 0x0000, 0x0000, 0x0000, 0x0000, 0x0000, 0x0000, 0x0000, 0x0000,
    0x0000, 0x0000, 0x0000, 0x0000, 0x0000, 0x0000, 0x0000, 0x0000, 0x0000, 0x0000, 0x0000, 0x0000,
    0x0000, 0x0000, 0x0000, 0x0000, 0x0000, 0x0000, 0x0000, 0x0000, 0x0000, 0x0000, 0x0000, 0x0000,
    0x0000, 0x0000, 0x0000, 0x0000, 0x0000, 0x0000, 0x0000, 0x0000, 0x0000, 0x0000, 0x0000, 0x0000,
    0x0000, 0x0000, 0x0000, 0x0000, 0x0000, 0x0000, 0x0000, 0x0000, 0x0000, 0x0000, 0x0000, 0x0000,
    0x0000, 0x0000, 0x0000, 0x0000, 0x0000, 0x0000, 0x0000, 0x0000, 0x0000, 0x0000, 0x0000, 0x0000,
    0x0000, 0x0000, 0x0000, 0x0000, 0x0000, 0x0000, 0x0000, 0x0000, 0x0000, 0x0000, 0x0000, 0x0000,
    0x0000, 0x0000, 0x0000, 0x0000, 0x0000, 0x0000, 0x0000, 0x0000, 0x0000, 0x0000, 0x0000, 0x0000,
    0x0000, 0x0000, 0x0000, 0x0000, 0x0000, 0x0000, 0x0000, 0x0000, 0x0000, 0x0000, 0x0000, 0x0000,
    0x0000, 0x0000, 0x0000, 0x0000, 0x0000, 0x0000, 0x0000, 0x0000, 0x0000, 0x0000, 0x0000, 0x0000,
    0x0000, 0x0000, 0x0000, 0x0000, 0x0000, 0x0000, 0x0000, 0x0000, 0x0000, 0x0000, 0x0000, 0x0000,
    0x0000, 0x0000, 0x0000, 0x0000, 0x0000, 0x0000, 0x0000, 0x0000, 0x0000, 0x0000, 0x0000, 0x0000,
    0x0000, 0x0000, 0x0000, 0x0000, 0x0000, 0x0000, 0x0000, 0x0000, 0x0000, 0x0000, 0x0000, 0x0000,
    0x0000, 0x0000, 0x0000, 0x0000, 0x0000, 0x0000, 0x0000, 0x0000, 0x0000, 0x0000, 0x0000, 0x0000,
    0x0000, 0x0000, 0x0000, 0x0000, 0x0000, 0x0000, 0x0000, 0x0000, 0x0000, 0x0000, 0x0000, 0x0000,
    0x0000, 0x0000, 0x0000, 0x0000, 0x0000, 0x0000, 0x0000, 0x0000, 0x0000, 0x0000, 0x0000, 0x0000,
    0x0000, 0x0000, 0x0000, 0x0000, 0x0000, 0x0000, 0x0000, 0x0000, 0x0000, 0x0000, 0x0000, 0x0000,
    0x0000, 0x0000, 0x0000, 0x0000, 0x0000, 0x0000, 0x0000, 0x0000, 0x0000, 0x0000, 0x0000, 0x0000,
    0x0000, 0x0000, 0x0000, 0x0000, 0x0000, 0x0000, 0x0000, 0x0000, 0x0000, 0x0000, 0x0000, 0x0000,
    0x0000, 0x0000, 0x0000, 0x0000, 0x0000, 0x0000, 0x0000, 0x0000, 0x0000, 0x0000, 0x0000, 0x0000,
    0x0000, 0x0000, 0x0000, 0x0000, 0x0000, 0x0000, 0x0000, 0x0000, 0x0000, 0x0000, 0x0000, 0x0000,
    0x0000, 0x0000, 0x0000, 0x0000, 0x0000, 0x0000, 0x0000, 0x0000, 0x0000, 0x0000, 0x0000, 0x0000,
    0x0000, 0x0000, 0x0000, 0x0000, 0x0000, 0x0000, 0x0000, 0x0000, 0x0000, 0x0000, 0x0000, 0x0000,
    0x0000, 0x0000, 0x0000, 0x0000, 0x0000, 0x0000, 0x0000, 0x0000, 0x0000, 0x0000, 0x0000, 0x0000,
    0x0000, 0x0000, 0x0000, 0x0000, 0x0000, 0x0000, 0x0000, 0x0000, 0x0000, 0x0000, 0x0000, 0x0000,
    0x0000, 0x0000, 0x0000, 0x0000, 0x0000, 0x0000, 0x0000, 0x0000, 0x0000, 0x0000, 0x0000, 0x0000,
    0x0000, 0x0000, 0x0000, 0x0000, 0x0000, 0x0000, 0x0000, 0x0000, 0x0000, 0x0000, 0x0000, 0x0000,
    0x0000, 0x0000, 0x0000, 0x0000, 0x0000, 0x0000, 0x0000, 0x0000, 0x0000, 0x0000, 0x0000, 0x0000,
    0x0000, 0x0000, 0x0000, 0x0000, 0x0000, 0x0000, 0x0000, 0x0000, 0x0000, 0x0000, 0x0000, 0x0000,
    0x0000, 0x0000, 0x0000, 0x0000, 0x0000, 0x0000, 0x0000, 0x0000, 0x0000, 0x0000, 0x0000, 0x0000,
    0x0000, 0x0000, 0x0000, 0x0000, 0x0000, 0x0000, 0x0000, 0x0000, 0x0000, 0x0000, 0x0000, 0x0000,
    0x0000, 0x0000, 0x0000, 0x0000, 0x0000, 0x0000, 0x0000, 0x0000, 0x0000, 0x0000, 0x0000, 0x0000,
    0x0000, 0x0000, 0x0000, 0x0000, 0x0000, 0x0000, 0x0000, 0x0000, 0x0000, 0x0000, 0x0000, 0x0000,
    0x0000, 0x0000, 0x0000, 0x0000, 0x0000, 0x0000, 0x0000, 0x0000, 0x0000, 0x0000, 0x0000, 0x0000,
    0x0000, 0x0000, 0x0000, 0x0000, 0x0000, 0x0000, 0x0000, 0x0000, 0x0000, 0x0000, 0x0000, 0x0000,
    0x0000, 0x0000, 0x0000, 0x0000, 0x0000, 0x0000, 0x0000, 0x0000, 0x0000, 0x0000, 0x0000, 0x0000,
    0x0000, 0x0000, 0x0000, 0x0000, 0x0000, 0x0000, 0x0000, 0x0000, 0x0000, 0x0000, 0x0000, 0x0000,
    0x0000, 0x0000, 0x0000, 0x0000, 0x0000, 0x0000, 0x0000, 0x0000, 0x0000, 0x0000, 0x0000, 0x0000,
    0x0000, 0x0000, 0x0000, 0x0000, 0x0000, 0x0000, 0x0000, 0x0000, 0x0000, 0x0000, 0x0000, 0x0000,
    0x0000, 0x0000, 0x0000, 0x0000, 0x0000, 0x0000, 0x0000, 0x0000, 0x0000, 0x0000, 0x0000, 0x0000,
    0x0000, 0x0000, 0x0000, 0x0000, 0x0000, 0x0000, 0x0000, 0x0000, 0x0000, 0x0000, 0x0000, 0x0000,
    0x0000, 0x0000, 0x0000, 0x0000, 0x0000, 0x0000, 0x0000, 0x0000, 0x0000, 0x0000, 0x0000, 0x0000,
    0x0000, 0x0000, 0x0000, 0x0000, 0x0000, 0x0000, 0x0000, 0x0000, 0x0000, 0x0000, 0x0000, 0x0000,
    0x0000, 0x0000, 0x0000, 0x0000, 0x0000, 0x0000, 0x0000, 0x0000, 0x0000, 0x0000, 0x0000, 0x0000,
    0x0000, 0x0000, 0x0000, 0x0000, 0x0000, 0x0000, 0x0000, 0x0000, 0x0000, 0x0000, 0x0000, 0x0000,
    0x0000, 0x0000, 0x0000, 0x0000, 0x0000, 0x0000, 0x0000, 0x0000, 0x0000, 0x0000, 0x0000, 0x0000,
    0x0000, 0x0000, 0x0000, 0x0000, 0x0000, 0x0000, 0x0000, 0x0000, 0x0000, 0x0000, 0x0000, 0x0000,
    0x0000, 0x0000, 0x0000, 0x0000, 0x0000, 0x0000, 0x0000, 0x0000, 0x0000, 0x0000, 0x0000, 0x0000,
    0x0000, 0x0000, 0x0000, 0x0000, 0x0000, 0x0000, 0x0000, 0x0000, 0x0000, 0x0000, 0x0000, 0x0000,
    0x0000, 0x0000, 0x0000, 0x0000, 0x0000, 0x0000, 0x0000, 0x0000, 0x0000, 0x0000, 0x0000, 0x0000,
    0x0000, 0x0000, 0x0000, 0x0000, 0x0000, 0x0000, 0x0000, 0x0000, 0x0000, 0x0000, 0x0000, 0x0000,
    0x0000, 0x0000, 0x0000, 0x0000, 0x0000, 0x0000, 0x0000, 0x0000, 0x0000, 0x0000, 0x0000, 0x0000,
    0x0000, 0x0000, 0x0000, 0x0000, 0x0000, 0x0000, 0x0000, 0x0000, 0x0000, 0x0000, 0x0000, 0x0000,
    0x0000, 0x0000, 0x0000, 0x0000, 0x0000, 0x0000, 0x0000, 0x0000, 0x0000, 0x0000, 0x0000, 0x0000,
    0x0000, 0x0000, 0x0000, 0x0000, 0x0000, 0x0000, 0x0000, 0x0000, 0x0000, 0x0000, 0x0000, 0x0000,
    0x0000, 0x0000, 0x0000, 0x0000, 0x0000, 0x0000, 0x0000, 0x0000, 0x0000, 0x0000, 0x0000, 0x0000,
    0x0000, 0x0000, 0x0000, 0x0000, 0x0000, 0x0000, 0x0000, 0x0000, 0x0000, 0x0000, 0x0000, 0x0000,
    0x0000, 0x0000, 0x0000, 0x0000, 0x0000, 0x0000, 0x0000, 0x0000, 0x0000, 0x0000, 0x0000, 0x0000,
    0x0000, 0x0000, 0x0000, 0x0000, 0x0000, 0x0000, 0x0000, 0x0000, 0x0000, 0x0000, 0x0000, 0x0000,
    0x0000, 0x0000, 0x0000, 0x0000, 0x0000, 0x0000, 0x0000, 0x0000, 0x0000, 0x0000, 0x0000, 0x0000,
    0x0000, 0x0000, 0x0000, 0x0000, 0x0000, 0x0000, 0x0000, 0x0000, 0x0000, 0x0000, 0x0000, 0x0000,
    0x0000, 0x0000, 0x0000, 0x0000, 0x0000, 0x0000, 0x0000, 0x0000, 0x0000, 0x0000, 0x0000, 0x0000,
    0x0000, 0x0000, 0x0000, 0x0000, 0x0000, 0x0000, 0x0000, 0x0000, 0x0000, 0x0000, 0x0000, 0x0000,
    0x0000, 0x0000, 0x0000, 0x0000, 0x0000, 0x0000, 0x0000, 0x0000, 0x0000, 0x0000, 0x0000, 0x0000,
    0x0000, 0x0000, 0x0000, 0x0000, 0x0000, 0x0000, 0x0000, 0x0000, 0x0000, 0x0000, 0x0000, 0x0000,
    0x0000, 0x0000, 0x0000, 0x0000, 0x0000, 0x0000, 0x0000, 0x0000, 0x0000, 0x0000, 0x0000, 0x0000,
    0x0000, 0x0000, 0x0000, 0x0000, 0x0000, 0x0000, 0x0000, 0x0000, 0x0000, 0x0000, 0x0000, 0x0000,
    0x0000, 0x0000, 0x0000, 0x0000, 0x0000, 0x0000, 0x0000, 0x0000, 0x0000, 0x0000, 0x0000, 0x0000,
    0x0000, 0x0000, 0x0000, 0x0000, 0x0000, 0x0000, 0x0000, 0x0000, 0x0000, 0x0000, 0x0000, 0x0000,
    0x0000, 0x0000, 0x0000, 0x0000, 0x0000, 0x0000, 0x0000, 0x0000, 0x0000, 0x0000, 0x0000, 0x0000,
    0x0000, 0x0000, 0x0000, 0x0000, 0x0000, 0x0000, 0x0000, 0x0000, 0x0000, 0x0000, 0x0000, 0x0000,
    0x0000, 0x0000, 0x0000, 0x0000, 0x0000, 0x0000, 0x0000, 0x0000, 0x0000, 0x0000, 0x0000, 0x0000,
    0x0000, 0x0000, 0x0000, 0x0000, 0x0000, 0x0000, 0x0000, 0x0000, 0x0000, 0x0000, 0x0000, 0x0000,
    0x0000, 0x0000, 0x0000, 0x0000, 0x0000, 0x0000, 0x0000, 0x0000, 0x0000, 0x0000, 0x0000, 0x0000,
    0x0000, 0x0000, 0x0000, 0x0000, 0x0000, 0x0000, 0x0000, 0x0000, 0x0000, 0x0000, 0x0000, 0x0000,
    0x0000, 0x0000, 0x0000, 0x0000, 0x0000, 0x0000, 0x0000, 0x0000, 0x0000, 0x0000, 0x0000, 0x0000,
    0x0000, 0x0000, 0x0000, 0x0000, 0x0000, 0x0000, 0x0000, 0x0000, 0x0000, 0x0000, 0x0000, 0x0000,
    0x0000, 0x0000, 0x0000, 0x0000, 0x0000, 0x0000, 0x0000, 0x0000, 0x0000, 0x0000, 0x0000, 0x0000,
    0x0000, 0x0000, 0x0000, 0x0000, 0x0000, 0x0000, 0x0000, 0x0000, 0x0000, 0x0000, 0x0000, 0x0000,
    0x0000, 0x0000, 0x0000, 0x0000, 0x0000, 0x0000, 0x0000, 0x0000, 0x0000, 0x0000, 0x0000, 0x0000,
    0x0000, 0x0000, 0x0000, 0x0000, 0x0000, 0x0000, 0x0000, 0x0000, 0x0000, 0x0000, 0x0000, 0x0000,
    0x0000, 0x0000, 0x0000, 0x0000, 0x0000, 0x0000, 0x0000, 0x0000, 0x0000, 0x0000, 0x0000, 0x0000,
    0x0000, 0x0000, 0x0000, 0x0000, 0x0000, 0x0000, 0x0000, 0x0000, 0x0000, 0x0000, 0x0000, 0x0000,
    0x0000, 0x0000, 0x0000, 0x0000, 0x0000, 0x0000, 0x0000, 0x0000, 0x0000, 0x0000, 0x0000, 0x0000,
    0x0000, 0x0000, 0x0000, 0x0000, 0x0000, 0x0000, 0x0000, 0x0000, 0x0000, 0x0000, 0x0000, 0x0000,
    0x0000, 0x0000, 0x0000, 0x0000, 0x0000, 0x0000, 0x0000, 0x0000, 0x0000, 0x0000, 0x0000, 0x0000,
    0x0000, 0x0000, 0x0000, 0x0000, 0x0000, 0x0000, 0x0000, 0x0000, 0x0000, 0x0000, 0x0000, 0x0000,
    0x0000, 0x0000, 0x0000, 0x0000, 0x0000, 0x0000, 0x0000, 0x0000, 0x0000, 0x0000, 0x0000, 0x0000,
    0x0000, 0x0000, 0x0000, 0x0000, 0x0000, 0x0000, 0x0000, 0x0000, 0x0000, 0x0000, 0x0000, 0x0000,
    0x0000, 0x0000, 0x0000, 0x0000, 0x0000, 0x0000, 0x0000, 0x0000, 0x0000, 0x0000, 0x0000, 0x0000,
    0x0000, 0x0000, 0x0000, 0x0000, 0x0000, 0x0000, 0x0000, 0x0000, 0x0000, 0x0000, 0x0000, 0x0000,
    0x0000, 0x0000, 0x0000, 0x0000, 0x0000, 0x0000, 0x0000, 0x0000, 0x0000, 0x0000, 0x0000, 0x0000,
    0x0000, 0x0000, 0x0000, 0x0000, 0x0000, 0x0000, 0x0000, 0x0000, 0x0000, 0x0000, 0x0000, 0x0000,
    0x0000, 0x0000, 0x0000, 0x0000, 0x0000, 0x0000, 0x0000, 0x0000, 0x0000, 0x0000, 0x0000, 0x0000,
    0x0000, 0x0000, 0x0000, 0x0000, 0x0000, 0x0000, 0x0000, 0x0000, 0x0000, 0x0000, 0x0000, 0x0000,
    0x0000, 0x0000, 0x0000, 0x0000, 0x0000, 0x0000, 0x0000, 0x0000, 0x0000, 0x0000, 0x0000, 0x0000,
    0x0000, 0x0000, 0x0000, 0x0000, 0x0000, 0x0000, 0x0000, 0x0000, 0x0000, 0x0000, 0x0000, 0x0000,
    0x0000, 0x0000, 0x0000, 0x0000, 0x0000, 0x0000, 0x0000, 0x0000, 0x0000, 0x0000, 0x0000, 0x0000,
    0x0000, 0x0000, 0x0000, 0x0000, 0x0000, 0x0000, 0x0000, 0x0000, 0x0000, 0x0000, 0x0000, 0x0000,
    0x0000, 0x0000, 0x0000, 0x0000, 0x0000, 0x0000, 0x0000, 0x0000, 0x0000, 0x0000, 0x0000, 0x0000,
    0x0000, 0x0000, 0x0000, 0x0000, 0x0000, 0x0000, 0x0000, 0x0000, 0x0000, 0x0000, 0x0000, 0x0000,
    0x0000, 0x0000, 0x0000, 0x0000, 0x0000, 0x0000, 0x0000, 0x0000, 0x0000, 0x0000, 0x0000, 0x0000,
    0x0000, 0x0000, 0x0000, 0x0000, 0x0000, 0x0000, 0x0000, 0x0000, 0x0000, 0x0000, 0x0000, 0x0000,
    0x0000, 0x0000, 0x0000, 0x0000, 0x0000, 0x0000, 0x0000, 0x0000, 0x0000, 0x0000, 0x0000, 0x0000,
    0x0000, 0x0000, 0x0000, 0x0000, 0x0000, 0x0000, 0x0000, 0x0000, 0x0000, 0x0000, 0x0000, 0x0000,
    0x0000, 0x0000, 0x0000, 0x0000, 0x0000, 0x0000, 0x0000, 0x0000, 0x0000, 0x0000, 0x0000, 0x0000,
    0x0000, 0x0000, 0x0000, 0x0000, 0x0000, 0x0000, 0x0000, 0x0000, 0x0000, 0x0000, 0x0000, 0x0000,
    0x0000, 0x0000, 0x0000, 0x0000, 0x0000, 0x0000, 0x0000, 0x0000, 0x0000, 0x0000, 0x0000, 0x0000,
    0x0000, 0x0000, 0x0000, 0x0000, 0x0000, 0x0000, 0x0000, 0x0000, 0x0000, 0x0000, 0x0000, 0x0000,
    0x0000, 0x0000, 0x0000, 0x0000, 0x0000, 0x0000, 0x0000, 0x0000, 0x0000, 0x0000, 0x0000, 0x0000,
    0x0000, 0x0000, 0x0000, 0x0000, 0x0000, 0x0000, 0x0000, 0x0000, 0x0000, 0x0000, 0x0000, 0x0000,
    0x0000, 0x0000, 0x0000, 0x0000, 0x0000, 0x0000, 0x0000, 0x0000, 0x0000, 0x0000, 0x0000, 0x0000,
    0x0000, 0x0000, 0x0000, 0x0000, 0x0000, 0x0000, 0x0000, 0x0000, 0x0000, 0x0000, 0x0000, 0x0000,
    0x0000, 0x0000, 0x0000, 0x0000, 0x0000, 0x0000, 0x0000, 0x0000, 0x0000, 0x0000, 0x0000, 0x0000,
    0x0000, 0x0000, 0x0000, 0x0000, 0x0000, 0x0000, 0x0000, 0x0000, 0x0000, 0x0000, 0x0000, 0x0000,
    0x0000, 0x0000, 0x0000, 0x0000, 0x0000, 0x0000, 0x0000, 0x0000, 0x0000, 0x0000, 0x0000, 0x0000,
    0x0000, 0x0000, 0x0000, 0x0000, 0x0000, 0x0000, 0x0000, 0x0000, 0x0000, 0x0000, 0x0000, 0x0000,
    0x0000, 0x0000, 0x0000, 0x0000, 0x0000, 0x0000, 0x0000, 0x0000, 0x0000, 0x0000, 0x0000, 0x0000,
    0x0000, 0x0000, 0x0000, 0x0000, 0x0000, 0x0000, 0x0000, 0x0000, 0x0000, 0x0000, 0x0000, 0x0000,
    0x0000, 0x0000, 0x0000, 0x0000, 0x0000, 0x0000, 0x0000, 0x0000, 0x0000, 0x0000, 0x0000, 0x0000,
    0x0000, 0x0000, 0x0000, 0x0000, 0x0000, 0x0000, 0x0000, 0x0000, 0x0000, 0x0000, 0x0000, 0x0000,
    0x0000, 0x0000, 0x0000, 0x0000, 0x0000, 0x0000, 0x0000, 0x0000, 0x0000, 0x0000, 0x0000, 0x0000,
    0x0000, 0x0000, 0x0000, 0x0000, 0x0000, 0x0000, 0x0000, 0x0000, 0x0000, 0x0000, 0x0000, 0x0000,
    0x0000, 0x0000, 0x0000, 0x0000, 0x0000, 0x0000, 0x0000, 0x0000, 0x0000, 0x0000, 0x0000, 0x0000,
    0x0000, 0x0000, 0x0000, 0x0000, 0x0000, 0x0000, 0x0000, 0x0000, 0x0000, 0x0000, 0x0000, 0x0000,
    0x0000, 0x0000, 0x0000, 0x0000, 0x0000, 0x0000, 0x0000, 0x0000, 0x0000, 0x0000, 0x0000, 0x0000,
    0x0000, 0x0000, 0x0000, 0x0000, 0x0000, 0x0000, 0x0000, 0x0000, 0x0000, 0x0000, 0x0000, 0x0000,
    0x0000, 0x0000, 0x0000, 0x0000, 0x0000, 0x0000, 0x0000, 0x0000, 0x0000, 0x0000, 0x0000, 0x0000,
    0x0000, 0x0000, 0x0000, 0x0000, 0x0000, 0x0000, 0x0000, 0x0000, 0x0000, 0x0000, 0x0000, 0x0000,
    0x0000, 0x0000, 0x0000, 0x0000, 0x0000, 0x0000, 0x0000, 0x0000, 0x0000, 0x0000, 0x0000, 0x0000,
    0x0000, 0x0000, 0x0000, 0x0000, 0x0000, 0x0000, 0x0000, 0x0000, 0x0000, 0x0000, 0x0000, 0x0000,
    0x0000, 0x0000, 0x0000, 0x0000, 0x0000, 0x0000, 0x0000, 0x0000, 0x0000, 0x0000, 0x0000, 0x0000,
    0x0000, 0x0000, 0x0000, 0x0000, 0x0000, 0x0000, 0x0000, 0x0000, 0x0000, 0x0000, 0x0000, 0x0000,
    0x0000, 0x0000, 0x0000, 0x0000, 0x0000, 0x0000, 0x0000, 0x0000, 0x0000, 0x0000, 0x0000, 0x0000,
    0x0000, 0x0000, 0x0000, 0x0000, 0x0000, 0x0000, 0x0000, 0x0000, 0x0000, 0x0000, 0x0000, 0x0000,
    0x0000, 0x0000, 0x0000, 0x0000, 0x0000, 0x0000, 0x0000, 0x0000, 0x0000, 0x0000, 0x0000, 0x0000,
    0x0000, 0x0000, 0x0000, 0x0000, 0x0000, 0x0000, 0x0000, 0x0000, 0x0000, 0x0000, 0x0000, 0x0000,
    0x0000, 0x0000, 0x0000, 0x0000, 0x0000, 0x0000, 0x0000, 0x0000, 0x0000, 0x0000, 0x0000, 0x0000,
    0x0000, 0x0000, 0x0000, 0x0000, 0x0000, 0x0000, 0x0000, 0x0000, 0x0000, 0x0000, 0x0000, 0x0000,
    0x0000, 0x0000, 0x0000, 0x0000, 0x0000, 0x0000, 0x0000, 0x0000, 0x0000, 0x0000, 0x0000, 0x0000,
    0x0000, 0x0000, 0x0000, 0x0000, 0x0000, 0x0000, 0x0000, 0x0000, 0x0000, 0x0000, 0x0000, 0x0000,
    0x0000, 0x0000, 0x0000, 0x0000, 0x0000, 0x0000, 0x0000, 0x0000, 0x0000, 0x0000, 0x0000, 0x0000,
    0x0000, 0x0000, 0x0000, 0x0000, 0x0000, 0x0000, 0x0000, 0x0000, 0x0000, 0x0000, 0x0000, 0x0000,
    0x0000, 0x0000, 0x0000, 0x0000, 0x0000, 0x0000, 0x0000, 0x0000, 0x0000, 0x0000, 0x0000, 0x0000,
    0x0000, 0x0000, 0x0000, 0x0000, 0x0000, 0x0000, 0x0000, 0x0000, 0x0000, 0x0000, 0x0000, 0x0000,
    0x0000, 0x0000, 0x0000, 0x0000, 0x0000, 0x0000, 0x0000, 0x0000, 0x0000, 0x0000, 0x0000, 0x0000,
    0x0000, 0x0000, 0x0000, 0x0000, 0x0000, 0x0000, 0x0000, 0x0000, 0x0000, 0x0000, 0x0000, 0x0000,
    0x0000, 0x0000, 0x0000, 0x0000, 0x0000, 0x0000, 0x0000, 0x0000, 0x0000, 0x0000, 0x0000, 0x0000,
    0x0000, 0x0000, 0x0000, 0x0000, 0x0000, 0x0000, 0x0000, 0x0000, 0x0000, 0x0000, 0x0000, 0x0000,
    0x0000, 0x0000, 0x0000, 0x0000, 0x0000, 0x0000, 0x0000, 0x0000, 0x0000, 0x0000, 0x0000, 0x0000,
    0x0000, 0x0000, 0x0000, 0x0000, 0x0000, 0x0000, 0x0000, 0x0000, 0x0000, 0x0000, 0x0000, 0x0000,
    0x0000, 0x0000, 0x0000, 0x0000, 0x0000, 0x0000, 0x0000, 0x0000, 0x0000, 0x0000, 0x0000, 0x0000,
    0x0000, 0x0000, 0x0000, 0x0000, 0x0000, 0x0000, 0x0000, 0x0000, 0x0000, 0x0000, 0x0000, 0x0000,
    0x0000, 0x0000, 0x0000, 0x0000, 0x0000, 0x0000, 0x0000, 0x0000, 0x0000, 0x0000, 0x0000, 0x0000,
    0x0000, 0x0000, 0x0000, 0x0000, 0x0000, 0x0000, 0x0000, 0x0000, 0x0000, 0x0000, 0x0000, 0x0000,
    0x0000, 0x0000, 0x0000, 0x0000, 0x0000, 0x0000, 0x0000, 0x0000, 0x0000, 0x0000, 0x0000, 0x0000,
    0x0000, 0x0000, 0x0000, 0x0000, 0x0000, 0x0000, 0x0000, 0x0000, 0x0000, 0x0000, 0x0000, 0x0000,
    0x0000, 0x0000, 0x0000, 0x0000, 0x0000, 0x0000, 0x0000, 0x0000, 0x0000, 0x0000, 0x0000, 0x0000,
    0x0000, 0x0000, 0x0000, 0x0000, 0x0000, 0x0000, 0x0000, 0x0000, 0x0000, 0x0000, 0x0000, 0x0000,
    0x0000, 0x0000, 0x0000, 0x0000, 0x0000, 0x0000, 0x0000, 0x0000, 0x0000, 0x0000, 0x0000, 0x0000,
    0x0000, 0x0000, 0x0000, 0x0000, 0x0000, 0x0000, 0x0000, 0x0000, 0x0000, 0x0000, 0x0000, 0x0000,
    0x0000, 0x0000, 0x0000, 0x0000, 0x0000, 0x0000, 0x0000, 0x0000, 0x0000, 0x0000, 0x0000, 0x0000,
    0x0000, 0x0000, 0x0000, 0x0000, 0x0000, 0x0000, 0x0000, 0x0000, 0x0000, 0x0000, 0x0000, 0x0000,
    0x0000, 0x0000, 0x0000, 0x0000, 0x0000, 0x0000, 0x0000, 0x0000, 0x0000, 0x0000, 0x0000, 0x0000,
    0x0000, 0x0000, 0x0000, 0x0000, 0x0000, 0x0000, 0x0000, 0x0000, 0x0000, 0x0000, 0x0000, 0x0000,
    0x0000, 0x0000, 0x0000, 0x0000, 0x0000, 0x0000, 0x0000, 0x0000, 0x0000, 0x0000, 0x0000, 0x0000,
    0x0000, 0x0000, 0x0000, 0x0000, 0x0000, 0x0000, 0x0000, 0x0000, 0x0000, 0x0000, 0x0000, 0x0000,
    0x0000, 0x0000, 0x0000, 0x0000, 0x0000, 0x0000, 0x0000, 0x0000, 0x0000, 0x0000, 0x0000, 0x0000,
    0x0000, 0x0000, 0x0000, 0x0000, 0x0000, 0x0000, 0x0000, 0x0000, 0x0000, 0x0000, 0x0000, 0x0000,
    0x0000, 0x0000, 0x0000, 0x0000, 0x0000, 0x0000, 0x0000, 0x0000, 0x0000, 0x0000, 0x0000, 0x0000,
    0x0000, 0x0000, 0x0000, 0x0000, 0x0000, 0x0000, 0x0000, 0x0000, 0x0000, 0x0000, 0x0000, 0x0000,
    0x0000, 0x0000, 0x0000, 0x0000, 0x0000, 0x0000, 0x0000, 0x0000, 0x0000, 0x0000, 0x0000, 0x0000,
    0x0000, 0x0000, 0x0000, 0x0000, 0x0000, 0x0000, 0x0000, 0x0000, 0x0000, 0x0000, 0x0000, 0x0000,
    0x0000, 0x0000, 0x0000, 0x0000, 0x0000, 0x0000, 0x0000, 0x0000, 0x0000, 0x0000, 0x0000, 0x0000,
    0x0000, 0x0000, 0x0000, 0x0000, 0x0000, 0x0000, 0x0000, 0x0000, 0x0000, 0x0000, 0x0000, 0x0000,
    0x0000, 0x0000, 0x0000, 0x0000, 0x0000, 0x0000, 0x0000, 0x0000, 0x0000, 0x0000, 0x0000, 0x0000,
    0x0000, 0x0000, 0x0000, 0x0000, 0x0000, 0x0000, 0x0000, 0x0000, 0x0000, 0x0000, 0x0000, 0x0000,
    0x0000, 0x0000, 0x0000, 0x0000, 0x0000, 0x0000, 0x0000, 0x0000, 0x0000, 0x0000, 0x0000, 0x0000,
    0x0000, 0x0000, 0x0000, 0x0000, 0x0000, 0x0000, 0x0000, 0x0000, 0x0000, 0x0000, 0x0000, 0x0000,
    0x0000, 0x0000, 0x0000, 0x0000, 0x0000, 0x0000, 0x0000, 0x0000, 0x0000, 0x0000, 0x0000, 0x0000,
    0x0000, 0x0000, 0x0000, 0x0000, 0x0000, 0x0000, 0x0000, 0x0000, 0x0000, 0x0000, 0x0000, 0x0000,
    0x0000, 0x0000, 0x0000, 0x0000, 0x0000, 0x0000, 0x0000, 0x0000, 0x0000, 0x0000, 0x0000, 0x0000,
    0x0000, 0x0000, 0x0000, 0x0000, 0x0000, 0x0000, 0x0000, 0x0000, 0x0000, 0x0000, 0x0000, 0x0000,
    0x0000, 0x0000, 0x0000, 0x0000, 0x0000, 0x0000, 0x0000, 0x0000, 0x0000, 0x0000, 0x0000, 0x0000,
    0x0000, 0x0000, 0x0000, 0x0000, 0x0000, 0x0000, 0x0000, 0x0000, 0x0000, 0x0000, 0x0000, 0x0000,
    0x0000, 0x0000, 0x0000, 0x0000, 0x0000, 0x0000, 0x0000, 0x0000, 0x0000, 0x0000, 0x0000, 0x0000,
    0x0000, 0x0000, 0x0000, 0x0000, 0x0000, 0x0000, 0x0000, 0x0000, 0x0000, 0x0000, 0x0000, 0x0000,
    0x0000, 0x0000, 0x0000, 0x0000, 0x0000, 0x0000, 0x0000, 0x0000, 0x0000, 0x0000, 0x0000, 0x0000,
    0x0000, 0x0000, 0x0000, 0x0000, 0x0000, 0x0000, 0x0000, 0x0000, 0x0000, 0x0000, 0x0000, 0x0000,
    0x0000, 0x0000, 0x0000, 0x0000, 0x0000, 0x0000, 0x0000, 0x0000, 0x0000, 0x0000, 0x0000, 0x0000,
    0x0000, 0x0000, 0x0000, 0x0000, 0x0000, 0x0000, 0x0000, 0x0000, 0x0000, 0x0000, 0x0000, 0x0000,
    0x0000, 0x0000, 0x0000, 0x0000, 0x0000, 0x0000, 0x0000, 0x0000, 0x0000, 0x0000, 0x0000, 0x0000,
    0x0000, 0x0000, 0x0000, 0x0000, 0x0000, 0x0000, 0x0000, 0x0000, 0x0000, 0x0000, 0x0000, 0x0000,
    0x0000, 0x0000, 0x0000, 0x0000, 0x0000, 0x0000, 0x0000, 0x0000, 0x0000, 0x0000, 0x0000, 0x0000,
    0x0000, 0x0000, 0x0000, 0x0000, 0x0000, 0x0000, 0x0000, 0x0000, 0x0000, 0x0000, 0x0000, 0x0000,
    0x0000, 0x0000, 0x0000, 0x0000, 0x0000, 0x0000, 0x0000, 0x0000, 0x0000, 0x0000, 0x0000, 0x0000,
    0x0000, 0x0000, 0x0000, 0x0000, 0x0000, 0x0000, 0x0000, 0x0000, 0x0000, 0x0000, 0x0000, 0x0000,
    0x0000, 0x0000, 0x0000, 0x0000, 0x0000, 0x0000, 0x0000, 0x0000, 0x0000, 0x0000, 0x0000, 0x0000,
    0x0000, 0x0000, 0x0000, 0x0000, 0x0000, 0x0000, 0x0000, 0x0000, 0x0000, 0x0000, 0x0000, 0x0000,
    0x0000, 0x0000, 0x0000, 0x0000, 0x0000, 0x0000, 0x0000, 0x0000, 0x0000, 0x0000, 0x0000, 0x0000,
    0x0000, 0x0000, 0x0000, 0x0000, 0x0000, 0x0000, 0x0000, 0x0000, 0x0000, 0x0000, 0x0000, 0x0000,
    0x0000, 0x0000, 0x0000, 0x0000, 0x0000, 0x0000, 0x0000, 0x0000, 0x0000, 0x0000, 0x0000, 0x0000,
    0x0000, 0x0000, 0x0000, 0x0000, 0x0000, 0x0000, 0x0000, 0x0000, 0x0000, 0x0000, 0x0000, 0x0000,
    0x0000, 0x0000, 0x0000, 0x0000, 0x0000, 0x0000, 0x0000, 0x0000, 0x0000, 0x0000, 0x0000, 0x0000,
    0x0000, 0x0000, 0x0000, 0x0000, 0x0000, 0x0000, 0x0000, 0x0000, 0x0000, 0x0000, 0x0000, 0x0000,
    0x0000, 0x0000, 0x0000, 0x0000, 0x0000, 0x0000, 0x0000, 0x0000, 0x0000, 0x0000, 0x0000, 0x0000,
    0x0000, 0x0000, 0x0000, 0x0000, 0x0000, 0x0000, 0x0000, 0x0000, 0x0000, 0x0000, 0x0000, 0x0000,
    0x0000, 0x0000, 0x0000, 0x0000, 0x0000, 0x0000, 0x0000, 0x0000, 0x0000, 0x0000, 0x0000, 0x0000,
    0x0000, 0x0000, 0x0000, 0x0000, 0x0000, 0x0000, 0x0000, 0x0000, 0x0000, 0x0000, 0x0000, 0x0000,
    0x0000, 0x0000, 0x0000, 0x0000, 0x0000, 0x0000, 0x0000, 0x0000, 0x0000, 0x0000, 0x0000, 0x0000,
    0x0000, 0x0000, 0x0000, 0x0000, 0x0000, 0x0000, 0x0000, 0x0000, 0x0000, 0x0000, 0x0000, 0x0000,
    0x0000, 0x0000, 0x0000, 0x0000, 0x0000, 0x0000, 0x0000, 0x0000, 0x0000, 0x0000, 0x0000, 0x0000,
    0x0000, 0x0000, 0x0000, 0x0000, 0x0000, 0x0000, 0x0000, 0x0000, 0x0000, 0x0000, 0x0000, 0x0000,
    0x0000, 0x0000, 0x0000, 0x0000, 0x0000, 0x0000, 0x0000, 0x0000, 0x0000, 0x0000, 0x0000, 0x0000,
    0x0000, 0x0000, 0x0000, 0x0000, 0x0000, 0x0000, 0x0000, 0x0000, 0x0000, 0x0000, 0x0000, 0x0000,
    0x0000, 0x0000, 0x0000, 0x0000, 0x0000, 0x0000, 0x0000, 0x0000, 0x0000, 0x0000, 0x0000, 0x0000,
    0x0000, 0x0000, 0x0000, 0x0000, 0x0000, 0x0000, 0x0000, 0x0000, 0x0000, 0x0000, 0x0000, 0x0000,
    0x0000, 0x0000, 0x0000, 0x0000, 0x0000, 0x0000, 0x0000, 0x0000, 0x0000, 0x0000, 0x0000, 0x0000,
    0x0000, 0x0000, 0x0000, 0x0000, 0x0000, 0x0000, 0x0000, 0x0000, 0x0000, 0x0000, 0x0000, 0x0000,
    0x0000, 0x0000, 0x0000, 0x0000, 0x0000, 0x0000, 0x0000, 0x0000, 0x0000, 0x0000, 0x0000, 0x0000,
    0x0000, 0x0000, 0x0000, 0x0000, 0x0000, 0x0000, 0x0000, 0x0000, 0x0000, 0x0000, 0x0000, 0x0000,
    0x0000, 0x0000, 0x0000, 0x0000, 0x0000, 0x0000, 0x0000, 0x0000, 0x0000, 0x0000, 0x0000, 0x0000,
    0x0000, 0x0000, 0x0000, 0x0000, 0x0000, 0x0000, 0x0000, 0x0000, 0x0000, 0x0000, 0x0000, 0x0000,
    0x0000, 0x0000, 0x0000, 0x0000, 0x0000, 0x0000, 0x0000, 0x0000, 0x0000, 0x0000, 0x0000, 0x0000,
    0x0000, 0x0000, 0x0000, 0x0000, 0x0000, 0x0000, 0x0000, 0x0000, 0x0000, 0x0000, 0x0000, 0x0000,
    0x0000, 0x0000, 0x0000, 0x0000, 0x0000, 0x0000, 0x0000, 0x0000, 0x0000, 0x0000, 0x0000, 0x0000,
    0x0000, 0x0000, 0x0000, 0x0000, 0x0000, 0x0000, 0x0000, 0x0000, 0x0000, 0x0000, 0x0000, 0x0000,
    0x0000, 0x0000, 0x0000, 0x0000, 0x0000, 0x0000, 0x0000, 0x0000, 0x0000, 0x0000, 0x0000, 0x0000,
    0x0000, 0x0000, 0x0000, 0x0000, 0x0000, 0x0000, 0x0000, 0x0000, 0x0000, 0x0000, 0x0000, 0x0000,
    0x0000, 0x0000, 0x0000, 0x0000, 0x0000, 0x0000, 0x0000, 0x0000, 0x0000, 0x0000, 0x0000, 0x0000,
    0x0000, 0x0000, 0x0000, 0x0000, 0x0000, 0x0000, 0x0000, 0x0000, 0x0000, 0x0000, 0x0000, 0x0000,
    0x0000, 0x0000, 0x0000, 0x0000, 0x0000, 0x0000, 0x0000, 0x0000, 0x0000, 0x0000, 0x0000, 0x0000,
    0x0000, 0x0000, 0x0000, 0x0000, 0x0000, 0x0000, 0x0000, 0x0000, 0x0000, 0x0000, 0x0000, 0x0000,
    0x0000, 0x0000, 0x0000, 0x0000, 0x0000, 0x0000, 0x0000, 0x0000, 0x0000, 0x0000, 0x0000, 0x0000,
    0x0000, 0x0000, 0x0000, 0x0000, 0x0000, 0x0000, 0x0000, 0x0000, 0x0000, 0x0000, 0x0000, 0x0000,
    0x0000, 0x0000, 0x0000, 0x0000, 0x0000, 0x0000, 0x0000, 0x0000, 0x0000, 0x0000, 0x0000, 0x0000,
    0x0000, 0x0000, 0x0000, 0x0000, 0x0000, 0x0000, 0x0000, 0x0000, 0x0000, 0x0000, 0x0000, 0x0000,
    0x0000, 0x0000, 0x0000, 0x0000, 0x0000, 0x0000, 0x0000, 0x0000, 0x0000, 0x0000, 0x0000, 0x0000,
    0x0000, 0x0000, 0x0000, 0x0000, 0x0000, 0x0000, 0x0000, 0x0000, 0x0000, 0x0000, 0x0000, 0x0000,
    0x0000, 0x0000, 0x0000, 0x0000, 0x0000, 0x0000, 0x0000, 0x0000, 0x0000, 0x0000, 0x0000, 0x0000,
    0x0000, 0x0000, 0x0000, 0x0000, 0x0000, 0x0000, 0x0000, 0x0000, 0x0000, 0x0000, 0x0000, 0x0000,
    0x0000, 0x0000, 0x0000, 0x0000, 0x0000, 0x0000, 0x0000, 0x0000, 0x0000, 0x0000, 0x0000, 0x0000,
    0x0000, 0x0000, 0x0000, 0x0000, 0x0000, 0x0000, 0x0000, 0x0000, 0x0000, 0x0000, 0x0000, 0x0000,
    0x0000, 0x0000, 0x0000, 0x0000, 0x0000, 0x0000, 0x0000, 0x0000, 0x0000, 0x0000, 0x0000, 0x0000,
    0x0000, 0x0000, 0x0000, 0x0000, 0x0000, 0x0000, 0x0000, 0x0000, 0x0000, 0x0000, 0x0000, 0x0000,
    0x0000, 0x0000, 0x0000, 0x0000, 0x0000, 0x0000, 0x0000, 0x0000, 0x0000, 0x0000, 0x0000, 0x0000,
    0x0000, 0x0000, 0x0000, 0x0000, 0x0000, 0x0000, 0x0000, 0x0000, 0x0000, 0x0000, 0x0000, 0x0000,
    0x0000, 0x0000, 0x0000, 0x0000, 0x0000, 0x0000, 0x0000, 0x0000, 0x0000, 0x0000, 0x0000, 0x0000,
    0x0000, 0x0000, 0x0000, 0x0000, 0x0000, 0x0000, 0x0000, 0x0000, 0x0000, 0x0000, 0x0000, 0x0000,
    0x0000, 0x0000, 0x0000, 0x0000, 0x0000, 0x0000, 0x0000, 0x0000, 0x0000, 0x0000, 0x0000, 0x0000,
    0x0000, 0x0000, 0x0000, 0x0000, 0x0000, 0x0000, 0x0000, 0x0000, 0x0000, 0x0000, 0x0000, 0x0000,
    0x0000, 0x0000, 0x0000, 0x0000, 0x0000, 0x0000, 0x0000, 0x0000, 0x0000, 0x0000, 0x0000, 0x0000,
    0x0000, 0x0000, 0x0000, 0x0000, 0x0000, 0x0000, 0x0000, 0x0000, 0x0000, 0x0000, 0x0000, 0x0000,
    0x0000, 0x0000, 0x0000, 0x0000, 0x0000, 0x0000, 0x0000, 0x0000, 0x0000, 0x0000, 0x0000, 0x0000,
    0x0000, 0x0000, 0x0000, 0x0000, 0x0000, 0x0000, 0x0000, 0x0000, 0x0000, 0x0000, 0x0000, 0x0000,
    0x0000, 0x0000, 0x0000, 0x0000, 0x0000, 0x0000, 0x0000, 0x0000, 0x0000, 0x0000, 0x0000, 0x0000,
    0x0000, 0x0000, 0x0000, 0x0000, 0x0000, 0x0000, 0x0000, 0x0000, 0x0000, 0x0000, 0x0000, 0x0000,
    0x0000, 0x0000, 0x0000, 0x0000, 0x0000, 0x0000, 0x0000, 0x0000, 0x0000, 0x0000, 0x0000, 0x0000,
    0x0000, 0x0000, 0x0000, 0x0000, 0x0000, 0x0000, 0x0000, 0x0000, 0x0000, 0x0000, 0x0000, 0x0000,
    0x0000, 0x0000, 0x0000, 0x0000, 0x0000, 0x0000, 0x0000, 0x0000, 0x0000, 0x0000, 0x0000, 0x0000,
    0x0000, 0x0000, 0x0000, 0x0000, 0x0000, 0x0000, 0x0000, 0x0000, 0x0000, 0x0000, 0x0000, 0x0000,
    0x0000, 0x0000, 0x0000, 0x0000, 0x0000, 0x0000, 0x0000, 0x0000, 0x0000, 0x0000, 0x0000, 0x0000,
    0x0000, 0x0000, 0x0000, 0x0000, 0x0000, 0x0000, 0x0000, 0x0000, 0x0000, 0x0000, 0x0000, 0x0000,
    0x0000, 0x0000, 0x0000, 0x0000, 0x0000, 0x0000, 0x0000, 0x0000, 0x0000, 0x0000, 0x0000, 0x0000,
    0x0000, 0x0000, 0x0000, 0x0000, 0x0000, 0x0000, 0x0000, 0x0000, 0x0000, 0x0000, 0x0000, 0x0000,
    0x0000, 0x0000, 0x0000, 0x0000, 0x0000, 0x0000, 0x0000, 0x0000, 0x0000, 0x0000, 0x0000, 0x0000,
    0x0000, 0x0000, 0x0000, 0x0000, 0x0000, 0x0000, 0x0000, 0x0000, 0x0000, 0x0000, 0x0000, 0x0000,
    0x0000, 0x0000, 0x0000, 0x0000, 0x0000, 0x0000, 0x0000, 0x0000, 0x0000, 0x0000, 0x0000, 0x0000,
    0x0000, 0x0000, 0x0000, 0x0000, 0x0000, 0x0000, 0x0000, 0x0000, 0x0000, 0x0000, 0x0000, 0x0000,
    0x0000, 0x0000, 0x0000, 0x0000, 0x0000, 0x0000, 0x0000, 0x0000, 0x0000, 0x0000, 0x0000, 0x0000,
    0x0000, 0x0000, 0x0000, 0x0000, 0x0000, 0x0000, 0x0000, 0x0000, 0x0000, 0x0000, 0x0000, 0x0000,
    0x0000, 0x0000, 0x0000, 0x0000, 0x0000, 0x0000, 0x0000, 0x0000, 0x0000, 0x0000, 0x0000, 0x0000,
    0x0000, 0x0000, 0x0000, 0x0000, 0x0000, 0x0000, 0x0000, 0x0000, 0x0000, 0x0000, 0x0000, 0x0000,
    0x0000, 0x0000, 0x0000, 0x0000, 0x0000, 0x0000, 0x0000, 0x0000, 0x0000, 0x0000, 0x0000, 0x0000,
    0x0000, 0x0000, 0x0000, 0x0000, 0x0000, 0x0000, 0x0000, 0x0000, 0x0000, 0x0000, 0x0000, 0x0000,
    0x0000, 0x0000, 0x0000, 0x0000, 0x0000, 0x0000, 0x0000, 0x0000, 0x0000, 0x0000, 0x0000, 0x0000,
    0x0000, 0x0000, 0x0000, 0x0000, 0x0000, 0x0000, 0x0000, 0x0000, 0x0000, 0x0000, 0x0000, 0x0000,
    0x0000, 0x0000, 0x0000, 0x0000, 0x0000, 0x0000, 0x0000, 0x0000, 0x0000, 0x0000, 0x0000, 0x0000,
    0x0000, 0x0000, 0x0000, 0x0000, 0x0000, 0x0000, 0x0000, 0x0000, 0x0000, 0x0000, 0x0000, 0x0000,
    0x0000, 0x0000, 0x0000, 0x0000, 0x0000, 0x0000, 0x0000, 0x0000, 0x0000, 0x0000, 0x0000, 0x0000,
    0x0000, 0x0000, 0x0000, 0x0000, 0x0000, 0x0000, 0x0000, 0x0000, 0x0000, 0x0000, 0x0000, 0x0000,
    0x0000, 0x0000, 0x0000, 0x0000, 0x0000, 0x0000, 0x0000, 0x0000, 0x0000, 0x0000, 0x0000, 0x0000,
    0x0000, 0x0000, 0x0000, 0x0000, 0x0000, 0x0000, 0x0000, 0x0000, 0x0000, 0x0000, 0x0000, 0x0000,
    0x0000, 0x0000, 0x0000, 0x0000, 0x0000, 0x0000, 0x0000, 0x0000, 0x0000, 0x0000, 0x0000, 0x0000,
    0x0000, 0x0000, 0x0000, 0x0000, 0x0000, 0x0000, 0x0000, 0x0000, 0x0000, 0x0000, 0x0000, 0x0000,
    0x0000, 0x0000, 0x0000, 0x0000, 0x0000, 0x0000, 0x0000, 0x0000, 0x0000, 0x0000, 0x0000, 0x0000,
    0x0000, 0x0000, 0x0000, 0x0000, 0x0000, 0x0000, 0x0000, 0x0000, 0x0000, 0x0000, 0x0000, 0x0000,
    0x0000, 0x0000, 0x0000, 0x0000, 0x0000, 0x0000, 0x0000, 0x0000, 0x0000, 0x0000, 0x0000, 0x0000,
    0x0000, 0x0000, 0x0000, 0x0000, 0x0000, 0x0000, 0x0000, 0x0000, 0x0000, 0x0000, 0x0000, 0x0000,
    0x0000, 0x0000, 0x0000, 0x0000, 0x0000, 0x0000, 0x0000, 0x0000, 0x0000, 0x0000, 0x0000, 0x0000,
    0x0000, 0x0000, 0x0000, 0x0000, 0x0000, 0x0000, 0x0000, 0x0000, 0x0000, 0x0000, 0x0000, 0x0000,
    0x0000, 0x0000, 0x0000, 0x0000, 0x0000, 0x0000, 0x0000, 0x0000, 0x0000, 0x0000, 0x0000, 0x0000,
    0x0000, 0x0000, 0x0000, 0x0000, 0x0000, 0x0000, 0x0000, 0x0000, 0x0000, 0x0000, 0x0000, 0x0000,
    0x0000, 0x0000, 0x0000, 0x0000, 0x0000, 0x0000, 0x0000, 0x0000, 0x0000, 0x0000, 0x0000, 0x0000,
    0x0000, 0x0000, 0x0000, 0x0000, 0x0000, 0x0000, 0x0000, 0x0000, 0x0000, 0x0000, 0x0000, 0x0000,
    0x0000, 0x0000, 0x0000, 0x0000, 0x0000, 0x0000, 0x0000, 0x0000, 0x0000, 0x0000, 0x0000, 0x0000,
    0x0000, 0x0000, 0x0000, 0x0000, 0x0000, 0x0000, 0x0000, 0x0000, 0x0000, 0x0000, 0x0000, 0x0000,
    0x0000, 0x0000, 0x0000, 0x0000, 0x0000, 0x0000, 0x0000, 0x0000, 0x0000, 0x0000, 0x0000, 0x0000,
    0x0000, 0x0000, 0x0000, 0x0000, 0x0000, 0x0000, 0x0000, 0x0000, 0x0000, 0x0000, 0x0000, 0x0000,
    0x0000, 0x0000, 0x0000, 0x0000, 0x0000, 0x0000, 0x0000, 0x0000, 0x0000, 0x0000, 0x0000, 0x0000,
    0x0000, 0x0000, 0x0000, 0x0000, 0x0000, 0x0000, 0x0000, 0x0000, 0x0000, 0x0000, 0x0000, 0x0000,
    0x0000, 0x0000, 0x0000, 0x0000, 0x0000, 0x0000, 0x0000, 0x0000, 0x0000, 0x0000, 0x0000, 0x0000,
    0x0000, 0x0000, 0x0000, 0x0000, 0x0000, 0x0000, 0x0000, 0x0000, 0x0000, 0x0000, 0x0000, 0x0000,
    0x0000, 0x0000, 0x0000, 0x0000, 0x0000, 0x0000, 0x0000, 0x0000, 0x0000, 0x0000, 0x0000, 0x0000,
    0x0000, 0x0000, 0x0000, 0x0000, 0x0000, 0x0000, 0x0000, 0x0000, 0x0000, 0x0000, 0x0000, 0x0000,
    0x0000, 0x0000, 0x0000, 0x0000, 0x0000, 0x0000, 0x0000, 0x0000, 0x0000, 0x0000, 0x0000, 0x0000,
    0x0000, 0x0000, 0x0000, 0x0000, 0x0000, 0x0000, 0x0000, 0x0000, 0x0000, 0x0000, 0x0000, 0x0000,
    0x0000, 0x0000, 0x0000, 0x0000, 0x0000, 0x0000, 0x0000, 0x0000, 0x0000, 0x0000, 0x0000, 0x0000,
    0x0000, 0x0000, 0x0000, 0x0000, 0x0000, 0x0000, 0x0000, 0x0000, 0x0000, 0x0000, 0x0000, 0x0000,
    0x0000, 0x0000, 0x0000, 0x0000, 0x0000, 0x0000, 0x0000, 0x0000, 0x0000, 0x0000, 0x0000, 0x0000,
    0x0000, 0x0000, 0x0000, 0x0000, 0x0000, 0x0000, 0x0000, 0x0000, 0x0000, 0x0000, 0x0000, 0x0000,
    0x0000, 0x0000, 0x0000, 0x0000, 0x0000, 0x0000, 0x0000, 0x0000, 0x0000, 0x0000, 0x0000, 0x0000,
    0x0000, 0x0000, 0x0000, 0x0000, 0x0000, 0x0000, 0x0000, 0x0000, 0x0000, 0x0000, 0x0000, 0x0000,
    0x0000, 0x0000, 0x0000, 0x0000, 0x0000, 0x0000, 0x0000, 0x0000, 0x0000, 0x0000, 0x0000, 0x0000,
    0x0000, 0x0000, 0x0000, 0x0000, 0x0000, 0x0000, 0x0000, 0x0000, 0x0000, 0x0000, 0x0000, 0x0000,
    0x0000, 0x0000, 0x0000, 0x0000, 0x0000, 0x0000, 0x0000, 0x0000, 0x0000, 0x0000, 0x0000, 0x0000,
    0x0000, 0x0000, 0x0000, 0x0000, 0x0000, 0x0000, 0x0000, 0x0000, 0x0000, 0x0000, 0x0000, 0x0000,
    0x0000, 0x0000, 0x0000, 0x0000, 0x0000, 0x0000, 0x0000, 0x0000, 0x0000, 0x0000, 0x0000, 0x0000,
    0x0000, 0x0000, 0x0000, 0x0000, 0x0000, 0x0000, 0x0000, 0x0000, 0x0000, 0x0000, 0x0000, 0x0000,
    0x0000, 0x0000, 0x0000, 0x0000, 0x0000, 0x0000, 0x0000, 0x0000, 0x0000, 0x0000, 0x0000, 0x0000,
    0x0000, 0x0000, 0x0000, 0x0000, 0x0000, 0x0000, 0x0000, 0x0000, 0x0000, 0x0000, 0x0000, 0x0000,
    0x0000, 0x0000, 0x0000, 0x0000, 0x0000, 0x0000, 0x0000, 0x0000, 0x0000, 0x0000, 0x0000, 0x0000,
    0x0000, 0x0000, 0x0000, 0x0000, 0x0000, 0x0000, 0x0000, 0x0000, 0x0000, 0x0000, 0x0000, 0x0000,
    0x0000, 0x0000, 0x0000, 0x0000, 0x0000, 0x0000, 0x0000, 0x0000, 0x0000, 0x0000, 0x0000, 0x0000,
    0x0000, 0x0000, 0x0000, 0x0000, 0x0000, 0x0000, 0x0000, 0x0000, 0x0000, 0x0000, 0x0000, 0x0000,
    0x0000, 0x0000, 0x0000, 0x0000, 0x0000, 0x0000, 0x0000, 0x0000, 0x0000, 0x0000, 0x0000, 0x0000,
    0x0000, 0x0000, 0x0000, 0x0000, 0x0000, 0x0000, 0x0000, 0x0000, 0x0000, 0x0000, 0x0000, 0x0000,
    0x0000, 0x0000, 0x0000, 0x0000, 0x0000, 0x0000, 0x0000, 0x0000, 0x0000, 0x0000, 0x0000, 0x0000,
    0x0000, 0x0000, 0x0000, 0x0000, 0x0000, 0x0000, 0x0000, 0x0000, 0x0000, 0x0000, 0x0000, 0x0000,
    0x0000, 0x0000, 0x0000, 0x0000, 0x0000, 0x0000, 0x0000, 0x0000, 0x0000, 0x0000, 0x0000, 0x0000,
    0x0000, 0x0000, 0x0000, 0x0000, 0x0000, 0x0000, 0x0000, 0x0000, 0x0000, 0x0000, 0x0000, 0x0000,
    0x0000, 0x0000, 0x0000, 0x0000, 0x0000, 0x0000, 0x0000, 0x0000, 0x0000, 0x0000, 0x0000, 0x0000,
    0x0000, 0x0000, 0x0000, 0x0000, 0x0000, 0x0000, 0x0000, 0x0000, 0x0000, 0x0000, 0x0000, 0x0000,
    0x0000, 0x0000, 0x0000, 0x0000, 0x0000, 0x0000, 0x0000, 0x0000, 0x0000, 0x0000, 0x0000, 0x0000,
    0x0000, 0x0000, 0x0000, 0x0000, 0x0000, 0x0000, 0x0000, 0x0000, 0x0000, 0x0000, 0x0000, 0x0000,
    0x0000, 0x0000, 0x0000, 0x0000, 0x0000, 0x0000, 0x0000, 0x0000, 0x0000, 0x0000, 0x0000, 0x0000,
    0x0000, 0x0000, 0x0000, 0x0000, 0x0000, 0x0000, 0x0000, 0x0000, 0x0000, 0x0000, 0x0000, 0x0000,
    0x0000, 0x0000, 0x0000, 0x0000, 0x0000, 0x0000, 0x0000, 0x0000, 0x0000, 0x0000, 0x0000, 0x0000,
    0x0000, 0x0000, 0x0000, 0x0000, 0x0000, 0x0000, 0x0000, 0x0000, 0x0000, 0x0000, 0x0000, 0x0000,
    0x0000, 0x0000, 0x0000, 0x0000, 0x0000, 0x0000, 0x0000, 0x0000, 0x0000, 0x0000, 0x0000, 0x0000,
    0x0000, 0x0000, 0x0000, 0x0000, 0x0000, 0x0000, 0x0000, 0x0000, 0x0000, 0x0000, 0x0000, 0x0000,
    0x0000, 0x0000, 0x0000, 0x0000, 0x0000, 0x0000, 0x0000, 0x0000, 0x0000, 0x0000, 0x0000, 0x0000,
    0x0000, 0x0000, 0x0000, 0x0000, 0x0000, 0x0000, 0x0000, 0x0000, 0x0000, 0x0000, 0x0000, 0x0000,
    0x0000, 0x0000, 0x0000, 0x0000, 0x0000, 0x0000, 0x0000, 0x0000, 0x0000, 0x0000, 0x0000, 0x0000,
    0x0000, 0x0000, 0x0000, 0x0000, 0x0000, 0x0000, 0x0000, 0x0000, 0x0000, 0x0000, 0x0000, 0x0000,
    0x0000, 0x0000, 0x0000, 0x0000, 0x0000, 0x0000, 0x0000, 0x0000, 0x0000, 0x0000, 0x0000, 0x0000,
    0x0000, 0x0000, 0x0000, 0x0000, 0x0000, 0x0000, 0x0000, 0x0000, 0x0000, 0x0000, 0x0000, 0x0000,
    0x0000, 0x0000, 0x0000, 0x0000, 0x0000, 0x0000, 0x0000, 0x0000, 0x0000, 0x0000, 0x0000, 0x0000,
    0x0000, 0x0000, 0x0000, 0x0000, 0x0000, 0x0000, 0x0000, 0x0000, 0x0000, 0x0000, 0x0000, 0x0000,
    0x0000, 0x0000, 0x0000, 0x0000, 0x0000, 0x0065, 0x00A8, 0x00A8, 0x00A8, 0x00C8, 0x00C8, 0x00E8,
    0x00E9, 0x00E8, 0x0108, 0x00E8, 0x00C8, 0x00C8, 0x00C8, 0x00C8, 0x00C8, 0x00C8, 0x00C8, 0x00E8,
    0x00E8, 0x00E8, 0x00E8, 0x00C8, 0x00E8, 0x00E8, 0x00E8, 0x00E8, 0x00C8, 0x00E8, 0x00E8, 0x00E8,
    0x00C8, 0x00C8, 0x00E8, 0x0109, 0x00C8, 0x0001, 0x0000, 0x0000, 0x0000, 0x0000, 0x0000, 0x0000,
    0x0000, 0x0000, 0x0000, 0x0000, 0x0000, 0x0000, 0x0000, 0x0000, 0x0000, 0x0000, 0x0000, 0x0000,
    0x0000, 0x0000, 0x0000, 0x0000, 0x0000, 0x0000, 0x0000, 0x0000, 0x0000, 0x0000, 0x0000, 0x0000,
    0x0000, 0x0000, 0x0000, 0x0000, 0x0000, 0x0000, 0x0000, 0x0000, 0x0000, 0x0000, 0x0000, 0x0000,
    0x0000, 0x0000, 0x0000, 0x0000, 0x0000, 0x0000, 0x0000, 0x0000, 0x0000, 0x0000, 0x0000, 0x0000,
    0x0000, 0x0000, 0x0000, 0x0000, 0x0000, 0x0000, 0x0000, 0x0000, 0x0000, 0x0000, 0x0000, 0x0000,
    0x0000, 0x0043, 0x00A9, 0x00A8, 0x00A8, 0x00C8, 0x00E8, 0x00E8, 0x00C8, 0x00E8, 0x0108, 0x00E8,
    0x00E8, 0x00E8, 0x00E8, 0x00E8, 0x00E8, 0x00C8, 0x00C8, 0x00C8, 0x00C8, 0x00E8, 0x00E8, 0x00C8,
    0x00C8, 0x00C8, 0x00C8, 0x00C8, 0x00E8, 0x00E8, 0x00C8, 0x00C8, 0x00E8, 0x00E8, 0x00E9, 0x00A6,
    0x0000, 0x0000, 0x0000, 0x0000, 0x0000, 0x0000, 0x0000, 0x0000, 0x0000, 0x0000, 0x0000, 0x0000,
    0x0000, 0x0000, 0x0000, 0x0000, 0x0000, 0x0000, 0x0000, 0x0000, 0x0000, 0x0000, 0x0000, 0x0000,
    0x0000, 0x0000, 0x0000, 0x0000, 0x0000, 0x0000, 0x0000, 0x0000, 0x0000, 0x0000, 0x0000, 0x0000,
    0x0000, 0x0000, 0x0000, 0x0000, 0x0000, 0x0000, 0x0000, 0x0000, 0x0000, 0x0000, 0x0000, 0x0000,
    0x0000, 0x0000, 0x0000, 0x0000, 0x0000, 0x0000, 0x0000, 0x0000, 0x0000, 0x0000, 0x0000, 0x0000,
    0x0000, 0x0000, 0x0000, 0x0000, 0x0000, 0x0000, 0x0000, 0x0000, 0x0000, 0x0000, 0x0000, 0x0000,
    0x0000, 0x0000, 0x0000, 0x0000, 0x0000, 0x0000, 0x0000, 0x0000, 0x0000, 0x0000, 0x0000, 0x0000,
    0x0000, 0x0000, 0x0000, 0x0000, 0x0000, 0x0000, 0x0000, 0x0000, 0x0000, 0x0000, 0x0000, 0x0000,
    0x0000, 0x0000, 0x0000, 0x0000, 0x00CC, 0x00AD, 0x0068, 0x0088, 0x0068, 0x0088, 0x0088, 0x0089,
    0x00A9, 0x00C9, 0x0088, 0x0068, 0x0068, 0x0088, 0x0089, 0x0089, 0x0068, 0x0048, 0x0068, 0x0089,
    0x0089, 0x0069, 0x0068, 0x0068, 0x0068, 0x0068, 0x0049, 0x0049, 0x0048, 0x0048, 0x0048, 0x0048,
    0x0048, 0x0048, 0x0048, 0x00A9, 0x00A7, 0x0023, 0x0000, 0x0000, 0x0000, 0x0000, 0x0000, 0x0000,
    0x0000, 0x0000, 0x0000, 0x0000, 0x0000, 0x0000, 0x0000, 0x0000, 0x0000, 0x0000, 0x0000, 0x0000,
    0x0000, 0x0000, 0x0000, 0x0000, 0x0000, 0x0000, 0x0000, 0x0000, 0x0000, 0x0000, 0x0000, 0x0000,
    0x0000, 0x0000, 0x0000, 0x0000, 0x0000, 0x0000, 0x0000, 0x0000, 0x0000, 0x0000, 0x0000, 0x0000,
    0x0000, 0x0000, 0x0000, 0x0000, 0x0000, 0x0000, 0x0000, 0x0000, 0x0000, 0x0000, 0x0000, 0x0000,
    0x0000, 0x0000, 0x0000, 0x0000, 0x0000, 0x0000, 0x0000, 0x0000, 0x0000, 0x0000, 0x0000, 0x0000,
    0x0088, 0x0110, 0x0048, 0x0068, 0x0068, 0x0088, 0x0089, 0x0088, 0x0068, 0x0089, 0x0088, 0x0068,
    0x0068, 0x0088, 0x0088, 0x0088, 0x0069, 0x0068, 0x0068, 0x0048, 0x0048, 0x0068, 0x0068, 0x0048,
    0x0048, 0x0028, 0x0048, 0x0049, 0x0049, 0x0048, 0x0048, 0x0048, 0x0048, 0x0068, 0x00C9, 0x0085,
    0x0043, 0x0000, 0x0000, 0x0000, 0x0000, 0x0000, 0x0000, 0x0000, 0x0000, 0x0000, 0x0000, 0x0000,
    0x0000, 0x0000, 0x0000, 0x0000, 0x0000, 0x0000, 0x0000, 0x0000, 0x0000, 0x0000, 0x0000, 0x0000,
    0x0000, 0x0000, 0x0000, 0x0000, 0x0000, 0x0000, 0x0000, 0x0000, 0x0000, 0x0000, 0x0000, 0x0000,
    0x0000, 0x0000, 0x0000, 0x0000, 0x0000, 0x0000, 0x0000, 0x0000, 0x0000, 0x0000, 0x0000, 0x0000,
    0x0000, 0x0000, 0x0000, 0x0000, 0x0000, 0x0000, 0x0000, 0x0000, 0x0000, 0x0000, 0x0000, 0x0000,
    0x0000, 0x0000, 0x0000, 0x0000, 0x0000, 0x0000, 0x0000, 0x0000, 0x0000, 0x0000, 0x0000, 0x0000,
    0x0000, 0x0000, 0x0000, 0x0000, 0x0000, 0x0000, 0x0000, 0x0000, 0x0000, 0x0000, 0x0000, 0x0000,
    0x0000, 0x0000, 0x0000, 0x0000, 0x0000, 0x0000, 0x0000, 0x0000, 0x0000, 0x0000, 0x0000, 0x0000,
    0x0000, 0x0000, 0x0000, 0x00AA, 0x004B, 0x3160, 0x9B40, 0x89A0, 0x9A40, 0x8A60, 0x9AE0, 0x9B60,
    0x9B40, 0x8A60, 0x9BA0, 0x9B80, 0xA3C0, 0xA360, 0xA3A0, 0xA360, 0x9BA4, 0x9BC5, 0x9BE6, 0x9BE5,
    0xA3E6, 0x9C06, 0x9C26, 0xA426, 0xA446, 0x9C46, 0x9C66, 0xA466, 0xA486, 0xA486, 0xA485, 0xA485,
    0xA485, 0xA486, 0xAD09, 0x93A3, 0x0000, 0x01D4, 0x014B, 0x0000, 0x0000, 0x0000, 0x0000, 0x0000,
    0x0000, 0x0000, 0x0000, 0x0000, 0x0000, 0x0000, 0x0000, 0x0000, 0x0000, 0x0000, 0x0000, 0x0000,
    0x0000, 0x0000, 0x0000, 0x0000, 0x0000, 0x0000, 0x0000, 0x0000, 0x0000, 0x0000, 0x0000, 0x0000,
    0x0000, 0x0000, 0x0000, 0x0000, 0x0000, 0x0000, 0x0000, 0x0000, 0x0000, 0x0000, 0x0000, 0x0000,
    0x0000, 0x0000, 0x0000, 0x0000, 0x0000, 0x0000, 0x0000, 0x0000, 0x0000, 0x0000, 0x0000, 0x0000,
    0x0000, 0x0000, 0x0000, 0x0000, 0x0000, 0x0000, 0x0000, 0x0000, 0x0000, 0x0000, 0x0000, 0x0065,
    0x008C, 0x0882, 0x93A4, 0xA340, 0xA340, 0xA380, 0xA3E0, 0x9B40, 0xA380, 0xA3A0, 0xA3C0, 0xA3C0,
    0xA3E0, 0xA3A0, 0xA3C0, 0xA3C0, 0xA3E0, 0xA3E0, 0xA400, 0xA421, 0xA421, 0xA422, 0xA423, 0xA444,
    0xA465, 0xA486, 0xA4A6, 0xA485, 0xA485, 0xA485, 0xA485, 0xA4A6, 0xA4A7, 0xACE8, 0x59C0, 0x0002,
    0x02BA, 0x0063, 0x0000, 0x0000, 0x0000, 0x0000, 0x0000, 0x0000, 0x0000, 0x0000, 0x0000, 0x0000,
    0x0000, 0x0000, 0x0000, 0x0000, 0x0000, 0x0000, 0x0000, 0x0000, 0x0000, 0x0000, 0x0000, 0x0000,
    0x0000, 0x0000, 0x0000, 0x0000, 0x0000, 0x0000, 0x0000, 0x0000, 0x0000, 0x0000, 0x0000, 0x0000,
    0x0000, 0x0000, 0x0000, 0x0000, 0x0000, 0x0000, 0x0000, 0x0000, 0x0000, 0x0000, 0x0000, 0x0000,
    0x0000, 0x0000, 0x0000, 0x0000, 0x0000, 0x0000, 0x0000, 0x0000, 0x0000, 0x0000, 0x0000, 0x0000,
    0x0000, 0x0000, 0x0000, 0x0000, 0x0000, 0x0000, 0x0000, 0x0000, 0x0000, 0x0000, 0x0000, 0x0000,
    0x0000, 0x0000, 0x0000, 0x0000, 0x0000, 0x0000, 0x0000, 0x0000, 0x0000, 0x0000, 0x0000, 0x0000,
    0x0000, 0x0000, 0x0000, 0x0000, 0x0000, 0x0000, 0x0000, 0x0000, 0x0000, 0x0000, 0x0000, 0x0000,
    0x0000, 0x0000, 0x0045, 0x0007, 0x41A0, 0xE481, 0xD200, 0xEB40, 0xFBC0, 0xE380, 0xEC40, 0xEC40,
    0xCB20, 0xF4C0, 0xFDC0, 0xFD80, 0xFDC0, 0xFC80, 0xFCC0, 0xFD00, 0xFDA0, 0xFDC1, 0xFE21, 0xFE00,
    0xFE20, 0xFE40, 0xFE60, 0xFE80, 0xFEA1, 0xFEC0, 0xFEE0, 0xFF00, 0xFF20, 0xFF21, 0xFF41, 0xFF61,
    0xFF61, 0xFF83, 0xFF84, 0x9280, 0x0005, 0x023F, 0x01F6, 0x0000, 0x0000, 0x0000, 0x0000, 0x0000,
    0x0000, 0x0000, 0x0000, 0x0000, 0x0000, 0x0000, 0x0000, 0x0000, 0x0000, 0x0000, 0x0000, 0x0000,
    0x0000, 0x0000, 0x0000, 0x0000, 0x0000, 0x0000, 0x0000, 0x0000, 0x0000, 0x0000, 0x0000, 0x0000,
    0x0000, 0x0000, 0x0000, 0x0000, 0x0000, 0x0000, 0x0000, 0x0000, 0x0000, 0x0000, 0x0000, 0x0000,
    0x0000, 0x0000, 0x0000, 0x0000, 0x0000, 0x0000, 0x0000, 0x0000, 0x0000, 0x0000, 0x0000, 0x0000,
    0x0000, 0x0000, 0x0000, 0x0000, 0x0000, 0x0000, 0x0000, 0x0000, 0x0000, 0x0000, 0x0045, 0x0026,
    0x18E1, 0xCD68, 0xFD21, 0xFC60, 0xFCA0, 0xFCC0, 0xFE20, 0xFD00, 0xFDC0, 0xFDC0, 0xFDA0, 0xFE00,
    0xFE20, 0xFD20, 0xFD40, 0xFD80, 0xFE00, 0xFE20, 0xFE41, 0xFE41, 0xFE60, 0xFE60, 0xFE80, 0xFEA1,
    0xFEE1, 0xFF01, 0xFF20, 0xFF20, 0xFF20, 0xFF41, 0xFF42, 0xFF42, 0xFFC5, 0xFE23, 0x2860, 0x00AD,
    0x029F, 0x01B0, 0x0000, 0x0000, 0x0000, 0x0000, 0x0000, 0x0000, 0x0000, 0x0000, 0x0000, 0x0000,
    0x0000, 0x0000, 0x0000, 0x0000, 0x0000, 0x0000, 0x0000, 0x0000, 0x0000, 0x0000, 0x0000, 0x0000,
    0x0000, 0x0000, 0x0000, 0x0000, 0x0000, 0x0000, 0x0000, 0x0000, 0x0000, 0x0000, 0x0000, 0x0000,
    0x0000, 0x0000, 0x0000, 0x0000, 0x0000, 0x0000, 0x0000, 0x0000, 0x0000, 0x0000, 0x0000, 0x0000,
    0x0000, 0x0000, 0x0000, 0x0000, 0x0000, 0x0000, 0x0000, 0x0000, 0x0000, 0x0000, 0x0000, 0x0000,
    0x0000, 0x0000, 0x0000, 0x0000, 0x0000, 0x0000, 0x0000, 0x0000, 0x0000, 0x0000, 0x0000, 0x0000,
    0x0000, 0x0000, 0x0000, 0x0000, 0x0000, 0x0000, 0x0000, 0x0000, 0x0000, 0x0000, 0x0000, 0x0000,
    0x0000, 0x0000, 0x0000, 0x0000, 0x0000, 0x0000, 0x0000, 0x0000, 0x0000, 0x0000, 0x0000, 0x0000,
    0x0000, 0x0001, 0x00AD, 0x1900, 0xDC41, 0xEBC0, 0xC2A0, 0xC2C0, 0xA1A0, 0xD3A0, 0xFD80, 0xD300,
    0xECA0, 0xFDC0, 0xF4C0, 0xF500, 0xF4E0, 0xF4C0, 0xE3A0, 0xF500, 0xF4E0, 0xF560, 0xFDA0, 0xFDA0,
    0xFDA0, 0xFDC0, 0xFDE0, 0xFDE0, 0xFE00, 0xFE00, 0xFE20, 0xFE20, 0xFE40, 0xFE40, 0xFE60, 0xFE80,
    0xFE60, 0xFF01, 0xE520, 0x0800, 0x00D0, 0x0178, 0x021C, 0x0086, 0x0000, 0x0000, 0x0000, 0x0000,
    0x0000, 0x0000, 0x0000, 0x0000, 0x0000, 0x0000, 0x0000, 0x0000, 0x0000, 0x0000, 0x0000, 0x0000,
    0x0000, 0x0000, 0x0000, 0x0000, 0x0000, 0x0000, 0x0000, 0x0000, 0x0000, 0x0000, 0x0000, 0x0000,
    0x0000, 0x0000, 0x0000, 0x0000, 0x0000, 0x0000, 0x0000, 0x0000, 0x0000, 0x0000, 0x0000, 0x0000,
    0x0000, 0x0000, 0x0000, 0x0000, 0x0000, 0x0000, 0x0000, 0x0000, 0x0000, 0x0000, 0x0000, 0x0000,
    0x0000, 0x0000, 0x0000, 0x0000, 0x0000, 0x0000, 0x0000, 0x0000, 0x0000, 0x0000, 0x010E, 0x0065,
    0xCD28, 0xFD00, 0xEC60, 0xF500, 0xF4A0, 0xFD60, 0xFD40, 0xF500, 0xF540, 0xF5A0, 0xF520, 0xFDE0,
    0xF520, 0xF500, 0xFDA0, 0xFDE0, 0xFDE0, 0xFDE0, 0xFDE0, 0xFDE0, 0xFDE0, 0xFDE0, 0xFE00, 0xFE00,
    0xFE00, 0xFE00, 0xFE20, 0xFE20, 0xFE40, 0xFE40, 0xFE60, 0xF660, 0xFF21, 0x8A60, 0x0003, 0x0176,
    0x019B, 0x027C, 0x0043, 0x0000, 0x0000, 0x0000, 0x0000, 0x0000, 0x0000, 0x0000, 0x0000, 0x0000,
    0x0000, 0x0000, 0x0000, 0x0000, 0x0000, 0x0000, 0x0000, 0x0000, 0x0000, 0x0000, 0x0000, 0x0000,
    0x0000, 0x0000, 0x0000, 0x0000, 0x0000, 0x0000, 0x0000, 0x0000, 0x0000, 0x0000, 0x0000, 0x0000,
    0x0000, 0x0000, 0x0000, 0x0000, 0x0000, 0x0000, 0x0000, 0x0000, 0x0000, 0x0000, 0x0000, 0x0000,
    0x0000, 0x0000, 0x0000, 0x0000, 0x0000, 0x0000, 0x0000, 0x0000, 0x0000, 0x0000, 0x0000, 0x0000,
    0x0000, 0x0000, 0x0000, 0x0000, 0x0000, 0x0000, 0x0000, 0x0000, 0x0000, 0x0000, 0x0000, 0x0000,
    0x0000, 0x0000, 0x0000, 0x0000, 0x0000, 0x0000, 0x0000, 0x0000, 0x0000, 0x0000, 0x0000, 0x0000,
    0x0000, 0x0000, 0x0000, 0x0000, 0x0000, 0x0000, 0x0000, 0x0000, 0x0000, 0x0000, 0x0000, 0x0000,
    0x0000, 0x0087, 0x0029, 0x8360, 0xF440, 0xD340, 0xD340, 0xC300, 0x89E0, 0xE400, 0xFD20, 0xFD60,
    0xFDC0, 0xF500, 0xF540, 0xFD80, 0xEC80, 0xFD20, 0xFD80, 0xFDC0, 0xFD80, 0xFDE0, 0xFDE0, 0xFDE0,
    0xFDE0, 0xFE00, 0xFE00, 0xFE00, 0xFE00, 0xFE20, 0xFE20, 0xFE40, 0xFE40, 0xFE60, 0xFE60, 0xFE40,
    0xFE40, 0xFEE1, 0x7200, 0x0026, 0x0154, 0x0134, 0x01FC, 0x0130, 0x0000, 0x0000, 0x0000, 0x0000,
    0x0000, 0x0000, 0x0000, 0x0000, 0x0000, 0x0000, 0x0000, 0x0000, 0x0000, 0x0000, 0x0000, 0x0000,
    0x0000, 0x0000, 0x0000, 0x0000, 0x0000, 0x0000, 0x0000, 0x0000, 0x0000, 0x0000, 0x0000, 0x0000,
    0x0000, 0x0000, 0x0000, 0x0000, 0x0000, 0x0000, 0x0000, 0x0000, 0x0000, 0x0000, 0x0000, 0x0000,
    0x0000, 0x0000, 0x0000, 0x0000, 0x0000, 0x0000, 0x0000, 0x0000, 0x0000, 0x0000, 0x0000, 0x0000,
    0x0000, 0x0000, 0x0000, 0x0000, 0x0000, 0x0000, 0x0000, 0x0000, 0x0000, 0x0043, 0x00AD, 0x39C3,
    0xFDE3, 0xF4C0, 0xFDA0, 0xFDE0, 0xECC0, 0xFE00, 0xECC0, 0xF580, 0xF540, 0xFDE0, 0xFDC0, 0xFE00,
    0xF580, 0xFDE0, 0xFE20, 0xFE00, 0xFE00, 0xFE00, 0xFE00, 0xFE20, 0xFE20, 0xFE20, 0xFE20, 0xFE20,
    0xFE20, 0xFE20, 0xFE20, 0xFE40, 0xFE40, 0xFE60, 0xFE40, 0xFEC1, 0xF581, 0x1820, 0x00AE, 0x0156,
    0x0156, 0x023E, 0x010C, 0x0000, 0x0000, 0x0000, 0x0000, 0x0000, 0x0000, 0x0000, 0x0000, 0x0000,
    0x0000, 0x0000, 0x0000, 0x0000, 0x0000, 0x0000, 0x0000, 0x0000, 0x0000, 0x0000, 0x0000, 0x0000,
    0x0000, 0x0000, 0x0000, 0x0000, 0x0000, 0x0000, 0x0000, 0x0000, 0x0000, 0x0000, 0x0000, 0x0000,
    0x0000, 0x0000, 0x0000, 0x0000, 0x0000, 0x0000, 0x0000, 0x0000, 0x0000, 0x0000, 0x0000, 0x0000,
    0x0000, 0x0000, 0x0000, 0x0000, 0x0000, 0x0000, 0x0000, 0x0000, 0x0000, 0x0000, 0x0000, 0x0000,
    0x0000, 0x0000, 0x0000, 0x0000, 0x0000, 0x0000, 0x0000, 0x0000, 0x0000, 0x0000, 0x0000, 0x0000,
    0x0000, 0x0000, 0x0000, 0x0000, 0x0000, 0x0000, 0x0000, 0x0000, 0x0000, 0x0000, 0x0000, 0x0000,
    0x0000, 0x0000, 0x0000, 0x0000, 0x0000, 0x0000, 0x0000, 0x0000, 0x0000, 0x0000, 0x0000, 0x0000,
    0x0000, 0x00CD, 0x08C3, 0xDD01, 0xEBE0, 0xDBC0, 0xC2E0, 0xB260, 0xE4A0, 0xF500, 0xFD80, 0xECA0,
    0xF540, 0xFDC0, 0xFE00, 0xF580, 0xDC00, 0xFDE0, 0xFDA0, 0xFDE0, 0xFDE0, 0xFDE0, 0xFE00, 0xFE20,
    0xFE20, 0xFE20, 0xFE00, 0xFE20, 0xFE20, 0xFE40, 0xFE20, 0xFE40, 0xFE40, 0xFE40, 0xFE60, 0xFE40,
    0xFEC1, 0xE4C0, 0x0800, 0x00EF, 0x0134, 0x0134, 0x0176, 0x0045, 0x0000, 0x0000, 0x0000, 0x0000,
    0x0000, 0x0000, 0x0000, 0x0000, 0x0000, 0x0000, 0x0000, 0x0000, 0x0000, 0x0000, 0x0000, 0x0000,
    0x0000, 0x0000, 0x0000, 0x0000, 0x0000, 0x0000, 0x0000, 0x0000, 0x0000, 0x0000, 0x0000, 0x0000,
    0x0000, 0x0000, 0x0000, 0x0000, 0x0000, 0x0000, 0x0000, 0x0000, 0x0000, 0x0000, 0x0000, 0x0000,
    0x0000, 0x0000, 0x0000, 0x0000, 0x0000, 0x0000, 0x0000, 0x0000, 0x0000, 0x0000, 0x0000, 0x0000,
    0x0000, 0x0000, 0x0000, 0x0000, 0x0000, 0x0000, 0x0000, 0x0000, 0x0000, 0x00EA, 0x0047, 0x93E2,
    0xFD80, 0xFDA0, 0xFDC0, 0xFDE0, 0xFD60, 0xFE20, 0xF560, 0xFE00, 0xFE00, 0xFE00, 0xFE20, 0xFE00,
    0xFE20, 0xFE00, 0xFE00, 0xFE00, 0xFE20, 0xFE20, 0xFE20, 0xFE40, 0xFE20, 0xFE20, 0xFE20, 0xFE20,
    0xFE20, 0xFE20, 0xFE20, 0xFE20, 0xFE40, 0xFE40, 0xFE40, 0xFEE1, 0x8220, 0x0005, 0x0134, 0x0133,
    0x0177, 0x0177, 0x0022, 0x0000, 0x0000, 0x0000, 0x0000, 0x0000, 0x0000, 0x0000, 0x0000, 0x0000,
    0x0000, 0x0000, 0x0000, 0x0000, 0x0000, 0x0000, 0x0000, 0x0000, 0x0000, 0x0000, 0x0000, 0x0000,
    0x0000, 0x0000, 0x0000, 0x0000, 0x0000, 0x0000, 0x0000, 0x0000, 0x0000, 0x0000, 0x0000, 0x0000,
    0x0000, 0x0000, 0x0000, 0x0000, 0x0000, 0x0000, 0x0000, 0x0000, 0x0000, 0x0000, 0x0000, 0x0000,
    0x0000, 0x0000, 0x0000, 0x0000, 0x0000, 0x0000, 0x0000, 0x0000, 0x0000, 0x0000, 0x0000, 0x0000,
    0x0000, 0x0000, 0x0000, 0x0000, 0x0000, 0x0000, 0x0000, 0x0000, 0x0000, 0x0000, 0x0000, 0x0000,
    0x0000, 0x0000, 0x0000, 0x0000, 0x0000, 0x0000, 0x0000, 0x0000, 0x0000, 0x0000, 0x0000, 0x0000,
    0x0000, 0x0000, 0x0000, 0x0000, 0x0000, 0x0000, 0x0000, 0x0000, 0x0000, 0x0000, 0x0000, 0x0000,
    0x0044, 0x008C, 0x5A40, 0xF481, 0xCB40, 0xDC20, 0xCB20, 0xBAE0, 0xFE60, 0xF540, 0xF520, 0xE4E0,
    0xE4A0, 0xF5A0, 0xF601, 0xD480, 0xED20, 0xFE00, 0xFE00, 0xFE00, 0xFE20, 0xFE40, 0xFE40, 0xFE40,
    0xFE40, 0xFE40, 0xFE40, 0xFE40, 0xFE40, 0xFE60, 0xFE60, 0xFE60, 0xFE60, 0xFE60, 0xFE80, 0xFE60,
    0xFEE1, 0x69C0, 0x0005, 0x0111, 0x0111, 0x0134, 0x00AC, 0x0000, 0x0000, 0x0000, 0x0000, 0x0000,
    0x0000, 0x0000, 0x0000, 0x0000, 0x0000, 0x0000, 0x0000, 0x0000, 0x0000, 0x0000, 0x0000, 0x0000,
    0x0000, 0x0000, 0x0000, 0x0000, 0x0000, 0x0000, 0x0000, 0x0000, 0x0000, 0x0000, 0x0000, 0x0000,
    0x0000, 0x0000, 0x0000, 0x0000, 0x0000, 0x0000, 0x0000, 0x0000, 0x0000, 0x0000, 0x0000, 0x0000,
    0x0000, 0x0000, 0x0000, 0x0000, 0x0000, 0x0000, 0x0000, 0x0000, 0x0000, 0x0000, 0x0000, 0x0000,
    0x0000, 0x0000, 0x0000, 0x0000, 0x0000, 0x0000, 0x0000, 0x0000, 0x0000, 0x00ED, 0x10C5, 0xEE26,
    0xFE00, 0xFDE0, 0xFDC0, 0xFDA0, 0xFDC0, 0xFE40, 0xFE00, 0xFE20, 0xFE20, 0xFE20, 0xFE40, 0xFE40,
    0xFE20, 0xFE40, 0xFE20, 0xFE40, 0xFE40, 0xFE40, 0xFE40, 0xFE60, 0xFE60, 0xFE60, 0xFE60, 0xFE40,
    0xFE40, 0xFE40, 0xFE40, 0xFE60, 0xFE60, 0xFE40, 0xFEE1, 0xE540, 0x1000, 0x008C, 0x0112, 0x0112,
    0x0176, 0x00AA, 0x0000, 0x0000, 0x0000, 0x0000, 0x0000, 0x0000, 0x0000, 0x0000, 0x0000, 0x0000,
    0x0000, 0x0000, 0x0000, 0x0000, 0x0000, 0x0000, 0x0000, 0x0000, 0x0000, 0x0000, 0x0000, 0x0000,
    0x0000, 0x0000, 0x0000, 0x0000, 0x0000, 0x0000, 0x0000, 0x0000, 0x0000, 0x0000, 0x0000, 0x0000,
    0x0000, 0x0000, 0x0000, 0x0000, 0x0000, 0x0000, 0x0000, 0x0000, 0x0000, 0x0000, 0x0000, 0x0000,
    0x0000, 0x0000, 0x0000, 0x0000, 0x0000, 0x0000, 0x0000, 0x0000, 0x0000, 0x0000, 0x0000, 0x0000,
    0x0000, 0x0000, 0x0000, 0x0000, 0x0000, 0x0000, 0x0000, 0x0000, 0x0000, 0x0000, 0x0000, 0x0000,
    0x0000, 0x0000, 0x0000, 0x0000, 0x0000, 0x0000, 0x0000, 0x0000, 0x0000, 0x0000, 0x0000, 0x0000,
    0x0000, 0x0000, 0x0000, 0x0000, 0x0000, 0x0000, 0x0000, 0x0000, 0x0000, 0x0000, 0x0000, 0x0000,
    0x00EC, 0x0046, 0xB460, 0xF4E0, 0xFD60, 0xFDE0, 0xC3A0, 0xD460, 0xFE60, 0xE500, 0xFE00, 0xF5C0,
    0xF5A1, 0xE4C0, 0xF620, 0xB3E0, 0xFE80, 0xFE40, 0xFE60, 0xFE40, 0xFE60, 0xFE80, 0xFE60, 0xFE80,
    0xFE80, 0xFE80, 0xFE80, 0xFE80, 0xFE80, 0xFE60, 0xFE80, 0xFE80, 0xFE80, 0xFEA0, 0xFE80, 0xFF00,
    0xD4A0, 0x0800, 0x00AC, 0x00EF, 0x00F0, 0x0111, 0x0022, 0x0000, 0x0000, 0x0000, 0x0000, 0x0000,
    0x0000, 0x0000, 0x0000, 0x0000, 0x0000, 0x0000, 0x0000, 0x0000, 0x0000, 0x0000, 0x0000, 0x0000,
    0x0000, 0x0000, 0x0000, 0x0000, 0x0000, 0x0000, 0x0000, 0x0000, 0x0000, 0x0000, 0x0000, 0x0000,
    0x0000, 0x0000, 0x0000, 0x0000, 0x0000, 0x0000, 0x0000, 0x0000, 0x0000, 0x0000, 0x0000, 0x0000,
    0x0000, 0x0000, 0x0000, 0x0000, 0x0000, 0x0000, 0x0000, 0x0000, 0x0000, 0x0000, 0x0000, 0x0000,
    0x0000, 0x0000, 0x0000, 0x0000, 0x0000, 0x0000, 0x0000, 0x0000, 0x0085, 0x008B, 0x5AA5, 0xFEC3,
    0xFE20, 0xFE40, 0xFE00, 0xFE20, 0xFE80, 0xFE60, 0xFE60, 0xFE60, 0xFE80, 0xFE80, 0xFE80, 0xFE60,
    0xFE60, 0xFE60, 0xFE60, 0xFE60, 0xFE60, 0xFE60, 0xFE60, 0xFE80, 0xFE80, 0xFE60, 0xFE60, 0xFE60,
    0xFE60, 0xFE60, 0xFE60, 0xFE60, 0xFE60, 0xFE80, 0xFF01, 0x7200, 0x0005, 0x00F0, 0x00F0, 0x0112,
    0x0111, 0x0001, 0x0000, 0x0000, 0x0000, 0x0000, 0x0000, 0x0000, 0x0000, 0x0000, 0x0000, 0x0000,
    0x0000, 0x0000, 0x0000, 0x0000, 0x0000, 0x0000, 0x0000, 0x0000, 0x0000, 0x0000, 0x0000, 0x0000,
    0x0000, 0x0000, 0x0000, 0x0000, 0x0000, 0x0000, 0x0000, 0x0000, 0x0000, 0x0000, 0x0000, 0x0000,
    0x0000, 0x0000, 0x0000, 0x0000, 0x0000, 0x0000, 0x0000, 0x0000, 0x0000, 0x0000, 0x0000, 0x0000,
    0x0000, 0x0000, 0x0000, 0x0000, 0x0000, 0x0000, 0x0000, 0x0000, 0x0000, 0x0000, 0x0000, 0x0000,
    0x0000, 0x0000, 0x0000, 0x0000, 0x0000, 0x0000, 0x0000, 0x0000, 0x0000, 0x0000, 0x0000, 0x0000,
    0x0000, 0x0000, 0x0000, 0x0000, 0x0000, 0x0000, 0x0000, 0x0000, 0x0000, 0x0000, 0x0000, 0x0000,
    0x0000, 0x0000, 0x0000, 0x0000, 0x0000, 0x0000, 0x0000, 0x0000, 0x0000, 0x0000, 0x0000, 0x0021,
    0x00AE, 0x2960, 0xF601, 0xF560, 0xFDA0, 0xED00, 0xD440, 0xED20, 0xED80, 0xED60, 0xFE61, 0xFE81,
    0xF621, 0xE520, 0xD500, 0xB3C0, 0xFEE0, 0xFE80, 0xFE60, 0xFE40, 0xFE80, 0xFE80, 0xFEA0, 0xFEA0,
    0xFE80, 0xFE80, 0xFE80, 0xFE80, 0xFE80, 0xFE80, 0xFE80, 0xFE80, 0xFEA0, 0xFEA0, 0xFEA0, 0xFEA0,
    0x5940, 0x0005, 0x00EE, 0x00CD, 0x00F0, 0x0089, 0x0000, 0x0000, 0x0000, 0x0000, 0x0000, 0x0000,
    0x0000, 0x0000, 0x0000, 0x0000, 0x0000, 0x0000, 0x0000, 0x0000, 0x0000, 0x0000, 0x0000, 0x0000,
    0x0000, 0x0000, 0x0000, 0x0000, 0x0000, 0x0000, 0x0000, 0x0000, 0x0000, 0x0000, 0x0000, 0x0000,
    0x0000, 0x0000, 0x0000, 0x0000, 0x0000, 0x0000, 0x0000, 0x0000, 0x0000, 0x0000, 0x0000, 0x0000,
    0x0000, 0x0000, 0x0000, 0x0000, 0x0000, 0x0000, 0x0000, 0x0000, 0x0000, 0x0000, 0x0000, 0x0000,
    0x0000, 0x0000, 0x0000, 0x0000, 0x0000, 0x0000, 0x0000, 0x0000, 0x010C, 0x0046, 0xBD27, 0xFE60,
    0xFE40, 0xFE60, 0xFE60, 0xFE81, 0xFE80, 0xFE80, 0xFE80, 0xFE80, 0xFE80, 0xFE80, 0xFE80, 0xFE60,
    0xFE80, 0xFE80, 0xFE80, 0xFE60, 0xFE60, 0xFE80, 0xFE60, 0xFE80, 0xFE60, 0xFE60, 0xFE80, 0xFE80,
    0xFE80, 0xFE80, 0xFE80, 0xFE80, 0xFE60, 0xFEE0, 0xDCC0, 0x0800, 0x00CD, 0x00F0, 0x00F0, 0x0132,
    0x0067, 0x0000, 0x0000, 0x0000, 0x0000, 0x0000, 0x0000, 0x0000, 0x0000, 0x0000, 0x0000, 0x0000,
    0x0000, 0x0000, 0x0000, 0x0000, 0x0000, 0x0000, 0x0000, 0x0000, 0x0000, 0x0000, 0x0000, 0x0000,
    0x0000, 0x0000, 0x0000, 0x0000, 0x0000, 0x0000, 0x0000, 0x0000, 0x0000, 0x0000, 0x0000, 0x0000,
    0x0000, 0x0000, 0x0000, 0x0000, 0x0000, 0x0000, 0x0000, 0x0000, 0x0000, 0x0000, 0x0000, 0x0000,
    0x0000, 0x0000, 0x0000, 0x0000, 0x0000, 0x0000, 0x0000, 0x0000, 0x0000, 0x0000, 0x0000, 0x0000,
    0x0000, 0x0000, 0x0000, 0x0000, 0x0000, 0x0000, 0x0000, 0x0000, 0x0000, 0x0000, 0x0000, 0x0000,
    0x0000, 0x0000, 0x0000, 0x0000, 0x0000, 0x0000, 0x0000, 0x0000, 0x0000, 0x0000, 0x0000, 0x0000,
    0x0000, 0x0000, 0x0000, 0x0000, 0x0000, 0x0000, 0x0000, 0x0000, 0x0000, 0x0000, 0x0000, 0x00A9,
    0x0028, 0x9402, 0xFE60, 0xFDE0, 0xF5A0, 0xF580, 0xED00, 0xFE20, 0xF560, 0xEDA0, 0xFEC0, 0xFE60,
    0xF5E0, 0xFE81, 0xA360, 0xE5C0, 0xFEA0, 0xFE80, 0xEDC0, 0xF620, 0xF640, 0xFE80, 0xFE80, 0xF620,
    0xFE60, 0xFE80, 0xFE80, 0xFE80, 0xFE80, 0xFE80, 0xFE80, 0xFE60, 0xFE80, 0xF680, 0xFF00, 0xD420,
    0x0001, 0x00AA, 0x00AC, 0x00CD, 0x00AD, 0x0001, 0x0000, 0x0000, 0x0000, 0x0000, 0x0000, 0x0000,
    0x0000, 0x0000, 0x0000, 0x0000, 0x0000, 0x0000, 0x0000, 0x0000, 0x0000, 0x0000, 0x0000, 0x0000,
    0x0000, 0x0000, 0x0000, 0x0000, 0x0000, 0x0000, 0x0000, 0x0000, 0x0000, 0x0000, 0x0000, 0x0000,
    0x0000, 0x0000, 0x0000, 0x0000, 0x0000, 0x0000, 0x0000, 0x0000, 0x0000, 0x0000, 0x0000, 0x0000,
    0x0000, 0x0000, 0x0000, 0x0000, 0x0000, 0x0000, 0x0000, 0x0000, 0x0000, 0x0000, 0x0000, 0x0000,
    0x0000, 0x0000, 0x0000, 0x0000, 0x0000, 0x0000, 0x0000, 0x0021, 0x00CD, 0x2945, 0xEDE5, 0xF5C0,
    0xFE80, 0xF600, 0xFE80, 0xFE80, 0xFE80, 0xFE80, 0xFE80, 0xFE80, 0xFEA1, 0xFEC0, 0xFE60, 0xFEA0,
    0xFEC0, 0xFEA0, 0xFEA0, 0xFEA0, 0xFEC0, 0xFEC0, 0xFEA0, 0xFE60, 0xFE40, 0xFE80, 0xFE80, 0xFE80,
    0xFE80, 0xFE80, 0xFE80, 0xFE80, 0xFE80, 0xFEC1, 0x6180, 0x0005, 0x00EF, 0x00CE, 0x00F0, 0x00CE,
    0x0000, 0x0000, 0x0000, 0x0000, 0x0000, 0x0000, 0x0000, 0x0000, 0x0000, 0x0000, 0x0000, 0x0000,
    0x0000, 0x0000, 0x0000, 0x0000, 0x0000, 0x0000, 0x0000, 0x0000, 0x0000, 0x0000, 0x0000, 0x0000,
    0x0000, 0x0000, 0x0000, 0x0000, 0x0000, 0x0000, 0x0000, 0x0000, 0x0000, 0x0000, 0x0000, 0x0000,
    0x0000, 0x0000, 0x0000, 0x0000, 0x0000, 0x0000, 0x0000, 0x0000, 0x0000, 0x0000, 0x0000, 0x0000,
    0x0000, 0x0000, 0x0000, 0x0000, 0x0000, 0x0000, 0x0000, 0x0000, 0x0000, 0x0000, 0x0000, 0x0000,
    0x0000, 0x0000, 0x0000, 0x0000, 0x0000, 0x0000, 0x0000, 0x0000, 0x0000, 0x0000, 0x0000, 0x0000,
    0x0000, 0x0000, 0x0000, 0x0000, 0x0000, 0x0000, 0x0000, 0x0000, 0x0000, 0x0000, 0x0000, 0x0000,
    0x0000, 0x0000, 0x0000, 0x0000, 0x0000, 0x0000, 0x0000, 0x0000, 0x0000, 0x0000, 0x0000, 0x00EE,
    0x10C2, 0xE5C3, 0xFE00, 0xED40, 0xD400, 0xD400, 0xFE01, 0xFE40, 0xF5E1, 0xF5C0, 0xFE40, 0xF600,
    0xFE40, 0xFE80, 0xE540, 0xFF20, 0xFEE0, 0xFEC0, 0xFDE0, 0xFEE0, 0xFE40, 0xFD00, 0xFE20, 0xFE20,
    0xFEA0, 0xFF20, 0xFF20, 0xFF00, 0xFF20, 0xFF20, 0xFF20, 0xFF40, 0xFF20, 0xFF40, 0xFE80, 0x48E0,
    0x0025, 0x00AB, 0x008B, 0x00CE, 0x0067, 0x0000, 0x0000, 0x0000, 0x0000, 0x0000, 0x0000, 0x0000,
    0x0000, 0x0000, 0x0000, 0x0000, 0x0000, 0x0000, 0x0000, 0x0000, 0x0000, 0x0000, 0x0000, 0x0000,
    0x0000, 0x0000, 0x0000, 0x0000, 0x0000, 0x0000, 0x0000, 0x0000, 0x0000, 0x0000, 0x0000, 0x0000,
    0x0000, 0x0000, 0x0000, 0x0000, 0x0000, 0x0000, 0x0000, 0x0000, 0x0000, 0x0000, 0x0000, 0x0000,
    0x0000, 0x0000, 0x0000, 0x0000, 0x0000, 0x0000, 0x0000, 0x0000, 0x0000, 0x0000, 0x0000, 0x0000,
    0x0000, 0x0000, 0x0000, 0x0000, 0x0000, 0x0000, 0x0000, 0x00C9, 0x006A, 0x8345, 0xFE61, 0xFE20,
    0xF600, 0xBB00, 0xDC80, 0xFEE0, 0xFE80, 0xFEA0, 0xFEC0, 0xFEC0, 0xFE60, 0xFE00, 0xFDC0, 0xFE40,
    0xFE40, 0xFE20, 0xFE40, 0xFE60, 0xFE40, 0xFE40, 0xFEA0, 0xFE60, 0xFE60, 0xFE80, 0xFE80, 0xFE80,
    0xFE80, 0xFEA0, 0xFEA0, 0xFE80, 0xFF01, 0xDC80, 0x0800, 0x00AB, 0x00CD, 0x00CD, 0x00F0, 0x0046,
    0x0000, 0x0000, 0x0000, 0x0000, 0x0000, 0x0000, 0x0000, 0x0000, 0x0000, 0x0000, 0x0000, 0x0000,
    0x0000, 0x0000, 0x0000, 0x0000, 0x0000, 0x0000, 0x0000, 0x0000, 0x0000, 0x0000, 0x0000, 0x0000,
    0x0000, 0x0000, 0x0000, 0x0000, 0x0000, 0x0000, 0x0000, 0x0000, 0x0000, 0x0000, 0x0000, 0x0000,
    0x0000, 0x0000, 0x0000, 0x0000, 0x0000, 0x0000, 0x0000, 0x0000, 0x0000, 0x0000, 0x0000, 0x0000,
    0x0000, 0x0000, 0x0000, 0x0000, 0x0000, 0x0000, 0x0000, 0x0000, 0x0000, 0x0000, 0x0000, 0x0000,
    0x0000, 0x0000, 0x0000, 0x0000, 0x0000, 0x0000, 0x0000, 0x0000, 0x0000, 0x0000, 0x0000, 0x0000,
    0x0000, 0x0000, 0x0000, 0x0000, 0x0000, 0x0000, 0x0000, 0x0000, 0x0000, 0x0000, 0x0000, 0x0000,
    0x0000, 0x0000, 0x0000, 0x0000, 0x0000, 0x0000, 0x0000, 0x0000, 0x0000, 0x0000, 0x0086, 0x006B,
    0x6B00, 0xFE21, 0xF5A0, 0xF580, 0xDCA0, 0xD420, 0xFE81, 0xFE20, 0xFE80, 0xF600, 0xF5E0, 0xF5C0,
    0xFE60, 0xD3E0, 0xB320, 0xBB80, 0xAB40, 0xAB60, 0xB360, 0xBBA0, 0xB340, 0xB280, 0xB360, 0xB300,
    0xAB00, 0xB340, 0xAB40, 0xAB20, 0xB360, 0xB3A0, 0xABA0, 0xB3A0, 0xB360, 0xB400, 0x82A0, 0x0001,
    0x00AA, 0x008A, 0x00AB, 0x00AB, 0x0000, 0x0000, 0x0000, 0x0000, 0x0000, 0x0000, 0x0000, 0x0000,
    0x0000, 0x0000, 0x0000, 0x0000, 0x0000, 0x0000, 0x0000, 0x0000, 0x0000, 0x0000, 0x0000, 0x0000,
    0x0000, 0x0000, 0x0000, 0x0000, 0x0000, 0x0000, 0x0000, 0x0000, 0x0000, 0x0000, 0x0000, 0x0000,
    0x0000, 0x0000, 0x0000, 0x0000, 0x0000, 0x0000, 0x0000, 0x0000, 0x0000, 0x0000, 0x0000, 0x0000,
    0x0000, 0x0000, 0x0000, 0x0000, 0x0000, 0x0000, 0x0000, 0x0000, 0x0000, 0x0000, 0x0000, 0x0000,
    0x0000, 0x0000, 0x0000, 0x0000, 0x0000, 0x0000, 0x0000, 0x010D, 0x08A6, 0xD566, 0xFDC0, 0xF5E0,
    0xFE60, 0xE4E0, 0xF600, 0xF640, 0xF5E0, 0xF660, 0xF620, 0xFEA0, 0x91E0, 0x3860, 0x40A0, 0x4080,
    0x3880, 0x3880, 0x40A0, 0x48C0, 0x3880, 0x9B83, 0xFF00, 0xFE60, 0xFEA0, 0xFEA0, 0xFEA0, 0xFE80,
    0xFE80, 0xFEA0, 0xFEA0, 0xFEA0, 0xFEA0, 0x5940, 0x0006, 0x00CD, 0x00AC, 0x00CE, 0x00AC, 0x0000,
    0x0000, 0x0000, 0x0000, 0x0000, 0x0000, 0x0000, 0x0000, 0x0000, 0x0000, 0x0000, 0x0000, 0x0000,
    0x0000, 0x0000, 0x0000, 0x0000, 0x0000, 0x0000, 0x0000, 0x0000, 0x0000, 0x0000, 0x0000, 0x0000,
    0x0000, 0x0000, 0x0000, 0x0000, 0x0000, 0x0000, 0x0000, 0x0000, 0x0000, 0x0000, 0x0000, 0x0000,
    0x0000, 0x0000, 0x0000, 0x0000, 0x0000, 0x0000, 0x0000, 0x0000, 0x0000, 0x0000, 0x0000, 0x0000,
    0x0000, 0x0000, 0x0000, 0x0000, 0x0000, 0x0000, 0x0000, 0x0000, 0x0000, 0x0000, 0x0000, 0x0000,
    0x0000, 0x0000, 0x0000, 0x0000, 0x0000, 0x0000, 0x0000, 0x0000, 0x0000, 0x0000, 0x0000, 0x0000,
    0x0000, 0x0000, 0x0000, 0x0000, 0x0000, 0x0000, 0x0000, 0x0000, 0x0000, 0x0000, 0x0000, 0x0000,
    0x0000, 0x0000, 0x0000, 0x0000, 0x0000, 0x0000, 0x0000, 0x0000, 0x0000, 0x0000, 0x00ED, 0x0064,
    0xCD20, 0xFE00, 0xFE20, 0xFE40, 0xFE20, 0xFE20, 0xEDE0, 0xDD00, 0xFE60, 0xFE80, 0xFE60, 0xFE80,
    0xECC0, 0x1000, 0x0000, 0x0001, 0x0000, 0x0000, 0x0000, 0x0000, 0x0000, 0x0000, 0x0000, 0x0000,
    0x0000, 0x0000, 0x0000, 0x0000, 0x0000, 0x0000, 0x0000, 0x0000, 0x0000, 0x0000, 0x0000, 0x0045,
    0x00AC, 0x00AB, 0x00AC, 0x0045, 0x0000, 0x0000, 0x0000, 0x0000, 0x0000, 0x0000, 0x0000, 0x0000,
    0x0000, 0x0000, 0x0000, 0x0000, 0x0000, 0x0000, 0x0000, 0x0000, 0x0000, 0x0000, 0x0000, 0x0000,
    0x0000, 0x0000, 0x0000, 0x0000, 0x0000, 0x0000, 0x0000, 0x0000, 0x0000, 0x0000, 0x0000, 0x0000,
    0x0000, 0x0000, 0x0000, 0x0000, 0x0000, 0x0000, 0x0000, 0x0000, 0x0000, 0x0000, 0x0000, 0x0000,
    0x0000, 0x0000, 0x0000, 0x0000, 0x0000, 0x0000, 0x0000, 0x0000, 0x0000, 0x0000, 0x0000, 0x0000,
    0x0000, 0x0000, 0x0000, 0x0000, 0x0000, 0x0000, 0x0043, 0x008B, 0x4A26, 0xFEA4, 0xFE20, 0xF5E0,
    0xED80, 0xDD20, 0xFEC0, 0xF620, 0xEDC0, 0xED60, 0xDDC0, 0xC3A0, 0x1000, 0x0002, 0x0002, 0x0002,
    0x0002, 0x0002, 0x0002, 0x0000, 0x0021, 0xD5C4, 0xFEA0, 0xFE80, 0xFEA0, 0xFEA0, 0xFEA0, 0xFEA0,
    0xFEA0, 0xFEA0, 0xFE80, 0xFF20, 0xCC20, 0x0000, 0x00AB, 0x00AD, 0x00AC, 0x00CE, 0x0044, 0x0000,
    0x0000, 0x0000, 0x0000, 0x0000, 0x0000, 0x0000, 0x0000, 0x0000, 0x0000, 0x0000, 0x0000, 0x0000,
    0x0000, 0x0000, 0x0000, 0x0000, 0x0000, 0x0000, 0x0000, 0x0000, 0x0000, 0x0000, 0x0000, 0x0000,
    0x0000, 0x0000, 0x0000, 0x0000, 0x0000, 0x0000, 0x0000, 0x0000, 0x0000, 0x0000, 0x0000, 0x0000,
    0x0000, 0x0000, 0x0000, 0x0000, 0x0000, 0x0000, 0x0000, 0x0000, 0x0000, 0x0000, 0x0000, 0x0000,
    0x0000, 0x0000, 0x0000, 0x0000, 0x0000, 0x0000, 0x0000, 0x0000, 0x0000, 0x0000, 0x0000, 0x0000,
    0x0000, 0x0000, 0x0000, 0x0000, 0x0000, 0x0000, 0x0000, 0x0000, 0x0000, 0x0000, 0x0000, 0x0000,
    0x0000, 0x0000, 0x0000, 0x0000, 0x0000, 0x0000, 0x0000, 0x0000, 0x0000, 0x0000, 0x0000, 0x0000,
    0x0000, 0x0000, 0x0000, 0x0000, 0x0000, 0x0000, 0x0000, 0x0000, 0x0000, 0x0043, 0x008D, 0x4200,
    0xFE61, 0xFE00, 0xFE60, 0xFE20, 0xED60, 0xF5E0, 0xED60, 0xF5E0, 0xFE80, 0xFE80, 0xFE40, 0xFEA0,
    0x9220, 0x0027, 0x00AA, 0x0002, 0x0023, 0x0022, 0x0023, 0x0022, 0x0023, 0x0023, 0x0023, 0x0023,
    0x0023, 0x0023, 0x0023, 0x0023, 0x0022, 0x0022, 0x0022, 0x0022, 0x0022, 0x0023, 0x0001, 0x0045,
    0x00AB, 0x008A, 0x0069, 0x0000, 0x0000, 0x0000, 0x0000, 0x0000, 0x0000, 0x0000, 0x0000, 0x0000,
    0x0000, 0x0000, 0x0000, 0x0000, 0x0000, 0x0000, 0x0000, 0x0000, 0x0000, 0x0000, 0x0000, 0x0000,
    0x0000, 0x0000, 0x0000, 0x0000, 0x0000, 0x0000, 0x0000, 0x0000, 0x0000, 0x0000, 0x0000, 0x0000,
    0x0000, 0x0000, 0x0000, 0x0000, 0x0000, 0x0000, 0x0000, 0x0000, 0x0000, 0x0000, 0x0000, 0x0000,
    0x0000, 0x0000, 0x0000, 0x0000, 0x0000, 0x0000, 0x0000, 0x0000, 0x0000, 0x0000, 0x0000, 0x0000,
    0x0000, 0x0000, 0x0000, 0x0000, 0x0000, 0x0000, 0x00C9, 0x0027, 0xA468, 0xFE40, 0xFDE0, 0xFE00,
    0xCC20, 0xE5A0, 0xFEC0, 0xFEA0, 0xFEE1, 0xFEA0, 0xFF60, 0xA2A0, 0x0005, 0x00EF, 0x0003, 0x0024,
    0x0024, 0x0024, 0x0023, 0x0000, 0x5A85, 0xFF23, 0xFE80, 0xFEA0, 0xFEA0, 0xFEA0, 0xFEC0, 0xFEA0,
    0xFEA0, 0xFEA0, 0xFEC0, 0xFE60, 0x48E0, 0x0004, 0x008B, 0x008A, 0x00AC, 0x0069, 0x0000, 0x0000,
    0x0000, 0x0000, 0x0000, 0x0000, 0x0000, 0x0000, 0x0000, 0x0000, 0x0000, 0x0000, 0x0000, 0x0000,
    0x0000, 0x0000, 0x0000, 0x0000, 0x0000, 0x0000, 0x0000, 0x0000, 0x0000, 0x0000, 0x0000, 0x0000,
    0x0000, 0x0000, 0x0000, 0x0000, 0x0000, 0x0000, 0x0000, 0x0000, 0x0000, 0x0000, 0x0000, 0x0000,
    0x0000, 0x0000, 0x0000, 0x0000, 0x0000, 0x0000, 0x0000, 0x0000, 0x0000, 0x0000, 0x0000, 0x0000,
    0x0000, 0x0000, 0x0000, 0x0000, 0x0000, 0x0000, 0x0000, 0x0000, 0x0000, 0x0000, 0x0000, 0x0000,
    0x0000, 0x0000, 0x0000, 0x0000, 0x0000, 0x0000, 0x0000, 0x0000, 0x0000, 0x0000, 0x0000, 0x0000,
    0x0000, 0x0000, 0x0000, 0x0000, 0x0000, 0x0000, 0x0000, 0x0000, 0x0000, 0x0000, 0x0000, 0x0000,
    0x0000, 0x0000, 0x0000, 0x0000, 0x0000, 0x0000, 0x0000, 0x0000, 0x0000, 0x00EA, 0x0026, 0xAC81,
    0xFEA1, 0xFE80, 0xFE60, 0xF600, 0xED80, 0xFE60, 0xF5E0, 0xFE60, 0xF5E0, 0xF5C0, 0xFEA0, 0xFD60,
    0x2820, 0x00AD, 0x0112, 0x0002, 0x0003, 0x0024, 0x0003, 0x0003, 0x0003, 0x0003, 0x0003, 0x0023,
    0x0023, 0x0003, 0x0003, 0x0003, 0x0003, 0x0003, 0x0003, 0x0002, 0x0002, 0x0002, 0x0003, 0x0004,
    0x00AC, 0x00AC, 0x0023, 0x0000, 0x0000, 0x0000, 0x0000, 0x0000, 0x0000, 0x0000, 0x0000, 0x0000,
    0x0000, 0x0000, 0x0000, 0x0000, 0x0000, 0x0000, 0x0000, 0x0000, 0x0000, 0x0000, 0x0000, 0x0000,
    0x0000, 0x0000, 0x0000, 0x0000, 0x0000, 0x0000, 0x0000, 0x0000, 0x0000, 0x0000, 0x0000, 0x0000,
    0x0000, 0x0000, 0x0000, 0x0000, 0x0000, 0x0000, 0x0000, 0x0000, 0x0000, 0x0000, 0x0000, 0x0000,
    0x0000, 0x0000, 0x0000, 0x0000, 0x0000, 0x0000, 0x0000, 0x0000, 0x0000, 0x0000, 0x0000, 0x0000,
    0x0000, 0x0000, 0x0000, 0x0000, 0x0000, 0x0000, 0x00AB, 0x1905, 0xF686, 0xFE00, 0xF580, 0xDCA0,
    0xBB60, 0xFEE1, 0xFEC0, 0xFE80, 0xFEC0, 0xE5A0, 0xFD80, 0x4860, 0x0069, 0x0133, 0x0047, 0x0003,
    0x0025, 0x0025, 0x0026, 0x0001, 0xB4E5, 0xFEC0, 0xFE80, 0xFEC0, 0xFEC0, 0xFEC0, 0xFEC0, 0xFEC0,
    0xFE80, 0xFE80, 0xFF20, 0xC3A0, 0x0000, 0x0067, 0x0069, 0x006A, 0x00AC, 0x0024, 0x0000, 0x0000,
    0x0000, 0x0000, 0x0000, 0x0000, 0x0000, 0x0000, 0x0000, 0x0000, 0x0000, 0x0000, 0x0000, 0x0000,
    0x0000, 0x0000, 0x0000, 0x0000, 0x0000, 0x0000, 0x0000, 0x0000, 0x0000, 0x0000, 0x0000, 0x0000,
    0x0000, 0x0000, 0x0000, 0x0000, 0x0000, 0x0000, 0x0000, 0x0000, 0x0000, 0x0000, 0x0000, 0x0000,
    0x0000, 0x0000, 0x0000, 0x0000, 0x0000, 0x0000, 0x0000, 0x0000, 0x0000, 0x0000, 0x0000, 0x0000,
    0x0000, 0x0000, 0x0000, 0x0000, 0x0000, 0x0000, 0x0000, 0x0000, 0x0000, 0x0000, 0x0000, 0x0000,
    0x0000, 0x0000, 0x0000, 0x0000, 0x0000, 0x0000, 0x0000, 0x0000, 0x0000, 0x0000, 0x0000, 0x0000,
    0x0000, 0x0000, 0x0000, 0x0000, 0x0000, 0x0000, 0x0000, 0x0000, 0x0000, 0x0000, 0x0000, 0x0000,
    0x0000, 0x0000, 0x0000, 0x0000, 0x0000, 0x0000, 0x0000, 0x0000, 0x0021, 0x00EF, 0x2961, 0xF6A1,
    0xFE60, 0xFE40, 0xFE60, 0xF5E0, 0xFE20, 0xFE20, 0xF620, 0xFEA0, 0xFE60, 0xFE40, 0xFEA0, 0xB2E0,
    0x0002, 0x00EE, 0x0112, 0x00CE, 0x0002, 0x0002, 0x0002, 0x0002, 0x0002, 0x0002, 0x0001, 0x0001,
    0x0001, 0x0001, 0x0001, 0x0002, 0x0002, 0x0001, 0x0001, 0x0002, 0x0003, 0x0002, 0x0003, 0x0002,
    0x0046, 0x0068, 0x0000, 0x0000, 0x0000, 0x0000, 0x0000, 0x0000, 0x0000, 0x0000, 0x0000, 0x0000,
    0x0000, 0x0000, 0x0000, 0x0000, 0x0000, 0x0000, 0x0000, 0x0000, 0x0000, 0x0000, 0x0000, 0x0000,
    0x0000, 0x0000, 0x0000, 0x0000, 0x0000, 0x0000, 0x0000, 0x0000, 0x0000, 0x0000, 0x0000, 0x0000,
    0x0000, 0x0000, 0x0000, 0x0000, 0x0000, 0x0000, 0x0000, 0x0000, 0x0000, 0x0000, 0x0000, 0x0000,
    0x0000, 0x0000, 0x0000, 0x0000, 0x0000, 0x0000, 0x0000, 0x0000, 0x0000, 0x0000, 0x0000, 0x0000,
    0x0000, 0x0000, 0x0000, 0x0000, 0x0000, 0x00A6, 0x00AB, 0x62A4, 0xFDE1, 0xF5E0, 0xFE20, 0xCC00,
    0xBC20, 0xFF20, 0xEDC0, 0xEDE0, 0xFE80, 0xED40, 0xD2A0, 0x0801, 0x00EF, 0x0111, 0x00EF, 0x0025,
    0x0026, 0x0047, 0x0005, 0x2964, 0xF6A4, 0xF620, 0xFE60, 0xFE80, 0xFEC0, 0xFE80, 0xFEA0, 0xFEA0,
    0xFEC0, 0xFF20, 0xFE00, 0x3880, 0x0004, 0x0069, 0x0089, 0x008A, 0x0068, 0x0000, 0x0000, 0x0000,
    0x0000, 0x0000, 0x0000, 0x0000, 0x0000, 0x0000, 0x0000, 0x0000, 0x0000, 0x0000, 0x0000, 0x0000,
    0x0000, 0x0000, 0x0000, 0x0000, 0x0000, 0x0000, 0x0000, 0x0000, 0x0000, 0x0000, 0x0000, 0x0000,
    0x0000, 0x0000, 0x0000, 0x0000, 0x0000, 0x0000, 0x0000, 0x0000, 0x0000, 0x0000, 0x0000, 0x0000,
    0x0000, 0x0000, 0x0000, 0x0000, 0x0000, 0x0000, 0x0000, 0x0000, 0x0000, 0x0000, 0x0000, 0x0000,
    0x0000, 0x0000, 0x0000, 0x0000, 0x0000, 0x0000, 0x0000, 0x0000, 0x0000, 0x0000, 0x0000, 0x0000,
    0x0000, 0x0000, 0x0000, 0x0000, 0x0000, 0x0000, 0x0000, 0x0000, 0x0000, 0x0000, 0x0000, 0x0000,
    0x0000, 0x0000, 0x0000, 0x0000, 0x0000, 0x0000, 0x0000, 0x0000, 0x0000, 0x0000, 0x0000, 0x0000,
    0x0000, 0x0000, 0x0000, 0x0000, 0x0000, 0x0000, 0x0000, 0x0000, 0x00C8, 0x006A, 0x8380, 0xFE81,
    0xFE40, 0xFE40, 0xFE60, 0xFE40, 0xFE80, 0xF5E0, 0xFEA0, 0xFEA0, 0xFE80, 0xFEA0, 0xFE40, 0x50C0,
    0x0025, 0x00AA, 0x00CD, 0x0132, 0x00CD, 0x00AA, 0x00CB, 0x00CD, 0x00ED, 0x00EC, 0x00EB, 0x00EC,
    0x00EC, 0x00CB, 0x00CB, 0x00CA, 0x00A9, 0x00AA, 0x00EC, 0x0047, 0x0002, 0x0024, 0x0047, 0x0026,
    0x0069, 0x010F, 0x00CC, 0x012E, 0x018F, 0x016F, 0x00C9, 0x0000, 0x0000, 0x0000, 0x0045, 0x010E,
    0x012F, 0x012E, 0x012E, 0x012E, 0x014E, 0x016F, 0x01B0, 0x00A7, 0x0065, 0x012F, 0x012E, 0x014F,
    0x012F, 0x012F, 0x012F, 0x012F, 0x012F, 0x012F, 0x012F, 0x012F, 0x012F, 0x012F, 0x012F, 0x012F,
    0x012F, 0x012F, 0x012F, 0x012F, 0x014F, 0x0066, 0x0000, 0x0000, 0x0000, 0x0000, 0x0000, 0x0023,
    0x010E, 0x00CD, 0x00EC, 0x012E, 0x012E, 0x010E, 0x012E, 0x014E, 0x014E, 0x012E, 0x012D, 0x014E,
    0x014E, 0x014E, 0x00EB, 0x0001, 0x0000, 0x00EA, 0x0066, 0xBCC7, 0xF620, 0xFEA0, 0xFE60, 0xD4E0,
    0xFE60, 0xFE80, 0xDCE0, 0xED80, 0xFEC0, 0xFDA0, 0x7860, 0x0026, 0x00F0, 0x00CF, 0x0113, 0x0068,
    0x0002, 0x0088, 0x0003, 0x8BE8, 0xFF22, 0xF680, 0xFEA0, 0xFE40, 0xFE20, 0xFF00, 0xFF00, 0xFEA0,
    0xFE00, 0xF5A0, 0xA2C0, 0x0001, 0x0046, 0x0049, 0x006C, 0x008C, 0x00CD, 0x010C, 0x016D, 0x016E,
    0x012E, 0x010B, 0x0000, 0x0000, 0x0000, 0x00EA, 0x012F, 0x00ED, 0x010E, 0x010D, 0x00EC, 0x012D,
    0x012E, 0x012E, 0x016F, 0x0065, 0x0000, 0x0000, 0x0000, 0x0000, 0x0000, 0x0022, 0x010F, 0x010E,
    0x010E, 0x010E, 0x012E, 0x010E, 0x014E, 0x012E, 0x010E, 0x010E, 0x00EA, 0x0000, 0x0000, 0x00A9,
    0x010E, 0x010E, 0x012E, 0x012E, 0x010D, 0x00ED, 0x010E, 0x012E, 0x010D, 0x00ED, 0x00ED, 0x012E,
    0x012E, 0x010D, 0x010D, 0x00ED, 0x00ED, 0x010D, 0x012D, 0x012D, 0x012E, 0x012E, 0x010D, 0x010D,
    0x012E, 0x014F, 0x0024, 0x0000, 0x0000, 0x0000, 0x0000, 0x0000, 0x0000, 0x0000, 0x0000, 0x0000,
    0x0000, 0x0000, 0x0000, 0x0000, 0x0000, 0x0000, 0x0000, 0x0000, 0x0000, 0x0000, 0x0000, 0x0000,
    0x0000, 0x0000, 0x0000, 0x0000, 0x0000, 0x0000, 0x0000, 0x0000, 0x010E, 0x08A4, 0xDDA2, 0xFE80,
    0xFE80, 0xFEC0, 0xFE20, 0xFE40, 0xFE80, 0xFE80, 0xFEE1, 0xFEC0, 0xFE80, 0xFEE0, 0xC400, 0x0000,
    0x0002, 0x0002, 0x0002, 0x0003, 0x0046, 0x0067, 0x0047, 0x0027, 0x0047, 0x0068, 0x0067, 0x0088,
    0x0088, 0x0047, 0x0047, 0x0067, 0x0046, 0x0046, 0x0066, 0x0022, 0x0000, 0x00AB, 0x0021, 0x1060,
    0x1061, 0x1082, 0x10A2, 0x10A2, 0x18C2, 0x10C2, 0x0001, 0x0001, 0x0000, 0x0066, 0x0047, 0x08A3,
    0x10E4, 0x10E3, 0x1905, 0x1927, 0x10E4, 0x10C3, 0x18E3, 0x0022, 0x00CB, 0x08A4, 0x10E4, 0x10E3,
    0x10C3, 0x18C2, 0x18C2, 0x18A2, 0x18C2, 0x18C2, 0x18C2, 0x18C2, 0x18C2, 0x18C2, 0x18C2, 0x18C2,
    0x18E2, 0x18E3, 0x18C2, 0x18E2, 0x10E3, 0x0000, 0x0000, 0x0000, 0x0000, 0x0000, 0x0001, 0x00EF,
    0x0045, 0x1904, 0x1905, 0x1904, 0x1905, 0x1905, 0x1905, 0x18E5, 0x1905, 0x1926, 0x1926, 0x1926,
    0x1905, 0x1905, 0x0862, 0x0002, 0x0842, 0x0048, 0x2964, 0xFEC5, 0xFEA0, 0xFE80, 0xF600, 0xD4C0,
    0xFEC0, 0xFE80, 0xFE20, 0xED80, 0xEDE0, 0xE420, 0x1800, 0x00AB, 0x00EF, 0x00F0, 0x00F1, 0x0002,
    0x0000, 0x00CB, 0x1926, 0xFEE7, 0xFEA0, 0xFE20, 0xFDC0, 0xE4C0, 0xC3A0, 0xA2E0, 0x7A20, 0x5940,
    0x3080, 0x1000, 0x0000, 0x0068, 0x0025, 0x1081, 0x18C1, 0x2103, 0x2124, 0x20E3, 0x20E4, 0x10A2,
    0x2922, 0x1020, 0x0022, 0x0000, 0x0064, 0x00ED, 0x10A3, 0x2945, 0x2124, 0x2125, 0x2125, 0x2145,
    0x2125, 0x2964, 0x1880, 0x0002, 0x0042, 0x0000, 0x0000, 0x0000, 0x0000, 0x0110, 0x0087, 0x2145,
    0x2125, 0x2125, 0x2966, 0x2966, 0x2145, 0x2145, 0x2965, 0x2985, 0x1081, 0x0000, 0x0064, 0x00ED,
    0x18C4, 0x2966, 0x2145, 0x2145, 0x2966, 0x2946, 0x2145, 0x2125, 0x2125, 0x2145, 0x2945, 0x2145,
    0x2145, 0x2145, 0x2145, 0x2145, 0x2145, 0x2145, 0x2145, 0x2145, 0x2145, 0x2145, 0x2145, 0x2165,
    0x3143, 0x0800, 0x0066, 0x0065, 0x0000, 0x0000, 0x0000, 0x0000, 0x0000, 0x0000, 0x0000, 0x0000,
    0x0000, 0x0000, 0x0000, 0x0000, 0x0000, 0x0000, 0x0000, 0x0000, 0x0000, 0x0000, 0x0000, 0x0000,
    0x0000, 0x0000, 0x0000, 0x0000, 0x0000, 0x0000, 0x0000, 0x0085, 0x008C, 0x5A83, 0xFF23, 0xFE80,
    0xFEA0, 0xFE60, 0xFEA0, 0xFEA0, 0xFE60, 0xFE40, 0xFEC0, 0xFEC0, 0xFE60, 0xFEC0, 0xD520, 0xB4C2,
    0xBCE5, 0xBD06, 0xBCE5, 0xBD04, 0xBC85, 0xC4E5, 0xB486, 0xBCC5, 0xBCE4, 0xBD05, 0xBCA4, 0xC504,
    0xBCA4, 0xC524, 0xC564, 0xC504, 0xC4C3, 0xCD61, 0xA3A0, 0x0000, 0x00A8, 0x0047, 0x8365, 0xF500,
    0xE460, 0xE420, 0xF500, 0xEC80, 0xE480, 0xC360, 0x0001, 0x00AB, 0x0000, 0x00CA, 0x10E4, 0xDDA6,
    0xF5A1, 0xEDA2, 0xED83, 0xF5C4, 0xED62, 0xF601, 0xB360, 0x0003, 0x0024, 0xAC42, 0xF5E2, 0xED81,
    0xED61, 0xF540, 0xF540, 0xF540, 0xF540, 0xF560, 0xF560, 0xF580, 0xF580, 0xF5A0, 0xF580, 0xF580,
    0xF580, 0xF580, 0xF580, 0xF5C0, 0xED00, 0x1820, 0x0046, 0x0000, 0x0000, 0x0000, 0x010F, 0x0007,
    0x8B82, 0xF624, 0xF5E5, 0xF5A3, 0xED22, 0xED64, 0xF5E4, 0xED84, 0xF604, 0xF604, 0xF605, 0xF624,
    0xEE44, 0xFEC5, 0x69A0, 0x0005, 0x08CB, 0x0004, 0x83C6, 0xFE60, 0xF5E0, 0xFE80, 0xFE60, 0xFE80,
    0xFEC0, 0xFEC0, 0xDD00, 0xE5A0, 0xFDC0, 0xA220, 0x0002, 0x00CD, 0x00CE, 0x00F0, 0x008B, 0x0000,
    0x0042, 0x0046, 0x4161, 0x9B21, 0x69A0, 0x40C0, 0x2040, 0x0800, 0x0000, 0x0001, 0x0001, 0x0002,
    0x0003, 0x0003, 0x0002, 0x0047, 0x0022, 0xBD29, 0xE4A1, 0xE4C3, 0xFE03, 0xE482, 0xECA3, 0xE502,
    0xF4A2, 0x3040, 0x00CE, 0x0001, 0x0065, 0x0045, 0xC529, 0xFE25, 0xF5C4, 0xFDE4, 0xFDE5, 0xFE05,
    0xF5E5, 0xFE05, 0x6100, 0x006A, 0x0150, 0x0000, 0x0000, 0x0000, 0x00CA, 0x0029, 0x7306, 0xFE87,
    0xF5E4, 0xF5E4, 0xFDE5, 0xFE25, 0xFE44, 0xF644, 0xF664, 0xFE85, 0x81A0, 0x0007, 0x010D, 0x0025,
    0xA488, 0xFEC6, 0xFE25, 0xFE45, 0xFE65, 0xFE45, 0xFE25, 0xFE04, 0xFE64, 0xFE85, 0xFEA5, 0xFE65,
    0xFE65, 0xFE85, 0xFEA5, 0xFEC5, 0xFEE5, 0xFF05, 0xFF05, 0xFF05, 0xFF04, 0xFF25, 0xFF45, 0xFFC6,
    0xC304, 0x0800, 0x0176, 0x0173, 0x0000, 0x0000, 0x0000, 0x0000, 0x0000, 0x0000, 0x0000, 0x0000,
    0x0000, 0x0000, 0x0000, 0x0000, 0x0000, 0x0000, 0x0000, 0x0000, 0x0000, 0x0000, 0x0000, 0x0000,
    0x0000, 0x0000, 0x0000, 0x0000, 0x0000, 0x0000, 0x0000, 0x010C, 0x0046, 0xBD24, 0xFEE0, 0xFE60,
    0xFEA0, 0xFE80, 0xFEC0, 0xFE80, 0xFE60, 0xFEA0, 0xFE80, 0xF5C0, 0xFE40, 0xFEA0, 0xFEA0, 0xFEC0,
    0xFEA0, 0xFEA0, 0xFEC0, 0xFEA0, 0xFE60, 0xFE60, 0xFE80, 0xFEC0, 0xFEC0, 0xFEC0, 0xFEA0, 0xFE80,
    0xF580, 0xFEE0, 0xFEA0, 0xFE00, 0xFEA0, 0xFF00, 0xDBC0, 0x0001, 0x00A9, 0x08A3, 0xE566, 0xFD40,
    0xFD40, 0xF4C0, 0xFD20, 0xFD20, 0xFC80, 0x6100, 0x0027, 0x0133, 0x0044, 0x0004, 0x62E7, 0xFE42,
    0xFDA0, 0xFDA0, 0xFD60, 0xFDC0, 0xFDC0, 0xFDA0, 0x5920, 0x0026, 0x2143, 0xF5E3, 0xFDC0, 0xFDC0,
    0xFDA0, 0xFDE0, 0xFDE0, 0xFDC0, 0xFDC0, 0xFDC0, 0xFDE0, 0xFDE0, 0xFE00, 0xFE00, 0xFE00, 0xFE00,
    0xFDE0, 0xFDE0, 0xFDC0, 0xFE40, 0xCB80, 0x0002, 0x00CD, 0x0022, 0x0000, 0x00C9, 0x006B, 0x5A40,
    0xFEA2, 0xFDC0, 0xFDA0, 0xFDA0, 0xFD80, 0xFD40, 0xF540, 0xF560, 0xFE20, 0xFDA0, 0xFDC0, 0xFDE0,
    0xFE20, 0xFDA0, 0x4080, 0x008C, 0x008B, 0x0042, 0xD5A7, 0xFE80, 0xF620, 0xFEA0, 0xFE80, 0xFEC0,
    0xFE80, 0xFE40, 0xD500, 0xDD60, 0xFD80, 0x5040, 0x0048, 0x00CD, 0x00AD, 0x00CE, 0x0023, 0x0000,
    0x0000, 0x0000, 0x0000, 0x0001, 0x0003, 0x0004, 0x0004, 0x0024, 0x0024, 0x0024, 0x0024, 0x0024,
    0x0024, 0x0024, 0x0045, 0x0004, 0x2945, 0xF586, 0xFDA0, 0xFD60, 0xDC40, 0xD3A0, 0xFD60, 0xFD20,
    0xA160, 0x0002, 0x0113, 0x0087, 0x0001, 0x3186, 0xFE44, 0xFDA0, 0xFDC0, 0xFDA0, 0xFDA0, 0xFDA0,
    0xF540, 0xC280, 0x0800, 0x00CE, 0x0133, 0x0001, 0x0000, 0x0065, 0x00AE, 0x2945, 0xF627, 0xFDA0,
    0xFDC0, 0xFDC0, 0xFDA0, 0xFDC0, 0xFDE0, 0xFDE0, 0xF5C0, 0xFD60, 0x5880, 0x006A, 0x0133, 0x0024,
    0xC546, 0xFE20, 0xFDC0, 0xFDE0, 0xFE00, 0xFE00, 0xFE20, 0xFE20, 0xED20, 0xF580, 0xFE20, 0xFE20,
    0xFE20, 0xFE20, 0xFE20, 0xFE20, 0xFE40, 0xFE40, 0xFE60, 0xFE80, 0xFEA0, 0xFE60, 0xFF00, 0xEC80,
    0x1800, 0x0069, 0x0114, 0x01B9, 0x0022, 0x0000, 0x0000, 0x0000, 0x0000, 0x0000, 0x0000, 0x0000,
    0x0000, 0x0000, 0x0000, 0x0000, 0x0000, 0x0000, 0x0000, 0x0000, 0x0000, 0x0000, 0x0000, 0x0000,
    0x0000, 0x0000, 0x0000, 0x0000, 0x0000, 0x0000, 0x0022, 0x00AC, 0x3183, 0xFEE4, 0xFEC0, 0xFE20,
    0xFEA0, 0xFEC0, 0xFEA0, 0xFE40, 0xF600, 0xFE40, 0xFE80, 0xF620, 0xFEA0, 0xFEC0, 0xFEA0, 0xFE80,
    0xFE80, 0xFE60, 0xFE60, 0xFE60, 0xFE60, 0xFE60, 0xFE80, 0xFE60, 0xFE60, 0xFE80, 0xFE80, 0xFEA1,
    0xF600, 0xF5A0, 0xFE80, 0xF601, 0xF600, 0xFE00, 0x68E0, 0x0047, 0x0027, 0x5A64, 0xFD82, 0xFD60,
    0xF4E0, 0xF4E0, 0xF4C0, 0xFCC0, 0xF3A0, 0x1000, 0x0069, 0x00CF, 0x0068, 0x0021, 0xCD27, 0xFDC0,
    0xF5E0, 0xFDA0, 0xFDC0, 0xFDE1, 0xFE40, 0xD380, 0x0802, 0x0046, 0x83A7, 0xFE21, 0xF580, 0xFD80,
    0xFDE0, 0xFE20, 0xFE00, 0xFDE0, 0xFDE0, 0xFE00, 0xFE00, 0xFE00, 0xFE00, 0xFE00, 0xFE00, 0xFE20,
    0xFE00, 0xFE00, 0xFE00, 0xFE20, 0x5940, 0x0027, 0x0110, 0x0044, 0x0064, 0x00CF, 0x2900, 0xF620,
    0xDCC0, 0xF5A0, 0xFDE0, 0xFE00, 0xFDC0, 0xFDE0, 0xE4C0, 0xF580, 0xFE20, 0xFE00, 0xFE20, 0xFDE0,
    0xFE41, 0xCB80, 0x0000, 0x00CD, 0x0006, 0x4A66, 0xFE84, 0xFE60, 0xFE40, 0xF640, 0xF640, 0xFEC0,
    0xFE20, 0xED80, 0xF5E0, 0xF5A0, 0xDB40, 0x0800, 0x00AB, 0x00AC, 0x00CE, 0x00AB, 0x0000, 0x0000,
    0x0000, 0x0001, 0x0046, 0x0046, 0x0046, 0x0045, 0x0025, 0x0025, 0x0025, 0x0025, 0x0004, 0x0024,
    0x0003, 0x0002, 0x0066, 0x0005, 0x8387, 0xFCC1, 0xE460, 0xECA0, 0xDBE0, 0xDC20, 0xDC00, 0xF360,
    0x48A0, 0x0026, 0x00EF, 0x00AB, 0x0000, 0x8BE8, 0xFE41, 0xFDC0, 0xFE00, 0xFDC0, 0xFDC0, 0xF5C0,
    0xFDE0, 0x8980, 0x0003, 0x00CE, 0x00F0, 0x0067, 0x0000, 0x00EE, 0x0024, 0xCD69, 0xFE20, 0xFDE0,
    0xFE00, 0xFE00, 0xFE20, 0xFE00, 0xFDE0, 0xFDE0, 0xFDE0, 0xFD80, 0x4060, 0x0047, 0x006B, 0x10A4,
    0xE626, 0xFE40, 0xFE20, 0xFE20, 0xFE40, 0xFE40, 0xFE80, 0xFE20, 0xF580, 0xFDC0, 0xFE40, 0xFE40,
    0xFE60, 0xFE20, 0xFE40, 0xFE60, 0xFE40, 0xFE40, 0xFE60, 0xFE60, 0xFE60, 0xFEA1, 0xFE41, 0x50C0,
    0x0003, 0x008A, 0x00AD, 0x0178, 0x010E, 0x0000, 0x0000, 0x0000, 0x0000, 0x0000, 0x0000, 0x0000,
    0x0000, 0x0000, 0x0000, 0x0000, 0x0000, 0x0000, 0x0000, 0x0000, 0x0000, 0x0000, 0x0000, 0x0000,
    0x0000, 0x0000, 0x0000, 0x0000, 0x0000, 0x0000, 0x00CA, 0x0007, 0x9C64, 0xFF40, 0xFE80, 0xF620,
    0xFEC0, 0xFEC0, 0xFEC0, 0xF660, 0xF5E0, 0xF5C0, 0xFF01, 0xFF02, 0xFEC0, 0xF640, 0xFEA0, 0xFEC0,
    0xFEA0, 0xFEA0, 0xFEA0, 0xFEA0, 0xFEA0, 0xFEA0, 0xFEA0, 0xFEA0, 0xFEC0, 0xFEC0, 0xFEA0, 0xFEC0,
    0xFE60, 0xF5E0, 0xF5C0, 0xF5E0, 0xF660, 0xEC80, 0x1000, 0x0088, 0x0003, 0xC566, 0xFEA0, 0xF5C0,
    0xDC60, 0xF580, 0xF560, 0xFDA0, 0x91E0, 0x0003, 0x008A, 0x00AB, 0x0006, 0x3140, 0xF5A1, 0xFD60,
    0xFDA0, 0xFE00, 0xFE60, 0xFE60, 0xFEA0, 0x7A00, 0x0003, 0x0863, 0xD5C6, 0xFE80, 0xFE80, 0xE560,
    0xF5E0, 0xFE40, 0xFE40, 0xFE60, 0xFE40, 0xFE40, 0xFE40, 0xFE40, 0xFE60, 0xFE60, 0xFE60, 0xFE40,
    0xFE40, 0xFE40, 0xFEA0, 0xED40, 0x0800, 0x0069, 0x008A, 0x0045, 0x00EF, 0x0862, 0xD580, 0xFE40,
    0xCC00, 0xFE40, 0xFE20, 0xFE60, 0xFE40, 0xFE20, 0xF600, 0xF5E0, 0xF5C0, 0xED20, 0xF5A0, 0xFDC0,
    0xFE21, 0x7180, 0x0004, 0x0089, 0x0003, 0xB529, 0xFF01, 0xF600, 0xE560, 0xEE00, 0xFE80, 0xFEA0,
    0xFE60, 0xFE81, 0xED60, 0xFDC0, 0x8120, 0x0003, 0x00AC, 0x008B, 0x00CD, 0x0045, 0x0000, 0x0000,
    0x0000, 0x0000, 0x0046, 0x0048, 0x0026, 0x0026, 0x0026, 0x0046, 0x0026, 0x0025, 0x0025, 0x0025,
    0x0025, 0x0003, 0x0024, 0x0885, 0xDDC8, 0xFE20, 0xED80, 0xB300, 0xCBC0, 0xECE0, 0xECE0, 0xD340,
    0x0800, 0x0048, 0x006A, 0x0047, 0x0863, 0xD548, 0xFE20, 0xF5A0, 0xF5A0, 0xFDE0, 0xFE00, 0xFE40,
    0xFCE0, 0x2820, 0x0048, 0x008B, 0x00AC, 0x0044, 0x00EA, 0x0028, 0x8386, 0xFE62, 0xF5E0, 0xFE60,
    0xFE60, 0xFE80, 0xFE80, 0xFE40, 0xF5E0, 0xFE40, 0xFE60, 0xFD60, 0x3020, 0x0046, 0x0005, 0x2144,
    0xFEA5, 0xFE80, 0xFE80, 0xFEA0, 0xFEA0, 0xFE80, 0xFEA0, 0xE500, 0xF5E0, 0xFEA0, 0xFE60, 0xFE80,
    0xFE80, 0xF640, 0xFE40, 0xFE80, 0xFE80, 0xFE80, 0xFE80, 0xFE80, 0xFE80, 0xFF01, 0x9A60, 0x0001,
    0x0046, 0x0047, 0x008A, 0x00F2, 0x00CD, 0x0000, 0x0000, 0x0000, 0x0000, 0x0000, 0x0000, 0x0000,
    0x0000, 0x0000, 0x0000, 0x0000, 0x0000, 0x0000, 0x0000, 0x0000, 0x0000, 0x0000, 0x0000, 0x0000,
    0x0000, 0x0000, 0x0000, 0x0000, 0x0000, 0x0000, 0x00EE, 0x18E3, 0xEEC4, 0xFEA0, 0xFE80, 0xFEA0,
    0xFE80, 0xFEA0, 0xFE80, 0xFE40, 0xFE20, 0xFE80, 0xFEA0, 0xFEC0, 0xFEA0, 0xEDE0, 0xFEA0, 0xFEC0,
    0xFEC0, 0xFEC0, 0xFEC0, 0xFEC0, 0xFEC0, 0xFEC0, 0xFEC0, 0xFEC0, 0xFEC0, 0xFEE0, 0xFEC0, 0xFEC0,
    0xFEA0, 0xFEC0, 0xFE60, 0xED60, 0xFEC0, 0x9A00, 0x0003, 0x0027, 0x3183, 0xFEE3, 0xFEA0, 0xFE60,
    0xE520, 0xF600, 0xF5C0, 0xF520, 0x2860, 0x0005, 0x0069, 0x0068, 0x0002, 0x8BC3, 0xFEA0, 0xFE80,
    0xF5C0, 0xF5A0, 0xFE80, 0xFE80, 0xF580, 0x2081, 0x0046, 0x4203, 0xFE62, 0xFE20, 0xFE40, 0xF5C0,
    0xEDC0, 0xFE60, 0xFE60, 0xF620, 0xFE60, 0xFE60, 0xFE60, 0xFE80, 0xFE80, 0xFE80, 0xFE80, 0xFE80,
    0xFE80, 0xFE60, 0xFEE0, 0x8AC0, 0x0002, 0x008A, 0x0047, 0x00CC, 0x0004, 0x9C20, 0xFEA1, 0xEDC0,
    0xF5C0, 0xF640, 0xF620, 0xFE80, 0xFE80, 0xFE80, 0xFEE0, 0xFEA0, 0xFE60, 0xED80, 0xF600, 0xFE80,
    0xECC0, 0x1800, 0x0089, 0x0027, 0x18E2, 0xEDE4, 0xFE20, 0xF5C0, 0xEDA0, 0xEDE0, 0xFEE0, 0xF620,
    0xFEE0, 0xFE40, 0xFE40, 0xEC00, 0x2000, 0x0067, 0x008B, 0x00AB, 0x00AB, 0x0001, 0x0000, 0x0000,
    0x0000, 0x0000, 0x0002, 0x0069, 0x0069, 0x0069, 0x0048, 0x0047, 0x0046, 0x0025, 0x0024, 0x0023,
    0x0022, 0x0065, 0x0028, 0x4A25, 0xF604, 0xF5E0, 0xF520, 0xBB40, 0xD460, 0xF5E0, 0xFD00, 0x6040,
    0x0002, 0x0068, 0x0089, 0x0003, 0x5267, 0xED44, 0xF620, 0xFE60, 0xED40, 0xFE40, 0xFE40, 0xFEE0,
    0xBB00, 0x0001, 0x0089, 0x0069, 0x0027, 0x0066, 0x008B, 0x2963, 0xFE64, 0xFE00, 0xFE80, 0xFE80,
    0xFEA0, 0xFEA0, 0xFEA0, 0xFE80, 0xFEA0, 0xFE80, 0xFEA0, 0xEC80, 0x1800, 0x0067, 0x0003, 0x4203,
    0xFEE2, 0xFE60, 0xFEA1, 0xFE80, 0xFE80, 0xFEA0, 0xFEC0, 0xF620, 0xFE80, 0xF620, 0xFE40, 0xFEC0,
    0xFEA0, 0xFEA0, 0xFE80, 0xFE60, 0xFE60, 0xFE60, 0xFE80, 0xF660, 0xFF20, 0xD3C0, 0x0800, 0x0047,
    0x0047, 0x0046, 0x008A, 0x008A, 0x0000, 0x0000, 0x0000, 0x0000, 0x0000, 0x0000, 0x0000, 0x0000,
    0x0000, 0x0000, 0x0000, 0x0000, 0x0000, 0x0000, 0x0000, 0x0000, 0x0000, 0x0000, 0x0000, 0x0000,
    0x0000, 0x0000, 0x0000, 0x0000, 0x0000, 0x00A8, 0x006A, 0x7342, 0xFF01, 0xF660, 0xFEC0, 0xFF00,
    0xF620, 0xFE60, 0xFEE0, 0xFE80, 0xFE80, 0xFEA0, 0xFE60, 0xF660, 0xFEA0, 0xFEE0, 0xFEE0, 0xFEC0,
    0xFEC0, 0xFEC0, 0xFEC0, 0xFEC0, 0xFEC0, 0xFEC0, 0xFEC0, 0xFEC0, 0xFEC0, 0xFEE0, 0xFEE0, 0xFEC0,
    0xF620, 0xFEA0, 0xFEC0, 0xFEC0, 0xFE20, 0x3860, 0x0047, 0x0004, 0x9C45, 0xFF20, 0xFE80, 0xFE80,
    0xFEC0, 0xFEA0, 0xFEA0, 0xBBE0, 0x0000, 0x0046, 0x0047, 0x0005, 0x10A3, 0xE645, 0xFEA0, 0xFE80,
    0xFE80, 0xFEC1, 0xFEC1, 0xFEE1, 0xAB40, 0x0004, 0x0045, 0xACA6, 0xFEE0, 0xFE60, 0xF5C0, 0xF5C0,
    0xF640, 0xF600, 0xFE60, 0xFE60, 0xFF20, 0xFF00, 0xFF00, 0xFEA0, 0xFEA0, 0xFEA0, 0xFEA0, 0xFEA0,
    0xFE80, 0xFEC0, 0xFE20, 0x2080, 0x0025, 0x0067, 0x00CD, 0x0009, 0x5240, 0xFF00, 0xEDC0, 0xF661,
    0xEDA0, 0xFEC0, 0xFEA0, 0xFEA0, 0xFEA0, 0xFEC0, 0xFEC0, 0xFEC0, 0xFEC0, 0xFEE0, 0xFEC0, 0xFF40,
    0xAB60, 0x0002, 0x00CC, 0x0003, 0x7344, 0xFE41, 0xE5A0, 0xFE60, 0xEE00, 0xEDE1, 0xFEE0, 0xFEC0,
    0xFE60, 0xED20, 0xF5E0, 0xBA80, 0x0002, 0x00AB, 0x008B, 0x00AC, 0x0067, 0x0000, 0x0000, 0x0000,
    0x0000, 0x0000, 0x0000, 0x0067, 0x0068, 0x0045, 0x0023, 0x0022, 0x0001, 0x0000, 0x0000, 0x0000,
    0x0000, 0x00A9, 0x0048, 0xB504, 0xFE40, 0xE540, 0xED20, 0xED60, 0xFE60, 0xF5A0, 0xEC60, 0x1800,
    0x0024, 0x0046, 0x0046, 0x0002, 0xB509, 0xFE60, 0xFE80, 0xFE80, 0xFE40, 0xFEA0, 0xFEA0, 0xFE60,
    0x50C0, 0x0004, 0x0069, 0x0048, 0x0045, 0x00EE, 0x0883, 0xB4A5, 0xC3C0, 0xEDA0, 0xFEA0, 0xFE80,
    0xFEA0, 0xFEA0, 0xFEA0, 0xFEA0, 0xFEA0, 0xFE80, 0xFEE0, 0xE4A0, 0x0800, 0x0067, 0x0003, 0x7BA6,
    0xFFC1, 0xFF00, 0xFF20, 0xFF20, 0xFEE0, 0xFF00, 0xFEC0, 0xFEC0, 0xFF00, 0xED80, 0xF600, 0xFF01,
    0xFEA0, 0xFEC0, 0xFF40, 0xFF40, 0xFF20, 0xFF20, 0xFF20, 0xFF60, 0xFD80, 0x3020, 0x0024, 0x0068,
    0x0047, 0x0047, 0x0047, 0x0001, 0x0000, 0x0000, 0x0000, 0x0000, 0x0000, 0x0000, 0x0000, 0x0000,
    0x0000, 0x0000, 0x0000, 0x0000, 0x0000, 0x0000, 0x0000, 0x0000, 0x0000, 0x0000, 0x0000, 0x0000,
    0x0000, 0x0000, 0x0000, 0x0000, 0x0000, 0x00ED, 0x0064, 0xD5C5, 0xFEC0, 0xFEE0, 0xFEA0, 0xFEC0,
    0xF620, 0xFEE0, 0xF640, 0xF600, 0xF660, 0xF680, 0xFEC0, 0xFE80, 0xEDC0, 0xFEC0, 0xFEC0, 0xFEC0,
    0xFEC0, 0xFEC0, 0xFEC0, 0xFEC0, 0xFEE0, 0xFEE0, 0xFEE0, 0xFEC0, 0xFEE0, 0xFEE0, 0xFEE0, 0xFEE0,
    0xFEA0, 0xFEC0, 0xFE80, 0xFF00, 0xC380, 0x0001, 0x0026, 0x10A2, 0xEE64, 0xFEC0, 0xFEC0, 0xFEA0,
    0xFEC0, 0xFEA0, 0xFEC0, 0x5160, 0x0003, 0x0067, 0x0067, 0x0002, 0x6B26, 0xFF22, 0xFE80, 0xFE80,
    0xFEA0, 0xFEC0, 0xFEA0, 0xFEA0, 0x5120, 0x0004, 0x2104, 0xF684, 0xFEC0, 0xFE60, 0xED80, 0xFE80,
    0xF620, 0xF580, 0xAB60, 0x9B00, 0xA340, 0x9B20, 0x9B40, 0xF662, 0xFEC0, 0xFEA0, 0xFEA0, 0xFEA0,
    0xFE80, 0xFF20, 0xB400, 0x0001, 0x0089, 0x00AA, 0x006A, 0x2920, 0xF660, 0xFE40, 0xEDE0, 0xD520,
    0xEE00, 0xFEE0, 0xFEC0, 0xFF00, 0xFEC0, 0xFE60, 0xFEC0, 0xFEC0, 0xFEE0, 0xFEC0, 0xFEE0, 0xFEA0,
    0x48E0, 0x0007, 0x0089, 0x0021, 0xCD85, 0xFEA0, 0xF640, 0xFE60, 0xFE00, 0xFEC0, 0xFE80, 0xFEE0,
    0xF5E0, 0xEDE0, 0xFE00, 0x60E0, 0x0005, 0x008A, 0x0089, 0x008B, 0x0002, 0x0000, 0x0000, 0x0000,
    0x0000, 0x0000, 0x0000, 0x0000, 0x0000, 0x0000, 0x0000, 0x0000, 0x0000, 0x0000, 0x0000, 0x0000,
    0x0000, 0x00AC, 0x2125, 0xEE05, 0xFE00, 0xEDE0, 0xE500, 0xF5E0, 0xF660, 0xF560, 0xB2C0, 0x0000,
    0x0045, 0x0046, 0x0003, 0x2945, 0xF6E7, 0xFEA0, 0xFE80, 0xFE60, 0xFEA0, 0xFE80, 0xFF20, 0xDC60,
    0x0800, 0x0067, 0x0069, 0x0047, 0x00EC, 0x0004, 0x8340, 0xFE41, 0xCC20, 0xFE60, 0xFE60, 0xFEA0,
    0xFEA0, 0xFEA0, 0xFEC0, 0xFEC0, 0xFEA0, 0xFE80, 0xFF00, 0xD420, 0x0000, 0x0046, 0x0002, 0x5A63,
    0xA380, 0x9B40, 0x9B20, 0xA340, 0xA300, 0xABE2, 0xFEC2, 0xFEA0, 0xFEE0, 0xF600, 0xFE80, 0xFEE0,
    0xFEE0, 0xFE40, 0xB340, 0x9B20, 0x9B20, 0xA320, 0xA320, 0xAB60, 0x6120, 0x0024, 0x00AB, 0x0068,
    0x0048, 0x0047, 0x0001, 0x0000, 0x0000, 0x0000, 0x0000, 0x0000, 0x0000, 0x0000, 0x0000, 0x0000,
    0x0000, 0x0000, 0x0000, 0x0000, 0x0000, 0x0000, 0x0000, 0x0000, 0x0000, 0x0000, 0x0000, 0x0000,
    0x0000, 0x0000, 0x0000, 0x0000, 0x0085, 0x008B, 0x5AA4, 0xFF23, 0xFE80, 0xFEA0, 0xF660, 0xFEA0,
    0xF6A0, 0xFEA0, 0xF5E0, 0xFEC0, 0xFF00, 0xFEC0, 0xFEE0, 0xFEC0, 0xFEC0, 0xF6A0, 0xF6C0, 0xFEE0,
    0xFEE0, 0xFEC0, 0xFEE0, 0xFEE0, 0xFEE0, 0xFEE0, 0xFEE0, 0xFEE0, 0xFEE0, 0xFEE0, 0xFEE0, 0xFEE0,
    0xFEE0, 0xFEC0, 0xFEC0, 0xFEC1, 0x6120, 0x0025, 0x0004, 0x6B23, 0xFF41, 0xFEA0, 0xFEC0, 0xFEC0,
    0xFEC0, 0xFEE0, 0xDD20, 0x0800, 0x0025, 0x0026, 0x0005, 0x0001, 0xCDA4, 0xFF00, 0xFEC0, 0xFEC0,
    0xFEC0, 0xFEA0, 0xFEE0, 0xDCC0, 0x0801, 0x0004, 0x7B84, 0xFF21, 0xFEC0, 0xFE80, 0xFE60, 0xFEA0,
    0xFE80, 0xD400, 0x0000, 0x0001, 0x0002, 0x0000, 0x2123, 0xF6E3, 0xFEA0, 0xFEA0, 0xFEA0, 0xFEC0,
    0xFEA0, 0xFEA0, 0x4920, 0x0003, 0x0068, 0x0046, 0x0000, 0xCD80, 0xFEA0, 0xFEA0, 0xE5A0, 0xDD60,
    0xFF00, 0xFEA0, 0xFF20, 0xDDE1, 0xDE00, 0xFF00, 0xFEC0, 0xFEE0, 0xFEC0, 0xFEA0, 0xFF20, 0xDC80,
    0x0001, 0x00AB, 0x0006, 0x39E3, 0xFF03, 0xFEC0, 0xFE40, 0xFE80, 0xFE60, 0xFEC0, 0xFEE0, 0xFE60,
    0xED60, 0xFEE0, 0xEC20, 0x1000, 0x0067, 0x0069, 0x008A, 0x0068, 0x0000, 0x0000, 0x0000, 0x0000,
    0x0000, 0x0000, 0x0000, 0x0000, 0x0000, 0x0000, 0x0000, 0x0000, 0x0000, 0x0000, 0x0000, 0x0000,
    0x00A7, 0x008B, 0x7324, 0xFDE2, 0xFE40, 0xF620, 0xF5C0, 0xFEA0, 0xFEA0, 0xFD20, 0x48A0, 0x0002,
    0x0024, 0x0044, 0x0001, 0x83C7, 0xFF01, 0xFEC0, 0xFE60, 0xFE40, 0xFEA0, 0xFE80, 0xFEA0, 0x81C0,
    0x0002, 0x0068, 0x0047, 0x00EE, 0x006A, 0x4A42, 0xFEC2, 0xFE60, 0xF620, 0xFE80, 0xFE80, 0xFEC0,
    0xFEC0, 0xFEA0, 0xFEC0, 0xFEC0, 0xFEC0, 0xFEA0, 0xFF20, 0xC3C0, 0x0001, 0x0047, 0x0023, 0x0001,
    0x0001, 0x0001, 0x0001, 0x0001, 0x0000, 0x6B49, 0xFF43, 0xFEA0, 0xFEA0, 0xFE60, 0xFEC0, 0xFEA0,
    0xFF40, 0xCBE0, 0x0001, 0x0002, 0x0001, 0x0001, 0x0001, 0x0001, 0x0002, 0x00AD, 0x00AD, 0x008B,
    0x008A, 0x0003, 0x0000, 0x0000, 0x0000, 0x0000, 0x0000, 0x0000, 0x0000, 0x0000, 0x0000, 0x0000,
    0x0000, 0x0000, 0x0000, 0x0000, 0x0000, 0x0000, 0x0000, 0x0000, 0x0000, 0x0000, 0x0000, 0x0000,
    0x0000, 0x0000, 0x0000, 0x0000, 0x0067, 0x0024, 0xC522, 0xFD60, 0xFC60, 0xFCE0, 0xFD40, 0xFCC0,
    0xFDC0, 0xFCA0, 0xFD00, 0xFE20, 0xFDA0, 0xFDE0, 0xFE00, 0xFCE0, 0xFD20, 0xFCC0, 0xFD80, 0xFDC0,
    0xFDC0, 0xFDE0, 0xFDE0, 0xFE20, 0xFE20, 0xFE00, 0xFE20, 0xFE40, 0xFE20, 0xFE40, 0xFE20, 0xFE40,
    0xFE20, 0xFE20, 0xFE40, 0xE480, 0x1000, 0x0025, 0x0001, 0xC4E1, 0xFE40, 0xFDE0, 0xFDE0, 0xFE00,
    0xFDE0, 0xFE40, 0x8240, 0x0002, 0x0046, 0x0046, 0x0003, 0x39C1, 0xFE41, 0xFE00, 0xFE20, 0xFE00,
    0xFE00, 0xFE00, 0xFE20, 0x71C0, 0x0002, 0x0042, 0xD561, 0xFE20, 0xFE00, 0xFE00, 0xFE20, 0xFE20,
    0xFE40, 0x8220, 0x0026, 0x0886, 0x0822, 0x0001, 0x9C24, 0xFE20, 0xFDC0, 0xFD80, 0xFD80, 0xFDA0,
    0xFDC0, 0xDC20, 0x0800, 0x0026, 0x0047, 0x0000, 0x93A0, 0xFE20, 0xFDA0, 0xED20, 0xED00, 0xFDE0,
    0xFDE0, 0xFE20, 0xED60, 0x6A80, 0xF620, 0xFDE0, 0xFDC0, 0xFE00, 0xFE00, 0xFE00, 0xFE40, 0x81C0,
    0x0004, 0x00CC, 0x0003, 0x9C06, 0xFE20, 0xF5A0, 0xFDA0, 0xFDA0, 0xFE00, 0xFE00, 0xFE60, 0xFD60,
    0xEC80, 0xFDC0, 0x91C0, 0x0002, 0x0089, 0x0068, 0x008A, 0x0024, 0x0000, 0x0000, 0x0000, 0x0000,
    0x0000, 0x0000, 0x0000, 0x0000, 0x0000, 0x0000, 0x0000, 0x0000, 0x0000, 0x0000, 0x0000, 0x0000,
    0x00EC, 0x0065, 0xCC83, 0xFD40, 0xFDA0, 0xF4C0, 0xFD20, 0xFDC0, 0xFE00, 0xCB20, 0x0000, 0x0004,
    0x0005, 0x0004, 0x0042, 0xDD66, 0xFDA0, 0xFE00, 0xF520, 0xF540, 0xFDA0, 0xFDE0, 0xF480, 0x2000,
    0x0025, 0x0046, 0x0047, 0x00CD, 0x0820, 0xCC22, 0xD400, 0xAAA0, 0xED00, 0xECE0, 0xF540, 0xFD40,
    0xD4E4, 0xFD60, 0xFDA0, 0xFD80, 0xFD60, 0xFD20, 0xFD80, 0xAA20, 0x0002, 0x0046, 0x0005, 0x0025,
    0x0024, 0x0024, 0x0024, 0x0002, 0x0862, 0xDDC8, 0xFE40, 0xFE00, 0xFDC0, 0xFDC0, 0xFE00, 0xFDE0,
    0xFDA0, 0x58C0, 0x0026, 0x0047, 0x0024, 0x0024, 0x0044, 0x0024, 0x0023, 0x00AC, 0x00CD, 0x00CD,
    0x0068, 0x0000, 0x0000, 0x0000, 0x0000, 0x0000, 0x0000, 0x0000, 0x0000, 0x0000, 0x0000, 0x0000,
    0x0000, 0x0000, 0x0000, 0x0000, 0x0000, 0x0000, 0x0000, 0x0000, 0x0000, 0x0000, 0x0000, 0x0000,
    0x0000, 0x0000, 0x0000, 0x0000, 0x0001, 0x0000, 0x3100, 0x5140, 0x50E0, 0x58E0, 0x58E0, 0x4880,
    0x6100, 0x5080, 0x58E0, 0x6120, 0x58C0, 0x5900, 0x5900, 0x5060, 0x58C0, 0x50A0, 0x50C0, 0x58E0,
    0x6100, 0x5900, 0x50E0, 0xBC83, 0xFE40, 0xFDE0, 0xFE00, 0xFE00, 0xFE00, 0xFE20, 0xFE20, 0xFE20,
    0xFE40, 0xFE00, 0xFE60, 0x8A00, 0x0003, 0x0004, 0x39A1, 0xFE41, 0xFDC0, 0xFDE0, 0xFDE0, 0xFDE0,
    0xFE00, 0xF560, 0x2040, 0x0003, 0x0025, 0x0025, 0x0000, 0xA420, 0xFE40, 0xFDE0, 0xFE20, 0xFE00,
    0xFDE0, 0xFE40, 0xF500, 0x1820, 0x0002, 0x4A41, 0xFE61, 0xFDE0, 0xFE00, 0xFE00, 0xFE00, 0xFE20,
    0xF500, 0x1800, 0x0028, 0x0027, 0x0000, 0x0881, 0xED82, 0xFD60, 0xFDA0, 0xFD80, 0xFD80, 0xF560,
    0xFDC0, 0x81E0, 0x0001, 0x0844, 0x0001, 0x5A40, 0xFE40, 0xFDE0, 0xED00, 0xE480, 0xFDC0, 0xFD80,
    0xED40, 0xFE00, 0x6140, 0x7340, 0xFEE0, 0xF5E0, 0xFE00, 0xFE00, 0xFDE0, 0xFE40, 0xF520, 0x2020,
    0x0069, 0x0069, 0x10C4, 0xEDC5, 0xFDA0, 0xFDA0, 0xFDA0, 0xFDC0, 0xFDC0, 0xFDE0, 0xFE00, 0xFDA0,
    0xFDA0, 0xFD20, 0x3840, 0x0025, 0x0068, 0x0068, 0x0068, 0x0000, 0x0000, 0x0000, 0x0000, 0x0000,
    0x0000, 0x0000, 0x0000, 0x0000, 0x0000, 0x0000, 0x0000, 0x0000, 0x0000, 0x0000, 0x0000, 0x0022,
    0x00AC, 0x31C5, 0xFDA4, 0xFD20, 0xFD60, 0xFD00, 0xFDA0, 0xF580, 0xFDA0, 0x89C0, 0x1080, 0x20C0,
    0x2921, 0x18E1, 0x5AA5, 0xFDE4, 0xFD80, 0xFD80, 0xFD60, 0xFD60, 0xFD60, 0xFE00, 0xAA60, 0x0001,
    0x0046, 0x0025, 0x0067, 0x0001, 0x9B80, 0xEC40, 0xCB80, 0xC380, 0xFE00, 0xE480, 0xFD00, 0x8AA0,
    0x93C9, 0xFD60, 0xF4E0, 0xFD60, 0xFD40, 0xFCE0, 0xFD00, 0x8960, 0x0002, 0x0046, 0x0024, 0x0004,
    0x0005, 0x0004, 0x0024, 0x0001, 0x5265, 0xFE62, 0xFDE0, 0xFE40, 0xFDE0, 0xFDC0, 0xFDC0, 0xFE40,
    0xE400, 0x0800, 0x00CD, 0x0089, 0x0002, 0x0004, 0x0004, 0x0004, 0x0004, 0x008B, 0x00F0, 0x00AC,
    0x0000, 0x0000, 0x0000, 0x0000, 0x0000, 0x0000, 0x0000, 0x0000, 0x0000, 0x0000, 0x0000, 0x0000,
    0x0000, 0x0000, 0x0000, 0x0000, 0x0000, 0x0000, 0x0000, 0x0000, 0x0000, 0x0000, 0x0000, 0x0000,
    0x0000, 0x0000, 0x0000, 0x0000, 0x0000, 0x0067, 0x004A, 0x0007, 0x0005, 0x0003, 0x0003, 0x0003,
    0x0003, 0x0002, 0x0002, 0x0002, 0x0002, 0x0002, 0x0002, 0x0002, 0x0002, 0x0002, 0x0002, 0x0002,
    0x0002, 0x0001, 0x0020, 0xD5A2, 0xFE40, 0xFE20, 0xFE20, 0xFE40, 0xFE60, 0xFE60, 0xFE40, 0xFE40,
    0xFE40, 0xFE40, 0xFD20, 0x2840, 0x0025, 0x0002, 0x9C42, 0xFE40, 0xFDC0, 0xFE00, 0xFE00, 0xFDE0,
    0xFE60, 0xB3A0, 0x0001, 0x0045, 0x0045, 0x0004, 0x18A0, 0xEDE0, 0xFE00, 0xFE20, 0xFE20, 0xFE20,
    0xFE00, 0xFE60, 0xA300, 0x0001, 0x0001, 0xAC60, 0xFE40, 0xFE00, 0xFE00, 0xFE00, 0xFDE0, 0xFE40,
    0xB3A0, 0x1880, 0x2964, 0x2965, 0x18C1, 0x7B22, 0xFE20, 0xFDA0, 0xFDC0, 0xFDC0, 0xFDA0, 0xFDC0,
    0xF500, 0x2040, 0x0004, 0x0003, 0x2900, 0xF5E0, 0xFDE0, 0xFDA0, 0xDC40, 0xFDA0, 0xFDE0, 0xFDC0,
    0xFE40, 0xB320, 0x0000, 0xDDC0, 0xFE80, 0xFE40, 0xFE60, 0xFE20, 0xFE20, 0xFE80, 0xB320, 0x0002,
    0x00ED, 0x0006, 0x6AC6, 0xFE62, 0xF580, 0xF5C0, 0xFE20, 0xFE20, 0xFE20, 0xFE20, 0xFDE0, 0xFD80,
    0xFE20, 0xCB40, 0x0000, 0x0067, 0x0047, 0x0069, 0x0045, 0x0000, 0x0000, 0x0000, 0x0000, 0x0000,
    0x0000, 0x0000, 0x0000, 0x0000, 0x0000, 0x0000, 0x0000, 0x0000, 0x0000, 0x0000, 0x0000, 0x00A8,
    0x0028, 0x93E6, 0xFE20, 0xFDC0, 0xFDA0, 0xF5A0, 0xFE00, 0xFE00, 0xFDE0, 0xE4A0, 0xE540, 0xF5C0,
    0xFE20, 0xF600, 0xFE00, 0xFDE0, 0xFDE0, 0xFDC0, 0xFDC0, 0xFDC0, 0xFDC0, 0xFDA0, 0x48A0, 0x0003,
    0x0046, 0x0067, 0x0003, 0x4A01, 0xFE01, 0xFE00, 0xD420, 0xE460, 0xECC0, 0xECA0, 0xEC00, 0x1801,
    0xC4E7, 0xFDA0, 0xFD00, 0xFD60, 0xFD20, 0xFD20, 0xFD20, 0x7120, 0x0002, 0x0046, 0x0024, 0x0001,
    0x0025, 0x0024, 0x0024, 0x0001, 0xB4C4, 0xFE60, 0xFE20, 0xFE20, 0xFE20, 0xFE00, 0xFDE0, 0xFE40,
    0x89C0, 0x0005, 0x00F0, 0x00EF, 0x0026, 0x0004, 0x0025, 0x0025, 0x0025, 0x006A, 0x0111, 0x0023,
    0x0000, 0x0000, 0x0000, 0x0000, 0x0000, 0x0000, 0x0000, 0x0000, 0x0000, 0x0000, 0x0000, 0x0000,
    0x0000, 0x0000, 0x0000, 0x0000, 0x0000, 0x0000, 0x0000, 0x0000, 0x0000, 0x0000, 0x0000, 0x0000,
    0x0000, 0x0000, 0x0000, 0x0000, 0x0000, 0x0045, 0x0112, 0x008A, 0x0067, 0x0046, 0x0046, 0x0046,
    0x0045, 0x0025, 0x0025, 0x0025, 0x0025, 0x0024, 0x0024, 0x0025, 0x0025, 0x0024, 0x0024, 0x0024,
    0x0024, 0x0001, 0x62A2, 0xFE60, 0xFE00, 0xFE20, 0xFE40, 0xFE40, 0xFE80, 0xFE40, 0xFDE0, 0xFDE0,
    0xFDC0, 0xFE40, 0xB280, 0x0002, 0x0006, 0x18C0, 0xEDE1, 0xFDA0, 0xFDC0, 0xFDC0, 0xFDE0, 0xFDC0,
    0xFDA0, 0x4920, 0x0003, 0x0025, 0x0045, 0x0001, 0x6AC0, 0xFE00, 0xFDA0, 0xFDC0, 0xFDA0, 0xFDC0,
    0xFDE0, 0xFD60, 0x38A0, 0x0002, 0x2100, 0xF5C0, 0xFD80, 0xFDA0, 0xFDA0, 0xFDA0, 0xFDA0, 0xFDC0,
    0xED00, 0xED40, 0xF5E4, 0xFDE5, 0xF562, 0xFDC0, 0xFE20, 0xFE00, 0xFE00, 0xFDE0, 0xFDC0, 0xFE40,
    0xAB00, 0x0001, 0x0024, 0x0840, 0xD500, 0xFDC0, 0xFDA0, 0xF500, 0xF540, 0xFDE0, 0xF520, 0xFD80,
    0xC2E0, 0x0800, 0x3180, 0xFE40, 0xFDE0, 0xFE00, 0xFDE0, 0xFDE0, 0xFDE0, 0xFDE0, 0x50E0, 0x0005,
    0x00AC, 0x0024, 0xC507, 0xFE40, 0xF5C0, 0xF5E0, 0xFE40, 0xFE40, 0xFE40, 0xFE20, 0xFE00, 0xFDE0,
    0xFE00, 0x7120, 0x0002, 0x0046, 0x0046, 0x0048, 0x0002, 0x0000, 0x0000, 0x0000, 0x0000, 0x0000,
    0x0000, 0x0000, 0x0000, 0x0000, 0x0000, 0x0000, 0x0000, 0x0000, 0x0000, 0x0000, 0x0000, 0x00CC,
    0x10E6, 0xEDE6, 0xFDE0, 0xFE00, 0xF580, 0xFDC0, 0xFE40, 0xFE40, 0xFE00, 0xE4A0, 0xF540, 0xFE00,
    0xFDE0, 0xFE00, 0xFE00, 0xFE00, 0xFE00, 0xFE00, 0xFE00, 0xFE00, 0xFE40, 0xD3E0, 0x0000, 0x0004,
    0x0024, 0x0003, 0x18C1, 0xD502, 0xDC00, 0xE440, 0xCB40, 0xE440, 0xD2C0, 0xEA80, 0x60C0, 0x0021,
    0xE482, 0xFD20, 0xFD40, 0xF4C0, 0xFCE0, 0xFD60, 0xFD00, 0x60C0, 0x0002, 0x0026, 0x0025, 0x0000,
    0x0002, 0x0023, 0x0004, 0x2942, 0xF601, 0xFDC0, 0xFDE0, 0xFD80, 0xFDC0, 0xFDA0, 0xFE00, 0xF480,
    0x2000, 0x008B, 0x00CF, 0x00F0, 0x008B, 0x0023, 0x0024, 0x0023, 0x0003, 0x0024, 0x0046, 0x0000,
    0x0000, 0x0000, 0x0000, 0x0000, 0x0000, 0x0000, 0x0000, 0x0000, 0x0000, 0x0000, 0x0000, 0x0000,
    0x0000, 0x0000, 0x0000, 0x0000, 0x0000, 0x0000, 0x0000, 0x0000, 0x0000, 0x0000, 0x0000, 0x0000,
    0x0000, 0x0000, 0x0000, 0x0000, 0x0000, 0x0000, 0x00AD, 0x00AB, 0x0046, 0x0047, 0x0047, 0x0046,
    0x0046, 0x0026, 0x0025, 0x0025, 0x0025, 0x0025, 0x0025, 0x0025, 0x0025, 0x0024, 0x0004, 0x0004,
    0x0003, 0x0020, 0xC4C0, 0xFDE0, 0xF580, 0xFE00, 0xFDE0, 0xFE80, 0xFDE0, 0xFDA0, 0xFDE0, 0xFDE0,
    0xFDE0, 0xFD60, 0x4880, 0x0047, 0x0005, 0x6AE0, 0xFE20, 0xFDA0, 0xFDC0, 0xFDA0, 0xFDA0, 0xFDC0,
    0xCC20, 0x0000, 0x0005, 0x0025, 0x0004, 0x0020, 0xD500, 0xFDC0, 0xFD80, 0xFDA0, 0xFDC0, 0xFDA0,
    0xFDE0, 0xCB80, 0x0000, 0x0002, 0x7B20, 0xFE00, 0xFD80, 0xFDA0, 0xFDA0, 0xFDA0, 0xFDA0, 0xFDA0,
    0xFDE0, 0xFDC0, 0xFD60, 0xFD40, 0xFD80, 0xFDC0, 0xFDE0, 0xFE00, 0xFE20, 0xFDE0, 0xFDE0, 0xFE00,
    0x4920, 0x0002, 0x0001, 0x9BE0, 0xFE00, 0xFD60, 0xFD80, 0xF520, 0xFDC0, 0xFDA0, 0xF540, 0xFD20,
    0x3880, 0x0000, 0x8B80, 0xFE40, 0xFDC0, 0xFDE0, 0xFDC0, 0xFDC0, 0xFE20, 0xDC00, 0x0800, 0x008A,
    0x0029, 0x3181, 0xFE42, 0xFDE0, 0xFDC0, 0xFDE0, 0xFE20, 0xFE40, 0xFE20, 0xFDE0, 0xFDC0, 0xFDE0,
    0xF4A0, 0x1800, 0x0024, 0x0026, 0x0047, 0x0046, 0x0000, 0x0000, 0x0000, 0x0000, 0x0000, 0x0000,
    0x0000, 0x0000, 0x0000, 0x0000, 0x0000, 0x0000, 0x0000, 0x0000, 0x0000, 0x0000, 0x0085, 0x006B,
    0x62C4, 0xFEA2, 0xFDA0, 0xFDA0, 0xED20, 0xFE00, 0xFE20, 0xFE60, 0xDC80, 0xDC20, 0xFD40, 0xFE00,
    0xF580, 0xFE00, 0xFE00, 0xFE00, 0xFE00, 0xFDE0, 0xFDE0, 0xFDE0, 0xFE20, 0x79A0, 0x0002, 0x0025,
    0x0023, 0x0000, 0xAC86, 0xFE00, 0xF580, 0xDC20, 0xF4C0, 0xFD00, 0xF400, 0x9100, 0x0000, 0x2943,
    0xFD63, 0xFD40, 0xFD40, 0xFD00, 0xFD00, 0xFD60, 0xFCE0, 0x4860, 0x0003, 0x0026, 0x0024, 0x0000,
    0x0000, 0x0064, 0x0005, 0x8BC2, 0xFE40, 0xFDA0, 0xFDA0, 0xFDC0, 0xFDC0, 0xFDA0, 0xFDE0, 0xAA20,
    0x0003, 0x00EF, 0x00CE, 0x00F0, 0x0046, 0x0000, 0x0000, 0x0000, 0x0000, 0x0000, 0x0000, 0x0000,
    0x0000, 0x0000, 0x0000, 0x0000, 0x0000, 0x0000, 0x0000, 0x0000, 0x0000, 0x0000, 0x0000, 0x0000,
    0x0000, 0x0000, 0x0000, 0x0000, 0x0000, 0x0000, 0x0000, 0x0000, 0x0000, 0x0000, 0x0000, 0x0000,
    0x0000, 0x0000, 0x0000, 0x0000, 0x0000, 0x0000, 0x0066, 0x00F0, 0x008A, 0x008A, 0x0069, 0x0068,
    0x0068, 0x0068, 0x0068, 0x0047, 0x0047, 0x0047, 0x0047, 0x0046, 0x0026, 0x0025, 0x0046, 0x0025,
    0x0002, 0x3960, 0xFCE0, 0xFC40, 0xF3E0, 0xF400, 0xEBE0, 0xFD00, 0xFC40, 0xFC80, 0xFCA0, 0xFCA0,
    0xFCC0, 0xC240, 0x0001, 0x0048, 0x0041, 0xCC20, 0xFC40, 0xFC20, 0xFC20, 0xFC40, 0xFC20, 0xFC80,
    0x7180, 0x0001, 0x0024, 0x0025, 0x0002, 0x4160, 0xFCA0, 0xFC40, 0xFC60, 0xFC60, 0xFC80, 0xFC60,
    0xFC60, 0x6100, 0x0002, 0x0841, 0xD440, 0xFC60, 0xFC60, 0xFC60, 0xFC80, 0xFCA0, 0xFCA0, 0xFCA0,
    0xF480, 0xF460, 0xFC40, 0xFC60, 0xFC40, 0xF420, 0xFC40, 0xFC60, 0xFC60, 0xFC40, 0xFC80, 0xDB40,
    0x0800, 0x0001, 0x5A00, 0xFD00, 0xF420, 0xFC20, 0xE3A0, 0xF420, 0xFCA0, 0xF460, 0xFC40, 0x7960,
    0x0003, 0x0041, 0xCC80, 0xFD00, 0xFCC0, 0xFCC0, 0xFCC0, 0xF4A0, 0xFD00, 0x89C0, 0x0004, 0x00CD,
    0x0004, 0x8B21, 0xFC80, 0xFC80, 0xFC80, 0xFC80, 0xFD40, 0xFDA0, 0xFC60, 0xFCA0, 0xFCA0, 0xFCA0,
    0xA180, 0x0001, 0x0026, 0x0025, 0x0047, 0x0023, 0x0000, 0x0000, 0x0000, 0x0000, 0x0000, 0x0000,
    0x0000, 0x0000, 0x0000, 0x0000, 0x0000, 0x0000, 0x0000, 0x0000, 0x0000, 0x0000, 0x00CB, 0x0067,
    0xBC24, 0xFC80, 0xFC80, 0xF460, 0xF440, 0xFCE0, 0xFCE0, 0xFCE0, 0xE3A0, 0xF460, 0xFC80, 0xFCA0,
    0xF460, 0xFCA0, 0xFCC0, 0xFCA0, 0xFCA0, 0xFC80, 0xFC80, 0xFC80, 0xF380, 0x2000, 0x0004, 0x0025,
    0x0001, 0x51A1, 0xFBC1, 0xFC80, 0xEBE0, 0xD2E0, 0xEB60, 0xEB20, 0xFA80, 0x3000, 0x0001, 0x4141,
    0xEB61, 0xEB40, 0xFBC0, 0xFB80, 0xFBC0, 0xFBE0, 0xF2E0, 0x3820, 0x0004, 0x0026, 0x0023, 0x0000,
    0x0000, 0x00AA, 0x08C6, 0xE4E5, 0xFCA0, 0xFCA0, 0xFC80, 0xFC60, 0xFC60, 0xFC80, 0xFBE0, 0x4040,
    0x0048, 0x00CE, 0x00CE, 0x00AD, 0x0000, 0x0000, 0x0000, 0x0000, 0x0000, 0x0000, 0x0000, 0x0000,
    0x0000, 0x0000, 0x0000, 0x0000, 0x0000, 0x0000, 0x0000, 0x0000, 0x0000, 0x0000, 0x0000, 0x0000,
    0x0000, 0x0000, 0x0000, 0x0000, 0x0000, 0x0000, 0x0000, 0x0000, 0x0000, 0x0000, 0x0000, 0x0000,
    0x0000, 0x0000, 0x0000, 0x0000, 0x0000, 0x0000, 0x0000, 0x0023, 0x0002, 0x0001, 0x0001, 0x0001,
    0x0001, 0x0001, 0x0000, 0x0000, 0x0000, 0x0000, 0x0000, 0x0000, 0x0000, 0x0000, 0x0000, 0x0088,
    0x0024, 0xA360, 0xFC20, 0xFC00, 0xFC20, 0xF3A0, 0xF400, 0xFCE0, 0xFC80, 0xFC80, 0xFC60, 0xFC80,
    0xFCA0, 0x58C0, 0x0005, 0x0005, 0x41A0, 0xFC80, 0xFC00, 0xFC20, 0xFC20, 0xFC20, 0xFC40, 0xF3C0,
    0x1840, 0x0003, 0x0004, 0x0003, 0x0000, 0xA360, 0xFC60, 0xFC40, 0xFC60, 0xFC40, 0xFC40, 0xFC80,
    0xE360, 0x1000, 0x0002, 0x49E0, 0xFCC0, 0xFC00, 0xFC40, 0xFC60, 0xFC80, 0xFC60, 0xFC80, 0xFC80,
    0xFC40, 0xFC40, 0xFC40, 0xFC20, 0xFC00, 0xFC20, 0xFC40, 0xFC00, 0xFBE0, 0xFC20, 0xFC80, 0x81A0,
    0x0000, 0x28E0, 0xEC60, 0xFC20, 0xFC40, 0xF3C0, 0xF400, 0xFCA0, 0xFC40, 0xFC40, 0x9180, 0x0000,
    0x0003, 0x3160, 0xFD20, 0xFCC0, 0xFCE0, 0xFCC0, 0xFCA0, 0xFCC0, 0xFC40, 0x3040, 0x008A, 0x006C,
    0x0881, 0xE482, 0xFC20, 0xFC60, 0xFC80, 0xFC80, 0xFC60, 0xFC60, 0xFC60, 0xFC60, 0xFCA0, 0xFC60,
    0x4860, 0x0003, 0x0025, 0x0003, 0x0002, 0x0000, 0x0000, 0x0000, 0x0000, 0x0000, 0x0000, 0x0000,
    0x0000, 0x0000, 0x0000, 0x0000, 0x0000, 0x0000, 0x0000, 0x0000, 0x0000, 0x0021, 0x00CD, 0x2942,
    0xFCE2, 0xFC20, 0xFC60, 0xFC60, 0xFCC0, 0xFCA0, 0xFC80, 0xFC80, 0xFCA0, 0xFCA0, 0xF480, 0xFC80,
    0xFCA0, 0xFCA0, 0xFC80, 0xFC60, 0xFC60, 0xFC60, 0xFC60, 0xFCC0, 0xA9E0, 0x0000, 0x0024, 0x0001,
    0x2123, 0xF503, 0xDAE0, 0xE340, 0xD2E0, 0xF3C0, 0xF360, 0xEA60, 0x8040, 0x0001, 0x0000, 0x59C4,
    0xEB01, 0xFBA0, 0xF340, 0xEAE0, 0xFBA0, 0xFB80, 0xF2A0, 0x2800, 0x0024, 0x0025, 0x0002, 0x0000,
    0x0043, 0x0049, 0x6286, 0xFD43, 0xFC80, 0xFC80, 0xFC60, 0xFC40, 0xFC40, 0xFCC0, 0xCA60, 0x0001,
    0x00AC, 0x008C, 0x00CE, 0x0067, 0x0000, 0x0000, 0x0000, 0x0000, 0x0000, 0x0000, 0x0000, 0x0000,
    0x0000, 0x0000, 0x0000, 0x0000, 0x0000, 0x0000, 0x0000, 0x0000, 0x0000, 0x0000, 0x0000, 0x0000,
    0x0000, 0x0000, 0x0000, 0x0000, 0x0000, 0x0000, 0x0000, 0x0000, 0x0000, 0x0000, 0x0000, 0x0000,
    0x0000, 0x0000, 0x0000, 0x0022, 0x00C9, 0x00C9, 0x00A9, 0x0087, 0x0087, 0x00A8, 0x00C9, 0x00A9,
    0x00A8, 0x00A8, 0x00A8, 0x00A8, 0x00A9, 0x00C9, 0x00C9, 0x00C8, 0x00A8, 0x00A8, 0x00C9, 0x00EE,
    0x1902, 0xF4C1, 0xFC20, 0xFC20, 0xFC20, 0xF3C0, 0xF480, 0xFCE0, 0xFCA0, 0xFCC0, 0xFCA0, 0xFCE0,
    0xE340, 0x0800, 0x0047, 0x0002, 0xAB80, 0xFC60, 0xFC60, 0xFC60, 0xFC60, 0xFC40, 0xFC60, 0x9A40,
    0x0000, 0x0024, 0x0024, 0x0002, 0x18E0, 0xF4C0, 0xFC60, 0xFC80, 0xFC80, 0xFC80, 0xFC80, 0xFCE0,
    0x89E0, 0x0001, 0x0001, 0xA3A0, 0xFC80, 0xFC60, 0xFC80, 0xFC80, 0xFCA0, 0xFCA0, 0xEC20, 0xF420,
    0xFC80, 0xFC60, 0xF460, 0xFC60, 0xF440, 0xF420, 0xF420, 0xFC20, 0xFC20, 0xFC60, 0xFBC0, 0x2820,
    0x0040, 0xCC00, 0xFC40, 0xFC20, 0xEBA0, 0xEBC0, 0xFCE0, 0xFCC0, 0xFCE0, 0xE3C0, 0x3920, 0x3160,
    0x20E0, 0x8B40, 0xFD60, 0xFCE0, 0xFD00, 0xFD00, 0xFCE0, 0xFD20, 0xBAC0, 0x0001, 0x00AB, 0x0005,
    0x5A83, 0xFD41, 0xFC80, 0xFCA0, 0xFCA0, 0xFCA0, 0xFCA0, 0xFCC0, 0xFCC0, 0xFCA0, 0xFD20, 0xDB00,
    0x0800, 0x0023, 0x0025, 0x0068, 0x00AA, 0x00CA, 0x00EA, 0x00CA, 0x00A9, 0x00EA, 0x010A, 0x010A,
    0x010B, 0x012B, 0x010B, 0x010B, 0x010A, 0x010A, 0x010A, 0x00C9, 0x0000, 0x00C7, 0x008A, 0x8B61,
    0xFD00, 0xFC80, 0xEC00, 0xE420, 0xFD00, 0xFCE0, 0xFD20, 0xFC80, 0xFCC0, 0xFCC0, 0xFCE0, 0xFCE0,
    0xFCC0, 0xFCC0, 0xFCC0, 0xFCC0, 0xFCC0, 0xFCA0, 0xFCC0, 0xFC80, 0x4880, 0x0002, 0x0002, 0x0020,
    0xB445, 0xFD01, 0xF420, 0xD380, 0xB280, 0xF3E0, 0xC220, 0xB200, 0x28A0, 0x2900, 0x3120, 0x8286,
    0xF361, 0xFBE0, 0xF3C0, 0xD2A0, 0xD2C0, 0xFC60, 0xF340, 0x1800, 0x0003, 0x0004, 0x0001, 0x0000,
    0x00C9, 0x0087, 0xC485, 0xFCC0, 0xFCE0, 0xFCC0, 0xFC80, 0xFCA0, 0xFCA0, 0xFC80, 0x60A0, 0x0025,
    0x00AD, 0x00AC, 0x00AD, 0x0002, 0x0000, 0x0000, 0x0000, 0x0000, 0x0000, 0x0000, 0x0000, 0x0000,
    0x0000, 0x0000, 0x0000, 0x0000, 0x0000, 0x0000, 0x0000, 0x0000, 0x0000, 0x0000, 0x0000, 0x0000,
    0x0000, 0x0000, 0x0000, 0x0000, 0x0000, 0x0000, 0x0000, 0x0000, 0x0000, 0x0000, 0x0000, 0x0000,
    0x0000, 0x0000, 0x0023, 0x0130, 0x00AA, 0x00AA, 0x0089, 0x0068, 0x0089, 0x00AA, 0x00AA, 0x008A,
    0x0089, 0x0089, 0x0089, 0x0089, 0x00AA, 0x00AA, 0x00AA, 0x00A9, 0x0088, 0x0068, 0x0089, 0x0003,
    0x7A60, 0xFBC0, 0xF360, 0xFBA0, 0xFB80, 0xEB40, 0xFBC0, 0xFC00, 0xFBE0, 0xFBE0, 0xFBE0, 0xFC00,
    0x8120, 0x0003, 0x0006, 0x2100, 0xF420, 0xFBA0, 0xFBC0, 0xFB80, 0xFBA0, 0xFBC0, 0xFB80, 0x38A0,
    0x0003, 0x0024, 0x0024, 0x0001, 0x7260, 0xFC20, 0xFBC0, 0xFBE0, 0xFBC0, 0xFBC0, 0xFBE0, 0xFB60,
    0x2840, 0x0003, 0x2121, 0xF4C1, 0xFBE0, 0xFC20, 0xFC00, 0xFC20, 0xFC20, 0xFC20, 0xFC20, 0xFC00,
    0xFC60, 0xFC60, 0xFC60, 0xFC40, 0xFC00, 0xFC20, 0xFC00, 0xFC00, 0xFC40, 0xFC40, 0xBA00, 0x0000,
    0x92C0, 0xFC00, 0xFBA0, 0xF3A0, 0xE320, 0xFBA0, 0xF3A0, 0xEBE0, 0xFC00, 0xF3E0, 0xFC60, 0xFCA0,
    0xFCA0, 0xD340, 0xFC20, 0xFC60, 0xFC40, 0xF440, 0xFC40, 0xFC40, 0x58E0, 0x0005, 0x008A, 0x0001,
    0xBBE1, 0xFC80, 0xFC40, 0xFC20, 0xFC00, 0xF400, 0xF3E0, 0xFC20, 0xFC20, 0xF440, 0xFC60, 0x7120,
    0x0000, 0x0000, 0x0002, 0x0004, 0x0067, 0x0088, 0x0088, 0x0067, 0x0047, 0x0088, 0x00A8, 0x00A8,
    0x00A8, 0x00A8, 0x00A8, 0x00A8, 0x00A8, 0x00A8, 0x0088, 0x0087, 0x0000, 0x00AA, 0x08A3, 0xDC21,
    0xFBE0, 0xFC00, 0xF3A0, 0xEBE0, 0xFC00, 0xFC20, 0xD340, 0x9A00, 0xB2A0, 0xAAA0, 0xB300, 0xBB20,
    0xFC20, 0xFC00, 0xFC40, 0xFC20, 0xFC00, 0xFC00, 0xFC20, 0xDAA0, 0x0800, 0x0044, 0x0001, 0x6A81,
    0xFC60, 0xFBA0, 0xEB00, 0xB1A0, 0xE320, 0xFBE0, 0xCA00, 0x7880, 0xB9E0, 0xFC00, 0xDA81, 0xA960,
    0xB9C0, 0xDA40, 0xFB60, 0xE2A0, 0xEAC0, 0xFB40, 0xC9C0, 0x0800, 0x0003, 0x0004, 0x0001, 0x0000,
    0x00AB, 0x39A3, 0xFC62, 0xFBE0, 0xFC20, 0xF3A0, 0xFBA0, 0xFBC0, 0xFBC0, 0xE240, 0x0800, 0x008A,
    0x00AC, 0x00AD, 0x0089, 0x0000, 0x0000, 0x0000, 0x0000, 0x0000, 0x0000, 0x0000, 0x0000, 0x0000,
    0x0000, 0x0000, 0x0000, 0x0000, 0x0000, 0x0000, 0x0000, 0x0000, 0x0000, 0x0000, 0x0000, 0x0000,
    0x0000, 0x0000, 0x0000, 0x0000, 0x0000, 0x0000, 0x0000, 0x0000, 0x0000, 0x0000, 0x0000, 0x0000,
    0x0000, 0x0000, 0x00CB, 0x0066, 0x7940, 0xA920, 0x9900, 0x9100, 0xB9C0, 0xB160, 0xB160, 0xA140,
    0xA140, 0xB1A0, 0xB1C0, 0x8900, 0xA140, 0xB1A0, 0xA960, 0xA160, 0xB9A0, 0xB1A0, 0xB1A0, 0xB1C0,
    0xEAA0, 0xFA20, 0xF1E0, 0xF9E0, 0xEA00, 0xFA80, 0xFAA0, 0xFA60, 0xFA80, 0xFA40, 0xFA60, 0xF1E0,
    0x2000, 0x0046, 0x0004, 0x7A00, 0xFAA0, 0xF240, 0xFA20, 0xFA20, 0xF240, 0xFA80, 0xC9A0, 0x0001,
    0x0025, 0x0004, 0x0003, 0x0840, 0xD2C0, 0xFA60, 0xFA60, 0xFA60, 0xFA60, 0xFA60, 0xFAA0, 0xC160,
    0x0001, 0x0002, 0x7200, 0xFB20, 0xFAC0, 0xFAC0, 0xF2A0, 0xFAA0, 0xF2A0, 0xE240, 0x9980, 0x9980,
    0x9980, 0x91A0, 0x91A0, 0x9980, 0x9980, 0x9180, 0x9180, 0x9180, 0x9180, 0x7900, 0x0800, 0x5140,
    0xFB20, 0xFA80, 0xFAA0, 0xE220, 0xFAA0, 0xFA80, 0xFA60, 0xF260, 0xFA40, 0xFA80, 0xFAA0, 0xFAC0,
    0xFB00, 0xF2E0, 0xFAC0, 0xFAC0, 0xFAC0, 0xFAC0, 0xFAC0, 0xE1E0, 0x1000, 0x00AC, 0x0028, 0x28C0,
    0xFB21, 0xFAA0, 0xFAA0, 0xF2C0, 0xFAA0, 0xEAC1, 0xF2A0, 0xFAA0, 0xFAC0, 0xF2C0, 0xFAA0, 0xC220,
    0xB200, 0xB1E0, 0xBA00, 0xBA00, 0xB9C0, 0xB180, 0xB180, 0xB1A0, 0xB1C0, 0xB9C0, 0xB1C0, 0xB1C0,
    0xB1A0, 0xB1A0, 0xB1A0, 0xB1A0, 0xB180, 0xB1C0, 0xC240, 0x4840, 0x0067, 0x004B, 0x49C1, 0xFAE1,
    0xF220, 0xFA80, 0xFAA0, 0xFAE0, 0xFAC0, 0xFAA0, 0x5040, 0x0000, 0x0000, 0x0000, 0x0000, 0x59E2,
    0xFAE0, 0xFA80, 0xFAA0, 0xFAA0, 0xFAA0, 0xFA80, 0xFAC0, 0x80A0, 0x0002, 0x0003, 0x2944, 0xF383,
    0xFA40, 0xF240, 0xD1C0, 0xF240, 0xFA60, 0xFA60, 0xE1E0, 0xB900, 0xE9A0, 0xD160, 0xB0E0, 0xA8E0,
    0xB940, 0xF260, 0xF2A1, 0xE180, 0xFA20, 0xE180, 0xA8C0, 0x0000, 0x0003, 0x0024, 0x0000, 0x00A7,
    0x0088, 0xA2A2, 0xFAA0, 0xFA80, 0xFA60, 0xFA40, 0xFA40, 0xF240, 0xFA60, 0x8080, 0x0024, 0x00AC,
    0x008B, 0x00AC, 0x0023, 0x0000, 0x0000, 0x0000, 0x0000, 0x0000, 0x0000, 0x0000, 0x0000, 0x0000,
    0x0000, 0x0000, 0x0000, 0x0000, 0x0000, 0x0000, 0x0000, 0x0000, 0x0000, 0x0000, 0x0000, 0x0000,
    0x0000, 0x0000, 0x0000, 0x0000, 0x0000, 0x0000, 0x0000, 0x0000, 0x0000, 0x0000, 0x0000, 0x0000,
    0x0000, 0x0001, 0x00EE, 0x28A0, 0xEA60, 0xF1C0, 0xF1C0, 0xEA21, 0xFA61, 0xE1E0, 0xFA60, 0xFA80,
    0xFAA1, 0xFB01, 0xFAC0, 0xC9A0, 0xE200, 0xFAA0, 0xFA60, 0xFA80, 0xFAA0, 0xFAA1, 0xFAA1, 0xFA80,
    0xFA20, 0xFA40, 0xF220, 0xF200, 0xF240, 0xFAA0, 0xFAC0, 0xFAA0, 0xFA60, 0xF240, 0xFAA0, 0xA920,
    0x0002, 0x0026, 0x0860, 0xDAE0, 0xFA40, 0xF260, 0xFA60, 0xFA60, 0xFA80, 0xFAA0, 0x68A0, 0x0002,
    0x0825, 0x0025, 0x0002, 0x51E2, 0xFB21, 0xFA60, 0xFAA0, 0xFA80, 0xFA80, 0xFAA0, 0xFAA0, 0x6080,
    0x0002, 0x0041, 0xCAA1, 0xFA20, 0xFA40, 0xFA40, 0xFA60, 0xFA60, 0xFAA0, 0x9900, 0x0001, 0x0001,
    0x0000, 0x0000, 0x0001, 0x0001, 0x0001, 0x0001, 0x0001, 0x0000, 0x0000, 0x0000, 0x18E0, 0xEB20,
    0xFAA0, 0xFAC0, 0xE240, 0xE240, 0xFAA0, 0xFAA0, 0xFAC0, 0xFAA0, 0xFAA0, 0xFAA0, 0xFAC0, 0xFAE0,
    0xFB00, 0xEB00, 0xFB00, 0xFB00, 0xFAE0, 0xFAC0, 0xFB00, 0x8900, 0x0003, 0x00AD, 0x0026, 0x8200,
    0xFA80, 0xF260, 0xFAA0, 0xFAE0, 0xFAE0, 0xFAE0, 0xFAC0, 0xFA80, 0xFA80, 0xFAA0, 0xFA80, 0xFAC0,
    0xFAE0, 0xFB01, 0xFB00, 0xFAC0, 0xFAC0, 0xFAC0, 0xFAE0, 0xFAE1, 0xFAE0, 0xFAE0, 0xFAC0, 0xFAC0,
    0xFAC0, 0xFAC0, 0xFAC0, 0xFAC0, 0xFAC1, 0xFAE1, 0xFA81, 0x3020, 0x008C, 0x0025, 0xAAE2, 0xFAC0,
    0xFAA0, 0xF280, 0xFAC0, 0xFAC0, 0xFB00, 0xDA00, 0x0801, 0x0045, 0x0003, 0x0002, 0x0040, 0xCB82,
    0xFAC0, 0xFAC0, 0xFAC0, 0xFAA0, 0xFAA0, 0xFAC0, 0xF220, 0x2000, 0x0003, 0x0040, 0xC342, 0xFAA0,
    0xFAA0, 0xEA40, 0xDA00, 0xFA80, 0xFA60, 0xFA20, 0xB920, 0xD960, 0xD940, 0xC920, 0xD160, 0x98A0,
    0xB120, 0xFAA0, 0xF281, 0xD160, 0xF9C0, 0xD140, 0x9080, 0x0000, 0x0003, 0x0004, 0x0021, 0x008A,
    0x2103, 0xF321, 0xFA60, 0xFAC0, 0xFA80, 0xFA40, 0xFA60, 0xFAA0, 0xF201, 0x2000, 0x0068, 0x008B,
    0x008B, 0x0069, 0x0000, 0x0000, 0x0000, 0x0000, 0x0000, 0x0000, 0x0000, 0x0000, 0x0000, 0x0000,
    0x0000, 0x0000, 0x0000, 0x0000, 0x0000, 0x0000, 0x0000, 0x0000, 0x0000, 0x0000, 0x0000, 0x0000,
    0x0000, 0x0000, 0x0000, 0x0000, 0x0000, 0x0000, 0x0000, 0x0000, 0x0000, 0x0000, 0x0000, 0x0000,
    0x0000, 0x00A9, 0x0089, 0x9200, 0xFA20, 0xE9A0, 0xB100, 0xD9E0, 0xC1A0, 0xC9A0, 0xFA80, 0xFA40,
    0xF260, 0xF2A0, 0xB980, 0xB160, 0xEA20, 0xF280, 0xEA60, 0xF220, 0xFA60, 0xF240, 0xF240, 0xFA40,
    0xFA60, 0xFA40, 0xF220, 0xFA40, 0xFA60, 0xFAE0, 0xFA80, 0xFA60, 0xFA80, 0xFA80, 0xFA80, 0x4020,
    0x0046, 0x0005, 0x51A0, 0xFAC0, 0xFA20, 0xFA60, 0xFA60, 0xFAA0, 0xFAC0, 0xDA00, 0x0000, 0x0001,
    0x0001, 0x0003, 0x0003, 0xBB22, 0xFAC0, 0xFA80, 0xFA80, 0xFA80, 0xFA80, 0xFAC0, 0xE200, 0x1000,
    0x0002, 0x4160, 0xFAC0, 0xFA40, 0xFA60, 0xFA60, 0xFA80, 0xFAA0, 0xFA80, 0x3840, 0x0068, 0x0025,
    0x0003, 0x0023, 0x0023, 0x0024, 0x0024, 0x0024, 0x0023, 0x0023, 0x0002, 0x0840, 0xCB00, 0xFAA0,
    0xFA80, 0xEA80, 0xF260, 0xFAC0, 0xFAC0, 0xFAA0, 0xFA80, 0xF280, 0xFAA0, 0xFAA0, 0xFAC0, 0xFAC0,
    0xFAC0, 0xFAC0, 0xFAE0, 0xFB00, 0xFB00, 0xFB00, 0xFAA0, 0x3020, 0x0068, 0x0049, 0x0841, 0xDB20,
    0xFAA0, 0xFAA0, 0xFAA0, 0xFAC0, 0xFAE0, 0xFAC0, 0xFAC0, 0xFAA0, 0xFA80, 0xFA80, 0xFAA0, 0xF2C0,
    0xF2C0, 0xF2A0, 0xFAC0, 0xF2A0, 0xFAA0, 0xFAA0, 0xFAC0, 0xFAA0, 0xFA80, 0xF280, 0xFA80, 0xFA80,
    0xFA80, 0xFA80, 0xFA80, 0xFAA0, 0xF2A0, 0xFAE0, 0xB940, 0x0001, 0x0005, 0x2101, 0xF342, 0xFA80,
    0xFAC0, 0xF2A0, 0xFAC0, 0xFAA0, 0xFAE0, 0x88E0, 0x0003, 0x0067, 0x0003, 0x0002, 0x39C2, 0xFB81,
    0xFAA0, 0xFAE0, 0xF2A0, 0xFAA0, 0xF2A0, 0xFAC0, 0xA900, 0x0001, 0x0001, 0x7240, 0xFB00, 0xFAA0,
    0xFB01, 0xEAA1, 0xFAC0, 0xDA00, 0xD9C0, 0xC140, 0xA0C0, 0xF1A0, 0xD960, 0x9080, 0xA8E0, 0xD120,
    0xA0E0, 0xE9C0, 0xD9C0, 0x98A0, 0xF180, 0xD960, 0xA0A0, 0x0001, 0x0003, 0x0002, 0x0043, 0x0026,
    0x7AA1, 0xFB21, 0xFAA0, 0xFAC0, 0xFA80, 0xFA60, 0xF260, 0xFAA0, 0xA0E0, 0x0002, 0x008A, 0x006A,
    0x008B, 0x0024, 0x0000, 0x0000, 0x0000, 0x0000, 0x0000, 0x0000, 0x0000, 0x0000, 0x0000, 0x0000,
    0x0000, 0x0000, 0x0000, 0x0000, 0x0000, 0x0000, 0x0000, 0x0000, 0x0000, 0x0000, 0x0000, 0x0000,
    0x0000, 0x0000, 0x0000, 0x0000, 0x0000, 0x0000, 0x0000, 0x0000, 0x0000, 0x0000, 0x0000, 0x0000,
    0x0000, 0x010F, 0x18A2, 0xE240, 0xE1A0, 0xE1C0, 0xA120, 0xF240, 0xEA00, 0xF220, 0xD200, 0xEA60,
    0xFA60, 0xEA60, 0x90E0, 0xDA20, 0xFAA0, 0xFAE1, 0xEA81, 0xFA60, 0xFA40, 0xFA40, 0xFA40, 0xFA40,
    0xFA60, 0xFA80, 0xFA80, 0xFA60, 0xFA60, 0xF2A0, 0xF280, 0xFA60, 0xFA80, 0xFAE0, 0xD1A0, 0x0001,
    0x0068, 0x0001, 0xB2C0, 0xFA60, 0xF260, 0xFA80, 0xFAA0, 0xFAA0, 0xFAE0, 0xCA20, 0x6960, 0x71E0,
    0x7A22, 0x71E1, 0x8201, 0xF341, 0xFAA0, 0xFAC0, 0xFAC0, 0xFAC0, 0xF2A0, 0xFAE0, 0x80E0, 0x0001,
    0x0001, 0xA2A1, 0xFA80, 0xFA80, 0xFAA0, 0xFAC0, 0xF280, 0xFAA0, 0xC1A0, 0x0001, 0x00AC, 0x006A,
    0x0004, 0x0004, 0x0003, 0x0024, 0x0024, 0x0024, 0x0024, 0x0004, 0x0000, 0x8A60, 0xFAE0, 0xFA80,
    0xF2A0, 0xEAA0, 0xFAA0, 0xFAC0, 0xFAC0, 0xFAA0, 0xFAA0, 0xFAC0, 0xFAC0, 0xFAC0, 0xFAC0, 0xFAE0,
    0xFAE0, 0xF2E0, 0xFB00, 0xFB00, 0xFB20, 0xFB40, 0xC9C0, 0x0001, 0x00AA, 0x0006, 0x4980, 0xFB20,
    0xFAE0, 0xFB00, 0xF2C0, 0xEAC0, 0xFB00, 0xF301, 0xFAC0, 0xFAC0, 0xFAC0, 0xFAE0, 0xFAE0, 0xFAC0,
    0xF2E1, 0xF2E0, 0xFAC0, 0xFAE0, 0xFAE0, 0xFAE0, 0xFAC0, 0xFAC0, 0xFAA0, 0xFAC0, 0xFAC0, 0xFAC0,
    0xFAA0, 0xFAA0, 0xFAA0, 0xFAA0, 0xFAC0, 0xFA80, 0x5840, 0x0024, 0x0003, 0x7201, 0xFAC0, 0xFAA0,
    0xFAE0, 0xF2E0, 0xFB00, 0xFB00, 0xF260, 0x2800, 0x0024, 0x0048, 0x0025, 0x0001, 0x9B02, 0xFB00,
    0xF2E0, 0xF2A0, 0xE2C0, 0xFAE0, 0xF2C0, 0xFA60, 0x4020, 0x0000, 0x3140, 0xF321, 0xF260, 0xFAC0,
    0xEAC1, 0xF2C0, 0xFAC0, 0xD1E0, 0xB100, 0xD180, 0xC140, 0xE1A0, 0xD140, 0xB0C0, 0x7840, 0xB900,
    0xC980, 0xE9C0, 0xB900, 0x98E0, 0xD180, 0xD980, 0x98C0, 0x0002, 0x0003, 0x0000, 0x0003, 0x0062,
    0xDB40, 0xFAC0, 0xFB20, 0xFAE0, 0xF280, 0xFA80, 0xFAC0, 0xFA80, 0x4020, 0x0026, 0x008A, 0x008A,
    0x008A, 0x0001, 0x0000, 0x0000, 0x0000, 0x0000, 0x0000, 0x0000, 0x0000, 0x0000, 0x0000, 0x0000,
    0x0000, 0x0000, 0x0000, 0x0000, 0x0000, 0x0000, 0x0000, 0x0000, 0x0000, 0x0000, 0x0000, 0x0000,
    0x0000, 0x0000, 0x0000, 0x0000, 0x0000, 0x0000, 0x0000, 0x0000, 0x0000, 0x0000, 0x0000, 0x0000,
    0x0087, 0x00CC, 0x6880, 0xF980, 0xE9A0, 0xD100, 0xD160, 0xF200, 0xF200, 0xFA20, 0xE1C0, 0xEA00,
    0xFA80, 0xE200, 0xC160, 0xFA60, 0xFA20, 0xFA40, 0xF220, 0xFA20, 0xFA00, 0xFA00, 0xFA20, 0xFA20,
    0xFA20, 0xFA20, 0xFA20, 0xFA20, 0xFA20, 0xF200, 0xFA20, 0xFA20, 0xFA60, 0xFA81, 0x6060, 0x0024,
    0x0007, 0x2920, 0xFAE0, 0xF9E0, 0xFA40, 0xFA40, 0xFA40, 0xFA20, 0xFA20, 0xFA60, 0xFA80, 0xFAC0,
    0xFAA0, 0xFA80, 0xFA40, 0xFA40, 0xFA60, 0xFA80, 0xFA80, 0xFA60, 0xFA80, 0xF220, 0x2020, 0x0002,
    0x18E1, 0xF322, 0xFA00, 0xFA20, 0xFA40, 0xFA60, 0xF260, 0xFA40, 0x5860, 0x0004, 0x00AC, 0x00AC,
    0x0047, 0x0025, 0x0025, 0x0024, 0x0024, 0x0004, 0x0025, 0x0001, 0x4940, 0xFAC0, 0xFA40, 0xFA40,
    0xE220, 0xFA20, 0xF240, 0xFA40, 0xFA40, 0xEA20, 0xEA40, 0xEA00, 0xE1E0, 0xEA20, 0xEA40, 0xF260,
    0xFA80, 0xFAA0, 0xFAA0, 0xF280, 0xF260, 0xFAA0, 0x68A0, 0x0024, 0x008A, 0x0002, 0xB2C1, 0xFAA0,
    0xF260, 0xFA80, 0xFAA0, 0xFA60, 0xFA80, 0xF260, 0xFA60, 0xFA60, 0xFA60, 0xFA80, 0xFA80, 0xFA60,
    0xFA40, 0xFA40, 0xFA40, 0xFA60, 0xFA80, 0xFAA0, 0xFA60, 0xFA40, 0xFA60, 0xFA60, 0xFA60, 0xFA60,
    0xFA40, 0xFA40, 0xFA40, 0xF220, 0xFA60, 0xE180, 0x0800, 0x0025, 0x0041, 0xD302, 0xFA40, 0xFA40,
    0xFA60, 0xF260, 0xF260, 0xFA80, 0xB140, 0x0001, 0x0068, 0x0068, 0x0006, 0x18E1, 0xEB62, 0xFA40,
    0xF280, 0xFAA0, 0xF280, 0xFA40, 0xFA40, 0xD180, 0x0000, 0x0020, 0xCAC1, 0xFA80, 0xF260, 0xEA60,
    0xD220, 0xFA40, 0xFA40, 0xFA00, 0xC920, 0xE180, 0xC140, 0xC960, 0xE920, 0xB8A0, 0xA0C0, 0xC0C0,
    0xF180, 0xFA20, 0xE1A0, 0xF1A1, 0xC920, 0xE940, 0x6840, 0x0001, 0x0002, 0x0022, 0x0026, 0x4940,
    0xFA21, 0xEA00, 0xFA60, 0xF220, 0xF200, 0xFA20, 0xFA40, 0xC940, 0x0001, 0x0068, 0x0068, 0x008A,
    0x0046, 0x0000, 0x0000, 0x0000, 0x0000, 0x0000, 0x0000, 0x0000, 0x0000, 0x0000, 0x0000, 0x0000,
    0x0000, 0x0000, 0x0000, 0x0000, 0x0000, 0x0000, 0x0000, 0x0000, 0x0000, 0x0000, 0x0000, 0x0000,
    0x0000, 0x0000, 0x0000, 0x0000, 0x0000, 0x0000, 0x0000, 0x0000, 0x0000, 0x0000, 0x0000, 0x0000,
    0x00CC, 0x0023, 0xB800, 0xE801, 0xF041, 0xC020, 0xE8A1, 0xF021, 0xF001, 0xE821, 0xD841, 0xF821,
    0xF841, 0xF021, 0xF841, 0xF021, 0xF001, 0xF021, 0xF021, 0xF821, 0xF041, 0xF021, 0xF021, 0xF021,
    0xF021, 0xF021, 0xF021, 0xF021, 0xF841, 0xF841, 0xF061, 0xF041, 0xF841, 0xE021, 0x1000, 0x0046,
    0x0002, 0x8962, 0xF861, 0xF041, 0xF861, 0xF061, 0xF041, 0xF841, 0xF041, 0xE020, 0xF061, 0xF041,
    0xF020, 0xF021, 0xF061, 0xF881, 0xF861, 0xF861, 0xF861, 0xF061, 0xF881, 0xA820, 0x0000, 0x0001,
    0x70C1, 0xF861, 0xF001, 0xF021, 0xF021, 0xF021, 0xF841, 0xE041, 0x1000, 0x0068, 0x008B, 0x008C,
    0x0067, 0x0003, 0x0023, 0x0023, 0x0002, 0x0046, 0x0046, 0x1820, 0xE882, 0xF801, 0xF821, 0xE021,
    0xE021, 0xF821, 0xF021, 0xF822, 0x9821, 0x0800, 0x1000, 0x1000, 0x0800, 0x0800, 0x30A1, 0xF103,
    0xF841, 0xF861, 0xF881, 0xF061, 0xF841, 0xE021, 0x1000, 0x0068, 0x0069, 0x2061, 0xF0A2, 0xF821,
    0xF021, 0xF821, 0xF041, 0xF041, 0xF821, 0xF821, 0xF821, 0xF021, 0xF841, 0xF861, 0xF041, 0xF841,
    0xF841, 0xF821, 0xF821, 0xF841, 0xF841, 0xF062, 0xF841, 0xF841, 0xF841, 0xF841, 0xF841, 0xF841,
    0xF862, 0xF862, 0xF841, 0xF041, 0xF841, 0x8000, 0x0002, 0x0004, 0x38E1, 0xF902, 0xF861, 0xF861,
    0xF841, 0xF821, 0xF021, 0xF821, 0x5800, 0x0045, 0x0069, 0x0069, 0x0003, 0x60C1, 0xF861, 0xF061,
    0xF881, 0xF0A1, 0xF061, 0xF041, 0xF841, 0x7000, 0x0000, 0x88E1, 0xF8A1, 0xF081, 0xF8A1, 0xF0C1,
    0xE881, 0xE820, 0xF821, 0xA821, 0x1000, 0x0800, 0x0800, 0x1000, 0x1800, 0x0800, 0x6922, 0xD840,
    0xF020, 0xF001, 0xD841, 0xE841, 0xF020, 0xC000, 0x5800, 0x0001, 0x0003, 0x0047, 0x0064, 0xB941,
    0xF801, 0xF041, 0xF041, 0xD861, 0xF021, 0xE841, 0xF841, 0x6000, 0x0024, 0x0049, 0x0068, 0x0069,
    0x0001, 0x0000, 0x0000, 0x0000, 0x0000, 0x0000, 0x0000, 0x0000, 0x0000, 0x0000, 0x0000, 0x0000,
    0x0000, 0x0000, 0x0000, 0x0000, 0x0000, 0x0000, 0x0000, 0x0000, 0x0000, 0x0000, 0x0000, 0x0000,
    0x0000, 0x0000, 0x0000, 0x0000, 0x0000, 0x0000, 0x0000, 0x0000, 0x0000, 0x0000, 0x0000, 0x0023,
    0x00CB, 0x4000, 0xE821, 0xF001, 0xE801, 0xC041, 0xF821, 0xF001, 0xE801, 0xE821, 0xE821, 0xF821,
    0xF021, 0xF021, 0xF821, 0xF021, 0xF021, 0xF021, 0xF821, 0xF821, 0xF021, 0xF001, 0xF801, 0xF821,
    0xF001, 0xF821, 0xF821, 0xF821, 0xF041, 0xF841, 0xF821, 0xF021, 0xF821, 0x8800, 0x0023, 0x0007,
    0x0860, 0xE102, 0xF801, 0xF061, 0xF041, 0xF841, 0xF061, 0xF882, 0xE041, 0xD800, 0xF021, 0xF021,
    0xF841, 0xF061, 0xF881, 0xF861, 0xF861, 0xF841, 0xF841, 0xF061, 0xF882, 0x4800, 0x0002, 0x0041,
    0xC8C2, 0xF801, 0xF021, 0xF801, 0xF821, 0xF021, 0xF822, 0x8800, 0x0023, 0x008C, 0x008B, 0x008B,
    0x0002, 0x0000, 0x0000, 0x0000, 0x0000, 0x0110, 0x0063, 0xB8A2, 0xF801, 0xF001, 0xF821, 0xE801,
    0xF821, 0xF041, 0xF821, 0xC801, 0x0800, 0x0003, 0x0003, 0x0002, 0x0002, 0x0000, 0x7902, 0xF842,
    0xF021, 0xF841, 0xF841, 0xF041, 0xF862, 0x9800, 0x0001, 0x0069, 0x0046, 0x78A1, 0xF801, 0xF001,
    0xF821, 0xF821, 0xE821, 0xF041, 0xF841, 0xF841, 0xF841, 0xF841, 0xF841, 0xF041, 0xF842, 0xF842,
    0xF842, 0xF842, 0xF842, 0xF842, 0xF842, 0xF842, 0xF842, 0xF842, 0xF842, 0xF842, 0xF842, 0xF842,
    0xF862, 0xF862, 0xF842, 0xF842, 0xF842, 0x2800, 0x0025, 0x0001, 0x9942, 0xF821, 0xF021, 0xF841,
    0xF841, 0xF041, 0xF842, 0xE021, 0x0800, 0x0068, 0x0048, 0x0027, 0x0041, 0xC102, 0xF821, 0xF081,
    0xF8A1, 0xF061, 0xF021, 0xF861, 0xF041, 0x0800, 0x3060, 0xF922, 0xF861, 0xF841, 0xF841, 0xF081,
    0xF081, 0xF021, 0xD001, 0x1000, 0x0003, 0x0002, 0x0002, 0x0002, 0x0002, 0x0000, 0xA8E3, 0xD821,
    0xF001, 0xF001, 0xF801, 0xE821, 0xC800, 0xC800, 0x4800, 0x0002, 0x0024, 0x0027, 0x30A1, 0xF882,
    0xE801, 0xF021, 0xE821, 0xE041, 0xF021, 0xF841, 0xE041, 0x0800, 0x0046, 0x0068, 0x0068, 0x0046,
    0x0000, 0x0000, 0x0000, 0x0000, 0x0000, 0x0000, 0x0000, 0x0000, 0x0000, 0x0840, 0x20E0, 0x3960,
    0x51E0, 0x3160, 0x20C0, 0x0800, 0x0000, 0x0000, 0x0000, 0x0000, 0x0000, 0x0000, 0x0000, 0x0000,
    0x0000, 0x0000, 0x0000, 0x0000, 0x0000, 0x0000, 0x0000, 0x0000, 0x0000, 0x0000, 0x0000, 0x00AA,
    0x0065, 0xB820, 0xE801, 0xE001, 0xE001, 0xD862, 0xD821, 0xE801, 0xE801, 0xE841, 0xF821, 0xF001,
    0xE021, 0xF021, 0xF821, 0xF021, 0xF021, 0xF841, 0xF841, 0xF821, 0xF021, 0xF001, 0xF821, 0xF801,
    0xF821, 0xF841, 0xF841, 0xF841, 0xF021, 0xF021, 0xF021, 0xF041, 0xF842, 0x3000, 0x0046, 0x0003,
    0x6101, 0xF862, 0xF001, 0xF021, 0xF821, 0xF841, 0xF841, 0xF841, 0xE821, 0xE801, 0xE801, 0xF021,
    0xF841, 0xF841, 0xF821, 0xF021, 0xF041, 0xF841, 0xF041, 0xF822, 0xD021, 0x0800, 0x0002, 0x40A1,
    0xF862, 0xF001, 0xF021, 0xF821, 0xF822, 0xF842, 0xF822, 0x2800, 0x0067, 0x008B, 0x008B, 0x0068,
    0x0000, 0x0000, 0x0000, 0x0000, 0x00EE, 0x0066, 0x80C0, 0xF842, 0xF001, 0xF822, 0xE821, 0xF021,
    0xF021, 0xF021, 0xF001, 0x2800, 0x0022, 0x0026, 0x0003, 0x0004, 0x0003, 0x0040, 0xD123, 0xF801,
    0xF021, 0xF821, 0xF841, 0xF842, 0xF842, 0x3800, 0x0046, 0x0048, 0x0021, 0xD082, 0xF801, 0xF021,
    0xF821, 0xF021, 0xF021, 0xF821, 0xF821, 0xF841, 0xF841, 0xF821, 0xF821, 0xF042, 0xF042, 0xF842,
    0xF842, 0xF842, 0xF841, 0xF842, 0xF842, 0xF042, 0xF042, 0xF842, 0xF842, 0xF842, 0xF842, 0xF842,
    0xF842, 0xF842, 0xF042, 0xF842, 0xB821, 0x0001, 0x0027, 0x10A2, 0xE923, 0xF801, 0xF021, 0xF801,
    0xF821, 0xF041, 0xF862, 0x9020, 0x0023, 0x0068, 0x0047, 0x0003, 0x30E1, 0xF8E2, 0xF001, 0xF841,
    0xF061, 0xF061, 0xF041, 0xF841, 0x9800, 0x0000, 0xC881, 0xF0A1, 0xF881, 0xF861, 0xF841, 0xF021,
    0xE841, 0xE821, 0x5000, 0x0002, 0x0026, 0x0024, 0x0003, 0x0002, 0x0002, 0x0000, 0xC082, 0xE801,
    0xF021, 0xE021, 0xD021, 0xE841, 0xE801, 0xC000, 0x3800, 0x0002, 0x0024, 0x0023, 0x4020, 0xE821,
    0xF821, 0xF001, 0xE821, 0xF001, 0xF801, 0xF821, 0x6000, 0x18E0, 0x0802, 0x0004, 0x0046, 0x0022,
    0x0000, 0x0000, 0x0000, 0x1880, 0x3960, 0x2900, 0x62A0, 0x93E0, 0xC4E0, 0xE5C0, 0xFE80, 0xEE40,
    0xC540, 0x62A0, 0x1080, 0x0000, 0x0000, 0x0000, 0x0000, 0x0000, 0x0000, 0x0000, 0x0000, 0x0000,
    0x0000, 0x0000, 0x0000, 0x0000, 0x0000, 0x0000, 0x0000, 0x0000, 0x0000, 0x0000, 0x0001, 0x00ED,
    0x3820, 0xE821, 0xE801, 0xE801, 0xD000, 0xD801, 0xC000, 0xF801, 0xF021, 0xF021, 0xF821, 0xE801,
    0xE021, 0xF021, 0xF021, 0xF001, 0xF021, 0xF041, 0xF021, 0xF021, 0xF021, 0xF021, 0xF021, 0xF021,
    0xF021, 0xF021, 0xF021, 0xF021, 0xF001, 0xF022, 0xF021, 0xF842, 0xB841, 0x0002, 0x0027, 0x0020,
    0xC143, 0xF801, 0xE801, 0xF001, 0xF021, 0xF021, 0xF001, 0xF001, 0xE821, 0xF021, 0xF021, 0xF021,
    0xF021, 0xF001, 0xF021, 0xF022, 0xF001, 0xF001, 0xF022, 0xF842, 0x6800, 0x0001, 0x0002, 0xA123,
    0xF801, 0xE801, 0xF001, 0xF001, 0xF021, 0xF842, 0xC021, 0x0001, 0x0069, 0x0089, 0x008A, 0x0023,
    0x0000, 0x0000, 0x0000, 0x00AA, 0x008B, 0x48C0, 0xF882, 0xE801, 0xF021, 0xE821, 0xE821, 0xF821,
    0xF021, 0xF822, 0x6000, 0x0001, 0x0026, 0x0046, 0x0025, 0x0004, 0x0002, 0x40E2, 0xF882, 0xF001,
    0xF021, 0xF022, 0xF021, 0xF842, 0xC801, 0x0001, 0x0069, 0x0004, 0x4060, 0xF821, 0xF001, 0xF021,
    0xF021, 0xF021, 0xF021, 0xF021, 0xF041, 0xF041, 0xF041, 0xF021, 0xF021, 0xF022, 0xF022, 0xF021,
    0xF042, 0xF042, 0xF042, 0xF042, 0xF042, 0xF041, 0xF042, 0xF042, 0xF042, 0xF041, 0xF022, 0xF022,
    0xF042, 0xF022, 0xF041, 0xF842, 0x5800, 0x0024, 0x0004, 0x6123, 0xF882, 0xF001, 0xF021, 0xF021,
    0xF021, 0xF021, 0xF021, 0x2800, 0x0046, 0x0068, 0x0048, 0x0001, 0x9183, 0xF821, 0xE821, 0xF021,
    0xE841, 0xF041, 0xF041, 0xF821, 0x2800, 0x7820, 0xF801, 0xD820, 0xE841, 0xE820, 0xF021, 0xE841,
    0xF021, 0x6000, 0x0001, 0x0047, 0x0046, 0x0024, 0x0003, 0x0024, 0x0003, 0x0820, 0xD082, 0xF000,
    0xE041, 0xE821, 0xE021, 0xF021, 0xE821, 0xE000, 0x3000, 0x0003, 0x0025, 0x0020, 0x2100, 0x3000,
    0x8000, 0xF001, 0xF001, 0xF001, 0xE801, 0x5800, 0x39A0, 0x8BA0, 0x0000, 0x3120, 0x0001, 0x0000,
    0x0000, 0x0000, 0x7300, 0xEE40, 0xFE60, 0xFE81, 0xFF00, 0xFEE0, 0xFEA0, 0xFE80, 0xF620, 0xDDA0,
    0x7B60, 0x18A0, 0x2800, 0x0800, 0x0000, 0x0000, 0x0000, 0x0000, 0x0000, 0x0000, 0x0000, 0x0000,
    0x0000, 0x0000, 0x0000, 0x0000, 0x0000, 0x0000, 0x0000, 0x0000, 0x0000, 0x0000, 0x00A9, 0x0088,
    0xA020, 0xF801, 0xE001, 0xB800, 0xE000, 0xF001, 0xD800, 0xE021, 0xF862, 0xF001, 0xF841, 0xD801,
    0xE821, 0xF821, 0xF801, 0xF821, 0xF821, 0xF821, 0xF821, 0xF822, 0xF822, 0xF821, 0xF821, 0xF841,
    0xF821, 0xF801, 0xF821, 0xF801, 0xF801, 0xF821, 0xF821, 0xF021, 0x4000, 0x0046, 0x0005, 0x38C1,
    0xF883, 0xF801, 0xF801, 0xF801, 0xF801, 0xF821, 0xF821, 0xF821, 0xF821, 0xF841, 0xF841, 0xF821,
    0xF821, 0xF821, 0xF822, 0xF822, 0xF821, 0xF822, 0xF822, 0xF021, 0x1800, 0x0003, 0x20A1, 0xF8C2,
    0xF801, 0xF821, 0xF821, 0xF821, 0xF841, 0xF822, 0x5800, 0x0024, 0x0069, 0x0069, 0x0068, 0x0000,
    0x0000, 0x0000, 0x0066, 0x00EF, 0x2880, 0xF103, 0xF801, 0xF801, 0xF801, 0xF801, 0xF802, 0xF821,
    0xF822, 0xA021, 0x0000, 0x0047, 0x0047, 0x0026, 0x0026, 0x0005, 0x0022, 0xB0E2, 0xF802, 0xF822,
    0xF822, 0xF822, 0xF821, 0xF802, 0x6800, 0x0023, 0x0026, 0x0001, 0xB0C3, 0xF801, 0xF821, 0xF821,
    0xF821, 0xF821, 0xF822, 0xF842, 0xF841, 0xF842, 0xF821, 0xF821, 0xF821, 0xF822, 0xF822, 0xF842,
    0xF842, 0xF822, 0xF822, 0xF822, 0xF822, 0xF822, 0xF822, 0xF822, 0xF842, 0xF822, 0xF822, 0xF822,
    0xF842, 0xF842, 0xF842, 0xE821, 0x0800, 0x0005, 0x0020, 0xC122, 0xF802, 0xF821, 0xF841, 0xF841,
    0xF821, 0xF822, 0xB000, 0x0001, 0x0047, 0x0068, 0x0028, 0x10C1, 0xF143, 0xF801, 0xF821, 0xF821,
    0xF821, 0xF821, 0xF821, 0xC821, 0x5800, 0xF041, 0xF821, 0xE001, 0xC820, 0xF000, 0xF821, 0xF821,
    0xD000, 0x0800, 0x0045, 0x0004, 0x0002, 0x0025, 0x0003, 0x0023, 0x0025, 0x3082, 0xE881, 0xE800,
    0xF821, 0xE801, 0xD000, 0xB000, 0x7800, 0x6800, 0x0000, 0x0002, 0x0002, 0x6280, 0x9BC0, 0x18E0,
    0x29C0, 0x8800, 0xF801, 0xF801, 0x6020, 0x1960, 0xD560, 0xD580, 0x8B80, 0x72E0, 0x0000, 0x0000,
    0x0000, 0x9BE0, 0xFEC0, 0xFE80, 0xFE80, 0xFE80, 0xFE40, 0xFE20, 0xFE40, 0xF620, 0xF640, 0x8B60,
    0x0860, 0x3000, 0x7800, 0x0800, 0x0000, 0x0000, 0x0000, 0x0000, 0x0000, 0x0000, 0x0000, 0x0000,
    0x0000, 0x0000, 0x0000, 0x0000, 0x0000, 0x0000, 0x0000, 0x0000, 0x0000, 0x0000, 0x00CD, 0x1801,
    0xD001, 0xF001, 0xE801, 0xD801, 0xF821, 0xE021, 0xF021, 0xE821, 0xE000, 0xF021, 0xE821, 0xE001,
    0xF021, 0xC821, 0xC801, 0xC001, 0xC001, 0xC801, 0xC801, 0xC821, 0xC841, 0xC821, 0xC821, 0xC801,
    0xC001, 0xB800, 0xB801, 0xC801, 0xC801, 0xC801, 0xC801, 0x5000, 0x0002, 0x0069, 0x0003, 0x4020,
    0xC001, 0xB000, 0xB000, 0xB800, 0xB800, 0xB000, 0xB001, 0xB001, 0xB000, 0xB000, 0xB001, 0xB000,
    0xB000, 0xB000, 0xB800, 0xB800, 0xB000, 0xB001, 0xB001, 0x3000, 0x0003, 0x0003, 0x5060, 0xC000,
    0xA800, 0xB000, 0xB801, 0xB020, 0xB801, 0xA000, 0x0800, 0x0068, 0x0069, 0x008A, 0x0045, 0x0000,
    0x0000, 0x0000, 0x0044, 0x0000, 0x7860, 0xB800, 0xB001, 0xA800, 0xB000, 0xB800, 0xB000, 0xB000,
    0xA000, 0x0800, 0x0046, 0x0069, 0x0068, 0x0069, 0x0046, 0x0022, 0x1040, 0xA041, 0xA800, 0xB000,
    0xB821, 0xB021, 0xB001, 0xA800, 0x1000, 0x0025, 0x0026, 0x0000, 0x8020, 0xC021, 0xB000, 0xA000,
    0xA001, 0xB001, 0xB821, 0xB021, 0xB001, 0xB001, 0xB001, 0xB000, 0xB001, 0xB801, 0xB001, 0xB001,
    0xB001, 0xB001, 0xB001, 0xB001, 0xB001, 0xB001, 0xB001, 0xB801, 0xB001, 0xB001, 0xB001, 0xB001,
    0xB821, 0xB021, 0xB821, 0x6800, 0x0002, 0x0004, 0x1840, 0xB061, 0xB000, 0xB001, 0xB001, 0xB001,
    0xA800, 0xB801, 0x4000, 0x0045, 0x0069, 0x0068, 0x0004, 0x3060, 0xC061, 0xB000, 0xA800, 0xB000,
    0x9000, 0x9000, 0x9820, 0x3000, 0x8800, 0xB820, 0xB021, 0x9000, 0x9800, 0xA000, 0xA800, 0xA800,
    0x3800, 0x0002, 0x0002, 0x18A0, 0x5200, 0x0001, 0x0000, 0x0000, 0x0004, 0x1001, 0x3800, 0x6000,
    0x5000, 0x2820, 0x3100, 0x41C0, 0x5260, 0x5AC0, 0x6280, 0x3980, 0x5A40, 0xEE00, 0xDDA0, 0xCD40,
    0x5240, 0x0800, 0x4800, 0x4000, 0x20C0, 0xEE00, 0xFEA0, 0xEE00, 0xFE80, 0x6260, 0x0000, 0x0000,
    0x4A00, 0xFEA1, 0xFE80, 0xFE40, 0xFE80, 0xFE80, 0xFE60, 0xFE40, 0xFE80, 0xFEA0, 0xFF00, 0x8BA0,
    0x1060, 0x6000, 0x6801, 0x4000, 0x0000, 0x0000, 0x0000, 0x0000, 0x0000, 0x0000, 0x0000, 0x0000,
    0x0000, 0x0000, 0x0000, 0x0000, 0x0000, 0x0000, 0x0000, 0x0000, 0x0000, 0x0066, 0x00A9, 0x7000,
    0xE801, 0xF001, 0xE021, 0xF042, 0xF821, 0xF001, 0xD001, 0xD000, 0xE801, 0xF821, 0xF801, 0x8800,
    0x2000, 0x0000, 0x0000, 0x0000, 0x0000, 0x0000, 0x0000, 0x0000, 0x0000, 0x0000, 0x0000, 0x0000,
    0x0000, 0x0000, 0x0000, 0x0000, 0x0000, 0x0000, 0x0000, 0x0022, 0x008A, 0x00AB, 0x0047, 0x0001,
    0x0000, 0x0000, 0x0000, 0x0000, 0x0000, 0x0000, 0x0000, 0x0000, 0x0000, 0x0000, 0x0000, 0x0000,
    0x0000, 0x0000, 0x0000, 0x0000, 0x0000, 0x0000, 0x0000, 0x0022, 0x0047, 0x0002, 0x0000, 0x0000,
    0x0000, 0x0000, 0x0000, 0x0000, 0x0000, 0x0000, 0x0023, 0x00AB, 0x008A, 0x0069, 0x0001, 0x0000,
    0x0000, 0x0000, 0x0000, 0x0001, 0x0001, 0x0001, 0x0021, 0x0020, 0x0000, 0x0000, 0x0000, 0x0000,
    0x0000, 0x0023, 0x0069, 0x0069, 0x0069, 0x0069, 0x0002, 0x0000, 0x0000, 0x0001, 0x0001, 0x0000,
    0x0000, 0x0000, 0x0000, 0x0000, 0x0023, 0x0069, 0x0047, 0x0003, 0x0000, 0x0000, 0x0000, 0x0000,
    0x0000, 0x0000, 0x0000, 0x0000, 0x0000, 0x0000, 0x0000, 0x0000, 0x0000, 0x0000, 0x0000, 0x0000,
    0x0000, 0x0000, 0x0000, 0x0000, 0x0000, 0x0000, 0x0000, 0x0000, 0x0000, 0x0000, 0x0000, 0x0000,
    0x0000, 0x0000, 0x0000, 0x0000, 0x0046, 0x0046, 0x0000, 0x0000, 0x0000, 0x0000, 0x0000, 0x0000,
    0x0000, 0x0000, 0x0001, 0x0069, 0x0069, 0x0069, 0x0022, 0x0000, 0x0000, 0x0000, 0x0000, 0x0000,
    0x1900, 0x0880, 0x0000, 0x0000, 0x0000, 0x0000, 0x0000, 0x0000, 0x0000, 0x0000, 0x0000, 0x0000,
    0x0000, 0x0840, 0x6260, 0xD5C0, 0xBCE0, 0x1880, 0x0800, 0x0000, 0x18A0, 0x6280, 0x62C0, 0x6B20,
    0xA480, 0xD5A0, 0xF680, 0xFEE0, 0xFEE0, 0xEE00, 0x7B20, 0x5220, 0xFE80, 0xFE80, 0xF640, 0xFEA0,
    0x41A0, 0x0800, 0x0042, 0x0001, 0x6AA0, 0xFEC0, 0xFE40, 0xFE80, 0xFE80, 0x3960, 0x3003, 0x0000,
    0xB4A0, 0xFF00, 0xFE40, 0xFE60, 0xFE80, 0xFE60, 0xFEA0, 0xFEE0, 0xFEC0, 0xCD80, 0x8BE0, 0x28E0,
    0x5800, 0x6800, 0x4800, 0x1000, 0x0000, 0x0000, 0x0000, 0x0000, 0x0000, 0x0000, 0x0000, 0x0000,
    0x0000, 0x0000, 0x0000, 0x0000, 0x0000, 0x0000, 0x0000, 0x0000, 0x0000, 0x00CD, 0x0822, 0xC800,
    0xE801, 0xF001, 0xE821, 0xF021, 0xF801, 0xF001, 0xD801, 0xE801, 0xF821, 0xD800, 0x5000, 0x0022,
    0x0024, 0x0003, 0x0003, 0x0004, 0x0004, 0x0024, 0x0024, 0x0024, 0x0024, 0x0024, 0x0024, 0x0024,
    0x0025, 0x0025, 0x0025, 0x0025, 0x0024, 0x0024, 0x0024, 0x0048, 0x00AD, 0x00AC, 0x0069, 0x0003,
    0x0025, 0x0025, 0x0024, 0x0024, 0x0024, 0x0024, 0x0024, 0x0024, 0x0024, 0x0004, 0x0024, 0x0024,
    0x0024, 0x0024, 0x0024, 0x0024, 0x0024, 0x0024, 0x0024, 0x0047, 0x0048, 0x0026, 0x0046, 0x0046,
    0x0025, 0x0024, 0x0024, 0x0024, 0x0024, 0x0003, 0x0025, 0x008B, 0x008B, 0x0047, 0x0000, 0x0000,
    0x0000, 0x0000, 0x0000, 0x0069, 0x0069, 0x0048, 0x0026, 0x0004, 0x0024, 0x0024, 0x0024, 0x0025,
    0x0024, 0x0068, 0x008B, 0x008A, 0x006A, 0x0023, 0x0000, 0x0000, 0x0024, 0x0047, 0x0025, 0x0024,
    0x0003, 0x0003, 0x0024, 0x0004, 0x0048, 0x008B, 0x008A, 0x0025, 0x0002, 0x0024, 0x0024, 0x0025,
    0x0025, 0x0025, 0x0024, 0x0024, 0x0024, 0x0024, 0x0024, 0x0024, 0x0024, 0x0024, 0x0024, 0x0024,
    0x0024, 0x0024, 0x0025, 0x0025, 0x0024, 0x0024, 0x0024, 0x0024, 0x0024, 0x0024, 0x0025, 0x0024,
    0x0024, 0x0024, 0x0025, 0x0004, 0x0048, 0x0048, 0x0025, 0x0024, 0x0004, 0x0003, 0x0004, 0x0024,
    0x0024, 0x0024, 0x0004, 0x0069, 0x0069, 0x0067, 0x0000, 0x0002, 0x0024, 0x0003, 0x0002, 0x1860,
    0xBCE0, 0x1880, 0x3980, 0x1061, 0x0004, 0x0001, 0x5200, 0x0000, 0x1021, 0x0801, 0x0003, 0x0002,
    0x1080, 0xAC80, 0xFEE0, 0xFEE0, 0xE5C0, 0x6AA0, 0x0000, 0x6280, 0xF660, 0xFEC0, 0xFEA0, 0xFEE0,
    0xFEC0, 0xFE80, 0xFE60, 0xFE20, 0xF620, 0xB4E0, 0x3980, 0x8B80, 0xFEC0, 0xF640, 0xFEA0, 0xEE00,
    0x20A0, 0x3803, 0x0845, 0x0002, 0xC4E0, 0xFEA0, 0xFE40, 0xFE80, 0xE600, 0x2080, 0x6002, 0x0800,
    0x7B40, 0xFEC0, 0xFE40, 0xFE60, 0xFE80, 0xFEE0, 0xE620, 0x9C20, 0x49E0, 0x1840, 0x2800, 0x6000,
    0x8000, 0x8800, 0x5800, 0x0000, 0x0000, 0x0000, 0x0000, 0x0000, 0x0000, 0x0000, 0x0000, 0x0000,
    0x0000, 0x0000, 0x0000, 0x0000, 0x0000, 0x0000, 0x0000, 0x0000, 0x0044, 0x00AC, 0x5820, 0xF822,
    0xE801, 0xF001, 0xE821, 0xF022, 0xF021, 0xE801, 0xF801, 0xF821, 0x8800, 0x0800, 0x0045, 0x0045,
    0x0003, 0x0003, 0x0004, 0x0004, 0x0024, 0x0024, 0x0004, 0x0024, 0x0024, 0x0025, 0x0024, 0x0025,
    0x0025, 0x0025, 0x0025, 0x0025, 0x0025, 0x0026, 0x0026, 0x0025, 0x008B, 0x00AD, 0x008A, 0x0000,
    0x0024, 0x0004, 0x0025, 0x0025, 0x0025, 0x0024, 0x0024, 0x0024, 0x0025, 0x0024, 0x0025, 0x0025,
    0x0025, 0x0024, 0x0024, 0x0025, 0x0025, 0x0025, 0x0024, 0x0025, 0x008A, 0x0047, 0x0024, 0x0026,
    0x0025, 0x0025, 0x0025, 0x0025, 0x0025, 0x0025, 0x0025, 0x008B, 0x008B, 0x0002, 0x0000, 0x0000,
    0x0000, 0x0000, 0x0000, 0x0047, 0x008A, 0x0047, 0x0025, 0x0025, 0x0025, 0x0025, 0x0025, 0x0025,
    0x0024, 0x0025, 0x008B, 0x00AC, 0x0047, 0x0000, 0x0000, 0x0000, 0x0001, 0x0026, 0x0025, 0x0025,
    0x0004, 0x0004, 0x0024, 0x0025, 0x0025, 0x008A, 0x008B, 0x0001, 0x0001, 0x0026, 0x0026, 0x0025,
    0x0025, 0x0025, 0x0025, 0x0025, 0x0025, 0x0025, 0x0025, 0x0024, 0x0024, 0x0024, 0x0024, 0x0025,
    0x0025, 0x0025, 0x0025, 0x0025, 0x0025, 0x0025, 0x0025, 0x0025, 0x0025, 0x0025, 0x0024, 0x0024,
    0x0024, 0x0025, 0x0025, 0x0004, 0x0048, 0x008B, 0x0005, 0x0004, 0x0025, 0x0025, 0x0025, 0x0025,
    0x0024, 0x0024, 0x0004, 0x0002, 0x0001, 0x0002, 0x0000, 0x0001, 0x0025, 0x0003, 0x1080, 0x93C0,
    0xFEE0, 0x8B80, 0x9C40, 0x0820, 0x0000, 0x6AA0, 0xE5E0, 0x3940, 0x83A0, 0x1041, 0x0025, 0x0002,
    0x7B20, 0xFF00, 0xFE60, 0xFE40, 0xF620, 0x20E0, 0x4A20, 0xFF00, 0xFE80, 0xFE40, 0xFE60, 0xFE40,
    0xFE20, 0xFE40, 0xFE40, 0xFE80, 0xE5C0, 0x3160, 0x0000, 0xDDA1, 0xFEA0, 0xFE40, 0xFEA0, 0xC520,
    0x2000, 0x6001, 0x1802, 0x20E0, 0xF660, 0xFE80, 0xFE60, 0xFEC0, 0xA440, 0x2800, 0x6000, 0x1860,
    0xC520, 0xFEA0, 0xFE60, 0xFE60, 0xFE80, 0x62C0, 0x2060, 0x2800, 0x4000, 0x6000, 0x7021, 0x6800,
    0x7000, 0x8000, 0x4000, 0x0000, 0x0000, 0x0000, 0x0000, 0x0000, 0x0000, 0x0000, 0x0000, 0x0000,
    0x0000, 0x0000, 0x0000, 0x0000, 0x0000, 0x0000, 0x0000, 0x0000, 0x00AB, 0x0044, 0xC040, 0xF801,
    0xF001, 0xF021, 0xF021, 0xF022, 0xF022, 0xF821, 0xC000, 0x3000, 0x0044, 0x0067, 0x0024, 0x0003,
    0x0003, 0x0003, 0x0024, 0x0024, 0x0024, 0x0025, 0x0025, 0x0025, 0x0025, 0x0025, 0x0026, 0x0046,
    0x0046, 0x0046, 0x0046, 0x0046, 0x0046, 0x0046, 0x0046, 0x0025, 0x0069, 0x00CF, 0x0024, 0x0000,
    0x0002, 0x0047, 0x0026, 0x0026, 0x0026, 0x0046, 0x0046, 0x0046, 0x0026, 0x0026, 0x0026, 0x0026,
    0x0025, 0x0025, 0x0025, 0x0026, 0x0026, 0x0025, 0x0025, 0x0025, 0x008B, 0x0046, 0x0000, 0x0047,
    0x0046, 0x0046, 0x0046, 0x0026, 0x0026, 0x0046, 0x0025, 0x008B, 0x00AB, 0x0000, 0x0000, 0x0000,
    0x0000, 0x0000, 0x0000, 0x0002, 0x006A, 0x0047, 0x0046, 0x0047, 0x0047, 0x0046, 0x0046, 0x0046,
    0x0026, 0x0025, 0x008C, 0x00AB, 0x0000, 0x0000, 0x0000, 0x0000, 0x0000, 0x0024, 0x0026, 0x0046,
    0x0046, 0x0046, 0x0026, 0x0026, 0x0025, 0x0069, 0x0068, 0x0000, 0x0000, 0x0046, 0x0047, 0x0046,
    0x0026, 0x0026, 0x0026, 0x0046, 0x0046, 0x0026, 0x0026, 0x0026, 0x0025, 0x0025, 0x0026, 0x0026,
    0x0046, 0x0046, 0x0026, 0x0026, 0x0026, 0x0026, 0x0046, 0x0046, 0x0046, 0x0025, 0x0026, 0x0026,
    0x0025, 0x0025, 0x0025, 0x0025, 0x0025, 0x0004, 0x1060, 0x0000, 0x0002, 0x0024, 0x0025, 0x0025,
    0x0025, 0x0002, 0x0000, 0x8340, 0xAC60, 0x3960, 0x20C0, 0x0000, 0x0024, 0x0002, 0xA420, 0xFEA0,
    0xFE40, 0xF620, 0x93E0, 0x0000, 0x8B60, 0xF660, 0xF660, 0xE5A0, 0x9C20, 0x0001, 0x0047, 0x0022,
    0xCD60, 0xFEA0, 0xFE60, 0xFE80, 0xD560, 0x39A0, 0xCD60, 0xFE80, 0xFE40, 0xFE80, 0xFE80, 0xFE60,
    0xFE40, 0xFE60, 0xFEA0, 0xFF20, 0xEE40, 0x3160, 0x3980, 0xFE80, 0xFE60, 0xFE60, 0xFF00, 0x7B60,
    0x3000, 0x5820, 0x0800, 0x6AE0, 0xFF00, 0xFE60, 0xFE60, 0xFEE0, 0x5240, 0x4800, 0x5800, 0x1060,
    0xCD40, 0xFEC0, 0xFE60, 0xFEC0, 0xD5A0, 0x1000, 0x6000, 0x7820, 0x7000, 0x6800, 0x6800, 0x7000,
    0x7000, 0x3000, 0x0000, 0x0000, 0x0000, 0x0000, 0x0000, 0x0000, 0x0000, 0x0000, 0x0000, 0x0000,
    0x0000, 0x0000, 0x0000, 0x0000, 0x0000, 0x0000, 0x0000, 0x0022, 0x00CD, 0x3800, 0xF002, 0xE801,
    0xF001, 0xF001, 0xF001, 0xF801, 0xE801, 0x7000, 0x0001, 0x0066, 0x0046, 0x0004, 0x0003, 0x0024,
    0x0024, 0x0025, 0x0024, 0x0024, 0x0024, 0x0024, 0x0024, 0x0025, 0x0025, 0x0025, 0x0025, 0x0025,
    0x0025, 0x0045, 0x0046, 0x0046, 0x0025, 0x0025, 0x0045, 0x0046, 0x0068, 0x0068, 0x0000, 0x0000,
    0x0001, 0x0046, 0x0025, 0x0025, 0x0045, 0x0046, 0x0045, 0x0025, 0x0025, 0x0025, 0x0045, 0x0025,
    0x0025, 0x0045, 0x0025, 0x0025, 0x0025, 0x0024, 0x0024, 0x0025, 0x0047, 0x0022, 0x0000, 0x0046,
    0x0046, 0x0045, 0x0025, 0x0025, 0x0025, 0x0046, 0x0046, 0x0047, 0x0045, 0x0000, 0x0000, 0x0000,
    0x0000, 0x0000, 0x0000, 0x0000, 0x0046, 0x0068, 0x0046, 0x0046, 0x0046, 0x0046, 0x0046, 0x0046,
    0x0046, 0x0025, 0x0069, 0x0023, 0x0000, 0x0000, 0x0000, 0x0000, 0x0000, 0x0002, 0x0046, 0x0026,
    0x0025, 0x0025, 0x0025, 0x0025, 0x0025, 0x0046, 0x0023, 0x0000, 0x0000, 0x0024, 0x0046, 0x0025,
    0x0045, 0x0046, 0x0025, 0x0045, 0x0045, 0x0025, 0x0025, 0x0025, 0x0025, 0x0025, 0x0045, 0x0045,
    0x0045, 0x0025, 0x0025, 0x0025, 0x0025, 0x0025, 0x0002, 0x0003, 0x0001, 0x0001, 0x0002, 0x0823,
    0x0025, 0x0025, 0x0046, 0x0046, 0x0001, 0x8BA0, 0xE620, 0xCD60, 0x7B60, 0x0000, 0x0024, 0x0025,
    0x0005, 0x20C0, 0xA440, 0xFEC0, 0xFF00, 0xD580, 0x8360, 0x0000, 0x0001, 0x18C1, 0xF640, 0xFE80,
    0xFE40, 0xFEC0, 0x72C0, 0x0840, 0xF640, 0xFEA0, 0xF640, 0xFEA0, 0x7B40, 0x1801, 0x0005, 0x2100,
    0xFE60, 0xFE80, 0xFE40, 0xFEE0, 0xA440, 0x3980, 0xFEC0, 0xFE60, 0xFE60, 0xFE80, 0xFE80, 0xFEC0,
    0xFF00, 0xFEC0, 0xC560, 0x6AE0, 0x3920, 0x0000, 0x93C0, 0xFEE0, 0xFE40, 0xFE80, 0xFEA0, 0x3140,
    0x5000, 0x5020, 0x0000, 0xAC80, 0xFEE0, 0xFE60, 0xFEA0, 0xE620, 0x2860, 0x6000, 0x5800, 0x0800,
    0xC500, 0xFEC0, 0xFE60, 0xFF00, 0x8380, 0x1800, 0x3800, 0x1000, 0x2000, 0x2000, 0x4800, 0x4000,
    0x1800, 0x0000, 0x0000, 0x0000, 0x0000, 0x0000, 0x0000, 0x0000, 0x0000, 0x0000, 0x0000, 0x0000,
    0x0000, 0x0000, 0x0000, 0x0000, 0x0000, 0x0000, 0x0000, 0x00AA, 0x0067, 0xA000, 0xF801, 0xE801,
    0xE801, 0xF821, 0xF801, 0xA800, 0x2000, 0x0044, 0x0067, 0x0025, 0x0004, 0x0024, 0x0024, 0x0024,
    0x0025, 0x0024, 0x0000, 0x0000, 0x0000, 0x0000, 0x0000, 0x0000, 0x0000, 0x0000, 0x0000, 0x0000,
    0x0000, 0x0000, 0x0000, 0x0000, 0x0000, 0x0000, 0x0000, 0x0000, 0x0000, 0x0000, 0x0000, 0x0000,
    0x0000, 0x0000, 0x0000, 0x0000, 0x0000, 0x0000, 0x0000, 0x0000, 0x0000, 0x0000, 0x0000, 0x0000,
    0x0000, 0x0000, 0x0000, 0x0000, 0x0000, 0x0000, 0x0000, 0x0000, 0x0000, 0x0000, 0x0000, 0x0000,
    0x0000, 0x0000, 0x0000, 0x0000, 0x0000, 0x0000, 0x0000, 0x0000, 0x0000, 0x0000, 0x0000, 0x0000,
    0x0000, 0x0000, 0x0000, 0x0000, 0x0000, 0x0000, 0x0000, 0x0000, 0x0000, 0x0000, 0x0000, 0x0000,
    0x0000, 0x0000, 0x0000, 0x0000, 0x0000, 0x0000, 0x0000, 0x0000, 0x0000, 0x0000, 0x0000, 0x0000,
    0x0000, 0x0000, 0x0000, 0x0000, 0x0000, 0x0000, 0x0000, 0x0000, 0x0000, 0x0000, 0x0000, 0x0000,
    0x0000, 0x0000, 0x0000, 0x0000, 0x0000, 0x0000, 0x0000, 0x0000, 0x0000, 0x0000, 0x0000, 0x0000,
    0x0000, 0x0000, 0x0000, 0x0000, 0x0000, 0x0840, 0x49E0, 0x6AC0, 0xBD00, 0x6240, 0x5A40, 0x1040,
    0x0000, 0x0000, 0x0000, 0x0000, 0x5200, 0xFF00, 0xFE80, 0xFF00, 0xC520, 0x3140, 0x0000, 0x0020,
    0x0000, 0x6A80, 0xFF20, 0xFE40, 0xFE40, 0xFE80, 0xAC80, 0x0800, 0x0000, 0x6280, 0xFEC0, 0xFE40,
    0xFE40, 0xFE80, 0x2920, 0x49E0, 0xFEC0, 0xFE40, 0xFE60, 0xFEA0, 0x5240, 0x4800, 0x2000, 0x5260,
    0xFEC0, 0xFE60, 0xFE60, 0xFEC0, 0x5A40, 0x1080, 0xF660, 0xFE80, 0xFE60, 0xFE80, 0xFEA0, 0xC540,
    0x7B60, 0x3980, 0x2020, 0x1800, 0x4000, 0x1020, 0xD580, 0xFEA0, 0xFE60, 0xFEE0, 0xCD80, 0x1800,
    0x5800, 0x3000, 0x18A0, 0xF620, 0xFEA0, 0xFE80, 0xFF00, 0xA480, 0x2800, 0x7021, 0x3800, 0x2920,
    0xFE80, 0xFE80, 0xFE80, 0xFEA0, 0x39A0, 0x2100, 0x5A80, 0x8BE0, 0xA460, 0x41E0, 0x0020, 0x0000,
    0x0000, 0x0000, 0x0000, 0x0000, 0x0000, 0x0000, 0x0000, 0x0000, 0x0000, 0x0000, 0x0000, 0x0000,
    0x0000, 0x0000, 0x0000, 0x0000, 0x0000, 0x0000, 0x0000, 0x00ED, 0x2001, 0xF001, 0xF001, 0xF001,
    0xF822, 0xE001, 0x5800, 0x0022, 0x0067, 0x0046, 0x0004, 0x0004, 0x0025, 0x0025, 0x0025, 0x0024,
    0x0002, 0x0000, 0x0000, 0x0000, 0x0800, 0x0800, 0x0800, 0x1000, 0x1000, 0x1000, 0x1000, 0x1000,
    0x1000, 0x1000, 0x1000, 0x1000, 0x1800, 0x1800, 0x1800, 0x1800, 0x1800, 0x1800, 0x2000, 0x2000,
    0x2000, 0x1800, 0x1800, 0x2000, 0x1800, 0x1800, 0x1800, 0x1800, 0x1800, 0x1800, 0x1800, 0x1800,
    0x2000, 0x1800, 0x1800, 0x2000, 0x2000, 0x2000, 0x2000, 0x2000, 0x2000, 0x2000, 0x2800, 0x2000,
    0x2000, 0x2000, 0x2000, 0x2000, 0x2000, 0x2000, 0x2000, 0x2000, 0x2000, 0x2800, 0x2800, 0x2800,
    0x3000, 0x3000, 0x3000, 0x3000, 0x2800, 0x2800, 0x2000, 0x2000, 0x2000, 0x2000, 0x2000, 0x2000,
    0x2000, 0x2800, 0x2000, 0x2800, 0x3000, 0x3000, 0x3000, 0x3820, 0x3800, 0x2800, 0x1000, 0x0000,
    0x0000, 0x0000, 0x0000, 0x0000, 0x0800, 0x2800, 0x1800, 0x1000, 0x3000, 0x3000, 0x2800, 0x2800,
    0x2000, 0x0000, 0x0000, 0x1040, 0x2900, 0x0000, 0x1080, 0x0000, 0x0000, 0x1860, 0x6AC0, 0x6AC0,
    0x3140, 0x1000, 0x1800, 0x1800, 0x0000, 0x93A0, 0xFE80, 0xFEA0, 0xFEE0, 0xFE80, 0xA440, 0x0000,
    0x1820, 0x1000, 0x0000, 0x7300, 0xE600, 0xFE80, 0xFE60, 0xFE60, 0xDDC0, 0x5200, 0x0800, 0x1020,
    0x0000, 0xA420, 0xFEA0, 0xFE60, 0xFE40, 0xFEA0, 0xB4C0, 0x2800, 0x1000, 0xA460, 0xFEC0, 0xFE40,
    0xFE80, 0xE5E0, 0x0000, 0x9C20, 0xFEE0, 0xFE40, 0xFE80, 0xEE00, 0x20A0, 0x5800, 0x1800, 0x9C20,
    0xFEC0, 0xFE40, 0xFE80, 0xFE80, 0x20C0, 0x8380, 0xFF00, 0xFE80, 0xFE40, 0xFEC0, 0xA480, 0x0800,
    0x2000, 0x3800, 0x5000, 0x6020, 0x3800, 0x2940, 0xFE80, 0xFE80, 0xFE60, 0xFF20, 0x83C0, 0x2800,
    0x6820, 0x1000, 0x5260, 0xFEE0, 0xFE60, 0xFE80, 0xFEE0, 0x5240, 0x4000, 0x7020, 0x1800, 0x5A60,
    0xFEE0, 0xFE60, 0xFE80, 0xFE60, 0xDDA0, 0xFEA0, 0xFF00, 0xFF01, 0xAC60, 0x1060, 0x0000, 0x0000,
    0x0000, 0x0000, 0x0000, 0x0000, 0x0000, 0x0000, 0x0000, 0x0000, 0x0000, 0x0000, 0x0000, 0x0000,
    0x0000, 0x0000, 0x0000, 0x0000, 0x0000, 0x0000, 0x0067, 0x0089, 0x7800, 0xF802, 0xF801, 0xF801,
    0x9800, 0x1000, 0x0045, 0x0047, 0x0026, 0x0024, 0x0025, 0x0025, 0x0025, 0x0045, 0x0023, 0x0000,
    0x0000, 0x0000, 0x0000, 0x0000, 0x1000, 0x1800, 0x1800, 0x2000, 0x2800, 0x2800, 0x2800, 0x2800,
    0x2800, 0x3000, 0x3000, 0x3801, 0x4001, 0x4001, 0x4801, 0x4001, 0x4801, 0x4801, 0x5001, 0x5801,
    0x5001, 0x4801, 0x5801, 0x5801, 0x5001, 0x5001, 0x5801, 0x5801, 0x5801, 0x5801, 0x6001, 0x6001,
    0x6001, 0x6001, 0x6021, 0x6821, 0x6801, 0x6801, 0x6801, 0x6801, 0x6801, 0x7821, 0x7801, 0x7001,
    0x6801, 0x7001, 0x7001, 0x7001, 0x7021, 0x6821, 0x7021, 0x7821, 0x8021, 0x8021, 0x8801, 0x9021,
    0x9001, 0x9801, 0xA001, 0xA001, 0x9002, 0x9022, 0x8022, 0x7821, 0x7801, 0x7801, 0x7001, 0x7001,
    0x7001, 0x7801, 0x7821, 0x8021, 0x9801, 0x8001, 0x8001, 0x7801, 0x4801, 0x3840, 0x3900, 0x49C0,
    0x6AC0, 0x7B40, 0x7B00, 0x3140, 0x0800, 0x3801, 0x2840, 0x1820, 0x5801, 0x9801, 0x8001, 0x8021,
    0x3801, 0x62A0, 0x93C0, 0xE600, 0xDDC0, 0x8380, 0x62E0, 0x0000, 0x8340, 0xDDA0, 0xFF20, 0xF660,
    0xA460, 0x1800, 0x6021, 0x4001, 0x41A0, 0xFEA0, 0xFE40, 0xFE40, 0xF600, 0xFEC0, 0x6AE0, 0x2800,
    0x5020, 0x3000, 0x3100, 0xFE80, 0xFE80, 0xFE60, 0xFE80, 0xFE60, 0xFE80, 0x49A0, 0x5000, 0x2800,
    0x1040, 0xDD80, 0xFE60, 0xFE40, 0xFE40, 0xFEA0, 0xBD00, 0x2800, 0x2840, 0xDDA0, 0xFE80, 0xFE40,
    0xFEE0, 0x9C20, 0x0000, 0xE5E0, 0xFEA0, 0xFE40, 0xFEC0, 0xB4A0, 0x1800, 0x5800, 0x1860, 0xDDC0,
    0xFE80, 0xFE40, 0xFEA0, 0xDD80, 0x0000, 0x5240, 0xFEC0, 0xFE60, 0xFE80, 0xFEA0, 0x41A0, 0x5000,
    0x6820, 0x4800, 0x4000, 0x5800, 0x1800, 0x7300, 0xFEE0, 0xFE60, 0xFEA0, 0xFEA0, 0x3140, 0x4800,
    0x6020, 0x0000, 0x9C20, 0xFEE0, 0xFE60, 0xFEA0, 0xE600, 0x2040, 0x6000, 0x6000, 0x0000, 0x93E0,
    0xFEC0, 0xFE60, 0xFE80, 0xFEA0, 0xFEC0, 0xFE60, 0xF640, 0xF640, 0xC520, 0x3960, 0x1800, 0x0000,
    0x0000, 0x0000, 0x0000, 0x0000, 0x0000, 0x0000, 0x0000, 0x0000, 0x0000, 0x0000, 0x0000, 0x0000,
    0x0000, 0x0000, 0x0000, 0x0000, 0x0000, 0x0000, 0x00ED, 0x0823, 0xD801, 0xF801, 0xC801, 0x4000,
    0x0022, 0x0047, 0x0027, 0x0005, 0x0025, 0x0026, 0x0046, 0x0046, 0x0025, 0x0002, 0x0000, 0x0000,
    0x0000, 0x0000, 0x0000, 0x0000, 0x0000, 0x0000, 0x0000, 0x0000, 0x0000, 0x0000, 0x0000, 0x0000,
    0x0000, 0x0000, 0x0000, 0x0000, 0x0000, 0x0000, 0x0000, 0x0000, 0x0000, 0x0000, 0x0000, 0x0000,
    0x0000, 0x0000, 0x0000, 0x0000, 0x0000, 0x0000, 0x0000, 0x0000, 0x0000, 0x0000, 0x0000, 0x0000,
    0x0000, 0x0000, 0x0000, 0x0000, 0x0000, 0x0000, 0x0000, 0x0000, 0x0000, 0x0000, 0x0000, 0x0000,
    0x0000, 0x0000, 0x0000, 0x0000, 0x0000, 0x0000, 0x0000, 0x0000, 0x0000, 0x0000, 0x0000, 0x0000,
    0x0000, 0x0000, 0x0000, 0x0000, 0x0000, 0x0000, 0x0000, 0x0000, 0x0000, 0x0000, 0x0000, 0x0000,
    0x0000, 0x0000, 0x0000, 0x0000, 0x18C0, 0x2100, 0x3180, 0x6B40, 0xA4A0, 0xD5C0, 0xF660, 0xFEC0,
    0xFEE0, 0xEE00, 0x72C0, 0x18A0, 0x3980, 0x9420, 0xCD60, 0x8BA0, 0x18E0, 0x0000, 0x0020, 0x0000,
    0x39C0, 0xFEC0, 0xFEA0, 0xFEA0, 0xFE40, 0xFF20, 0x3980, 0x3140, 0xFEE0, 0xFE80, 0xFE40, 0xFE80,
    0xBCC0, 0x0000, 0x0000, 0x0000, 0xC500, 0xFEA0, 0xFE60, 0xFE60, 0xFE60, 0xFE80, 0x41A0, 0x3800,
    0x1020, 0x0000, 0x9BE0, 0xFE80, 0xF600, 0xFE80, 0xFE60, 0xFE80, 0xF660, 0x30E0, 0x7001, 0x0000,
    0x3960, 0xFE40, 0xFE20, 0xFE60, 0xFE60, 0xFEA0, 0xCD40, 0x0800, 0x4180, 0xFEA0, 0xFE60, 0xFE60,
    0xFF00, 0x5200, 0x3140, 0xFEE0, 0xFE60, 0xFE60, 0xFEE0, 0x7300, 0x3000, 0x4800, 0x3960, 0xFEA0,
    0xFE60, 0xFE60, 0xFEE0, 0x9C00, 0x0000, 0x8380, 0xFF00, 0xFE60, 0xFEE0, 0xCD60, 0x0000, 0x2000,
    0x1000, 0x1880, 0x28E0, 0x2040, 0x0800, 0xBCE0, 0xFEA0, 0xFE60, 0xFEC0, 0xC560, 0x1800, 0x6800,
    0x4800, 0x0840, 0xE5C0, 0xFEA0, 0xFE60, 0xFF00, 0x9C40, 0x2000, 0x7020, 0x3000, 0x3980, 0xF640,
    0xFE80, 0xFE80, 0xFE80, 0xFE80, 0xFE60, 0xFE20, 0xFE60, 0xFF20, 0x9400, 0x0820, 0x6000, 0x3000,
    0x0000, 0x0000, 0x0000, 0x0000, 0x0000, 0x0000, 0x0000, 0x0000, 0x0000, 0x0000, 0x0000, 0x0000,
    0x0000, 0x0000, 0x0000, 0x0000, 0x0000, 0x0065, 0x00ED, 0x6800, 0xF802, 0x8000, 0x0000, 0x0024,
    0x0047, 0x0026, 0x0026, 0x0046, 0x0046, 0x0046, 0x0046, 0x0024, 0x0000, 0x0000, 0x0000, 0x0800,
    0x1000, 0x1800, 0x2000, 0x2000, 0x2800, 0x2800, 0x3000, 0x3000, 0x3800, 0x3800, 0x4000, 0x4001,
    0x4801, 0x5001, 0x5801, 0x6001, 0x6001, 0x6001, 0x6021, 0x6821, 0x6801, 0x6801, 0x6821, 0x6801,
    0x6821, 0x7021, 0x6821, 0x6801, 0x7021, 0x7021, 0x7021, 0x7021, 0x7821, 0x7821, 0x7021, 0x7021,
    0x7021, 0x7821, 0x7821, 0x7821, 0x7821, 0x8021, 0x8001, 0x8001, 0x8801, 0x9001, 0x9001, 0x8801,
    0x8801, 0x8801, 0x8801, 0x8801, 0x8801, 0x8801, 0x8001, 0x8001, 0x8801, 0x8801, 0x8001, 0x8001,
    0x8801, 0x8801, 0x8801, 0x8801, 0x8801, 0x8801, 0x8821, 0x8821, 0x8801, 0x7801, 0x8001, 0x9001,
    0x6001, 0x0000, 0x49E0, 0xB4C0, 0xE5E0, 0xEE00, 0xFEA0, 0xFEE0, 0xFEA0, 0xFE60, 0xFE40, 0xFE40,
    0xF620, 0xC540, 0x5260, 0xA420, 0xFE80, 0xFEE0, 0xFE60, 0xF620, 0x4180, 0x6001, 0x7801, 0x1840,
    0xDDC0, 0xFE80, 0xFE20, 0xFE40, 0xFE60, 0xF620, 0x1040, 0x7B40, 0xFEC0, 0xF620, 0xFE40, 0xFEC0,
    0xAC80, 0x3800, 0x3000, 0x5A80, 0xFEC0, 0xFE40, 0xFE60, 0xFE60, 0xFEA0, 0xDDA0, 0x2040, 0x7000,
    0x4800, 0x20C0, 0xF641, 0xFE60, 0xFE20, 0xFE80, 0xFE60, 0xFEA0, 0xE620, 0x3080, 0x7801, 0x1000,
    0x6AC0, 0xFEC0, 0xFE20, 0xFE60, 0xFE60, 0xFEA0, 0xD560, 0x0000, 0x7300, 0xFEE0, 0xFE40, 0xFE80,
    0xF660, 0x0860, 0x7B40, 0xFEE0, 0xFE40, 0xFE80, 0xFE80, 0x3120, 0x5000, 0x2800, 0x6AE0, 0xFEE0,
    0xFE60, 0xFE60, 0xFEE0, 0x5200, 0x0000, 0xCD60, 0xFEC0, 0xFE60, 0xFEE0, 0xAC80, 0x4A00, 0x8BE0,
    0xC560, 0xEE60, 0x8380, 0x1080, 0x2100, 0xFE81, 0xFE80, 0xFE40, 0xFF00, 0x7B80, 0x2800, 0x7020,
    0x2800, 0x41E0, 0xFEC0, 0xFE60, 0xFE60, 0xFEE0, 0x5240, 0x4000, 0x7020, 0x1800, 0x62C0, 0xFEE0,
    0xFE40, 0xFE60, 0xFE80, 0xFE60, 0xFEA0, 0xFEE0, 0xF660, 0x9C40, 0x1060, 0x4800, 0x6800, 0x2000,
    0x0000, 0x0000, 0x0000, 0x0000, 0x0000, 0x0000, 0x0000, 0x0000, 0x0000, 0x0000, 0x0000, 0x0000,
    0x0000, 0x0000, 0x0000, 0x0000, 0x0000, 0x00CA, 0x0065, 0x8000, 0x3000, 0x0002, 0x0046, 0x0047,
    0x0026, 0x0046, 0x0046, 0x0047, 0x0047, 0x0025, 0x0001, 0x0000, 0x0000, 0x0000, 0x0000, 0x0800,
    0x1000, 0x2000, 0x2000, 0x2800, 0x3000, 0x3000, 0x3800, 0x3800, 0x4000, 0x4000, 0x4801, 0x4801,
    0x5801, 0x5801, 0x6001, 0x6021, 0x6801, 0x6801, 0x7021, 0x7821, 0x7821, 0x7801, 0x7801, 0x7801,
    0x7801, 0x7821, 0x7801, 0x7801, 0x8021, 0x8021, 0x8021, 0x8821, 0x9021, 0x8821, 0x8821, 0x8821,
    0x8821, 0x8821, 0x8821, 0x8821, 0x8821, 0x9021, 0x9801, 0x9801, 0xA002, 0xB002, 0xA802, 0xA802,
    0xB002, 0xB002, 0xA802, 0xA802, 0xA802, 0xB002, 0xB002, 0xA802, 0xB002, 0xB002, 0xB002, 0xA802,
    0xB002, 0xB002, 0xB802, 0xB802, 0xB002, 0xB802, 0xB822, 0xB822, 0xB822, 0xB022, 0xC022, 0x9802,
    0x28A0, 0xAC60, 0xFEE1, 0xFEC0, 0xFE60, 0xFE80, 0xFE60, 0xFE40, 0xFE20, 0xFE20, 0xFE20, 0xFE40,
    0xF620, 0x5220, 0x1060, 0xEE00, 0xFEA0, 0xFE20, 0xFE40, 0xFE80, 0x3960, 0x9801, 0x5801, 0x7320,
    0xFEE0, 0xFE20, 0xFE60, 0xFE40, 0xFEA0, 0xB4A0, 0x0000, 0xC500, 0xFE80, 0xFE60, 0xFE60, 0xFEE0,
    0x9C60, 0x2800, 0x2840, 0xD5C0, 0xFEA0, 0xFE40, 0xFE80, 0xFE60, 0xFEE0, 0x9C20, 0x2000, 0x7821,
    0x2000, 0x7B60, 0xFEC0, 0xFE20, 0xFE20, 0xFE80, 0xFE60, 0xFEC0, 0xCD60, 0x2800, 0x7000, 0x0800,
    0xB4A0, 0xFEA0, 0xFE40, 0xFE80, 0xFE60, 0xFEC0, 0xCD40, 0x0000, 0xB4A0, 0xFEC0, 0xF640, 0xFEC0,
    0xC500, 0x0000, 0xCD40, 0xFEC0, 0xFE60, 0xFEC0, 0xD580, 0x1800, 0x6800, 0x1800, 0xB4E0, 0xFEE0,
    0xFE60, 0xFEA0, 0xF640, 0x1060, 0x20A0, 0xF640, 0xFEA0, 0xFE80, 0xFEA0, 0xFE80, 0xFEE0, 0xFEC0,
    0xFEA0, 0xE5E0, 0x5A40, 0x0000, 0x5A60, 0xFEE0, 0xFE60, 0xFE80, 0xFEA0, 0x3960, 0x4800, 0x6820,
    0x0800, 0x8BE0, 0xFEE0, 0xFE40, 0xFEA0, 0xEE20, 0x2080, 0x5800, 0x5820, 0x0000, 0x62A0, 0xFF00,
    0xFE60, 0xFE80, 0xFEA0, 0xFF00, 0xE5E0, 0x7B20, 0x20C0, 0x1800, 0x5801, 0x8001, 0x7800, 0x2800,
    0x0000, 0x0000, 0x0000, 0x0000, 0x0000, 0x0000, 0x0000, 0x0000, 0x0000, 0x0000, 0x0000, 0x0000,
    0x0000, 0x0000, 0x0000, 0x0000, 0x0000, 0x0001, 0x0000, 0x0000, 0x0024, 0x0048, 0x0068, 0x0047,
    0x0067, 0x0067, 0x0068, 0x0047, 0x0023, 0x0000, 0x0000, 0x0000, 0x0000, 0x0000, 0x0000, 0x0000,
    0x0000, 0x0000, 0x0000, 0x0000, 0x0000, 0x0000, 0x0000, 0x0000, 0x0000, 0x0000, 0x0000, 0x0000,
    0x0000, 0x0000, 0x0000, 0x0000, 0x0000, 0x0000, 0x0000, 0x0000, 0x0000, 0x0000, 0x0000, 0x0000,
    0x0000, 0x0000, 0x0000, 0x0000, 0x0000, 0x0000, 0x0000, 0x0000, 0x0000, 0x0000, 0x0000, 0x0000,
    0x0000, 0x0000, 0x0000, 0x0000, 0x0000, 0x0000, 0x0000, 0x0000, 0x0000, 0x0000, 0x0000, 0x0000,
    0x0000, 0x0000, 0x0000, 0x0000, 0x0000, 0x0000, 0x0000, 0x0000, 0x0000, 0x0000, 0x0000, 0x0000,
    0x0000, 0x0000, 0x0000, 0x0000, 0x0000, 0x0000, 0x0000, 0x0000, 0x0000, 0x0000, 0x0000, 0x0000,
    0x39A0, 0xF640, 0xFE60, 0xFE00, 0xFE40, 0xFE80, 0xFE60, 0xFE60, 0xFE40, 0xFE40, 0xFE60, 0xFEC0,
    0xFEA0, 0x6AC0, 0x5220, 0xFE80, 0xFE40, 0xFE60, 0xFE80, 0xF660, 0x3920, 0x4000, 0x18C0, 0xEE20,
    0xFE60, 0xFE40, 0xFE60, 0xFE40, 0xFEE0, 0x62A0, 0x0840, 0xF620, 0xFE60, 0xFE60, 0xFE60, 0xFF00,
    0x8BC0, 0x0000, 0x6AE0, 0xFEE0, 0xFE40, 0xFE80, 0xFE80, 0xFE60, 0xFEE0, 0x5240, 0x4000, 0x5800,
    0x1880, 0xEDE0, 0xFE60, 0xFE20, 0xFE20, 0xFE80, 0xFE60, 0xFEE0, 0xACA0, 0x2800, 0x5800, 0x1060,
    0xEE00, 0xFE80, 0xFE60, 0xFE80, 0xFE60, 0xFEC0, 0xC520, 0x1080, 0xE5E0, 0xFE80, 0xFE60, 0xFF00,
    0x7B20, 0x0860, 0xFE60, 0xFE60, 0xFE60, 0xFEE0, 0x8380, 0x2000, 0x5800, 0x1880, 0xEE20, 0xFE80,
    0xFE60, 0xFEE0, 0xBCC0, 0x0000, 0x72C0, 0xFEC0, 0xFE80, 0xFEA0, 0xFEA0, 0xFEA0, 0xFE40, 0xF620,
    0xF620, 0xFEA0, 0x7B40, 0x0000, 0xA420, 0xFEC0, 0xFE60, 0xFEC0, 0xCD80, 0x1800, 0x6800, 0x5000,
    0x0000, 0xCD60, 0xFEC0, 0xFE60, 0xFEE0, 0xA480, 0x2000, 0x6800, 0x4800, 0x0000, 0xAC80, 0xFF00,
    0xFE60, 0xFEA0, 0xE600, 0x62A0, 0x2080, 0x1800, 0x4800, 0x6800, 0x7000, 0x7801, 0x8801, 0x2800,
    0x0000, 0x0000, 0x0000, 0x0000, 0x0000, 0x0000, 0x0000, 0x0000, 0x0000, 0x0000, 0x0000, 0x0000,
    0x0000, 0x0000, 0x0000, 0x0000, 0x0000, 0x0000, 0x0002, 0x0047, 0x0069, 0x0068, 0x0068, 0x0068,
    0x0069, 0x0069, 0x0045, 0x0000, 0x0000, 0x0000, 0x0000, 0x1000, 0x1800, 0x1800, 0x1800, 0x2000,
    0x2000, 0x2000, 0x2800, 0x2800, 0x3000, 0x3000, 0x3800, 0x3801, 0x4001, 0x4801, 0x5001, 0x5001,
    0x5001, 0x5801, 0x5801, 0x5801, 0x5801, 0x6001, 0x6801, 0x6801, 0x6801, 0x6801, 0x7001, 0x7801,
    0x7001, 0x7001, 0x7001, 0x7001, 0x7001, 0x7801, 0x7801, 0x7801, 0x7801, 0x7801, 0x7801, 0x7001,
    0x7001, 0x7001, 0x7001, 0x7001, 0x7001, 0x7001, 0x7801, 0x8001, 0x8001, 0x7801, 0x8001, 0x8001,
    0x8001, 0x7801, 0x7801, 0x8001, 0x8001, 0x7801, 0x8001, 0x8001, 0x8001, 0x7801, 0x7801, 0x8001,
    0x8001, 0x8001, 0x8001, 0x8001, 0x8001, 0x8001, 0x7801, 0x7001, 0x7801, 0x8801, 0x3001, 0x41E0,
    0xEE00, 0xFE60, 0xFE20, 0xFE40, 0xFE60, 0xFE80, 0xFE60, 0xFE60, 0xFEA0, 0xFEE0, 0xFE60, 0xCD40,
    0x8380, 0x0000, 0x8340, 0xFEC0, 0xFE20, 0xFE60, 0xFE80, 0xEE40, 0x38E0, 0x1800, 0x9400, 0xFEE0,
    0xFE40, 0xFE60, 0xFE60, 0xFE80, 0xFE80, 0x18A0, 0x5200, 0xFEC0, 0xFE40, 0xFE60, 0xFE60, 0xFEE0,
    0x6AC0, 0x0020, 0xE5E0, 0xFE80, 0xFE60, 0xFE80, 0xFE80, 0xFEA0, 0xE600, 0x2060, 0x6000, 0x2000,
    0x7300, 0xFEC0, 0xFE60, 0xFE20, 0xFE40, 0xFE80, 0xFE60, 0xFEE0, 0x83C0, 0x2800, 0x4800, 0x41E0,
    0xFEC0, 0xFE40, 0xFE60, 0xFE80, 0xFE60, 0xFEC0, 0xBCE0, 0x3980, 0xFEA0, 0xFE60, 0xFE80, 0xFEC0,
    0x2900, 0x5220, 0xFEE0, 0xFE60, 0xFE60, 0xFEC0, 0x41C0, 0x4800, 0x4000, 0x4A00, 0xFEC0, 0xFE60,
    0xFE80, 0xFF00, 0x72C0, 0x18C0, 0xF660, 0xFE80, 0xFE80, 0xFEA0, 0xFEA0, 0xFE60, 0xFE60, 0xFEC0,
    0xFF40, 0xC540, 0x1080, 0x0820, 0xE5C0, 0xFEA0, 0xFE40, 0xFF00, 0x83C0, 0x3000, 0x7820, 0x3000,
    0x18E0, 0xFE40, 0xFEA0, 0xFE60, 0xFF00, 0x62C0, 0x3000, 0x7020, 0x3000, 0x0000, 0xCD20, 0xFEA0,
    0xF640, 0xFF00, 0x9400, 0x0800, 0x6000, 0x7020, 0x6820, 0x5800, 0x5800, 0x5800, 0x1800, 0x0000,
    0x0000, 0x0000, 0x0000, 0x0000, 0x0000, 0x0000, 0x0000, 0x0000, 0x0000, 0x0000, 0x0000, 0x0000,
    0x0000, 0x0000, 0x0000, 0x0000, 0x0000, 0x0000, 0x0067, 0x008A, 0x0069, 0x0069, 0x0069, 0x008A,
    0x0068, 0x0002, 0x0000, 0x0000, 0x0000, 0x0000, 0x0800, 0x2000, 0x3000, 0x3000, 0x3000, 0x3800,
    0x3801, 0x4001, 0x4001, 0x4801, 0x5001, 0x5801, 0x6001, 0x6001, 0x7021, 0x8001, 0x8001, 0x8001,
    0x8001, 0x8001, 0x8801, 0x9001, 0x9001, 0x9802, 0x9802, 0xA022, 0xA822, 0xA822, 0xA822, 0xA022,
    0xA822, 0xB022, 0xB022, 0xB002, 0xB802, 0xB822, 0xC022, 0xC002, 0xC002, 0xC002, 0xC002, 0xB822,
    0xB802, 0xB802, 0xB802, 0xB802, 0xC022, 0xC022, 0xC002, 0xC002, 0xC802, 0xC802, 0xC002, 0xC822,
    0xC822, 0xC802, 0xC802, 0xD002, 0xD002, 0xD002, 0xC802, 0xD002, 0xD002, 0xD002, 0xD002, 0xD022,
    0xD002, 0xD802, 0xD802, 0xD002, 0xD002, 0xD002, 0xD002, 0xD022, 0xD022, 0xE023, 0x5801, 0x18C0,
    0xEDE0, 0xFE80, 0xFE40, 0xFE60, 0xFE60, 0xFEA0, 0xFF00, 0xFEC0, 0xD5A0, 0x8BE0, 0x3980, 0x0800,
    0x3801, 0x1000, 0xBD00, 0xFEA0, 0xFE40, 0xFE80, 0xFEA0, 0xDDC0, 0x1000, 0x3920, 0xF6A0, 0xFE60,
    0xFE40, 0xFE60, 0xFE60, 0xFEC0, 0xCD20, 0x0000, 0xAC80, 0xFEC0, 0xFE40, 0xFE60, 0xFE60, 0xFEE0,
    0x39A0, 0x62A0, 0xFF00, 0xFE60, 0xFE80, 0xFE80, 0xFE60, 0xFF00, 0x9400, 0x1800, 0x6800, 0x1860,
    0xDDC0, 0xFE80, 0xFE40, 0xFE60, 0xFE60, 0xFE80, 0xFE60, 0xFEE0, 0x5AA0, 0x4800, 0x3800, 0x83A0,
    0xFEE0, 0xFE40, 0xFE60, 0xFE60, 0xFE80, 0xFEE0, 0xC520, 0x7320, 0xFEE0, 0xFE60, 0xFEA0, 0xE5C0,
    0x0000, 0xAC60, 0xFEE0, 0xFE40, 0xFEA0, 0xE600, 0x1860, 0x6001, 0x2000, 0x83A0, 0xFEE0, 0xFE60,
    0xFE80, 0xFEC0, 0x3120, 0x18A0, 0xFE80, 0xFE80, 0xFE60, 0xFE80, 0xFEA0, 0xFEE0, 0xFEC0, 0xD5A0,
    0x83A0, 0x28C0, 0x2000, 0x3940, 0xFE60, 0xFE60, 0xFE60, 0xFEE0, 0x4A00, 0x4000, 0x7020, 0x1000,
    0x62C0, 0xFEE0, 0xFE40, 0xFE80, 0xEE60, 0x3100, 0x6800, 0x6840, 0x0800, 0x18C0, 0xF640, 0xFEA0,
    0xFE80, 0xFEE0, 0x5220, 0x3800, 0x4800, 0x2000, 0x1000, 0x1020, 0x1860, 0x18A0, 0x1080, 0x0000,
    0x0000, 0x0000, 0x0000, 0x0000, 0x0000, 0x0000, 0x0000, 0x0000, 0x0000, 0x0000, 0x0000, 0x0000,
    0x0000, 0x0000, 0x0000, 0x0000, 0x0000, 0x0000, 0x0023, 0x00AB, 0x008B, 0x00AB, 0x008A, 0x0044,
    0x0000, 0x0000, 0x0000, 0x0000, 0x0000, 0x0000, 0x0000, 0x0000, 0x0000, 0x0000, 0x0000, 0x0000,
    0x0000, 0x0000, 0x0000, 0x0000, 0x0000, 0x0000, 0x0000, 0x0000, 0x0000, 0x0000, 0x0000, 0x0000,
    0x0000, 0x0000, 0x0000, 0x0000, 0x0000, 0x0000, 0x0000, 0x0000, 0x0000, 0x0000, 0x0000, 0x0000,
    0x0000, 0x0000, 0x0000, 0x0000, 0x0000, 0x0000, 0x0000, 0x0000, 0x0000, 0x0000, 0x0000, 0x0000,
    0x0000, 0x0000, 0x0000, 0x0000, 0x0000, 0x0000, 0x0000, 0x0000, 0x0000, 0x0000, 0x0000, 0x0000,
    0x0000, 0x0000, 0x0000, 0x0000, 0x0000, 0x0000, 0x0000, 0x0000, 0x0000, 0x0000, 0x0000, 0x0000,
    0x0000, 0x0000, 0x0000, 0x0000, 0x0000, 0x0000, 0x0000, 0x0000, 0x0000, 0x0000, 0x0000, 0x20A0,
    0xF640, 0xFE60, 0xFE40, 0xFE40, 0xFE60, 0xEE20, 0x8BC0, 0x41C0, 0x1820, 0x2800, 0x4800, 0x6821,
    0x6001, 0x1880, 0xEDE0, 0xFE80, 0xFE60, 0xFE60, 0xFEC0, 0xCD20, 0x0000, 0xA440, 0xFEE0, 0xFE40,
    0xFE60, 0xFE60, 0xFE40, 0xFEE0, 0x7300, 0x0020, 0xEE20, 0xFE80, 0xFE60, 0xFE60, 0xFE80, 0xFE60,
    0x3960, 0xDDA0, 0xFEA0, 0xFE60, 0xFE80, 0xFE80, 0xFE60, 0xFEE0, 0x4A20, 0x4000, 0x3000, 0x5A80,
    0xFEE0, 0xFE40, 0xFEA0, 0xDDA0, 0xCD40, 0xFEC0, 0xFE60, 0xFEC0, 0x5240, 0x4800, 0x2000, 0xBD00,
    0xFEA0, 0xFE60, 0xFE60, 0xFE60, 0xFE60, 0xFEC0, 0xDDA0, 0xBCE0, 0xFEC0, 0xFE60, 0xFF00, 0xA440,
    0x0000, 0xE5C0, 0xFEA0, 0xFE60, 0xFEE0, 0xA460, 0x1800, 0x6801, 0x1000, 0xC520, 0xFEC0, 0xFE60,
    0xFEC0, 0xDDC0, 0x0800, 0x41A0, 0xFEC0, 0xFE60, 0xFE60, 0xFE80, 0xFEA0, 0xC520, 0x5A40, 0x1020,
    0x1800, 0x5800, 0x3000, 0x7340, 0xFEE0, 0xF640, 0xFEA0, 0xE600, 0x28A0, 0x6800, 0x6020, 0x0000,
    0xA460, 0xFEE0, 0xFE60, 0xFEC0, 0xA460, 0x2000, 0x5800, 0x2800, 0x0000, 0x41A0, 0xFEC0, 0xFE80,
    0xFEA0, 0xEE00, 0x0840, 0x1860, 0x49E0, 0x7300, 0xA480, 0xC560, 0xACC0, 0x62E0, 0x20C0, 0x0000,
    0x0000, 0x0000, 0x0000, 0x0000, 0x0000, 0x0000, 0x0000, 0x0000, 0x0000, 0x0000, 0x0000, 0x0000,
    0x0000, 0x0000, 0x0000, 0x0000, 0x0000, 0x0000, 0x0000, 0x00AB, 0x00CE, 0x0068, 0x0001, 0x0000,
    0x0000, 0x0000, 0x0000, 0x0000, 0x0800, 0x0800, 0x0800, 0x0800, 0x1000, 0x1000, 0x1000, 0x1000,
    0x1000, 0x1800, 0x1800, 0x1800, 0x2000, 0x2000, 0x2800, 0x2800, 0x2800, 0x2800, 0x3000, 0x3000,
    0x3000, 0x3800, 0x3800, 0x3000, 0x3800, 0x3800, 0x4000, 0x4000, 0x3800, 0x3800, 0x4000, 0x4000,
    0x4000, 0x4000, 0x4800, 0x4800, 0x4800, 0x4800, 0x4800, 0x4800, 0x5001, 0x5000, 0x5000, 0x5801,
    0x5800, 0x5800, 0x5000, 0x5001, 0x5000, 0x5000, 0x5000, 0x4800, 0x5000, 0x5000, 0x5000, 0x5801,
    0x5000, 0x5000, 0x5800, 0x5801, 0x5001, 0x5000, 0x5000, 0x5800, 0x5000, 0x5000, 0x5800, 0x5801,
    0x5800, 0x5000, 0x5001, 0x5801, 0x5801, 0x5800, 0x5800, 0x5000, 0x5001, 0x5821, 0x1800, 0x8B80,
    0xFEA0, 0xFE40, 0xFE40, 0xFE40, 0xFEA0, 0x62A0, 0x0800, 0x4000, 0x6000, 0x7020, 0x6820, 0x7021,
    0x4000, 0x5A60, 0xFEA0, 0xFE40, 0xFE60, 0xFE40, 0xFEE0, 0xA420, 0x20E0, 0xFE80, 0xFE60, 0xFE60,
    0xFE60, 0xFE60, 0xFE80, 0xFE80, 0x1880, 0x41C0, 0xFEE0, 0xFE60, 0xFE60, 0xFE80, 0xFEA0, 0xDDA0,
    0x8340, 0xFEC0, 0xFE40, 0xFE60, 0xFE80, 0xFE60, 0xFE80, 0xF640, 0x28E0, 0x6800, 0x1800, 0xC520,
    0xFEA0, 0xFE40, 0xFF21, 0x7320, 0xBCA0, 0xFEE0, 0xFE60, 0xFEC0, 0x4A00, 0x3800, 0x18A0, 0xEDE0,
    0xFE60, 0xFE60, 0xFE80, 0xFE80, 0xFE60, 0xFE80, 0xF640, 0xF640, 0xFE80, 0xFE60, 0xFEE0, 0x49E0,
    0x20E0, 0xFEA0, 0xFE80, 0xFE60, 0xFEE0, 0x6AC0, 0x3800, 0x5800, 0x28E0, 0xF660, 0xFE80, 0xFE60,
    0xFEE0, 0x9C00, 0x0000, 0x8380, 0xFF00, 0xFE60, 0xFEA0, 0xF660, 0x39A0, 0x1000, 0x3000, 0x5800,
    0x6820, 0x6820, 0x0800, 0xACA0, 0xFEE0, 0xF660, 0xFEC0, 0x9400, 0x1000, 0x4000, 0x0800, 0x0820,
    0xD560, 0xFEC0, 0xFE60, 0xFEE0, 0x6AC0, 0x0000, 0x3140, 0x62E0, 0x8360, 0x9C00, 0xFEA0, 0xFE60,
    0xFE80, 0xEE00, 0xAC80, 0xE620, 0xFEA0, 0xFEE0, 0xFEC0, 0xEE20, 0xACA0, 0x20E0, 0x0800, 0x0800,
    0x0000, 0x0000, 0x0000, 0x0000, 0x0000, 0x0000, 0x0000, 0x0000, 0x0000, 0x0000, 0x0000, 0x0000,
    0x0000, 0x0000, 0x0000, 0x0000, 0x0000, 0x0000, 0x0000, 0x0045, 0x0045, 0x0000, 0x0000, 0x0000,
    0x0000, 0x0000, 0x1000, 0x1800, 0x3000, 0x3800, 0x3800, 0x4000, 0x4801, 0x4801, 0x5001, 0x5001,
    0x5801, 0x6001, 0x6801, 0x6801, 0x7821, 0x8021, 0x8021, 0x8021, 0x8821, 0x9022, 0x9822, 0x9022,
    0x9802, 0xA022, 0xA022, 0xA022, 0xA022, 0xA022, 0xA022, 0xA022, 0xA822, 0xA822, 0xA802, 0xA822,
    0xB022, 0xB022, 0xB022, 0xB022, 0xB022, 0xB022, 0xB822, 0xB022, 0xB822, 0xC022, 0xC002, 0xC022,
    0xC822, 0xC002, 0xB822, 0xB822, 0xB822, 0xB802, 0xB822, 0xB822, 0xC022, 0xC022, 0xB822, 0xC022,
    0xC022, 0xC822, 0xC822, 0xC822, 0xC022, 0xC022, 0xC022, 0xC822, 0xC822, 0xC822, 0xC822, 0xC822,
    0xC822, 0xC802, 0xC022, 0xC822, 0xC822, 0xC802, 0xC802, 0xC002, 0xC002, 0xC802, 0x3020, 0x31A0,
    0xD541, 0xFEA0, 0xFE40, 0xFE80, 0xE5E0, 0x2080, 0x7020, 0x7040, 0x6000, 0x5000, 0x4800, 0x7000,
    0x3000, 0xACA0, 0xFEC0, 0xFE40, 0xFE60, 0xFE60, 0xFF00, 0x6AE0, 0x93C0, 0xFF00, 0xFE60, 0xFE60,
    0xFE60, 0xFE60, 0xFEC0, 0xC4E0, 0x0000, 0x93C0, 0xFEE0, 0xFE60, 0xFE60, 0xFE60, 0xFEA0, 0xE5C0,
    0xDDC0, 0xFEA0, 0xFE40, 0xFE60, 0xFE80, 0xFE60, 0xFEE0, 0xBD00, 0x2000, 0x4800, 0x41C0, 0xFEC0,
    0xFE40, 0xFE80, 0xE5E0, 0x18C0, 0xDD80, 0xFEC0, 0xFE80, 0xFE80, 0x20C0, 0x0800, 0x5240, 0xFEC0,
    0xFE40, 0xFE60, 0xFE60, 0xFE80, 0xFE80, 0xFE80, 0xFE60, 0xFE80, 0xFE80, 0xFE80, 0xF640, 0x0820,
    0x6280, 0xFF00, 0xFE60, 0xFE60, 0xFE80, 0x2920, 0x5000, 0x3800, 0x62A0, 0xFEC0, 0xFE40, 0xFE60,
    0xFEC0, 0x6AC0, 0x0000, 0xB4A0, 0xFEE0, 0xFE60, 0xFEE0, 0xBD00, 0x1800, 0x6820, 0x6020, 0x4800,
    0x4000, 0x4000, 0x1840, 0xE600, 0xFEA0, 0xFE40, 0xFEE0, 0x6AC0, 0x2920, 0x7340, 0xACA0, 0xBCC0,
    0xE5C0, 0xFE60, 0xFE60, 0xFEA0, 0xC520, 0xDDA0, 0xFE80, 0xFEE0, 0xBCE0, 0xB480, 0xFEA0, 0xFE60,
    0xFE60, 0xFE80, 0xFEE0, 0xFEA0, 0xFE20, 0xF5E0, 0xEDE0, 0xC520, 0x4200, 0x2860, 0x7000, 0x1000,
    0x0000, 0x0000, 0x0000, 0x0000, 0x0000, 0x0000, 0x0000, 0x0000, 0x0000, 0x0000, 0x0000, 0x0000,
    0x0000, 0x0000, 0x0000, 0x0000, 0x0000, 0x0000, 0x0000, 0x0000, 0x0000, 0x0000, 0x0000, 0x0000,
    0x0000, 0x0000, 0x0000, 0x0000, 0x0000, 0x0000, 0x0000, 0x0000, 0x0000, 0x0000, 0x0000, 0x0000,
    0x0000, 0x0000, 0x0000, 0x0000, 0x0000, 0x0000, 0x0000, 0x0000, 0x0000, 0x0000, 0x0000, 0x0000,
    0x0000, 0x0000, 0x0000, 0x0000, 0x0000, 0x0000, 0x0000, 0x0000, 0x0000, 0x0000, 0x0000, 0x0000,
    0x0000, 0x0000, 0x0000, 0x0000, 0x0000, 0x0000, 0x0000, 0x0000, 0x0000, 0x0000, 0x0000, 0x0000,
    0x0000, 0x0000, 0x0000, 0x0000, 0x0000, 0x0000, 0x0000, 0x0000, 0x0000, 0x0000, 0x0000, 0x0000,
    0x0000, 0x0000, 0x0000, 0x0000, 0x0000, 0x0000, 0x0000, 0x0000, 0x0000, 0x0000, 0x0000, 0x0000,
    0x0000, 0x0000, 0x0000, 0x0000, 0x0000, 0x0000, 0x0000, 0x0000, 0x0000, 0x0000, 0x0000, 0x18A0,
    0xF640, 0xFE80, 0xFE40, 0xFEC0, 0x93E0, 0x1000, 0x4800, 0x2000, 0x1800, 0x1840, 0x1880, 0x1020,
    0x1880, 0xEE00, 0xFE80, 0xFE60, 0xFE60, 0xFE60, 0xFEA0, 0x8B80, 0xEDE0, 0xFEA0, 0xFE60, 0xFE60,
    0xFE80, 0xFE60, 0xFEC0, 0x72E0, 0x0000, 0xDDA0, 0xFEA0, 0xFE60, 0xFE60, 0xFE80, 0xFE80, 0xFE60,
    0xFE80, 0xFE60, 0xFE60, 0xFE60, 0xFE80, 0xFE60, 0xFF00, 0x7B60, 0x3000, 0x1800, 0xA440, 0xFEC0,
    0xF640, 0xFF00, 0x7B00, 0x0000, 0xEE20, 0xFE80, 0xFE60, 0xFE60, 0xA440, 0x3140, 0x8B80, 0xFEC0,
    0xFE40, 0xFE80, 0xD580, 0xEE00, 0xFEA0, 0xFE80, 0xFE60, 0xFE60, 0xFE60, 0xFEC0, 0xCD40, 0x0000,
    0xA440, 0xFEE0, 0xFE60, 0xFEC0, 0xDDC0, 0x2840, 0x5000, 0x0820, 0xCD60, 0xFE80, 0xFE40, 0xFE40,
    0xFEA0, 0x4160, 0x1040, 0xEE21, 0xFEA0, 0xFE60, 0xFEE0, 0x5A60, 0x0800, 0x2800, 0x1000, 0x1020,
    0x2920, 0x3140, 0x5A80, 0xF640, 0xFE80, 0xFE60, 0xFE80, 0xE5E0, 0xFEA0, 0xFEE0, 0xFEE0, 0xCD40,
    0xDDA0, 0xFE80, 0xFE60, 0xFE60, 0xFEC0, 0xFEC0, 0xFE40, 0xF640, 0x7B00, 0xB480, 0xFEA0, 0xFE80,
    0xFE80, 0xFE60, 0xFE60, 0xFE60, 0xFE40, 0xFE20, 0xFEA0, 0xDDA0, 0x2960, 0x2800, 0x8000, 0x2800,
    0x0000, 0x0000, 0x0000, 0x0000, 0x0000, 0x0000, 0x0000, 0x0000, 0x0000, 0x0000, 0x0000, 0x0000,
    0x0000, 0x0000, 0x0000, 0x0000, 0x0000, 0x0000, 0x0000, 0x0000, 0x0000, 0x0000, 0x0000, 0x0000,
    0x0000, 0x0000, 0x0000, 0x0000, 0x0000, 0x0000, 0x0000, 0x0000, 0x0000, 0x0000, 0x0000, 0x0000,
    0x0000, 0x0000, 0x0000, 0x0000, 0x0000, 0x0000, 0x0000, 0x0000, 0x0000, 0x0000, 0x0000, 0x0000,
    0x0000, 0x0000, 0x0000, 0x0000, 0x0000, 0x0000, 0x0000, 0x0000, 0x0000, 0x0000, 0x0000, 0x0000,
    0x0000, 0x0000, 0x0000, 0x0000, 0x0000, 0x0000, 0x0000, 0x0000, 0x0000, 0x0000, 0x0000, 0x0000,
    0x0000, 0x0000, 0x0000, 0x0000, 0x0000, 0x0000, 0x0000, 0x0000, 0x0000, 0x0000, 0x0000, 0x0000,
    0x0000, 0x0000, 0x0000, 0x0000, 0x0000, 0x0000, 0x0000, 0x0000, 0x0000, 0x0000, 0x0000, 0x0000,
    0x0000, 0x0000, 0x0000, 0x0000, 0x0000, 0x0000, 0x0000, 0x0000, 0x0000, 0x0000, 0x0000, 0x72C0,
    0xFEC0, 0xFE40, 0xFE60, 0xFEC0, 0x49E0, 0x1880, 0x4A20, 0x7B80, 0xB4E0, 0xCD60, 0x7B60, 0x1080,
    0x41C0, 0xFEA0, 0xFE60, 0xFE80, 0xFE80, 0xFE60, 0xFE40, 0xE5C0, 0xFE80, 0xFE60, 0xFE60, 0xFE80,
    0xFE80, 0xFE80, 0xFEA0, 0x3160, 0x18C0, 0xFE80, 0xFE80, 0xFE60, 0xFE60, 0xFE60, 0xFE80, 0xFE80,
    0xFE60, 0xFEA0, 0xEE20, 0xF600, 0xFE60, 0xFE60, 0xFE80, 0x41A0, 0x4801, 0x3100, 0xF640, 0xFE60,
    0xFE40, 0xF660, 0x6280, 0x7B20, 0xFE80, 0xFE60, 0xFE60, 0xFEA0, 0xDDE0, 0x2920, 0xBCC0, 0xFEA0,
    0xF640, 0xFEE0, 0x93C0, 0xBCE0, 0xFEA0, 0xFE60, 0xFE80, 0xFE80, 0xFE60, 0xFEC0, 0x8380, 0x0000,
    0xDDA0, 0xFEA0, 0xFE40, 0xFEC0, 0x93E0, 0x0800, 0x1000, 0x9C20, 0xFEC0, 0xFE40, 0xFE60, 0xFE80,
    0xD580, 0x0800, 0x4180, 0xFEC0, 0xFE80, 0xFE80, 0xFE80, 0x3980, 0x41C0, 0x83C0, 0xB4C0, 0xDDC0,
    0xF6A0, 0xC540, 0x8380, 0xEE00, 0xFE80, 0xFE60, 0xFE80, 0xFEA0, 0xFE80, 0xFE20, 0xE5C0, 0xAC40,
    0xFE60, 0xFE80, 0xFE60, 0xFE80, 0xFE60, 0xFE60, 0xFE40, 0xFE60, 0xB4A0, 0xF620, 0xFE40, 0xFE40,
    0xFE80, 0xFE80, 0xFE60, 0xFE60, 0xFEA0, 0xFEC0, 0xE600, 0x7B80, 0x2060, 0x7001, 0x6000, 0x2800,
    0x0000, 0x0000, 0x0000, 0x0000, 0x0000, 0x0000, 0x0000, 0x0000, 0x0000, 0x0000, 0x0000, 0x0000,
    0x0000, 0x0000, 0x0000, 0x0000, 0x0000, 0x0000, 0x0000, 0x0000, 0x0000, 0x0000, 0x0000, 0x0000,
    0x0000, 0x0000, 0x0000, 0x0000, 0x0000, 0x0000, 0x0000, 0x0000, 0x0000, 0x0000, 0x0000, 0x0000,
    0x0000, 0x0000, 0x0000, 0x0000, 0x0000, 0x0000, 0x0000, 0x0000, 0x0000, 0x0000, 0x0000, 0x0000,
    0x0000, 0x0000, 0x0000, 0x0000, 0x0000, 0x0000, 0x0000, 0x0000, 0x0000, 0x0000, 0x0000, 0x0000,
    0x0000, 0x0000, 0x0000, 0x0000, 0x0000, 0x0000, 0x0000, 0x0000, 0x0000, 0x0000, 0x0000, 0x0000,
    0x0000, 0x0000, 0x0000, 0x0000, 0x0000, 0x0000, 0x0000, 0x0000, 0x0000, 0x0000, 0x0000, 0x0000,
    0x0000, 0x0000, 0x0000, 0x0000, 0x0000, 0x0000, 0x0000, 0x0000, 0x0000, 0x0000, 0x0000, 0x0000,
    0x0000, 0x0000, 0x0000, 0x0000, 0x0000, 0x0000, 0x0000, 0x0000, 0x0000, 0x0000, 0x0000, 0xB460,
    0xFEA0, 0xFE40, 0xFE80, 0xFE60, 0xC520, 0xEE20, 0xFEE0, 0xFF00, 0xFEC0, 0xAC80, 0x18A0, 0x0000,
    0x9BE0, 0xFEE0, 0xFE40, 0xFE60, 0xFE60, 0xFE60, 0xFE60, 0xFE60, 0xFE60, 0xFE80, 0xFE80, 0xFE60,
    0xFE60, 0xFE80, 0xE600, 0x0020, 0x6AC0, 0xFEE0, 0xFE40, 0xFE60, 0xFE60, 0xFE60, 0xFE60, 0xFE60,
    0xFE80, 0xFE80, 0xB480, 0xF640, 0xFE60, 0xFEA0, 0xDDA0, 0x1860, 0x1000, 0x7B20, 0xFEC0, 0xFE40,
    0xFE60, 0xFE60, 0xFEA0, 0xFE40, 0xFE40, 0xFE80, 0xFE80, 0xFEC0, 0x9BE0, 0x2900, 0xF640, 0xFEA0,
    0xFE60, 0xFEA0, 0x41A0, 0xB480, 0xFEE0, 0xFE60, 0xFE60, 0xFE60, 0xFE80, 0xFEC0, 0x4A00, 0x1080,
    0xF620, 0xFE60, 0xFE60, 0xFEC0, 0x7B00, 0x2120, 0xA460, 0xFEC0, 0xFE60, 0xFE80, 0xFE60, 0xFEE0,
    0x7300, 0x0000, 0x7B20, 0xFE80, 0xFE60, 0xFE80, 0xFE60, 0xEE20, 0xFF00, 0xFEE0, 0xFEA0, 0xFE60,
    0xDDA0, 0x7B20, 0xA3E0, 0xFEA0, 0xFE60, 0xFE80, 0xFE80, 0xFE60, 0xFE40, 0xFE40, 0xFE80, 0xEE00,
    0xFE20, 0xFE20, 0xFE80, 0xFE80, 0xFE60, 0xFE60, 0xFE80, 0xF640, 0xC520, 0xFEC0, 0xFE20, 0xFE40,
    0xFE60, 0xFEA0, 0xFF00, 0xFEE0, 0xD580, 0x62C0, 0x1860, 0x2800, 0x7000, 0x8801, 0x6800, 0x0800,
    0x0000, 0x0000, 0x0000, 0x0000, 0x0000, 0x0000, 0x0000, 0x0000, 0x0000, 0x0000, 0x0000, 0x0000,
    0x0000, 0x0000, 0x0000, 0x0000, 0x0000, 0x0000, 0x0000, 0x0000, 0x0000, 0x0000, 0x0000, 0x0000,
    0x0000, 0x0000, 0x0000, 0x0000, 0x0000, 0x0000, 0x0000, 0x0000, 0x0000, 0x0000, 0x0000, 0x0000,
    0x0000, 0x0000, 0x0000, 0x0000, 0x0000, 0x0000, 0x0000, 0x0000, 0x0000, 0x0000, 0x0000, 0x0000,
    0x0000, 0x0000, 0x0000, 0x0000, 0x0000, 0x0000, 0x0000, 0x0000, 0x0000, 0x0000, 0x0000, 0x0000,
    0x0000, 0x0000, 0x0000, 0x0000, 0x0000, 0x0000, 0x0000, 0x0000, 0x0000, 0x0000, 0x0000, 0x0000,
    0x0000, 0x0000, 0x0000, 0x0000, 0x0000, 0x0000, 0x0000, 0x0000, 0x0000, 0x0000, 0x0000, 0x0000,
    0x0000, 0x0000, 0x0000, 0x0000, 0x0000, 0x0000, 0x0000, 0x0000, 0x0000, 0x0000, 0x0000, 0x0000,
    0x0000, 0x0000, 0x0000, 0x0000, 0x0000, 0x0000, 0x0000, 0x0000, 0x0000, 0x0000, 0x1060, 0xEE00,
    0xFE80, 0xFE60, 0xFE80, 0xFE80, 0xFEA0, 0xFE60, 0xFE20, 0xF620, 0xEE40, 0x93E0, 0x28E0, 0x1020,
    0xD560, 0xFE80, 0xFE40, 0xFE60, 0xFE60, 0xFE60, 0xFE60, 0xFE60, 0xFE80, 0xF640, 0xE5E0, 0xFE80,
    0xFE40, 0xFEC0, 0xAC60, 0x0000, 0xB4A0, 0xFEC0, 0xFE60, 0xFE60, 0xD560, 0xFE60, 0xFE80, 0xFE80,
    0xFEE0, 0xBCC0, 0x8BA0, 0xFEE0, 0xFE60, 0xFEE0, 0xA420, 0x0840, 0x7B40, 0xEE00, 0xFE80, 0xFE80,
    0xFE80, 0xFE80, 0xFE60, 0xF5E0, 0xFE40, 0xFE80, 0xFE60, 0xFF00, 0xAC60, 0x6AC0, 0xFE80, 0xFE60,
    0xFEA0, 0xEE00, 0x0820, 0x9C00, 0xFF00, 0xFE60, 0xFE60, 0xFE60, 0xFE80, 0xEE20, 0x18A0, 0x49E0,
    0xFE40, 0xFE60, 0xFE60, 0xFE80, 0xEE00, 0xFE80, 0xFF00, 0xFE60, 0xFE80, 0xFE80, 0xFE80, 0xCD40,
    0x2060, 0x2000, 0x8360, 0xFE80, 0xFE60, 0xFE80, 0xFE80, 0xFEA0, 0xFE80, 0xFE20, 0xF5E0, 0xF660,
    0xBCC0, 0x62A0, 0xFE80, 0xFE40, 0xFE20, 0xFE80, 0xFE60, 0xFE60, 0xFE60, 0xFEA0, 0xD580, 0xF640,
    0xFE60, 0xFE60, 0xFE60, 0xFE60, 0xFEC0, 0xFEA0, 0xB4C0, 0x3120, 0x18E0, 0xEE20, 0xFE80, 0xFEA0,
    0xFEE0, 0xF680, 0xA480, 0x4A00, 0x2040, 0x3000, 0x6800, 0x8000, 0x7800, 0x7801, 0x8000, 0x1800,
    0x0000, 0x0000, 0x0000, 0x0000, 0x0000, 0x0000, 0x0000, 0x0000, 0x0000, 0x0000, 0x0000, 0x0000,
    0x0000, 0x0000, 0x0000, 0x0000, 0x0000, 0x0000, 0x0000, 0x0000, 0x0000, 0x0000, 0x0000, 0x0000,
    0x0000, 0x0000, 0x0000, 0x0000, 0x0000, 0x0000, 0x0000, 0x0000, 0x0000, 0x0000, 0x0000, 0x0000,
    0x0000, 0x0000, 0x0000, 0x0000, 0x0000, 0x0000, 0x0000, 0x0000, 0x0000, 0x0000, 0x0000, 0x0000,
    0x0000, 0x0000, 0x0000, 0x0000, 0x0000, 0x0000, 0x0000, 0x0000, 0x0000, 0x0000, 0x0000, 0x0000,
    0x0000, 0x0000, 0x0000, 0x0000, 0x0000, 0x0000, 0x0000, 0x0000, 0x0000, 0x0000, 0x0000, 0x0000,
    0x0000, 0x0000, 0x0000, 0x0000, 0x0000, 0x0000, 0x0000, 0x0000, 0x0000, 0x0000, 0x0000, 0x0000,
    0x0000, 0x0000, 0x0000, 0x0000, 0x0000, 0x0000, 0x0000, 0x0000, 0x0000, 0x0000, 0x0000, 0x0000,
    0x0000, 0x0000, 0x0000, 0x0000, 0x0000, 0x0000, 0x0000, 0x0000, 0x0000, 0x1040, 0xAC40, 0xFE60,
    0xFE60, 0xFE80, 0xFE80, 0xFE80, 0xFE40, 0xFE40, 0xFE20, 0xFE60, 0xFE60, 0x5200, 0x0000, 0x4160,
    0xFE80, 0xFE60, 0xFE80, 0xFE40, 0xFE40, 0xFE60, 0xFE60, 0xFE60, 0xFEC0, 0xC520, 0xD540, 0xFE80,
    0xFE60, 0xFEE0, 0x62A0, 0x0000, 0xEE00, 0xFE80, 0xFEA0, 0xD580, 0xAC80, 0xFEC0, 0xFE60, 0xFE40,
    0xFF00, 0x7B20, 0xB4A0, 0xFEC0, 0xF640, 0xFEC0, 0x6AC0, 0x5A40, 0xFEE0, 0xFE60, 0xFE60, 0xFE80,
    0xFE60, 0xF620, 0xFE60, 0xFEA0, 0xFE60, 0xFE60, 0xFEA0, 0xCD40, 0x18A0, 0x7B20, 0xFF00, 0xF640,
    0xFEC0, 0xBCE0, 0x0000, 0x7B20, 0xFEE0, 0xFE40, 0xFE60, 0xFE60, 0xFEA0, 0xC4C0, 0x0000, 0x41A0,
    0xFE60, 0xFE60, 0xFE60, 0xFE80, 0xFEA0, 0xFE80, 0xFE40, 0xFE60, 0xFE80, 0xFE60, 0xFEC0, 0x5240,
    0x3001, 0x2080, 0xC540, 0xFE80, 0xFE40, 0xFE60, 0xFE80, 0xFE60, 0xFE60, 0xFE40, 0xFE80, 0xFF00,
    0xDDA0, 0x7B20, 0xFEA0, 0xFE60, 0xFE40, 0xFE60, 0xFEA0, 0xFEE0, 0xE5E0, 0x6AE0, 0x0860, 0xD560,
    0xFE80, 0xFE80, 0xFF00, 0xFEC0, 0xB4C0, 0x39A0, 0x1800, 0x4801, 0x2000, 0x39A0, 0xFEC0, 0xEE20,
    0x7300, 0x2900, 0x1800, 0x4000, 0x6001, 0x7001, 0x6800, 0x7000, 0x7801, 0x7000, 0x2000, 0x0000,
    0x0000, 0x0000, 0x0000, 0x0000, 0x0000, 0x0000, 0x0000, 0x0000, 0x0000, 0x0000, 0x0000, 0x0000,
    0x0000, 0x0000, 0x0000, 0x0000, 0x0000, 0x0000, 0x0000, 0x0000, 0x0000, 0x0000, 0x0000, 0x0000,
    0x0000, 0x0000, 0x0000, 0x0000, 0x0000, 0x0000, 0x0000, 0x0000, 0x0000, 0x0000, 0x0000, 0x0000,
    0x0000, 0x0000, 0x0000, 0x0000, 0x0000, 0x0000, 0x0000, 0x0000, 0x0000, 0x0000, 0x0000, 0x0000,
    0x0000, 0x0000, 0x0000, 0x0000, 0x0000, 0x0000, 0x0000, 0x0000, 0x0000, 0x0000, 0x0000, 0x0000,
    0x0000, 0x0000, 0x0000, 0x0000, 0x0000, 0x0000, 0x0000, 0x0000, 0x0000, 0x0000, 0x0000, 0x0000,
    0x0000, 0x0000, 0x0000, 0x0000, 0x0000, 0x0000, 0x0000, 0x0000, 0x0000, 0x0000, 0x0000, 0x0000,
    0x0000, 0x0000, 0x0000, 0x0000, 0x0000, 0x0000, 0x0000, 0x0000, 0x0000, 0x0000, 0x0000, 0x0000,
    0x0000, 0x0000, 0x0000, 0x0000, 0x0000, 0x0000, 0x0000, 0x0000, 0x0820, 0x93C0, 0xFEE0, 0xFE00,
    0xFE40, 0xFE80, 0xFE80, 0xFE60, 0xFE40, 0xFE80, 0xFEC0, 0xFF00, 0xB4C0, 0x28E0, 0x2000, 0x6AE0,
    0xFEC0, 0xFE40, 0xFE80, 0xC4E0, 0xEE00, 0xFE80, 0xFE60, 0xFE80, 0xFE80, 0x8B80, 0xF620, 0xFE80,
    0xFE80, 0xF640, 0x18C0, 0x3980, 0xFEC0, 0xFE20, 0xFEC0, 0x7B20, 0x93C0, 0xFEE0, 0xFE60, 0xFE80,
    0xDD80, 0x2920, 0xEDC0, 0xFE80, 0xFE60, 0xFEA0, 0x3160, 0x8360, 0xFE80, 0xFE40, 0xFE60, 0xFE60,
    0xFEA0, 0xFF00, 0xE5A0, 0xCD20, 0xFE60, 0xF640, 0xFEE0, 0x93C0, 0x0000, 0xBCC0, 0xFEC0, 0xFE40,
    0xFE80, 0x72E0, 0x0000, 0x5A20, 0xFEC0, 0xFE40, 0xFE60, 0xFE60, 0xFEC0, 0x93C0, 0x0000, 0xAC60,
    0xFEC0, 0xF620, 0xFE40, 0xFE80, 0xFE80, 0xFE40, 0xFE40, 0xFE60, 0xFE80, 0xFEC0, 0x8380, 0x2000,
    0x3000, 0x6B00, 0xFF00, 0xFE20, 0xFE40, 0xFE60, 0xFE60, 0xFE60, 0xFEA0, 0xFEE0, 0xF660, 0x9C40,
    0x3960, 0x0820, 0xC520, 0xFE80, 0xFEA0, 0xFF00, 0xE600, 0x7300, 0x1840, 0x3000, 0x2800, 0x2940,
    0xFE80, 0xFEC0, 0x9C60, 0x49E0, 0x1800, 0x3800, 0x6000, 0x6021, 0x6801, 0x2800, 0x3960, 0x28C0,
    0x3000, 0x5000, 0x6800, 0x6820, 0x6800, 0x6000, 0x7001, 0x7801, 0x6800, 0x2800, 0x0000, 0x0000,
    0x0000, 0x0000, 0x0000, 0x0000, 0x0000, 0x0000, 0x0000, 0x0000, 0x0000, 0x0000, 0x0000, 0x0000,
    0x0000, 0x0000, 0x0000, 0x0000, 0x0000, 0x0000, 0x0000, 0x0000, 0x0000, 0x0000, 0x0000, 0x0000,
    0x0000, 0x0000, 0x0000, 0x0000, 0x0000, 0x0000, 0x0000, 0x0000, 0x0000, 0x0000, 0x0000, 0x0000,
    0x0000, 0x0000, 0x0000, 0x0000, 0x0000, 0x0000, 0x0000, 0x0000, 0x0000, 0x0000, 0x0000, 0x0000,
    0x0000, 0x0000, 0x0000, 0x0000, 0x0000, 0x0000, 0x0000, 0x0000, 0x0000, 0x0000, 0x0000, 0x0000,
    0x0000, 0x0000, 0x0000, 0x0000, 0x0000, 0x0000, 0x0000, 0x0000, 0x0000, 0x0000, 0x0000, 0x0000,
    0x0000, 0x0000, 0x0000, 0x0000, 0x0000, 0x0000, 0x0000, 0x0000, 0x0000, 0x0000, 0x0000, 0x0000,
    0x0000, 0x0000, 0x0000, 0x0000, 0x0000, 0x0000, 0x0000, 0x0000, 0x0000, 0x0000, 0x0000, 0x0000,
    0x0000, 0x0000, 0x0000, 0x0000, 0x0000, 0x0000, 0x0000, 0x0000, 0x0820, 0xA400, 0xFE80, 0xFE20,
    0xFE40, 0xFE60, 0xFE80, 0xFEC0, 0xFEE0, 0xEE20, 0xA460, 0x4A00, 0x1820, 0x4800, 0x3000, 0xACA0,
    0xFEA0, 0xFE40, 0xF620, 0x8360, 0xFE60, 0xFE80, 0xFE60, 0xFEE0, 0xB480, 0x6AA0, 0xFEE0, 0xFE40,
    0xFEA0, 0xDDC0, 0x0000, 0x8360, 0xFEE0, 0xF640, 0xFEC0, 0x49E0, 0x93C0, 0xFEE0, 0xF640, 0xFEE0,
    0x6AC0, 0x3140, 0xFEC0, 0xFE40, 0xFEA0, 0xE5E0, 0x0840, 0xB460, 0xFE80, 0xFE20, 0xFE60, 0xFEA0,
    0xEE00, 0x8BC0, 0x18C0, 0x6280, 0xFEE0, 0xF640, 0xFEE0, 0x7B20, 0x0000, 0xE5A0, 0xFE80, 0xFE40,
    0xFE60, 0x49E0, 0x2000, 0x3120, 0xFE60, 0xFE60, 0xFE60, 0xF620, 0xFEA0, 0x5A60, 0x0000, 0xDDA0,
    0xFEA0, 0xF620, 0xFE60, 0xFE80, 0xFE60, 0xFE40, 0xFE40, 0xFE60, 0xFE60, 0x7B60, 0x0800, 0x6000,
    0x3000, 0x5A80, 0xFF00, 0xF620, 0xFE60, 0xFE80, 0xFEE0, 0xFEE0, 0xDDC0, 0x8BE0, 0x3120, 0x0800,
    0x4800, 0x3800, 0x10A0, 0xE600, 0xE620, 0x5AA0, 0x2060, 0x2000, 0x4800, 0x5800, 0x5800, 0x1800,
    0x4200, 0x41C0, 0x1000, 0x4000, 0x6801, 0x6020, 0x5800, 0x6001, 0x6800, 0x6800, 0x6000, 0x6001,
    0x7000, 0x6000, 0x5800, 0x6800, 0x7001, 0x7000, 0x5800, 0x2800, 0x0000, 0x0000, 0x0000, 0x0000,
    0x0000, 0x0000, 0x0000, 0x0000, 0x0000, 0x0000, 0x0000, 0x0000, 0x0000, 0x0000, 0x0000, 0x0000,
    0x0000, 0x0000, 0x0000, 0x0000, 0x0000, 0x0000, 0x0000, 0x0000, 0x0000, 0x0000, 0x0000, 0x0000,
    0x0000, 0x0000, 0x0000, 0x0000, 0x0000, 0x0000, 0x0000, 0x0000, 0x0000, 0x0000, 0x0000, 0x0000,
    0x0000, 0x0000, 0x0000, 0x0000, 0x0000, 0x0000, 0x0000, 0x0000, 0x0000, 0x0000, 0x0000, 0x0000,
    0x0000, 0x0000, 0x0000, 0x0000, 0x0000, 0x0000, 0x0000, 0x0000, 0x0000, 0x0000, 0x0000, 0x0000,
    0x0000, 0x0000, 0x0000, 0x0000, 0x0000, 0x0000, 0x0000, 0x0000, 0x0000, 0x0000, 0x0000, 0x0000,
    0x0000, 0x0000, 0x0000, 0x0000, 0x0000, 0x0000, 0x0000, 0x0000, 0x0000, 0x0000, 0x0000, 0x0000,
    0x0000, 0x0000, 0x0000, 0x0000, 0x0000, 0x0000, 0x0000, 0x0000, 0x0000, 0x0000, 0x0000, 0x0000,
    0x0000, 0x0000, 0x0000, 0x0000, 0x0000, 0x0000, 0x0000, 0x0000, 0x0000, 0xAC40, 0xFEC0, 0xFE40,
    0xFE60, 0xFE80, 0xFEA0, 0xD580, 0x7B60, 0x28E0, 0x1800, 0x3800, 0x6000, 0x6000, 0x1860, 0xE5E0,
    0xFE60, 0xFEA0, 0xC4E0, 0x5220, 0xFEA0, 0xFE60, 0xFE60, 0xFEE0, 0x5220, 0x9BE0, 0xFEE0, 0xF640,
    0xFEE0, 0x9C00, 0x0000, 0xCD20, 0xFEA0, 0xFE60, 0xF640, 0x20E0, 0x8360, 0xFEC0, 0xFEA0, 0xF640,
    0x1060, 0x7320, 0xFEE0, 0xF620, 0xFEA0, 0x9C00, 0x0020, 0xBCC0, 0xFE60, 0xF600, 0xFEA0, 0xC520,
    0x1880, 0x3800, 0x2800, 0x7320, 0xFF01, 0xF640, 0xFEC0, 0x6260, 0x18A0, 0xF620, 0xFE60, 0xFE40,
    0xF640, 0x3100, 0x4800, 0x2040, 0xD5A0, 0xFE60, 0xFE40, 0xFE60, 0xF640, 0x3900, 0x1000, 0x9400,
    0xFF00, 0xFE40, 0xFE60, 0xFE80, 0xFEC0, 0xFEC0, 0xFE40, 0xD580, 0x5AA0, 0x0800, 0x5000, 0x5800,
    0x4800, 0x20C0, 0xACA0, 0xFEE0, 0xFF00, 0xF660, 0xB4C0, 0x4A20, 0x2040, 0x3000, 0x4800, 0x6000,
    0x6000, 0x5801, 0x2800, 0x28C0, 0x2880, 0x2000, 0x5000, 0x6020, 0x5000, 0x5000, 0x5800, 0x6000,
    0x5800, 0x4800, 0x6800, 0x6020, 0x5800, 0x5800, 0x6800, 0x6000, 0x3800, 0x0800, 0x6800, 0x7800,
    0x6000, 0x6800, 0x6800, 0x6000, 0x4000, 0x1000, 0x0000, 0x0000, 0x0000, 0x0000, 0x0000, 0x0000,
    0x0000, 0x0000, 0x0000, 0x0000, 0x0000, 0x0000, 0x0000, 0x0000, 0x0000, 0x0000, 0x0000, 0x0000,
    0x0000, 0x0000, 0x0000, 0x0000, 0x0000, 0x0000, 0x0000, 0x0000, 0x0000, 0x0000, 0x0000, 0x0000,
    0x0000, 0x0000, 0x0000, 0x0000, 0x0000, 0x0000, 0x0000, 0x0000, 0x0000, 0x0000, 0x0000, 0x0000,
    0x0000, 0x0000, 0x0000, 0x0000, 0x0000, 0x0000, 0x0000, 0x0000, 0x0000, 0x0000, 0x0000, 0x0000,
    0x0000, 0x0000, 0x0000, 0x0000, 0x0000, 0x0000, 0x0000, 0x0000, 0x0000, 0x0000, 0x0000, 0x0000,
    0x0000, 0x0000, 0x0000, 0x0000, 0x0000, 0x0000, 0x0000, 0x0000, 0x0000, 0x0000, 0x0000, 0x0000,
    0x0000, 0x0000, 0x0000, 0x0000, 0x0000, 0x0000, 0x0000, 0x0000, 0x0000, 0x0000, 0x0000, 0x0000,
    0x0000, 0x0000, 0x0000, 0x0000, 0x0000, 0x0000, 0x0000, 0x0000, 0x0000, 0x0000, 0x0000, 0x0000,
    0x0000, 0x0000, 0x0000, 0x0000, 0x0000, 0x0000, 0x0000, 0x0000, 0x2100, 0xEE01, 0xFE80, 0xFE40,
    0xFE60, 0xFEA0, 0x5A40, 0x1800, 0x2800, 0x4000, 0x5800, 0x6020, 0x6820, 0x4800, 0x49E0, 0xFEA0,
    0xFE40, 0xFEE0, 0x93A0, 0x39A0, 0xFE80, 0xFE40, 0xFEA0, 0xD580, 0x0840, 0xDD60, 0xFEA0, 0xFE40,
    0xFEE0, 0x49E0, 0x0840, 0xF640, 0xFE60, 0xFE80, 0xDD80, 0x0000, 0x6280, 0xFEA0, 0xEE20, 0x93C0,
    0x0000, 0xAC60, 0xFEA0, 0xF620, 0xFE80, 0x5240, 0x1880, 0xEDC0, 0xFE40, 0xFE20, 0xFEE0, 0x5A80,
    0x3000, 0x8040, 0x3800, 0x7320, 0xFEE0, 0xFE40, 0xFEC0, 0x49C0, 0x41A0, 0xF620, 0xFE40, 0xFE80,
    0xCD80, 0x2820, 0x6800, 0x1800, 0xA440, 0xFE60, 0xFE80, 0xFEA0, 0xBD00, 0x2020, 0x4800, 0x2100,
    0xC500, 0xFF00, 0xFEC0, 0xFEE0, 0xDDC0, 0xA440, 0x7B40, 0x18E0, 0x1000, 0x5000, 0x5800, 0x5000,
    0x5800, 0x0000, 0x0860, 0xB4E0, 0x9C40, 0x2900, 0x1800, 0x3800, 0x6000, 0x6800, 0x6000, 0x6000,
    0x6000, 0x6000, 0x6800, 0x7800, 0x5800, 0x6000, 0x5800, 0x5000, 0x5800, 0x6000, 0x4800, 0x1800,
    0x6800, 0x6800, 0x5800, 0x6000, 0x6800, 0x6000, 0x4000, 0x0800, 0x0000, 0x0000, 0x2800, 0x7800,
    0x7000, 0x4800, 0x2800, 0x0000, 0x0000, 0x0000, 0x0000, 0x0000, 0x0000, 0x0000, 0x0000, 0x0000,
    0x0000, 0x0000, 0x0000, 0x0000, 0x0000, 0x0000, 0x0000, 0x0000, 0x0000, 0x0000, 0x0000, 0x0000,
    0x0000, 0x0000, 0x0000, 0x0000, 0x0000, 0x0000, 0x0000, 0x0000, 0x0000, 0x0000, 0x0000, 0x0000,
    0x0000, 0x0000, 0x0000, 0x0000, 0x0000, 0x0000, 0x0000, 0x0000, 0x0000, 0x0000, 0x0000, 0x0000,
    0x0000, 0x0000, 0x0000, 0x0000, 0x0000, 0x0000, 0x0000, 0x0000, 0x0000, 0x0000, 0x0000, 0x0000,
    0x0000, 0x0000, 0x0000, 0x0000, 0x0000, 0x0000, 0x0000, 0x0000, 0x0000, 0x0000, 0x0000, 0x0000,
    0x0000, 0x0000, 0x0000, 0x0000, 0x0000, 0x0000, 0x0000, 0x0000, 0x0000, 0x0000, 0x0000, 0x0000,
    0x0000, 0x0000, 0x0000, 0x0000, 0x0000, 0x0000, 0x0000, 0x0000, 0x0000, 0x0000, 0x0000, 0x0000,
    0x0000, 0x0000, 0x0000, 0x0000, 0x0000, 0x0000, 0x0000, 0x0000, 0x0000, 0x0000, 0x0000, 0x0000,
    0x0000, 0x0000, 0x0000, 0x0000, 0x0000, 0x0000, 0x0000, 0x0000, 0x41A0, 0xF640, 0xFE60, 0xFE60,
    0xFEA0, 0xCD40, 0x1000, 0x6000, 0x6820, 0x6020, 0x6000, 0x5000, 0x5000, 0x1000, 0x8BA0, 0xFEE0,
    0xF640, 0xFEA0, 0x5A40, 0x3140, 0xF640, 0xFE80, 0xFEE0, 0x6280, 0x18A0, 0xFE80, 0xFE60, 0xFE80,
    0xEE20, 0x0840, 0x49E0, 0xFEC0, 0xFE40, 0xFEA0, 0xA440, 0x0000, 0x5A40, 0xA420, 0x5220, 0x28E0,
    0x1000, 0xCD60, 0xFE80, 0xFE60, 0xFE40, 0x18A0, 0x3100, 0xF640, 0xFE40, 0xFE80, 0xDDA0, 0x1840,
    0x6000, 0x6020, 0x3000, 0x6AE0, 0xFE80, 0xFE80, 0xFE60, 0x3140, 0x62A0, 0xFE60, 0xFE60, 0xFEA0,
    0x93E0, 0x2000, 0x6020, 0x1800, 0x4A00, 0xFE60, 0xEE00, 0xCD00, 0x7320, 0x2000, 0x6800, 0x1800,
    0x18E0, 0xD5A0, 0xCD60, 0x5240, 0x0840, 0x1020, 0x2000, 0x3800, 0x5800, 0x5000, 0x4800, 0x5800,
    0x2800, 0x0000, 0x4000, 0x2800, 0x1800, 0x4800, 0x6800, 0x6000, 0x5800, 0x5800, 0x6800, 0x6800,
    0x5800, 0x2800, 0x0800, 0x5000, 0x5800, 0x5800, 0x5800, 0x5800, 0x4800, 0x1800, 0x0000, 0x0000,
    0x0800, 0x6800, 0x7800, 0x6800, 0x3000, 0x0800, 0x0000, 0x0000, 0x0000, 0x0000, 0x0000, 0x1800,
    0x2000, 0x0000, 0x0000, 0x0000, 0x0000, 0x0000, 0x0000, 0x0000, 0x0000, 0x0000, 0x0000, 0x0000,
    0x0000, 0x0000, 0x0000, 0x0000, 0x0000, 0x0000, 0x0000, 0x0000, 0x0000, 0x0000, 0x0000, 0x0000,
    0x0000, 0x0000, 0x0000, 0x0000, 0x0000, 0x0000, 0x0000, 0x0000, 0x0000, 0x0000, 0x0000, 0x0000,
    0x0000, 0x0000, 0x0000, 0x0000, 0x0000, 0x0000, 0x0000, 0x0000, 0x0000, 0x0000, 0x0000, 0x0000,
    0x0000, 0x0000, 0x0000, 0x0000, 0x0000, 0x0000, 0x0000, 0x0000, 0x0000, 0x0000, 0x0000, 0x0000,
    0x0000, 0x0000, 0x0000, 0x0000, 0x0000, 0x0000, 0x0000, 0x0000, 0x0000, 0x0000, 0x0000, 0x0000,
    0x0000, 0x0000, 0x0000, 0x0000, 0x0000, 0x0000, 0x0000, 0x0000, 0x0000, 0x0000, 0x0000, 0x0000,
    0x0000, 0x0000, 0x0000, 0x0000, 0x0000, 0x0000, 0x0000, 0x0000, 0x0000, 0x0000, 0x0000, 0x0000,
    0x0000, 0x0000, 0x0000, 0x0000, 0x0000, 0x0000, 0x0000, 0x0000, 0x0000, 0x0000, 0x0000, 0x0000,
    0x0000, 0x0000, 0x0000, 0x0000, 0x0000, 0x0000, 0x0000, 0x0000, 0x3140, 0xFE40, 0xFE40, 0xFE40,
    0xFEE0, 0x7300, 0x3000, 0x6800, 0x4000, 0x2000, 0x0800, 0x1020, 0x1060, 0x20C0, 0xDDA0, 0xFEA0,
    0xFE40, 0xF600, 0x2920, 0x18C0, 0xF660, 0xE580, 0xD580, 0x0000, 0x5220, 0xFEA0, 0xF600, 0xFE80,
    0xBCE0, 0x0000, 0x8B60, 0xFEA0, 0xF640, 0xFEA0, 0x6AE0, 0x2800, 0x28E0, 0x18E0, 0x0020, 0x4000,
    0x38C0, 0xE600, 0xFE60, 0xFE80, 0xD560, 0x0000, 0x8BA0, 0xFEC0, 0xFE40, 0xFEE0, 0x6B00, 0x3800,
    0x7000, 0x5000, 0x1800, 0x62A0, 0xFE80, 0xFE80, 0xDD80, 0x18A0, 0x6AC0, 0xFEC1, 0xF620, 0xF600,
    0x3960, 0x3800, 0x5000, 0x1000, 0x0000, 0xB4E0, 0x5A60, 0x20E0, 0x39A0, 0x3800, 0x5800, 0x1000,
    0x2000, 0x2020, 0x1000, 0x2000, 0x4800, 0x4800, 0x5000, 0x5000, 0x4800, 0x5000, 0x5800, 0x2000,
    0x0000, 0x0000, 0x3800, 0x7800, 0x6020, 0x5800, 0x5800, 0x6000, 0x6800, 0x6000, 0x5000, 0x2000,
    0x0000, 0x0000, 0x0000, 0x0800, 0x6000, 0x6800, 0x4800, 0x1000, 0x0000, 0x0000, 0x0000, 0x0000,
    0x0000, 0x1800, 0x3800, 0x0800, 0x0000, 0x0000, 0x0000, 0x0000, 0x0000, 0x0000, 0x0000, 0x0000,
    0x0000, 0x0000, 0x0000, 0x0000, 0x0000, 0x0000, 0x0000, 0x0000, 0x0000, 0x0000, 0x0000, 0x0000,
    0x0000, 0x0000, 0x0000, 0x0000, 0x0000, 0x0000, 0x0000, 0x0000, 0x0000, 0x0000, 0x0000, 0x0000,
    0x0000, 0x0000, 0x0000, 0x0000, 0x0000, 0x0000, 0x0000, 0x0000, 0x0000, 0x0000, 0x0000, 0x0000,
    0x0000, 0x0000, 0x0000, 0x0000, 0x0000, 0x0000, 0x0000, 0x0000, 0x0000, 0x0000, 0x0000, 0x0000,
    0x0000, 0x0000, 0x0000, 0x0000, 0x0000, 0x0000, 0x0000, 0x0000, 0x0000, 0x0000, 0x0000, 0x0000,
    0x0000, 0x0000, 0x0000, 0x0000, 0x0000, 0x0000, 0x0000, 0x0000, 0x0000, 0x0000, 0x0000, 0x0000,
    0x0000, 0x0000, 0x0000, 0x0000, 0x0000, 0x0000, 0x0000, 0x0000, 0x0000, 0x0000, 0x0000, 0x0000,
    0x0000, 0x0000, 0x0000, 0x0000, 0x0000, 0x0000, 0x0000, 0x0000, 0x0000, 0x0000, 0x0000, 0x0000,
    0x0000, 0x0000, 0x0000, 0x0000, 0x0000, 0x0000, 0x0000, 0x0000, 0x0000, 0x0000, 0x0000, 0x0000,
    0x0000, 0x0000, 0x0000, 0x0000, 0x0000, 0x0000, 0x0000, 0x0000, 0x8B80, 0xFEC0, 0xFE20, 0xFE60,
    0xFE80, 0x2900, 0x1000, 0x1820, 0x3140, 0x5AA0, 0xA460, 0xC540, 0xA440, 0x6AC0, 0xF620, 0xFE40,
    0xFE60, 0xDDA0, 0x1840, 0x2080, 0xB4C0, 0x41C0, 0x4A00, 0x0000, 0x8340, 0xFE80, 0xF620, 0xFEC0,
    0x93E0, 0x0000, 0xB460, 0xFE60, 0xFE40, 0xFE80, 0x3980, 0x5000, 0x3000, 0x2800, 0x5800, 0x5800,
    0x3940, 0xE5C0, 0xFE40, 0xFEC0, 0x9BE0, 0x0820, 0xC4E0, 0xFE40, 0xFE80, 0xEE00, 0x2080, 0x6000,
    0x7000, 0x2820, 0x0000, 0x5220, 0xF620, 0xFE80, 0xAC80, 0x0000, 0x4A00, 0xEE21, 0x6AA0, 0x8C00,
    0x1800, 0x6000, 0x4000, 0x0000, 0x0000, 0x18C0, 0x1040, 0x0800, 0x2020, 0x6800, 0x5000, 0x0000,
    0x3000, 0x5800, 0x4800, 0x5000, 0x5000, 0x4800, 0x4800, 0x5000, 0x5000, 0x4800, 0x1800, 0x0000,
    0x0000, 0x0000, 0x0000, 0x4000, 0x7000, 0x6800, 0x6000, 0x5800, 0x3800, 0x1000, 0x0000, 0x0000,
    0x0000, 0x0000, 0x0000, 0x0000, 0x1000, 0x1800, 0x0000, 0x0000, 0x0000, 0x0000, 0x0000, 0x0000,
    0x0000, 0x0000, 0x0000, 0x0000, 0x0000, 0x0000, 0x0000, 0x0000, 0x0000, 0x0000, 0x0000, 0x0000,
    0x0000, 0x0000, 0x0000, 0x0000, 0x0000, 0x0000, 0x0000, 0x0000, 0x0000, 0x0000, 0x0000, 0x0000,
    0x0000, 0x0000, 0x0000, 0x0000, 0x0000, 0x0000, 0x0000, 0x0000, 0x0000, 0x0000, 0x0000, 0x0000,
    0x0000, 0x0000, 0x0000, 0x0000, 0x0000, 0x0000, 0x0000, 0x0000, 0x0000, 0x0000, 0x0000, 0x0000,
    0x0000, 0x0000, 0x0000, 0x0000, 0x0000, 0x0000, 0x0000, 0x0000, 0x0000, 0x0000, 0x0000, 0x0000,
    0x0000, 0x0000, 0x0000, 0x0000, 0x0000, 0x0000, 0x0000, 0x0000, 0x0000, 0x0000, 0x0000, 0x0000,
    0x0000, 0x0000, 0x0000, 0x0000, 0x0000, 0x0000, 0x0000, 0x0000, 0x0000, 0x0000, 0x0000, 0x0000,
    0x0000, 0x0000, 0x0000, 0x0000, 0x0000, 0x0000, 0x0000, 0x0000, 0x0000, 0x0000, 0x0000, 0x0000,
    0x0000, 0x0000, 0x0000, 0x0000, 0x0000, 0x0000, 0x0000, 0x0000, 0x0000, 0x0000, 0x0000, 0x0000,
    0x0000, 0x0000, 0x0000, 0x0000, 0x0000, 0x0000, 0x0000, 0x0000, 0x0000, 0x0000, 0x0000, 0x0000,
    0x0000, 0x0000, 0x0000, 0x0000, 0x0000, 0x0000, 0x0000, 0x0000, 0xCD40, 0xFE80, 0xFE40, 0xFE80,
    0xDD80, 0x41C0, 0x8BE0, 0xD5A0, 0xFE80, 0xFEE0, 0xFEC0, 0xEE00, 0x6AA0, 0x5200, 0xFE20, 0xFE20,
    0xFEA0, 0xA4A0, 0x3000, 0x3020, 0x1920, 0x0000, 0x2800, 0x2800, 0xA460, 0xFEA0, 0xFE40, 0xFEC0,
    0x4A00, 0x0000, 0xCD40, 0xFE60, 0xFE60, 0xDDA0, 0x2040, 0x7800, 0x5000, 0x5000, 0x5800, 0x3000,
    0x20E0, 0xDDA0, 0xFEA0, 0xFE40, 0x41A0, 0x20A0, 0xCCE0, 0xF640, 0xFEC0, 0x9C40, 0x3000, 0x7800,
    0x6000, 0x0000, 0x0000, 0x1080, 0xD5A0, 0x8360, 0x6B00, 0x0000, 0x3180, 0x5AA0, 0x0040, 0x20E0,
    0x5800, 0x6800, 0x4000, 0x0000, 0x0000, 0x3000, 0x6800, 0x5000, 0x6800, 0x6800, 0x3800, 0x0000,
    0x0000, 0x4000, 0x5000, 0x4000, 0x4000, 0x5000, 0x5800, 0x5000, 0x1800, 0x0000, 0x0000, 0x0000,
    0x0000, 0x0000, 0x0000, 0x0000, 0x4000, 0x5000, 0x1800, 0x0000, 0x0000, 0x0000, 0x0000, 0x0000,
    0x0000, 0x0000, 0x0000, 0x0000, 0x0000, 0x0000, 0x0000, 0x0000, 0x0000, 0x0000, 0x0000, 0x0000,
    0x0000, 0x0000, 0x0000, 0x0000, 0x0000, 0x0000, 0x0000, 0x0000, 0x0000, 0x0000, 0x0000, 0x0000,
    0x0000, 0x0000, 0x0000, 0x0000, 0x0000, 0x0000, 0x0000, 0x0000, 0x0000, 0x0000, 0x0000, 0x0000,
    0x0000, 0x0000, 0x0000, 0x0000, 0x0000, 0x0000, 0x0000, 0x0000, 0x0000, 0x0000, 0x0000, 0x0000,
    0x0000, 0x0000, 0x0000, 0x0000, 0x0000, 0x0000, 0x0000, 0x0000, 0x0000, 0x0000, 0x0000, 0x0000,
    0x0000, 0x0000, 0x0000, 0x0000, 0x0000, 0x0000, 0x0000, 0x0000, 0x0000, 0x0000, 0x0000, 0x0000,
    0x0000, 0x0000, 0x0000, 0x0000, 0x0000, 0x0000, 0x0000, 0x0000, 0x0000, 0x0000, 0x0000, 0x0000,
    0x0000, 0x0000, 0x0000, 0x0000, 0x0000, 0x0000, 0x0000, 0x0000, 0x0000, 0x0000, 0x0000, 0x0000,
    0x0000, 0x0000, 0x0000, 0x0000, 0x0000, 0x0000, 0x0000, 0x0000, 0x0000, 0x0000, 0x0000, 0x0000,
    0x0000, 0x0000, 0x0000, 0x0000, 0x0000, 0x0000, 0x0000, 0x0000, 0x0000, 0x0000, 0x0000, 0x0000,
    0x0000, 0x0000, 0x0000, 0x0000, 0x0000, 0x0000, 0x0000, 0x0000, 0x0000, 0x0000, 0x0000, 0x0000,
    0x0000, 0x0000, 0x0000, 0x0000, 0x0000, 0x0000, 0x0000, 0x3120, 0xEE00, 0xFE40, 0xFE40, 0xFE40,
    0xF640, 0xFEA0, 0xFF00, 0xFE80, 0xFE40, 0xF620, 0xEDE0, 0xBCC0, 0x3960, 0x93C0, 0xFE60, 0xFE20,
    0xFEA0, 0x62C0, 0x3800, 0x5800, 0x1800, 0x5000, 0x7000, 0x2820, 0xACA0, 0xFE60, 0xFE80, 0xEE00,
    0x1860, 0x2920, 0xDDC0, 0xFE60, 0xFEA0, 0x9C20, 0x2800, 0x7800, 0x2800, 0x1800, 0x5800, 0x4000,
    0x0860, 0xDDE0, 0xA400, 0x93C0, 0x0840, 0x3120, 0xDDC0, 0x9BE0, 0xBD00, 0x2900, 0x5000, 0x6800,
    0x3000, 0x0000, 0x0000, 0x0000, 0x5240, 0x0840, 0x10C0, 0x4000, 0x2020, 0x1840, 0x2000, 0x4000,
    0x6800, 0x5800, 0x2800, 0x0000, 0x0000, 0x3000, 0x6800, 0x4800, 0x5800, 0x5800, 0x3000, 0x0000,
    0x0000, 0x0800, 0x4800, 0x5800, 0x5000, 0x3800, 0x1000, 0x0000, 0x0000, 0x0000, 0x0000, 0x0000,
    0x0000, 0x0000, 0x0000, 0x0000, 0x0000, 0x0000, 0x0000, 0x0000, 0x0000, 0x0000, 0x0000, 0x0000,
    0x0000, 0x0000, 0x0000, 0x0000, 0x0000, 0x0000, 0x0000, 0x0000, 0x0000, 0x0000, 0x0000, 0x0000,
    0x0000, 0x0000, 0x0000, 0x0000, 0x0000, 0x0000, 0x0000, 0x0000, 0x0000, 0x0000, 0x0000, 0x0000,
    0x0000, 0x0000, 0x0000, 0x0000, 0x0000, 0x0000, 0x0000, 0x0000, 0x0000, 0x0000, 0x0000, 0x0000,
    0x0000, 0x0000, 0x0000, 0x0000, 0x0000, 0x0000, 0x0000, 0x0000, 0x0000, 0x0000, 0x0000, 0x0000,
    0x0000, 0x0000, 0x0000, 0x0000, 0x0000, 0x0000, 0x0000, 0x0000, 0x0000, 0x0000, 0x0000, 0x0000,
    0x0000, 0x0000, 0x0000, 0x0000, 0x0000, 0x0000, 0x0000, 0x0000, 0x0000, 0x0000, 0x0000, 0x0000,
    0x0000, 0x0000, 0x0000, 0x0000, 0x0000, 0x0000, 0x0000, 0x0000, 0x0000, 0x0000, 0x0000, 0x0000,
    0x0000, 0x0000, 0x0000, 0x0000, 0x0000, 0x0000, 0x0000, 0x0000, 0x0000, 0x0000, 0x0000, 0x0000,
    0x0000, 0x0000, 0x0000, 0x0000, 0x0000, 0x0000, 0x0000, 0x0000, 0x0000, 0x0000, 0x0000, 0x0000,
    0x0000, 0x0000, 0x0000, 0x0000, 0x0000, 0x0000, 0x0000, 0x0000, 0x0000, 0x0000, 0x0000, 0x0000,
    0x0000, 0x0000, 0x0000, 0x0000, 0x0000, 0x0000, 0x0000, 0x0000, 0x0000, 0x0000, 0x0000, 0x0000,
    0x0000, 0x0000, 0x0000, 0x0000, 0x0000, 0x0000, 0x0000, 0x41A0, 0xEDE0, 0xFE60, 0xFE60, 0xFE60,
    0xFE60, 0xFE60, 0xFE40, 0xFE00, 0xFE20, 0xF600, 0xFE80, 0x8BA0, 0x18A0, 0xB480, 0xFE80, 0xFE20,
    0xF620, 0x3100, 0x5800, 0x6800, 0x4800, 0x6800, 0x4800, 0x1840, 0x9C20, 0xFEC0, 0xFE80, 0x9C00,
    0x0000, 0x3960, 0xEE40, 0xCD40, 0xD560, 0x3960, 0x4000, 0x6000, 0x1000, 0x0000, 0x5000, 0x4000,
    0x1040, 0x8380, 0x0860, 0x2940, 0x0000, 0x4A00, 0x6AC0, 0x2940, 0x2900, 0x4000, 0x6800, 0x6000,
    0x0800, 0x0000, 0x0000, 0x0000, 0x2000, 0x3000, 0x3000, 0x6800, 0x5800, 0x5800, 0x5800, 0x4800,
    0x5000, 0x5800, 0x0800, 0x0000, 0x0000, 0x0000, 0x3800, 0x6000, 0x4800, 0x6000, 0x1000, 0x0000,
    0x0000, 0x0000, 0x0000, 0x0800, 0x0000, 0x0000, 0x0000, 0x0000, 0x0000, 0x0000, 0x0000, 0x0000,
    0x0000, 0x0000, 0x0000, 0x0000, 0x0000, 0x0000, 0x0000, 0x0000, 0x0000, 0x0000, 0x0000, 0x0000,
    0x0000, 0x0000, 0x0000, 0x0000, 0x0000, 0x0000, 0x0000, 0x0000, 0x0000, 0x0000, 0x0000, 0x0000,
    0x0000, 0x0000, 0x0000, 0x0000, 0x0000, 0x0000, 0x0000, 0x0000, 0x0000, 0x0000, 0x0000, 0x0000,
    0x0000, 0x0000, 0x0000, 0x0000, 0x0000, 0x0000, 0x0000, 0x0000, 0x0000, 0x0000, 0x0000, 0x0000,
    0x0000, 0x0000, 0x0000, 0x0000, 0x0000, 0x0000, 0x0000, 0x0000, 0x0000, 0x0000, 0x0000, 0x0000,
    0x0000, 0x0000, 0x0000, 0x0000, 0x0000, 0x0000, 0x0000, 0x0000, 0x0000, 0x0000, 0x0000, 0x0000,
    0x0000, 0x0000, 0x0000, 0x0000, 0x0000, 0x0000, 0x0000, 0x0000, 0x0000, 0x0000, 0x0000, 0x0000,
    0x0000, 0x0000, 0x0000, 0x0000, 0x0000, 0x0000, 0x0000, 0x0000, 0x0000, 0x0000, 0x0000, 0x0000,
    0x0000, 0x0000, 0x0000, 0x0000, 0x0000, 0x0000, 0x0000, 0x0000, 0x0000, 0x0000, 0x0000, 0x0000,
    0x0000, 0x0000, 0x0000, 0x0000, 0x0000, 0x0000, 0x0000, 0x0000, 0x0000, 0x0000, 0x0000, 0x0000,
    0x0000, 0x0000, 0x0000, 0x0000, 0x0000, 0x0000, 0x0000, 0x0000, 0x0000, 0x0000, 0x0000, 0x0000,
    0x0000, 0x0000, 0x0000, 0x0000, 0x0000, 0x0000, 0x0000, 0x0000, 0x0000, 0x0000, 0x0000, 0x0000,
    0x0000, 0x0000, 0x0000, 0x0000, 0x0000, 0x0000, 0x1040, 0xAC40, 0xFE80, 0xFE40, 0xFE60, 0xFE60,
    0xFE60, 0xFE60, 0xFE60, 0xFE20, 0xFE20, 0xFE80, 0xFEC0, 0x93C0, 0x3980, 0xC4E0, 0xFE80, 0xFE80,
    0xCD40, 0x1800, 0x7000, 0x4800, 0x0800, 0x4800, 0x5800, 0x0000, 0xA440, 0xD540, 0x93C0, 0x5240,
    0x1000, 0x18C0, 0xC520, 0x41C0, 0x4A80, 0x2000, 0x7000, 0x5800, 0x0000, 0x0000, 0x0000, 0x0000,
    0x0000, 0x0820, 0x2800, 0x3000, 0x3000, 0x10C0, 0x1000, 0x1000, 0x5800, 0x7000, 0x6000, 0x4000,
    0x0000, 0x0000, 0x0000, 0x0800, 0x8000, 0x5800, 0x5000, 0x6000, 0x4800, 0x4000, 0x4800, 0x5000,
    0x6800, 0x3800, 0x0000, 0x0000, 0x0000, 0x0000, 0x0800, 0x3800, 0x0800, 0x1000, 0x0000, 0x0000,
    0x0000, 0x0000, 0x0000, 0x0000, 0x0000, 0x0000, 0x0000, 0x0000, 0x0000, 0x0000, 0x0000, 0x0000,
    0x0000, 0x0000, 0x0000, 0x0000, 0x0000, 0x0000, 0x0000, 0x0000, 0x0000, 0x0000, 0x0000, 0x0000,
    0x0000, 0x0000, 0x0000, 0x0000, 0x0000, 0x0000, 0x0000, 0x0000, 0x0000, 0x0000, 0x0000, 0x0000,
    0x0000, 0x0000, 0x0000, 0x0000, 0x0000, 0x0000, 0x0000, 0x0000, 0x0000, 0x0000, 0x0000, 0x0000,
    0x0000, 0x0000, 0x0000, 0x0000, 0x0000, 0x0000, 0x0000, 0x0000, 0x0000, 0x0000, 0x0000, 0x0000,
    0x0000, 0x0000, 0x0000, 0x0000, 0x0000, 0x0000, 0x0000, 0x0000, 0x0000, 0x0000, 0x0000, 0x0000,
    0x0000, 0x0000, 0x0000, 0x0000, 0x0000, 0x0000, 0x0000, 0x0000, 0x0000, 0x0000, 0x0000, 0x0000,
    0x0000, 0x0000, 0x0000, 0x0000, 0x0000, 0x0000, 0x0000, 0x0000, 0x0000, 0x0000, 0x0000, 0x0000,
    0x0000, 0x0000, 0x0000, 0x0000, 0x0000, 0x0000, 0x0000, 0x0000, 0x0000, 0x0000, 0x0000, 0x0000,
    0x0000, 0x0000, 0x0000, 0x0000, 0x0000, 0x0000, 0x0000, 0x0000, 0x0000, 0x0000, 0x0000, 0x0000,
    0x0000, 0x0000, 0x0000, 0x0000, 0x0000, 0x0000, 0x0000, 0x0000, 0x0000, 0x0000, 0x0000, 0x0000,
    0x0000, 0x0000, 0x0000, 0x0000, 0x0000, 0x0000, 0x0000, 0x0000, 0x0000, 0x0000, 0x0000, 0x0000,
    0x0000, 0x0000, 0x0000, 0x0000, 0x0000, 0x0000, 0x0000, 0x0000, 0x0000, 0x0000, 0x0000, 0x0000,
    0x0000, 0x0000, 0x0000, 0x0000, 0x0000, 0x0000, 0x51E0, 0xFEE0, 0xFE00, 0xF600, 0xFE40, 0xFE60,
    0xFE60, 0xFE40, 0xFE40, 0xFE80, 0xFE80, 0xBD00, 0x62A0, 0x0000, 0x0860, 0xCD20, 0xE5C0, 0xD560,
    0x6AE0, 0x3000, 0x6800, 0x2800, 0x0000, 0x2000, 0x4800, 0x0000, 0x6AE0, 0x3180, 0x10C0, 0x28E0,
    0x5800, 0x2900, 0x5260, 0x0000, 0x2000, 0x5800, 0x6000, 0x4000, 0x0000, 0x0000, 0x0000, 0x0000,
    0x0000, 0x4000, 0x6800, 0x5800, 0x5800, 0x5000, 0x6000, 0x5000, 0x6000, 0x5000, 0x5800, 0x1000,
    0x0000, 0x0000, 0x0000, 0x0000, 0x3000, 0x5800, 0x5000, 0x6800, 0x3000, 0x0000, 0x6000, 0x5000,
    0x4000, 0x0800, 0x0000, 0x0000, 0x0000, 0x0000, 0x0000, 0x0000, 0x0000, 0x0000, 0x0000, 0x0000,
    0x0000, 0x0000, 0x0000, 0x0000, 0x0000, 0x0000, 0x0000, 0x0000, 0x0000, 0x0000, 0x0000, 0x0000,
    0x0000, 0x0000, 0x0000, 0x0000, 0x0000, 0x0000, 0x0000, 0x0000, 0x0000, 0x0000, 0x0000, 0x0000,
    0x0000, 0x0000, 0x0000, 0x0000, 0x0000, 0x0000, 0x0000, 0x0000, 0x0000, 0x0000, 0x0000, 0x0000,
    0x0000, 0x0000, 0x0000, 0x0000, 0x0000, 0x0000, 0x0000, 0x0000, 0x0000, 0x0000, 0x0000, 0x0000,
    0x0000, 0x0000, 0x0000, 0x0000, 0x0000, 0x0000, 0x0000, 0x0000, 0x0000, 0x0000, 0x0000, 0x0000,
    0x0000, 0x0000, 0x0000, 0x0000, 0x0000, 0x0000, 0x0000, 0x0000, 0x0000, 0x0000, 0x0000, 0x0000,
    0x0000, 0x0000, 0x0000, 0x0000, 0x0000, 0x0000, 0x0000, 0x0000, 0x0000, 0x0000, 0x0000, 0x0000,
    0x0000, 0x0000, 0x0000, 0x0000, 0x0000, 0x0000, 0x0000, 0x0000, 0x0000, 0x0000, 0x0000, 0x0000,
    0x0000, 0x0000, 0x0000, 0x0000, 0x0000, 0x0000, 0x0000, 0x0000, 0x0000, 0x0000, 0x0000, 0x0000,
    0x0000, 0x0000, 0x0000, 0x0000, 0x0000, 0x0000, 0x0000, 0x0000, 0x0000, 0x0000, 0x0000, 0x0000,
    0x0000, 0x0000, 0x0000, 0x0000, 0x0000, 0x0000, 0x0000, 0x0000, 0x0000, 0x0000, 0x0000, 0x0000,
    0x0000, 0x0000, 0x0000, 0x0000, 0x0000, 0x0000, 0x0000, 0x0000, 0x0000, 0x0000, 0x0000, 0x0000,
    0x0000, 0x0000, 0x0000, 0x0000, 0x0000, 0x0000, 0x0000, 0x0000, 0x0000, 0x0000, 0x0000, 0x0000,
    0x0000, 0x0000, 0x0000, 0x0000, 0x0000, 0x0000, 0x6AC0, 0xFEC0, 0xF620, 0xFE20, 0xFE40, 0xFE60,
    0xFE80, 0xFEE0, 0xFE80, 0xB4A0, 0x4A00, 0x0800, 0x4000, 0x5800, 0x0820, 0xBD00, 0x5200, 0x4A60,
    0x2840, 0x7000, 0x6800, 0x1000, 0x0000, 0x0000, 0x0000, 0x0000, 0x0820, 0x3020, 0x2000, 0x4800,
    0x6000, 0x1000, 0x1800, 0x5800, 0x6000, 0x5000, 0x5800, 0x2000, 0x0000, 0x0000, 0x0000, 0x0000,
    0x0000, 0x3000, 0x5800, 0x4800, 0x5800, 0x5800, 0x3800, 0x4800, 0x5000, 0x6000, 0x3000, 0x0000,
    0x0000, 0x0000, 0x0000, 0x0000, 0x0000, 0x4800, 0x4800, 0x2800, 0x1000, 0x0000, 0x2000, 0x0800,
    0x0000, 0x0000, 0x0000, 0x0000, 0x0000, 0x0000, 0x0000, 0x0000, 0x0000, 0x0000, 0x0000, 0x0000,
    0x0000, 0x0000, 0x0000, 0x0000, 0x0000, 0x0000, 0x0000, 0x0000, 0x0000, 0x0000, 0x0000, 0x0000,
    0x0000, 0x0000, 0x0000, 0x0000, 0x0000, 0x0000, 0x0000, 0x0000, 0x0000, 0x0000, 0x0000, 0x0000,
    0x0000, 0x0000, 0x0000, 0x0000, 0x0000, 0x0000, 0x0000, 0x0000, 0x0000, 0x0000, 0x0000, 0x0000,
    0x0000, 0x0000, 0x0000, 0x0000, 0x0000, 0x0000, 0x0000, 0x0000, 0x0000, 0x0000, 0x0000, 0x0000,
    0x0000, 0x0000, 0x0000, 0x0000, 0x0000, 0x0000, 0x0000, 0x0000, 0x0000, 0x0000, 0x0000, 0x0000,
    0x0000, 0x0000, 0x0000, 0x0000, 0x0000, 0x0000, 0x0000, 0x0000, 0x0000, 0x0000, 0x0000, 0x0000,
    0x0000, 0x0000, 0x0000, 0x0000, 0x0000, 0x0000, 0x0000, 0x0000, 0x0000, 0x0000, 0x0000, 0x0000,
    0x0000, 0x0000, 0x0000, 0x0000, 0x0000, 0x0000, 0x0000, 0x0000, 0x0000, 0x0000, 0x0000, 0x0000,
    0x0000, 0x0000, 0x0000, 0x0000, 0x0000, 0x0000, 0x0000, 0x0000, 0x0000, 0x0000, 0x0000, 0x0000,
    0x0000, 0x0000, 0x0000, 0x0000, 0x0000, 0x0000, 0x0000, 0x0000, 0x0000, 0x0000, 0x0000, 0x0000,
    0x0000, 0x0000, 0x0000, 0x0000, 0x0000, 0x0000, 0x0000, 0x0000, 0x0000, 0x0000, 0x0000, 0x0000,
    0x0000, 0x0000, 0x0000, 0x0000, 0x0000, 0x0000, 0x0000, 0x0000, 0x0000, 0x0000, 0x0000, 0x0000,
    0x0000, 0x0000, 0x0000, 0x0000, 0x0000, 0x0000, 0x0000, 0x0000, 0x0000, 0x0000, 0x0000, 0x0000,
    0x0000, 0x0000, 0x0000, 0x0000, 0x0000, 0x0000, 0x6260, 0xFEA0, 0xFE20, 0xFE60, 0xFEC0, 0xFEE0,
    0xEE40, 0x9400, 0x3960, 0x2000, 0x3800, 0x6800, 0x7821, 0x7000, 0x2840, 0x4240, 0x0000, 0x1820,
    0x6800, 0x6800, 0x5800, 0x0000, 0x0000, 0x0000, 0x0000, 0x0000, 0x1800, 0x7001, 0x5800, 0x6800,
    0x6000, 0x2800, 0x4800, 0x5000, 0x4800, 0x4800, 0x5000, 0x0000, 0x0000, 0x0000, 0x0000, 0x0000,
    0x0000, 0x0000, 0x4000, 0x5800, 0x5800, 0x1000, 0x2800, 0x7000, 0x4000, 0x3000, 0x0000, 0x0000,
    0x0000, 0x0000, 0x0000, 0x0000, 0x0000, 0x0000, 0x0000, 0x0000, 0x0000, 0x0000, 0x0000, 0x0000,
    0x0000, 0x0000, 0x0000, 0x0000, 0x0000, 0x0000, 0x0000, 0x0000, 0x0000, 0x0000, 0x0000, 0x0000,
    0x0000, 0x0000, 0x0000, 0x0000, 0x0000, 0x0000, 0x0000, 0x0000, 0x0000, 0x0000, 0x0000, 0x0000,
    0x0000, 0x0000, 0x0000, 0x0000, 0x0000, 0x0000, 0x0000, 0x0000, 0x0000, 0x0000, 0x0000, 0x0000,
    0x0000, 0x0000, 0x0000, 0x0000, 0x0000, 0x0000, 0x0000, 0x0000, 0x0000, 0x0000, 0x0000, 0x0000,
    0x0000, 0x0000, 0x0000, 0x0000, 0x0000, 0x0000, 0x0000, 0x0000, 0x0000, 0x0000, 0x0000, 0x0000,
    0x0000, 0x0000, 0x0000, 0x0000, 0x0000, 0x0000, 0x0000, 0x0000, 0x0000, 0x0000, 0x0000, 0x0000,
    0x0000, 0x0000, 0x0000, 0x0000, 0x0000, 0x0000, 0x0000, 0x0000, 0x0000, 0x0000, 0x0000, 0x0000,
    0x0000, 0x0000, 0x0000, 0x0000, 0x0000, 0x0000, 0x0000, 0x0000, 0x0000, 0x0000, 0x0000, 0x0000,
    0x0000, 0x0000, 0x0000, 0x0000, 0x0000, 0x0000, 0x0000, 0x0000, 0x0000, 0x0000, 0x0000, 0x0000,
    0x0000, 0x0000, 0x0000, 0x0000, 0x0000, 0x0000, 0x0000, 0x0000, 0x0000, 0x0000, 0x0000, 0x0000,
    0x0000, 0x0000, 0x0000, 0x0000, 0x0000, 0x0000, 0x0000, 0x0000, 0x0000, 0x0000, 0x0000, 0x0000,
    0x0000, 0x0000, 0x0000, 0x0000, 0x0000, 0x0000, 0x0000, 0x0000, 0x0000, 0x0000, 0x0000, 0x0000,
    0x0000, 0x0000, 0x0000, 0x0000, 0x0000, 0x0000, 0x0000, 0x0000, 0x0000, 0x0000, 0x0000, 0x0000,
    0x0000, 0x0000, 0x0000, 0x0000, 0x0000, 0x0000, 0x0000, 0x0000, 0x0000, 0x0000, 0x0000, 0x0000,
    0x0000, 0x0000, 0x0000, 0x0000, 0x0000, 0x0000, 0x20A0, 0xDD60, 0xFF00, 0xFE80, 0xACA0, 0x5A80,
    0x20A0, 0x2000, 0x5000, 0x7000, 0x6801, 0x6000, 0x6000, 0x6800, 0x2800, 0x1800, 0x6000, 0x6000,
    0x6000, 0x5800, 0x3800, 0x0000, 0x0000, 0x0000, 0x0000, 0x0000, 0x1000, 0x5000, 0x4000, 0x5000,
    0x6800, 0x1000, 0x3000, 0x5000, 0x5000, 0x5800, 0x1800, 0x0000, 0x0000, 0x0000, 0x0000, 0x0000,
    0x0000, 0x0000, 0x1000, 0x1800, 0x0800, 0x0000, 0x1800, 0x2800, 0x0000, 0x0000, 0x0000, 0x0000,
    0x0000, 0x0000, 0x0000, 0x0000, 0x0000, 0x0000, 0x0000, 0x0000, 0x0000, 0x0000, 0x0000, 0x0000,
    0x0000, 0x0000, 0x0000, 0x0000, 0x0000, 0x0000, 0x0000, 0x0000, 0x0000, 0x0000, 0x0000, 0x0000,
    0x0000, 0x0000, 0x0000, 0x0000, 0x0000, 0x0000, 0x0000, 0x0000, 0x0000, 0x0000, 0x0000, 0x0000,
    0x0000, 0x0000, 0x0000, 0x0000, 0x0000, 0x0000, 0x0000, 0x0000, 0x0000, 0x0000, 0x0000, 0x0000,
    0x0000, 0x0000, 0x0000, 0x0000, 0x0000, 0x0000, 0x0000, 0x0000, 0x0000, 0x0000, 0x0000, 0x0000,
    0x0000, 0x0000, 0x0000, 0x0000, 0x0000, 0x0000, 0x0000, 0x0000, 0x0000, 0x0000, 0x0000, 0x0000,
    0x0000, 0x0000, 0x0000, 0x0000, 0x0000, 0x0000, 0x0000, 0x0000, 0x0000, 0x0000, 0x0000, 0x0000,
    0x0000, 0x0000, 0x0000, 0x0000, 0x0000, 0x0000, 0x0000, 0x0000, 0x0000, 0x0000, 0x0000, 0x0000,
    0x0000, 0x0000, 0x0000, 0x0000, 0x0000, 0x0000, 0x0000, 0x0000, 0x0000, 0x0000, 0x0000, 0x0000,
    0x0000, 0x0000, 0x0000, 0x0000, 0x0000, 0x0000, 0x0000, 0x0000, 0x0000, 0x0000, 0x0000, 0x0000,
    0x0000, 0x0000, 0x0000, 0x0000, 0x0000, 0x0000, 0x0000, 0x0000, 0x0000, 0x0000, 0x0000, 0x0000,
    0x0000, 0x0000, 0x0000, 0x0000, 0x0000, 0x0000, 0x0000, 0x0000, 0x0000, 0x0000, 0x0000, 0x0000,
    0x0000, 0x0000, 0x0000, 0x0000, 0x0000, 0x0000, 0x0000, 0x0000, 0x0000, 0x0000, 0x0000, 0x0000,
    0x0000, 0x0000, 0x0000, 0x0000, 0x0000, 0x0000, 0x0000, 0x0000, 0x0000, 0x0000, 0x0000, 0x0000,
    0x0000, 0x0000, 0x0000, 0x0000, 0x0000, 0x0000, 0x0000, 0x0000, 0x0000, 0x0000, 0x0000, 0x0000,
    0x0000, 0x0000, 0x0000, 0x0000, 0x0000, 0x0000, 0x2920, 0xACA0, 0x9420, 0x3960, 0x1000, 0x2800,
    0x5000, 0x6820, 0x6800, 0x6000, 0x6000, 0x6800, 0x7000, 0x5800, 0x1800, 0x5800, 0x6800, 0x5800,
    0x4800, 0x6000, 0x1800, 0x0000, 0x0000, 0x0000, 0x0000, 0x0000, 0x0000, 0x2800, 0x6800, 0x4800,
    0x4000, 0x0000, 0x0000, 0x5800, 0x3800, 0x0800, 0x0000, 0x0000, 0x0000, 0x0000, 0x0000, 0x0000,
    0x0000, 0x0000, 0x0000, 0x0000, 0x0000, 0x0000, 0x0000, 0x0000, 0x0000, 0x0000, 0x0000, 0x0000,
    0x0000, 0x0000, 0x0000, 0x0000, 0x0000, 0x0000, 0x0000, 0x0000, 0x0000, 0x0000, 0x0000, 0x0000,
    0x0000, 0x0000, 0x0000, 0x0000, 0x0000, 0x0000, 0x0000, 0x0000, 0x0000, 0x0000, 0x0000, 0x0000,
    0x0000, 0x0000, 0x0000, 0x0000, 0x0000, 0x0000, 0x0000, 0x0000, 0x0000, 0x0000, 0x0000, 0x0000,
    0x0000, 0x0000, 0x0000, 0x0000, 0x0000, 0x0000, 0x0000, 0x0000, 0x0000, 0x0000, 0x0000, 0x0000,
    0x0000, 0x0000, 0x0000, 0x0000, 0x0000, 0x0000, 0x0000, 0x0000, 0x0000, 0x0000, 0x0000, 0x0000,
    0x0000, 0x0000, 0x0000, 0x0000, 0x0000, 0x0000, 0x0000, 0x0000, 0x0000, 0x0000, 0x0000, 0x0000,
    0x0000, 0x0000, 0x0000, 0x0000, 0x0000, 0x0000, 0x0000, 0x0000, 0x0000, 0x0000, 0x0000, 0x0000,
    0x0000, 0x0000, 0x0000, 0x0000, 0x0000, 0x0000, 0x0000, 0x0000, 0x0000, 0x0000, 0x0000, 0x0000,
    0x0000, 0x0000, 0x0000, 0x0000, 0x0000, 0x0000, 0x0000, 0x0000, 0x0000, 0x0000, 0x0000, 0x0000,
    0x0000, 0x0000, 0x0000, 0x0000, 0x0000, 0x0000, 0x0000, 0x0000, 0x0000, 0x0000, 0x0000, 0x0000,
    0x0000, 0x0000, 0x0000, 0x0000, 0x0000, 0x0000, 0x0000, 0x0000, 0x0000, 0x0000, 0x0000, 0x0000,
    0x0000, 0x0000, 0x0000, 0x0000, 0x0000, 0x0000, 0x0000, 0x0000, 0x0000, 0x0000, 0x0000, 0x0000,
    0x0000, 0x0000, 0x0000, 0x0000, 0x0000, 0x0000, 0x0000, 0x0000, 0x0000, 0x0000, 0x0000, 0x0000,
    0x0000, 0x0000, 0x0000, 0x0000, 0x0000, 0x0000, 0x0000, 0x0000, 0x0000, 0x0000, 0x0000, 0x0000,
    0x0000, 0x0000, 0x0000, 0x0000, 0x0000, 0x0000, 0x0000, 0x0000, 0x0000, 0x0000, 0x0000, 0x0000,
    0x0000, 0x0000, 0x0000, 0x0000, 0x0000, 0x0000, 0x20C0, 0x20A0, 0x2000, 0x6800, 0x7000, 0x6000,
    0x5800, 0x5800, 0x6000, 0x6800, 0x6000, 0x5000, 0x2000, 0x0000, 0x0000, 0x2000, 0x4800, 0x6000,
    0x6800, 0x3000, 0x0000, 0x0000, 0x0000, 0x0000, 0x0000, 0x0000, 0x0000, 0x0000, 0x2000, 0x0800,
    0x0000, 0x0000, 0x0000, 0x0800, 0x0000, 0x0000, 0x0000, 0x0000, 0x0000, 0x0000, 0x0000, 0x0000,
    0x0000, 0x0000, 0x0000, 0x0000, 0x0000, 0x0000, 0x0000, 0x0000, 0x0000, 0x0000, 0x0000, 0x0000,
    0x0000, 0x0000, 0x0000, 0x0000, 0x0000, 0x0000, 0x0000, 0x0000, 0x0000, 0x0000, 0x0000, 0x0000,
    0x0000, 0x0000, 0x0000, 0x0000, 0x0000, 0x0000, 0x0000, 0x0000, 0x0000, 0x0000, 0x0000, 0x0000,
    0x0000, 0x0000, 0x0000, 0x0000, 0x0000, 0x0000, 0x0000, 0x0000, 0x0000, 0x0000, 0x0000, 0x0000,
    0x0000, 0x0000, 0x0000, 0x0000, 0x0000, 0x0000, 0x0000, 0x0000, 0x0000, 0x0000, 0x0000, 0x0000,
    0x0000, 0x0000, 0x0000, 0x0000, 0x0000, 0x0000, 0x0000, 0x0000, 0x0000, 0x0000, 0x0000, 0x0000,
    0x0000, 0x0000, 0x0000, 0x0000, 0x0000, 0x0000, 0x0000, 0x0000, 0x0000, 0x0000, 0x0000, 0x0000,
    0x0000, 0x0000, 0x0000, 0x0000, 0x0000, 0x0000, 0x0000, 0x0000, 0x0000, 0x0000, 0x0000, 0x0000,
    0x0000, 0x0000, 0x0000, 0x0000, 0x0000, 0x0000, 0x0000, 0x0000, 0x0000, 0x0000, 0x0000, 0x0000,
    0x0000, 0x0000, 0x0000, 0x0000, 0x0000, 0x0000, 0x0000, 0x0000, 0x0000, 0x0000, 0x0000, 0x0000,
    0x0000, 0x0000, 0x0000, 0x0000, 0x0000, 0x0000, 0x0000, 0x0000, 0x0000, 0x0000, 0x0000, 0x0000,
    0x0000, 0x0000, 0x0000, 0x0000, 0x0000, 0x0000, 0x0000, 0x0000, 0x0000, 0x0000, 0x0000, 0x0000,
    0x0000, 0x0000, 0x0000, 0x0000, 0x0000, 0x0000, 0x0000, 0x0000, 0x0000, 0x0000, 0x0000, 0x0000,
    0x0000, 0x0000, 0x0000, 0x0000, 0x0000, 0x0000, 0x0000, 0x0000, 0x0000, 0x0000, 0x0000, 0x0000,
    0x0000, 0x0000, 0x0000, 0x0000, 0x0000, 0x0000, 0x0000, 0x0000, 0x0000, 0x0000, 0x0000, 0x0000,
    0x0000, 0x0000, 0x0000, 0x0000, 0x0000, 0x0000, 0x0000, 0x0000, 0x0000, 0x0000, 0x0000, 0x0000,
    0x0000, 0x0000, 0x0000, 0x0000, 0x0000, 0x0000, 0x1800, 0x6000, 0x6820, 0x6800, 0x5800, 0x5800,
    0x6000, 0x6801, 0x6000, 0x3800, 0x1000, 0x0000, 0x0000, 0x0000, 0x0000, 0x0000, 0x5800, 0x4800,
    0x1000, 0x0000, 0x0000, 0x0000, 0x0000, 0x0000, 0x0000, 0x0000, 0x0000, 0x0000, 0x0000, 0x0000,
    0x0000, 0x0000, 0x0000, 0x0000, 0x0000, 0x0000, 0x0000, 0x0000, 0x0000, 0x0000, 0x0000, 0x0000,
    0x0000, 0x0000, 0x0000, 0x0000, 0x0000, 0x0000, 0x0000, 0x0000, 0x0000, 0x0000, 0x0000, 0x0000,
    0x0000, 0x0000, 0x0000, 0x0000, 0x0000, 0x0000, 0x0000, 0x0000, 0x0000, 0x0000, 0x0000, 0x0000,
    0x0000, 0x0000, 0x0000, 0x0000, 0x0000, 0x0000, 0x0000, 0x0000, 0x0000, 0x0000, 0x0000, 0x0000,
    0x0000, 0x0000, 0x0000, 0x0000, 0x0000, 0x0000, 0x0000, 0x0000, 0x0000, 0x0000, 0x0000, 0x0000,
    0x0000, 0x0000, 0x0000, 0x0000, 0x0000, 0x0000, 0x0000, 0x0000, 0x0000, 0x0000, 0x0000, 0x0000,
    0x0000, 0x0000, 0x0000, 0x0000, 0x0000, 0x0000, 0x0000, 0x0000, 0x0000, 0x0000, 0x0000, 0x0000,
    0x0000, 0x0000, 0x0000, 0x0000, 0x0000, 0x0000, 0x0000, 0x0000, 0x0000, 0x0000, 0x0000, 0x0000,
    0x0000, 0x0000, 0x0000, 0x0000, 0x0000, 0x0000, 0x0000, 0x0000, 0x0000, 0x0000, 0x0000, 0x0000,
    0x0000, 0x0000, 0x0000, 0x0000, 0x0000, 0x0000, 0x0000, 0x0000, 0x0000, 0x0000, 0x0000, 0x0000,
    0x0000, 0x0000, 0x0000, 0x0000, 0x0000, 0x0000, 0x0000, 0x0000, 0x0000, 0x0000, 0x0000, 0x0000,
    0x0000, 0x0000, 0x0000, 0x0000, 0x0000, 0x0000, 0x0000, 0x0000, 0x0000, 0x0000, 0x0000, 0x0000,
    0x0000, 0x0000, 0x0000, 0x0000, 0x0000, 0x0000, 0x0000, 0x0000, 0x0000, 0x0000, 0x0000, 0x0000,
    0x0000, 0x0000, 0x0000, 0x0000, 0x0000, 0x0000, 0x0000, 0x0000, 0x0000, 0x0000, 0x0000, 0x0000,
    0x0000, 0x0000, 0x0000, 0x0000, 0x0000, 0x0000, 0x0000, 0x0000, 0x0000, 0x0000, 0x0000, 0x0000,
    0x0000, 0x0000, 0x0000, 0x0000, 0x0000, 0x0000, 0x0000, 0x0000, 0x0000, 0x0000, 0x0000, 0x0000,
    0x0000, 0x0000, 0x0000, 0x0000, 0x0000, 0x0000, 0x0000, 0x0000, 0x0000, 0x0000, 0x0000, 0x0000,
    0x0000, 0x0000, 0x0000, 0x0000, 0x0000, 0x0000, 0x0800, 0x4000, 0x6000, 0x5800, 0x7000, 0x7800,
    0x5800, 0x3000, 0x0800, 0x0000, 0x0000, 0x0000, 0x0000, 0x0000, 0x0000, 0x0000, 0x1000, 0x0000,
    0x0000, 0x0000, 0x0000, 0x0000, 0x0000, 0x0000, 0x0000, 0x0000, 0x0000, 0x0000, 0x0000, 0x0000,
    0x0000, 0x0000, 0x0000, 0x0000, 0x0000, 0x0000, 0x0000, 0x0000, 0x0000, 0x0000, 0x0000, 0x0000,
    0x0000, 0x0000, 0x0000, 0x0000, 0x0000, 0x0000, 0x0000, 0x0000, 0x0000, 0x0000, 0x0000, 0x0000,
    0x0000, 0x0000, 0x0000, 0x0000, 0x0000, 0x0000, 0x0000, 0x0000, 0x0000, 0x0000, 0x0000, 0x0000,
    0x0000, 0x0000, 0x0000, 0x0000, 0x0000, 0x0000, 0x0000, 0x0000, 0x0000, 0x0000, 0x0000, 0x0000,
    0x0000, 0x0000, 0x0000, 0x0000, 0x0000, 0x0000, 0x0000, 0x0000, 0x0000, 0x0000, 0x0000, 0x0000,
    0x0000, 0x0000, 0x0000, 0x0000, 0x0000, 0x0000, 0x0000, 0x0000, 0x0000, 0x0000, 0x0000, 0x0000,
    0x0000, 0x0000, 0x0000, 0x0000, 0x0000, 0x0000, 0x0000, 0x0000, 0x0000, 0x0000, 0x0000, 0x0000,
    0x0000, 0x0000, 0x0000, 0x0000, 0x0000, 0x0000, 0x0000, 0x0000, 0x0000, 0x0000, 0x0000, 0x0000,
    0x0000, 0x0000, 0x0000, 0x0000, 0x0000, 0x0000, 0x0000, 0x0000, 0x0000, 0x0000, 0x0000, 0x0000,
    0x0000, 0x0000, 0x0000, 0x0000, 0x0000, 0x0000, 0x0000, 0x0000, 0x0000, 0x0000, 0x0000, 0x0000,
    0x0000, 0x0000, 0x0000, 0x0000, 0x0000, 0x0000, 0x0000, 0x0000, 0x0000, 0x0000, 0x0000, 0x0000,
    0x0000, 0x0000, 0x0000, 0x0000, 0x0000, 0x0000, 0x0000, 0x0000, 0x0000, 0x0000, 0x0000, 0x0000,
    0x0000, 0x0000, 0x0000, 0x0000, 0x0000, 0x0000, 0x0000, 0x0000, 0x0000, 0x0000, 0x0000, 0x0000,
    0x0000, 0x0000, 0x0000, 0x0000, 0x0000, 0x0000, 0x0000, 0x0000, 0x0000, 0x0000, 0x0000, 0x0000,
    0x0000, 0x0000, 0x0000, 0x0000, 0x0000, 0x0000, 0x0000, 0x0000, 0x0000, 0x0000, 0x0000, 0x0000,
    0x0000, 0x0000, 0x0000, 0x0000, 0x0000, 0x0000, 0x0000, 0x0000, 0x0000, 0x0000, 0x0000, 0x0000,
    0x0000, 0x0000, 0x0000, 0x0000, 0x0000, 0x0000, 0x0000, 0x0000, 0x0000, 0x0000, 0x0000, 0x0000,
    0x0000, 0x0000, 0x0000, 0x0000, 0x0000, 0x0000, 0x0000, 0x0800, 0x5800, 0x8000, 0x5000, 0x2000,
    0x0000, 0x0000, 0x0000, 0x0000, 0x0000, 0x0000, 0x0000, 0x0000, 0x0000, 0x0000, 0x0000, 0x0000,
    0x0000, 0x0000, 0x0000, 0x0000, 0x0000, 0x0000, 0x0000, 0x0000, 0x0000, 0x0000, 0x0000, 0x0000,
    0x0000, 0x0000, 0x0000, 0x0000, 0x0000, 0x0000, 0x0000, 0x0000, 0x0000, 0x0000, 0x0000, 0x0000,
    0x0000, 0x0000, 0x0000, 0x0000, 0x0000, 0x0000, 0x0000, 0x0000, 0x0000, 0x0000, 0x0000, 0x0000,
    0x0000, 0x0000, 0x0000, 0x0000, 0x0000, 0x0000, 0x0000, 0x0000, 0x0000, 0x0000, 0x0000, 0x0000,
    0x0000, 0x0000, 0x0000, 0x0000, 0x0000, 0x0000, 0x0000, 0x0000, 0x0000, 0x0000, 0x0000, 0x0000,
    0x0000, 0x0000, 0x0000, 0x0000, 0x0000, 0x0000, 0x0000, 0x0000, 0x0000, 0x0000, 0x0000, 0x0000,
    0x0000, 0x0000, 0x0000, 0x0000, 0x0000, 0x0000, 0x0000, 0x0000, 0x0000, 0x0000, 0x0000, 0x0000,
    0x0000, 0x0000, 0x0000, 0x0000, 0x0000, 0x0000, 0x0000, 0x0000, 0x0000, 0x0000, 0x0000, 0x0000,
    0x0000, 0x0000, 0x0000, 0x0000, 0x0000, 0x0000, 0x0000, 0x0000, 0x0000, 0x0000, 0x0000, 0x0000,
    0x0000, 0x0000, 0x0000, 0x0000, 0x0000, 0x0000, 0x0000, 0x0000, 0x0000, 0x0000, 0x0000, 0x0000,
    0x0000, 0x0000, 0x0000, 0x0000, 0x0000, 0x0000, 0x0000, 0x0000, 0x0000, 0x0000, 0x0000, 0x0000,
    0x0000, 0x0000, 0x0000, 0x0000, 0x0000, 0x0000, 0x0000, 0x0000, 0x0000, 0x0000, 0x0000, 0x0000,
    0x0000, 0x0000, 0x0000, 0x0000, 0x0000, 0x0000, 0x0000, 0x0000, 0x0000, 0x0000, 0x0000, 0x0000,
    0x0000, 0x0000, 0x0000, 0x0000, 0x0000, 0x0000, 0x0000, 0x0000, 0x0000, 0x0000, 0x0000, 0x0000,
    0x0000, 0x0000, 0x0000, 0x0000, 0x0000, 0x0000, 0x0000, 0x0000, 0x0000, 0x0000, 0x0000, 0x0000,
    0x0000, 0x0000, 0x0000, 0x0000, 0x0000, 0x0000, 0x0000, 0x0000, 0x0000, 0x0000, 0x0000, 0x0000,
    0x0000, 0x0000, 0x0000, 0x0000, 0x0000, 0x0000, 0x0000, 0x0000, 0x0000, 0x0000, 0x0000, 0x0000,
    0x0000, 0x0000, 0x0000, 0x0000, 0x0000, 0x0000, 0x0000, 0x0000, 0x0000, 0x0000, 0x0000, 0x0000,
    0x0000, 0x0000, 0x0000, 0x0000, 0x0000, 0x0000, 0x0000, 0x0000, 0x3000, 0x1800, 0x0000, 0x0000,
    0x0000, 0x0000, 0x0000, 0x0000, 0x0000, 0x0000, 0x0000, 0x0000, 0x0000, 0x0000, 0x0000, 0x0000,
    0x0000, 0x0000, 0x0000, 0x0000, 0x0000, 0x0000, 0x0000, 0x0000, 0x0000, 0x0000, 0x0000, 0x0000,
    0x0000, 0x0000, 0x0000, 0x0000, 0x0000, 0x0000, 0x0000, 0x0000, 0x0000, 0x0000, 0x0000, 0x0000,
    0x0000, 0x0000, 0x0000, 0x0000, 0x0000, 0x0000, 0x0000, 0x0000, 0x0000, 0x0000, 0x0000, 0x0000,
    0x0000, 0x0000, 0x0000, 0x0000, 0x0000, 0x0000, 0x0000, 0x0000, 0x0000, 0x0000, 0x0000, 0x0000,
    0x0000, 0x0000, 0x0000, 0x0000, 0x0000, 0x0000, 0x0000, 0x0000, 0x0000, 0x0000, 0x0000, 0x0000,
    0x0000, 0x0000, 0x0000, 0x0000, 0x0000, 0x0000, 0x0000, 0x0000, 0x0000, 0x0000, 0x0000, 0x0000,
    0x0000, 0x0000, 0x0000, 0x0000, 0x0000, 0x0000, 0x0000, 0x0000, 0x0000, 0x0000, 0x0000, 0x0000,
    0x0000, 0x0000, 0x0000, 0x0000, 0x0000, 0x0000, 0x0000, 0x0000, 0x0000, 0x0000, 0x0000, 0x0000,
    0x0000, 0x0000, 0x0000, 0x0000, 0x0000, 0x0000, 0x0000, 0x0000, 0x0000, 0x0000, 0x0000, 0x0000,
    0x0000, 0x0000, 0x0000, 0x0000, 0x0000, 0x0000, 0x0000, 0x0000, 0x0000, 0x0000, 0x0000, 0x0000,
    0x0000, 0x0000, 0x0000, 0x0000, 0x0000, 0x0000, 0x0000, 0x0000, 0x0000, 0x0000, 0x0000, 0x0000,
    0x0000, 0x0000, 0x0000, 0x0000, 0x0000, 0x0000, 0x0000, 0x0000, 0x0000, 0x0000, 0x0000, 0x0000,
    0x0000, 0x0000, 0x0000, 0x0000, 0x0000, 0x0000, 0x0000, 0x0000, 0x0000, 0x0000, 0x0000, 0x0000,
    0x0000, 0x0000, 0x0000, 0x0000, 0x0000, 0x0000, 0x0000, 0x0000, 0x0000, 0x0000, 0x0000, 0x0000,
    0x0000, 0x0000, 0x0000, 0x0000, 0x0000, 0x0000, 0x0000, 0x0000, 0x0000, 0x0000, 0x0000, 0x0000,
    0x0000, 0x0000, 0x0000, 0x0000, 0x0000, 0x0000, 0x0000, 0x0000, 0x0000, 0x0000, 0x0000, 0x0000,
    0x0000, 0x0000, 0x0000, 0x0000, 0x0000, 0x0000, 0x0000, 0x0000, 0x0000, 0x0000, 0x0000, 0x0000,
    0x0000, 0x0000, 0x0000, 0x0000, 0x0000, 0x0000, 0x0000, 0x0000, 0x0000, 0x0000, 0x0000, 0x0000,
    0x0000, 0x0000, 0x0000, 0x0000, 0x0000, 0x0000, 0x0000, 0x0000, 0x0000, 0x0000, 0x0000, 0x0000,
    0x0000, 0x0000, 0x0000, 0x0000, 0x0000, 0x0000, 0x0000, 0x0000, 0x0000, 0x0000, 0x0000, 0x0000,
    0x0000, 0x0000, 0x0000, 0x0000, 0x0000, 0x0000, 0x0000, 0x0000, 0x0000, 0x0000, 0x0000, 0x0000,
    0x0000, 0x0000, 0x0000, 0x0000, 0x0000, 0x0000, 0x0000, 0x0000, 0x0000, 0x0000, 0x0000, 0x0000,
    0x0000, 0x0000, 0x0000, 0x0000, 0x0000, 0x0000, 0x0000, 0x0000, 0x0000, 0x0000, 0x0000, 0x0000,
    0x0000, 0x0000, 0x0000, 0x0000, 0x0000, 0x0000, 0x0000, 0x0000, 0x0000, 0x0000, 0x0000, 0x0000,
    0x0000, 0x0000, 0x0000, 0x0000, 0x0000, 0x0000, 0x0000, 0x0000, 0x0000, 0x0000, 0x0000, 0x0000,
    0x0000, 0x0000, 0x0000, 0x0000, 0x0000, 0x0000, 0x0000, 0x0000, 0x0000, 0x0000, 0x0000, 0x0000,
    0x0000, 0x0000, 0x0000, 0x0000, 0x0000, 0x0000, 0x0000, 0x0000, 0x0000, 0x0000, 0x0000, 0x0000,
    0x0000, 0x0000, 0x0000, 0x0000, 0x0000, 0x0000, 0x0000, 0x0000, 0x0000, 0x0000, 0x0000, 0x0000,
    0x0000, 0x0000, 0x0000, 0x0000, 0x0000, 0x0000, 0x0000, 0x0000, 0x0000, 0x0000, 0x0000, 0x0000,
    0x0000, 0x0000, 0x0000, 0x0000, 0x0000, 0x0000, 0x0000, 0x0000, 0x0000, 0x0000, 0x0000, 0x0000,
    0x0000, 0x0000, 0x0000, 0x0000, 0x0000, 0x0000, 0x0000, 0x0000, 0x0000, 0x0000, 0x0000, 0x0000,
    0x0000, 0x0000, 0x0000, 0x0000, 0x0000, 0x0000, 0x0000, 0x0000, 0x0000, 0x0000, 0x0000, 0x0000,
    0x0000, 0x0000, 0x0000, 0x0000, 0x0000, 0x0000, 0x0000, 0x0000, 0x0000, 0x0000, 0x0000, 0x0000,
    0x0000, 0x0000, 0x0000, 0x0000, 0x0000, 0x0000, 0x0000, 0x0000, 0x0000, 0x0000, 0x0000, 0x0000,
    0x0000, 0x0000, 0x0000, 0x0000, 0x0000, 0x0000, 0x0000, 0x0000, 0x0000, 0x0000, 0x0000, 0x0000,
    0x0000, 0x0000, 0x0000, 0x0000, 0x0000, 0x0000, 0x0000, 0x0000, 0x0000, 0x0000, 0x0000, 0x0000,
    0x0000, 0x0000, 0x0000, 0x0000, 0x0000, 0x0000, 0x0000, 0x0000, 0x0000, 0x0000, 0x0000, 0x0000,
    0x0000, 0x0000, 0x0000, 0x0000, 0x0000, 0x0000, 0x0000, 0x0000, 0x0000, 0x0000, 0x0000, 0x0000,
    0x0000, 0x0000, 0x0000, 0x0000, 0x0000, 0x0000, 0x0000, 0x0000, 0x0000, 0x0000, 0x0000, 0x0000,
    0x0000, 0x0000, 0x0000, 0x0000, 0x0000, 0x0000, 0x0000, 0x0000, 0x0000, 0x0000, 0x0000, 0x0000,
    0x0000, 0x0000, 0x0000, 0x0000, 0x0000, 0x0000, 0x0000, 0x0000, 0x0000, 0x0000, 0x0000, 0x0000,
    0x0000, 0x0000, 0x0000, 0x0000, 0x0000, 0x0000, 0x0000, 0x0000, 0x0000, 0x0000, 0x0000, 0x0000,
    0x0000, 0x0000, 0x0000, 0x0000, 0x0000, 0x0000, 0x0000, 0x0000, 0x0000, 0x0000, 0x0000, 0x0000,
    0x0000, 0x0000, 0x0000, 0x0000, 0x0000, 0x0000, 0x0000, 0x0000, 0x0000, 0x0000, 0x0000, 0x0000,
    0x0000, 0x0000, 0x0000, 0x0000, 0x0000, 0x0000, 0x0000, 0x0000, 0x0000, 0x0000, 0x0000, 0x0000,
    0x0000, 0x0000, 0x0000, 0x0000, 0x0000, 0x0000, 0x0000, 0x0000, 0x0000, 0x0000, 0x0000, 0x0000,
    0x0000, 0x0000, 0x0000, 0x0000, 0x0000, 0x0000, 0x0000, 0x0000, 0x0000, 0x0000, 0x0000, 0x0000,
    0x0000, 0x0000, 0x0000, 0x0000, 0x0000, 0x0000, 0x0000, 0x0000, 0x0000, 0x0000, 0x0000, 0x0000,
    0x0000, 0x0000, 0x0000, 0x0000, 0x0000, 0x0000, 0x0000, 0x0000, 0x0000, 0x0000, 0x0000, 0x0000,
    0x0000, 0x0000, 0x0000, 0x0000, 0x0000, 0x0000, 0x0000, 0x0000, 0x0000, 0x0000, 0x0000, 0x0000,
    0x0000, 0x0000, 0x0000, 0x0000, 0x0000, 0x0000, 0x0000, 0x0000, 0x0000, 0x0000, 0x0000, 0x0000,
    0x0000, 0x0000, 0x0000, 0x0000, 0x0000, 0x0000, 0x0000, 0x0000, 0x0000, 0x0000, 0x0000, 0x0000,
    0x0000, 0x0000, 0x0000, 0x0000, 0x0000, 0x0000, 0x0000, 0x0000, 0x0000, 0x0000, 0x0000, 0x0000,
    0x0000, 0x0000, 0x0000, 0x0000, 0x0000, 0x0000, 0x0000, 0x0000, 0x0000, 0x0000, 0x0000, 0x0000,
    0x0000, 0x0000, 0x0000, 0x0000, 0x0000, 0x0000, 0x0000, 0x0000, 0x0000, 0x0000, 0x0000, 0x0000,
    0x0000, 0x0000, 0x0000, 0x0000, 0x0000, 0x0000, 0x0000, 0x0000, 0x0000, 0x0000, 0x0000, 0x0000,
    0x0000, 0x0000, 0x0000, 0x0000, 0x0000, 0x0000, 0x0000, 0x0000, 0x0000, 0x0000, 0x0000, 0x0000,
    0x0000, 0x0000, 0x0000, 0x0000, 0x0000, 0x0000, 0x0000, 0x0000, 0x0000, 0x0000, 0x0000, 0x0000,
    0x0000, 0x0000, 0x0000, 0x0000, 0x0000, 0x0000, 0x0000, 0x0000, 0x0000, 0x0000, 0x0000, 0x0000,
    0x0000, 0x0000, 0x0000, 0x0000, 0x0000, 0x0000, 0x0000, 0x0000, 0x0000, 0x0000, 0x0000, 0x0000,
    0x0000, 0x0000, 0x0000, 0x0000, 0x0000, 0x0000, 0x0000, 0x0000, 0x0000, 0x0000, 0x0000, 0x0000,
    0x0000, 0x0000, 0x0000, 0x0000, 0x0000, 0x0000, 0x0000, 0x0000, 0x0000, 0x0000, 0x0000, 0x0000,
    0x0000, 0x0000, 0x0000, 0x0000, 0x0000, 0x0000, 0x0000, 0x0000, 0x0000, 0x0000, 0x0000, 0x0000,
    0x0000, 0x0000, 0x0000, 0x0000, 0x0000, 0x0000, 0x0000, 0x0000, 0x0000, 0x0000, 0x0000, 0x0000,
    0x0000, 0x0000, 0x0000, 0x0000, 0x0000, 0x0000, 0x0000, 0x0000, 0x0000, 0x0000, 0x0000, 0x0000,
    0x0000, 0x0000, 0x0000, 0x0000, 0x0000, 0x0000, 0x0000, 0x0000, 0x0000, 0x0000, 0x0000, 0x0000,
    0x0000, 0x0000, 0x0000, 0x0000, 0x0000, 0x0000, 0x0000, 0x0000, 0x0000, 0x0000, 0x0000, 0x0000,
    0x0000, 0x0000, 0x0000, 0x0000, 0x0000, 0x0000, 0x0000, 0x0000, 0x0000, 0x0000, 0x0000, 0x0000,
    0x0000, 0x0000, 0x0000, 0x0000, 0x0000, 0x0000, 0x0000, 0x0000, 0x0000, 0x0000, 0x0000, 0x0000,
    0x0000, 0x0000, 0x0000, 0x0000, 0x0000, 0x0000, 0x0000, 0x0000, 0x0000, 0x0000, 0x0000, 0x0000,
    0x0000, 0x0000, 0x0000, 0x0000, 0x0000, 0x0000, 0x0000, 0x0000, 0x0000, 0x0000, 0x0000, 0x0000,
    0x0000, 0x0000, 0x0000, 0x0000, 0x0000, 0x0000, 0x0000, 0x0000, 0x0000, 0x0000, 0x0000, 0x0000,
    0x0000, 0x0000, 0x0000, 0x0000, 0x0000, 0x0000, 0x0000, 0x0000, 0x0000, 0x0000, 0x0000, 0x0000,
    0x0000, 0x0000, 0x0000, 0x0000, 0x0000, 0x0000, 0x0000, 0x0000, 0x0000, 0x0000, 0x0000, 0x0000,
    0x0000, 0x0000, 0x0000, 0x0000, 0x0000, 0x0000, 0x0000, 0x0000, 0x0000, 0x0000, 0x0000, 0x0000,
    0x0000, 0x0000, 0x0000, 0x0000, 0x0000, 0x0000, 0x0000, 0x0000, 0x0000, 0x0000, 0x0000, 0x0000,
    0x0000, 0x0000, 0x0000, 0x0000, 0x0000, 0x0000, 0x0000, 0x0000, 0x0000, 0x0000, 0x0000, 0x0000,
    0x0000, 0x0000, 0x0000, 0x0000, 0x0000, 0x0000, 0x0000, 0x0000, 0x0000, 0x0000, 0x0000, 0x0000,
    0x0000, 0x0000, 0x0000, 0x0000, 0x0000, 0x0000, 0x0000, 0x0000, 0x0000, 0x0000, 0x0000, 0x0000,
    0x0000, 0x0000, 0x0000, 0x0000, 0x0000, 0x0000, 0x0000, 0x0000, 0x0000, 0x0000, 0x0000, 0x0000,
    0x0000, 0x0000, 0x0000, 0x0000, 0x0000, 0x0000, 0x0000, 0x0000, 0x0000, 0x0000, 0x0000, 0x0000,
    0x0000, 0x0000, 0x0000, 0x0000, 0x0000, 0x0000, 0x0000, 0x0000, 0x0000, 0x0000, 0x0000, 0x0000,
    0x0000, 0x0000, 0x0000, 0x0000, 0x0000, 0x0000, 0x0000, 0x0000, 0x0000, 0x0000, 0x0000, 0x0000,
    0x0000, 0x0000, 0x0000, 0x0000, 0x0000, 0x0000, 0x0000, 0x0000, 0x0000, 0x0000, 0x0000, 0x0000,
    0x0000, 0x0000, 0x0000, 0x0000, 0x0000, 0x0000, 0x0000, 0x0000, 0x0000, 0x0000, 0x0000, 0x0000,
    0x0000, 0x0000, 0x0000, 0x0000, 0x0000, 0x0000, 0x0000, 0x0000, 0x0000, 0x0000, 0x0000, 0x0000,
    0x0000, 0x0000, 0x0000, 0x0000, 0x0000, 0x0000, 0x0000, 0x0000, 0x0000, 0x0000, 0x0000, 0x0000,
    0x0000, 0x0000, 0x0000, 0x0000, 0x0000, 0x0000, 0x0000, 0x0000, 0x0000, 0x0000, 0x0000, 0x0000,
    0x0000, 0x0000, 0x0000, 0x0000, 0x0000, 0x0000, 0x0000, 0x0000, 0x0000, 0x0000, 0x0000, 0x0000,
    0x0000, 0x0000, 0x0000, 0x0000, 0x0000, 0x0000, 0x0000, 0x0000, 0x0000, 0x0000, 0x0000, 0x0000,
    0x0000, 0x0000, 0x0000, 0x0000, 0x0000, 0x0000, 0x0000, 0x0000, 0x0000, 0x0000, 0x0000, 0x0000,
    0x0000, 0x0000, 0x0000, 0x0000, 0x0000, 0x0000, 0x0000, 0x0000, 0x0000, 0x0000, 0x0000, 0x0000,
    0x0000, 0x0000, 0x0000, 0x0000, 0x0000, 0x0000, 0x0000, 0x0000, 0x0000, 0x0000, 0x0000, 0x0000,
    0x0000, 0x0000, 0x0000, 0x0000, 0x0000, 0x0000, 0x0000, 0x0000, 0x0000, 0x0000, 0x0000, 0x0000,
    0x0000, 0x0000, 0x0000, 0x0000, 0x0000, 0x0000, 0x0000, 0x0000, 0x0000, 0x0000, 0x0000, 0x0000,
    0x0000, 0x0000, 0x0000, 0x0000, 0x0000, 0x0000, 0x0000, 0x0000, 0x0000, 0x0000, 0x0000, 0x0000,
    0x0000, 0x0000, 0x0000, 0x0000, 0x0000, 0x0000, 0x0000, 0x0000, 0x0000, 0x0000, 0x0000, 0x0000,
    0x0000, 0x0000, 0x0000, 0x0000, 0x0000, 0x0000, 0x0000, 0x0000, 0x0000, 0x0000, 0x0000, 0x0000,
    0x0000, 0x0000, 0x0000, 0x0000, 0x0000, 0x0000, 0x0000, 0x0000, 0x0000, 0x0000, 0x0000, 0x0000,
    0x0000, 0x0000, 0x0000, 0x0000, 0x0000, 0x0000, 0x0000, 0x0000, 0x0000, 0x0000, 0x0000, 0x0000,
    0x0000, 0x0000, 0x0000, 0x0000, 0x0000, 0x0000, 0x0000, 0x0000, 0x0000, 0x0000, 0x0000, 0x0000,
    0x0000, 0x0000, 0x0000, 0x0000, 0x0000, 0x0000, 0x0000, 0x0000, 0x0000, 0x0000, 0x0000, 0x0000,
    0x0000, 0x0000, 0x0000, 0x0000, 0x0000, 0x0000, 0x0000, 0x0000, 0x0000, 0x0000, 0x0000, 0x0000,
    0x0000, 0x0000, 0x0000, 0x0000, 0x0000, 0x0000, 0x0000, 0x0000, 0x0000, 0x0000, 0x0000, 0x0000,
    0x0000, 0x0000, 0x0000, 0x0000, 0x0000, 0x0000, 0x0000, 0x0000, 0x0000, 0x0000, 0x0000, 0x0000,
    0x0000, 0x0000, 0x0000, 0x0000, 0x0000, 0x0000, 0x0000, 0x0000, 0x0000, 0x0000, 0x0000, 0x0000,
    0x0000, 0x0000, 0x0000, 0x0000, 0x0000, 0x0000, 0x0000, 0x0000, 0x0000, 0x0000, 0x0000, 0x0000,
    0x0000, 0x0000, 0x0000, 0x0000, 0x0000, 0x0000, 0x0000, 0x0000, 0x0000, 0x0000, 0x0000, 0x0000,
    0x0000, 0x0000, 0x0000, 0x0000, 0x0000, 0x0000, 0x0000, 0x0000, 0x0000, 0x0000, 0x0000, 0x0000,
    0x0000, 0x0000, 0x0000, 0x0000, 0x0000, 0x0000, 0x0000, 0x0000, 0x0000, 0x0000, 0x0000, 0x0000,
    0x0000, 0x0000, 0x0000, 0x0000, 0x0000, 0x0000, 0x0000, 0x0000, 0x0000, 0x0000, 0x0000, 0x0000,
    0x0000, 0x0000, 0x0000, 0x0000, 0x0000, 0x0000, 0x0000, 0x0000, 0x0000, 0x0000, 0x0000, 0x0000,
    0x0000, 0x0000, 0x0000, 0x0000, 0x0000, 0x0000, 0x0000, 0x0000, 0x0000, 0x0000, 0x0000, 0x0000,
    0x0000, 0x0000, 0x0000, 0x0000, 0x0000, 0x0000, 0x0000, 0x0000, 0x0000, 0x0000, 0x0000, 0x0000,
    0x0000, 0x0000, 0x0000, 0x0000, 0x0000, 0x0000, 0x0000, 0x0000, 0x0000, 0x0000, 0x0000, 0x0000,
    0x0000, 0x0000, 0x0000, 0x0000, 0x0000, 0x0000, 0x0000, 0x0000, 0x0000, 0x0000, 0x0000, 0x0000,
    0x0000, 0x0000, 0x0000, 0x0000, 0x0000, 0x0000, 0x0000, 0x0000, 0x0000, 0x0000, 0x0000, 0x0000,
    0x0000, 0x0000, 0x0000, 0x0000, 0x0000, 0x0000, 0x0000, 0x0000, 0x0000, 0x0000, 0x0000, 0x0000,
    0x0000, 0x0000, 0x0000, 0x0000, 0x0000, 0x0000, 0x0000, 0x0000, 0x0000, 0x0000, 0x0000, 0x0000,
    0x0000, 0x0000, 0x0000, 0x0000, 0x0000, 0x0000, 0x0000, 0x0000, 0x0000, 0x0000, 0x0000, 0x0000,
    0x0000, 0x0000, 0x0000, 0x0000, 0x0000, 0x0000, 0x0000, 0x0000, 0x0000, 0x0000, 0x0000, 0x0000,
    0x0000, 0x0000, 0x0000, 0x0000, 0x0000, 0x0000, 0x0000, 0x0000, 0x0000, 0x0000, 0x0000, 0x0000,
    0x0000, 0x0000, 0x0000, 0x0000, 0x0000, 0x0000, 0x0000, 0x0000, 0x0000, 0x0000, 0x0000, 0x0000,
    0x0000, 0x0000, 0x0000, 0x0000, 0x0000, 0x0000, 0x0000, 0x0000, 0x0000, 0x0000, 0x0000, 0x0000,
    0x0000, 0x0000, 0x0000, 0x0000, 0x0000, 0x0000, 0x0000, 0x0000, 0x0000, 0x0000, 0x0000, 0x0000,
    0x0000, 0x0000, 0x0000, 0x0000, 0x0000, 0x0000, 0x0000, 0x0000, 0x0000, 0x0000, 0x0000, 0x0000,
    0x0000, 0x0000, 0x0000, 0x0000, 0x0000, 0x0000, 0x0000, 0x0000, 0x0000, 0x0000, 0x0000, 0x0000,
    0x0000, 0x0000, 0x0000, 0x0000, 0x0000, 0x0000, 0x0000, 0x0000, 0x0000, 0x0000, 0x0000, 0x0000,
    0x0000, 0x0000, 0x0000, 0x0000, 0x0000, 0x0000, 0x0000, 0x0000, 0x0000, 0x0000, 0x0000, 0x0000,
    0x0000, 0x0000, 0x0000, 0x0000, 0x0000, 0x0000, 0x0000, 0x0000, 0x0000, 0x0000, 0x0000, 0x0000,
    0x0000, 0x0000, 0x0000, 0x0000, 0x0000, 0x0000, 0x0000, 0x0000, 0x0000, 0x0000, 0x0000, 0x0000,
    0x0000, 0x0000, 0x0000, 0x0000, 0x0000, 0x0000, 0x0000, 0x0000, 0x0000, 0x0000, 0x0000, 0x0000,
    0x0000, 0x0000, 0x0000, 0x0000, 0x0000, 0x0000, 0x0000, 0x0000, 0x0000, 0x0000, 0x0000, 0x0000,
    0x0000, 0x0000, 0x0000, 0x0000, 0x0000, 0x0000, 0x0000, 0x0000, 0x0000, 0x0000, 0x0000, 0x0000,
    0x0000, 0x0000, 0x0000, 0x0000, 0x0000, 0x0000, 0x0000, 0x0000, 0x0000, 0x0000, 0x0000, 0x0000,
    0x0000, 0x0000, 0x0000, 0x0000, 0x0000, 0x0000, 0x0000, 0x0000, 0x0000, 0x0000, 0x0000, 0x0000,
    0x0000, 0x0000, 0x0000, 0x0000, 0x0000, 0x0000, 0x0000, 0x0000, 0x0000, 0x0000, 0x0000, 0x0000,
    0x0000, 0x0000, 0x0000, 0x0000, 0x0000, 0x0000, 0x0000, 0x0000, 0x0000, 0x0000, 0x0000, 0x0000,
    0x0000, 0x0000, 0x0000, 0x0000, 0x0000, 0x0000, 0x0000, 0x0000, 0x0000, 0x0000, 0x0000, 0x0000,
    0x0000, 0x0000, 0x0000, 0x0000, 0x0000, 0x0000, 0x0000, 0x0000, 0x0000, 0x0000, 0x0000, 0x0000,
    0x0000, 0x0000, 0x0000, 0x0000, 0x0000, 0x0000, 0x0000, 0x0000, 0x0000, 0x0000, 0x0000, 0x0000,
    0x0000, 0x0000, 0x0000, 0x0000, 0x0000, 0x0000, 0x0000, 0x0000, 0x0000, 0x0000, 0x0000, 0x0000,
    0x0000, 0x0000, 0x0000, 0x0000, 0x0000, 0x0000, 0x0000, 0x0000, 0x0000, 0x0000, 0x0000, 0x0000,
    0x0000, 0x0000, 0x0000, 0x0000, 0x0000, 0x0000, 0x0000, 0x0000, 0x0000, 0x0000, 0x0000, 0x0000,
    0x0000, 0x0000, 0x0000, 0x0000, 0x0000, 0x0000, 0x0000, 0x0000, 0x0000, 0x0000, 0x0000, 0x0000,
    0x0000, 0x0000, 0x0000, 0x0000, 0x0000, 0x0000, 0x0000, 0x0000, 0x0000, 0x0000, 0x0000, 0x0000,
    0x0000, 0x0000, 0x0000, 0x0000, 0x0000, 0x0000, 0x0000, 0x0000, 0x0000, 0x0000, 0x0000, 0x0000,
    0x0000, 0x0000, 0x0000, 0x0000, 0x0000, 0x0000, 0x0000, 0x0000, 0x0000, 0x0000, 0x0000, 0x0000,
    0x0000, 0x0000, 0x0000, 0x0000, 0x0000, 0x0000, 0x0000, 0x0000, 0x0000, 0x0000, 0x0000, 0x0000,
    0x0000, 0x0000, 0x0000, 0x0000, 0x0000, 0x0000, 0x0000, 0x0000, 0x0000, 0x0000, 0x0000, 0x0000,
    0x0000, 0x0000, 0x0000, 0x0000, 0x0000, 0x0000, 0x0000, 0x0000, 0x0000, 0x0000, 0x0000, 0x0000,
    0x0000, 0x0000, 0x0000, 0x0000, 0x0000, 0x0000, 0x0000, 0x0000, 0x0000, 0x0000, 0x0000, 0x0000,
    0x0000, 0x0000, 0x0000, 0x0000, 0x0000, 0x0000, 0x0000, 0x0000, 0x0000, 0x0000, 0x0000, 0x0000,
    0x0000, 0x0000, 0x0000, 0x0000, 0x0000, 0x0000, 0x0000, 0x0000, 0x0000, 0x0000, 0x0000, 0x0000,
    0x0000, 0x0000, 0x0000, 0x0000, 0x0000, 0x0000, 0x0000, 0x0000, 0x0000, 0x0000, 0x0000, 0x0000,
    0x0000, 0x0000, 0x0000, 0x0000, 0x0000, 0x0000, 0x0000, 0x0000, 0x0000, 0x0000, 0x0000, 0x0000,
    0x0000, 0x0000, 0x0000, 0x0000, 0x0000, 0x0000, 0x0000, 0x0000, 0x0000, 0x0000, 0x0000, 0x0000,
    0x0000, 0x0000, 0x0000, 0x0000, 0x0000, 0x0000, 0x0000, 0x0000, 0x0000, 0x0000, 0x0000, 0x0000,
    0x0000, 0x0000, 0x0000, 0x0000, 0x0000, 0x0000, 0x0000, 0x0000, 0x0000, 0x0000, 0x0000, 0x0000,
    0x0000, 0x0000, 0x0000, 0x0000, 0x0000, 0x0000, 0x0000, 0x0000, 0x0000, 0x0000, 0x0000, 0x0000,
    0x0000, 0x0000, 0x0000, 0x0000, 0x0000, 0x0000, 0x0000, 0x0000, 0x0000, 0x0000, 0x0000, 0x0000,
    0x0000, 0x0000, 0x0000, 0x0000, 0x0000, 0x0000, 0x0000, 0x0000, 0x0000, 0x0000, 0x0000, 0x0000,
    0x0000, 0x0000, 0x0000, 0x0000, 0x0000, 0x0000, 0x0000, 0x0000, 0x0000, 0x0000, 0x0000, 0x0000,
    0x0000, 0x0000, 0x0000, 0x0000, 0x0000, 0x0000, 0x0000, 0x0000, 0x0000, 0x0000, 0x0000, 0x0000,
    0x0000, 0x0000, 0x0000, 0x0000, 0x0000, 0x0000, 0x0000, 0x0000, 0x0000, 0x0000, 0x0000, 0x0000,
    0x0000, 0x0000, 0x0000, 0x0000, 0x0000, 0x0000, 0x0000, 0x0000, 0x0000, 0x0000, 0x0000, 0x0000,
    0x0000, 0x0000, 0x0000, 0x0000, 0x0000, 0x0000, 0x0000, 0x0000, 0x0000, 0x0000, 0x0000, 0x0000,
    0x0000, 0x0000, 0x0000, 0x0000, 0x0000, 0x0000, 0x0000, 0x0000, 0x0000, 0x0000, 0x0000, 0x0000,
    0x0000, 0x0000, 0x0000, 0x0000, 0x0000, 0x0000, 0x0000, 0x0000, 0x0000, 0x0000, 0x0000, 0x0000,
    0x0000, 0x0000, 0x0000, 0x0000, 0x0000, 0x0000, 0x0000, 0x0000, 0x0000, 0x0000, 0x0000, 0x0000,
    0x0000, 0x0000, 0x0000, 0x0000, 0x0000, 0x0000, 0x0000, 0x0000, 0x0000, 0x0000, 0x0000, 0x0000,
    0x0000, 0x0000, 0x0000, 0x0000, 0x0000, 0x0000, 0x0000, 0x0000, 0x0000, 0x0000, 0x0000, 0x0000,
    0x0000, 0x0000, 0x0000, 0x0000, 0x0000, 0x0000, 0x0000, 0x0000, 0x0000, 0x0000, 0x0000, 0x0000,
    0x0000, 0x0000, 0x0000, 0x0000, 0x0000, 0x0000, 0x0000, 0x0000, 0x0000, 0x0000, 0x0000, 0x0000,
    0x0000, 0x0000, 0x0000, 0x0000, 0x0000, 0x0000, 0x0000, 0x0000, 0x0000, 0x0000, 0x0000, 0x0000,
    0x0000, 0x0000, 0x0000, 0x0000, 0x0000, 0x0000, 0x0000, 0x0000, 0x0000, 0x0000, 0x0000, 0x0000,
    0x0000, 0x0000, 0x0000, 0x0000, 0x0000, 0x0000, 0x0000, 0x0000, 0x0000, 0x0000, 0x0000, 0x0000,
    0x0000, 0x0000, 0x0000, 0x0000, 0x0000, 0x0000, 0x0000, 0x0000, 0x0000, 0x0000, 0x0000, 0x0000,
    0x0000, 0x0000, 0x0000, 0x0000, 0x0000, 0x0000, 0x0000, 0x0000, 0x0000, 0x0000, 0x0000, 0x0000,
    0x0000, 0x0000, 0x0000, 0x0000, 0x0000, 0x0000, 0x0000, 0x0000, 0x0000, 0x0000, 0x0000, 0x0000,
    0x0000, 0x0000, 0x0000, 0x0000, 0x0000, 0x0000, 0x0000, 0x0000, 0x0000, 0x0000, 0x0000, 0x0000,
    0x0000, 0x0000, 0x0000, 0x0000, 0x0000, 0x0000, 0x0000, 0x0000, 0x0000, 0x0000, 0x0000, 0x0000,
    0x0000, 0x0000, 0x0000, 0x0000, 0x0000, 0x0000, 0x0000, 0x0000, 0x0000, 0x0000, 0x0000, 0x0000,
    0x0000, 0x0000, 0x0000, 0x0000, 0x0000, 0x0000, 0x0000, 0x0000, 0x0000, 0x0000, 0x0000, 0x0000,
    0x0000, 0x0000, 0x0000, 0x0000, 0x0000, 0x0000, 0x0000, 0x0000, 0x0000, 0x0000, 0x0000, 0x0000,
    0x0000, 0x0000, 0x0000, 0x0000, 0x0000, 0x0000, 0x0000, 0x0000, 0x0000, 0x0000, 0x0000, 0x0000,
    0x0000, 0x0000, 0x0000, 0x0000, 0x0000, 0x0000, 0x0000, 0x0000, 0x0000, 0x0000, 0x0000, 0x0000,
    0x0000, 0x0000, 0x0000, 0x0000, 0x0000, 0x0000, 0x0000, 0x0000, 0x0000, 0x0000, 0x0000, 0x0000,
    0x0000, 0x0000, 0x0000, 0x0000, 0x0000, 0x0000, 0x0000, 0x0000, 0x0000, 0x0000, 0x0000, 0x0000,
    0x0000, 0x0000, 0x0000, 0x0000, 0x0000, 0x0000, 0x0000, 0x0000, 0x0000, 0x0000, 0x0000, 0x0000,
    0x0000, 0x0000, 0x0000, 0x0000, 0x0000, 0x0000, 0x0000, 0x0000, 0x0000, 0x0000, 0x0000, 0x0000,
    0x0000, 0x0000, 0x0000, 0x0000, 0x0000, 0x0000, 0x0000, 0x0000, 0x0000, 0x0000, 0x0000, 0x0000,
    0x0000, 0x0000, 0x0000, 0x0000, 0x0000, 0x0000, 0x0000, 0x0000, 0x0000, 0x0000, 0x0000, 0x0000,
    0x0000, 0x0000, 0x0000, 0x0000, 0x0000, 0x0000, 0x0000, 0x0000, 0x0000, 0x0000, 0x0000, 0x0000,
    0x0000, 0x0000, 0x0000, 0x0000, 0x0000, 0x0000, 0x0000, 0x0000, 0x0000, 0x0000, 0x0000, 0x0000,
    0x0000, 0x0000, 0x0000, 0x0000, 0x0000, 0x0000, 0x0000, 0x0000, 0x0000, 0x0000, 0x0000, 0x0000,
    0x0000, 0x0000, 0x0000, 0x0000, 0x0000, 0x0000, 0x0000, 0x0000, 0x0000, 0x0000, 0x0000, 0x0000,
    0x0000, 0x0000, 0x0000, 0x0000, 0x0000, 0x0000, 0x0000, 0x0000, 0x0000, 0x0000, 0x0000, 0x0000,
    0x0000, 0x0000, 0x0000, 0x0000, 0x0000, 0x0000, 0x0000, 0x0000, 0x0000, 0x0000, 0x0000, 0x0000,
    0x0000, 0x0000, 0x0000, 0x0000, 0x0000, 0x0000, 0x0000, 0x0000, 0x0000, 0x0000, 0x0000, 0x0000,
    0x0000, 0x0000, 0x0000, 0x0000, 0x0000, 0x0000, 0x0000, 0x0000, 0x0000, 0x0000, 0x0000, 0x0000,
    0x0000, 0x0000, 0x0000, 0x0000, 0x0000, 0x0000, 0x0000, 0x0000, 0x0000, 0x0000, 0x0000, 0x0000,
    0x0000, 0x0000, 0x0000, 0x0000, 0x0000, 0x0000, 0x0000, 0x0000, 0x0000, 0x0000, 0x0000, 0x0000,
    0x0000, 0x0000, 0x0000, 0x0000, 0x0000, 0x0000, 0x0000, 0x0000, 0x0000, 0x0000, 0x0000, 0x0000,
    0x0000, 0x0000, 0x0000, 0x0000, 0x0000, 0x0000, 0x0000, 0x0000, 0x0000, 0x0000, 0x0000, 0x0000,
    0x0000, 0x0000, 0x0000, 0x0000, 0x0000, 0x0000, 0x0000, 0x0000, 0x0000, 0x0000, 0x0000, 0x0000,
    0x0000, 0x0000, 0x0000, 0x0000, 0x0000, 0x0000, 0x0000, 0x0000, 0x0000, 0x0000, 0x0000, 0x0000,
    0x0000, 0x0000, 0x0000, 0x0000, 0x0000, 0x0000, 0x0000, 0x0000, 0x0000, 0x0000, 0x0000, 0x0000,
    0x0000, 0x0000, 0x0000, 0x0000, 0x0000, 0x0000, 0x0000, 0x0000, 0x0000, 0x0000, 0x0000, 0x0000,
    0x0000, 0x0000, 0x0000, 0x0000, 0x0000, 0x0000, 0x0000, 0x0000, 0x0000, 0x0000, 0x0000, 0x0000,
    0x0000, 0x0000, 0x0000, 0x0000, 0x0000, 0x0000, 0x0000, 0x0000, 0x0000, 0x0000, 0x0000, 0x0000,
    0x0000, 0x0000, 0x0000, 0x0000, 0x0000, 0x0000, 0x0000, 0x0000, 0x0000, 0x0000, 0x0000, 0x0000,
    0x0000, 0x0000, 0x0000, 0x0000, 0x0000, 0x0000, 0x0000, 0x0000, 0x0000, 0x0000, 0x0000, 0x0000,
    0x0000, 0x0000, 0x0000, 0x0000, 0x0000, 0x0000, 0x0000, 0x0000, 0x0000, 0x0000, 0x0000, 0x0000,
    0x0000, 0x0000, 0x0000, 0x0000, 0x0000, 0x0000, 0x0000, 0x0000, 0x0000, 0x0000, 0x0000, 0x0000,
    0x0000, 0x0000, 0x0000, 0x0000, 0x0000, 0x0000, 0x0000, 0x0000, 0x0000, 0x0000, 0x0000, 0x0000,
    0x0000, 0x0000, 0x0000, 0x0000, 0x0000, 0x0000, 0x0000, 0x0000, 0x0000, 0x0000, 0x0000, 0x0000,
    0x0000, 0x0000, 0x0000, 0x0000, 0x0000, 0x0000, 0x0000, 0x0000, 0x0000, 0x0000, 0x0000, 0x0000,
    0x0000, 0x0000, 0x0000, 0x0000, 0x0000, 0x0000, 0x0000, 0x0000, 0x0000, 0x0000, 0x0000, 0x0000,
    0x0000, 0x0000, 0x0000, 0x0000, 0x0000, 0x0000, 0x0000, 0x0000, 0x0000, 0x0000, 0x0000, 0x0000,
    0x0000, 0x0000, 0x0000, 0x0000, 0x0000, 0x0000, 0x0000, 0x0000, 0x0000, 0x0000, 0x0000, 0x0000,
    0x0000, 0x0000, 0x0000, 0x0000, 0x0000, 0x0000, 0x0000, 0x0000, 0x0000, 0x0000, 0x0000, 0x0000,
    0x0000, 0x0000, 0x0000, 0x0000, 0x0000, 0x0000, 0x0000, 0x0000, 0x0000, 0x0000, 0x0000, 0x0000,
    0x0000, 0x0000, 0x0000, 0x0000, 0x0000, 0x0000, 0x0000, 0x0000, 0x0000, 0x0000, 0x0000, 0x0000,
    0x0000, 0x0000, 0x0000, 0x0000, 0x0000, 0x0000, 0x0000, 0x0000, 0x0000, 0x0000, 0x0000, 0x0000,
    0x0000, 0x0000, 0x0000, 0x0000, 0x0000, 0x0000, 0x0000, 0x0000, 0x0000, 0x0000, 0x0000, 0x0000,
    0x0000, 0x0000, 0x0000, 0x0000, 0x0000, 0x0000, 0x0000, 0x0000, 0x0000, 0x0000, 0x0000, 0x0000,
    0x0000, 0x0000, 0x0000, 0x0000, 0x0000, 0x0000, 0x0000, 0x0000, 0x0000, 0x0000, 0x0000, 0x0000,
    0x0000, 0x0000, 0x0000, 0x0000, 0x0000, 0x0000, 0x0000, 0x0000, 0x0000, 0x0000, 0x0000, 0x0000,
    0x0000, 0x0000, 0x0000, 0x0000, 0x0000, 0x0000, 0x0000, 0x0000, 0x0000, 0x0000, 0x0000, 0x0000,
    0x0000, 0x0000, 0x0000, 0x0000, 0x0000, 0x0000, 0x0000, 0x0000, 0x0000, 0x0000, 0x0000, 0x0000,
    0x0000, 0x0000, 0x0000, 0x0000, 0x0000, 0x0000, 0x0000, 0x0000, 0x0000, 0x0000, 0x0000, 0x0000,
    0x0000, 0x0000, 0x0000, 0x0000, 0x0000, 0x0000, 0x0000, 0x0000, 0x0000, 0x0000, 0x0000, 0x0000,
    0x0000, 0x0000, 0x0000, 0x0000, 0x0000, 0x0000, 0x0000, 0x0000, 0x0000, 0x0000, 0x0000, 0x0000,
    0x0000, 0x0000, 0x0000, 0x0000, 0x0000, 0x0000, 0x0000, 0x0000, 0x0000, 0x0000, 0x0000, 0x0000,
    0x0000, 0x0000, 0x0000, 0x0000, 0x0000, 0x0000, 0x0000, 0x0000, 0x0000, 0x0000, 0x0000, 0x0000,
    0x0000, 0x0000, 0x0000, 0x0000, 0x0000, 0x0000, 0x0000, 0x0000, 0x0000, 0x0000, 0x0000, 0x0000,
    0x0000, 0x0000, 0x0000, 0x0000, 0x0000, 0x0000, 0x0000, 0x0000, 0x0000, 0x0000, 0x0000, 0x0000,
    0x0000, 0x0000, 0x0000, 0x0000, 0x0000, 0x0000, 0x0000, 0x0000, 0x0000, 0x0000, 0x0000, 0x0000,
    0x0000, 0x0000, 0x0000, 0x0000, 0x0000, 0x0000, 0x0000, 0x0000, 0x0000, 0x0000, 0x0000, 0x0000,
    0x0000, 0x0000, 0x0000, 0x0000, 0x0000, 0x0000, 0x0000, 0x0000, 0x0000, 0x0000, 0x0000, 0x0000,
    0x0000, 0x0000, 0x0000, 0x0000, 0x0000, 0x0000, 0x0000, 0x0000, 0x0000, 0x0000, 0x0000, 0x0000,
    0x0000, 0x0000, 0x0000, 0x0000, 0x0000, 0x0000, 0x0000, 0x0000, 0x0000, 0x0000, 0x0000, 0x0000,
    0x0000, 0x0000, 0x0000, 0x0000, 0x0000, 0x0000, 0x0000, 0x0000, 0x0000, 0x0000, 0x0000, 0x0000,
    0x0000, 0x0000, 0x0000, 0x0000, 0x0000, 0x0000, 0x0000, 0x0000, 0x0000, 0x0000, 0x0000, 0x0000,
    0x0000, 0x0000, 0x0000, 0x0000, 0x0000, 0x0000, 0x0000, 0x0000, 0x0000, 0x0000, 0x0000, 0x0000,
    0x0000, 0x0000, 0x0000, 0x0000, 0x0000, 0x0000, 0x0000, 0x0000, 0x0000, 0x0000, 0x0000, 0x0000,
    0x0000, 0x0000, 0x0000, 0x0000, 0x0000, 0x0000, 0x0000, 0x0000, 0x0000, 0x0000, 0x0000, 0x0000,
    0x0000, 0x0000, 0x0000, 0x0000, 0x0000, 0x0000, 0x0000, 0x0000, 0x0000, 0x0000, 0x0000, 0x0000,
    0x0000, 0x0000, 0x0000, 0x0000, 0x0000, 0x0000, 0x0000, 0x0000, 0x0000, 0x0000, 0x0000, 0x0000,
    0x0000, 0x0000, 0x0000, 0x0000, 0x0000, 0x0000, 0x0000, 0x0000, 0x0000, 0x0000, 0x0000, 0x0000,
    0x0000, 0x0000, 0x0000, 0x0000, 0x0000, 0x0000, 0x0000, 0x0000, 0x0000, 0x0000, 0x0000, 0x0000,
    0x0000, 0x0000, 0x0000, 0x0000, 0x0000, 0x0000, 0x0000, 0x0000, 0x0000, 0x0000, 0x0000, 0x0000,
    0x0000, 0x0000, 0x0000, 0x0000, 0x0000, 0x0000, 0x0000, 0x0000, 0x0000, 0x0000, 0x0000, 0x0000,
    0x0000, 0x0000, 0x0000, 0x0000, 0x0000, 0x0000, 0x0000, 0x0000, 0x0000, 0x0000, 0x0000, 0x0000,
    0x0000, 0x0000, 0x0000, 0x0000, 0x0000, 0x0000, 0x0000, 0x0000, 0x0000, 0x0000, 0x0000, 0x0000,
    0x0000, 0x0000, 0x0000, 0x0000, 0x0000, 0x0000, 0x0000, 0x0000, 0x0000, 0x0000, 0x0000, 0x0000,
    0x0000, 0x0000, 0x0000, 0x0000, 0x0000, 0x0000, 0x0000, 0x0000, 0x0000, 0x0000, 0x0000, 0x0000,
    0x0000, 0x0000, 0x0000, 0x0000, 0x0000, 0x0000, 0x0000, 0x0000, 0x0000, 0x0000, 0x0000, 0x0000,
    0x0000, 0x0000, 0x0000, 0x0000, 0x0000, 0x0000, 0x0000, 0x0000, 0x0000, 0x0000, 0x0000, 0x0000,
    0x0000, 0x0000, 0x0000, 0x0000, 0x0000, 0x0000, 0x0000, 0x0000, 0x0000, 0x0000, 0x0000, 0x0000,
    0x0000, 0x0000, 0x0000, 0x0000, 0x0000, 0x0000, 0x0000, 0x0000, 0x0000, 0x0000, 0x0000, 0x0000,
    0x0000, 0x0000, 0x0000, 0x0000, 0x0000, 0x0000, 0x0000, 0x0000, 0x0000, 0x0000, 0x0000, 0x0000,
    0x0000, 0x0000, 0x0000, 0x0000, 0x0000, 0x0000, 0x0000, 0x0000, 0x0000, 0x0000, 0x0000, 0x0000,
    0x0000, 0x0000, 0x0000, 0x0000, 0x0000, 0x0000, 0x0000, 0x0000, 0x0000, 0x0000, 0x0000, 0x0000,
    0x0000, 0x0000, 0x0000, 0x0000, 0x0000, 0x0000, 0x0000, 0x0000, 0x0000, 0x0000, 0x0000, 0x0000,
    0x0000, 0x0000, 0x0000, 0x0000, 0x0000, 0x0000, 0x0000, 0x0000, 0x0000, 0x0000, 0x0000, 0x0000,
    0x0000, 0x0000, 0x0000, 0x0000, 0x0000, 0x0000, 0x0000, 0x0000, 0x0000, 0x0000, 0x0000, 0x0000,
    0x0000, 0x0000, 0x0000, 0x0000, 0x0000, 0x0000, 0x0000, 0x0000, 0x0000, 0x0000, 0x0000, 0x0000,
    0x0000, 0x0000, 0x0000, 0x0000, 0x0000, 0x0000, 0x0000, 0x0000, 0x0000, 0x0000, 0x0000, 0x0000,
    0x0000, 0x0000, 0x0000, 0x0000, 0x0000, 0x0000, 0x0000, 0x0000, 0x0000, 0x0000, 0x0000, 0x0000,
    0x0000, 0x0000, 0x0000, 0x0000, 0x0000, 0x0000, 0x0000, 0x0000, 0x0000, 0x0000, 0x0000, 0x0000,
    0x0000, 0x0000, 0x0000, 0x0000, 0x0000, 0x0000, 0x0000, 0x0000, 0x0000, 0x0000, 0x0000, 0x0000,
    0x0000, 0x0000, 0x0000, 0x0000, 0x0000, 0x0000, 0x0000, 0x0000, 0x0000, 0x0000, 0x0000, 0x0000,
    0x0000, 0x0000, 0x0000, 0x0000, 0x0000, 0x0000, 0x0000, 0x0000, 0x0000, 0x0000, 0x0000, 0x0000,
    0x0000, 0x0000, 0x0000, 0x0000, 0x0000, 0x0000, 0x0000, 0x0000, 0x0000, 0x0000, 0x0000, 0x0000,
    0x0000, 0x0000, 0x0000, 0x0000, 0x0000, 0x0000, 0x0000, 0x0000, 0x0000, 0x0000, 0x0000, 0x0000,
    0x0000, 0x0000, 0x0000, 0x0000, 0x0000, 0x0000, 0x0000, 0x0000, 0x0000, 0x0000, 0x0000, 0x0000,
    0x0000, 0x0000, 0x0000, 0x0000, 0x0000, 0x0000, 0x0000, 0x0000, 0x0000, 0x0000, 0x0000, 0x0000,
    0x0000, 0x0000, 0x0000, 0x0000, 0x0000, 0x0000, 0x0000, 0x0000, 0x0000, 0x0000, 0x0000, 0x0000,
    0x0000, 0x0000, 0x0000, 0x0000, 0x0000, 0x0000, 0x0000, 0x0000, 0x0000, 0x0000, 0x0000, 0x0000,
    0x0000, 0x0000, 0x0000, 0x0000, 0x0000, 0x0000, 0x0000, 0x0000, 0x0000, 0x0000, 0x0000, 0x0000,
    0x0000, 0x0000, 0x0000, 0x0000, 0x0000, 0x0000, 0x0000, 0x0000, 0x0000, 0x0000, 0x0000, 0x0000,
    0x0000, 0x0000, 0x0000, 0x0000, 0x0000, 0x0000, 0x0000, 0x0000, 0x0000, 0x0000, 0x0000, 0x0000,
    0x0000, 0x0000, 0x0000, 0x0000, 0x0000, 0x0000, 0x0000, 0x0000, 0x0000, 0x0000, 0x0000, 0x0000,
    0x0000, 0x0000, 0x0000, 0x0000, 0x0000, 0x0000, 0x0000, 0x0000, 0x0000, 0x0000, 0x0000, 0x0000,
    0x0000, 0x0000, 0x0000, 0x0000, 0x0000, 0x0000, 0x0000, 0x0000, 0x0000, 0x0000, 0x0000, 0x0000,
    0x0000, 0x0000, 0x0000, 0x0000, 0x0000, 0x0000, 0x0000, 0x0000, 0x0000, 0x0000, 0x0000, 0x0000,
    0x0000, 0x0000, 0x0000, 0x0000, 0x0000, 0x0000, 0x0000, 0x0000, 0x0000, 0x0000, 0x0000, 0x0000,
    0x0000, 0x0000, 0x0000, 0x0000, 0x0000, 0x0000, 0x0000, 0x0000, 0x0000, 0x0000, 0x0000, 0x0000,
    0x0000, 0x0000, 0x0000, 0x0000, 0x0000, 0x0000, 0x0000, 0x0000, 0x0000, 0x0000, 0x0000, 0x0000,
    0x0000, 0x0000, 0x0000, 0x0000, 0x0000, 0x0000, 0x0000, 0x0000, 0x0000, 0x0000, 0x0000, 0x0000,
    0x0000, 0x0000, 0x0000, 0x0000, 0x0000, 0x0000, 0x0000, 0x0000, 0x0000, 0x0000, 0x0000, 0x0000,
    0x0000, 0x0000, 0x0000, 0x0000, 0x0000, 0x0000, 0x0000, 0x0000, 0x0000, 0x0000, 0x0000, 0x0000,
    0x0000, 0x0000, 0x0000, 0x0000, 0x0000, 0x0000, 0x0000, 0x0000, 0x0000, 0x0000, 0x0000, 0x0000,
    0x0000, 0x0000, 0x0000, 0x0000, 0x0000, 0x0000, 0x0000, 0x0000, 0x0000, 0x0000, 0x0000, 0x0000,
    0x0000, 0x0000, 0x0000, 0x0000, 0x0000, 0x0000, 0x0000, 0x0000, 0x0000, 0x0000, 0x0000, 0x0000,
    0x0000, 0x0000, 0x0000, 0x0000, 0x0000, 0x0000, 0x0000, 0x0000, 0x0000, 0x0000, 0x0000, 0x0000,
    0x0000, 0x0000, 0x0000, 0x0000, 0x0000, 0x0000, 0x0000, 0x0000, 0x0000, 0x0000, 0x0000, 0x0000,
    0x0000, 0x0000, 0x0000, 0x0000, 0x0000, 0x0000, 0x0000, 0x0000, 0x0000, 0x0000, 0x0000, 0x0000,
    0x0000, 0x0000, 0x0000, 0x0000, 0x0000, 0x0000, 0x0000, 0x0000, 0x0000, 0x0000, 0x0000, 0x0000,
    0x0000, 0x0000, 0x0000, 0x0000, 0x0000, 0x0000, 0x0000, 0x0000, 0x0000, 0x0000, 0x0000, 0x0000,
    0x0000, 0x0000, 0x0000, 0x0000, 0x0000, 0x0000, 0x0000, 0x0000, 0x0000, 0x0000, 0x0000, 0x0000,
    0x0000, 0x0000, 0x0000, 0x0000, 0x0000, 0x0000, 0x0000, 0x0000, 0x0000, 0x0000, 0x0000, 0x0000,
    0x0000, 0x0000, 0x0000, 0x0000, 0x0000, 0x0000, 0x0000, 0x0000, 0x0000, 0x0000, 0x0000, 0x0000,
    0x0000, 0x0000, 0x0000, 0x0000, 0x0000, 0x0000, 0x0000, 0x0000, 0x0000, 0x0000, 0x0000, 0x0000,
    0x0000, 0x0000, 0x0000, 0x0000, 0x0000, 0x0000, 0x0000, 0x0000, 0x0000, 0x0000, 0x0000, 0x0000,
    0x0000, 0x0000, 0x0000, 0x0000, 0x0000, 0x0000, 0x0000, 0x0000, 0x0000, 0x0000, 0x0000, 0x0000,
    0x0000, 0x0000, 0x0000, 0x0000, 0x0000, 0x0000, 0x0000, 0x0000, 0x0000, 0x0000, 0x0000, 0x0000,
    0x0000, 0x0000, 0x0000, 0x0000, 0x0000, 0x0000, 0x0000, 0x0000, 0x0000, 0x0000, 0x0000, 0x0000,
    0x0000, 0x0000, 0x0000, 0x0000, 0x0000, 0x0000, 0x0000, 0x0000, 0x0000, 0x0000, 0x0000, 0x0000,
    0x0000, 0x0000, 0x0000, 0x0000, 0x0000, 0x0000, 0x0000, 0x0000, 0x0000, 0x0000, 0x0000, 0x0000,
    0x0000, 0x0000, 0x0000, 0x0000, 0x0000, 0x0000, 0x0000, 0x0000, 0x0000, 0x0000, 0x0000, 0x0000,
    0x0000, 0x0000, 0x0000, 0x0000, 0x0000, 0x0000, 0x0000, 0x0000, 0x0000, 0x0000, 0x0000, 0x0000,
    0x0000, 0x0000, 0x0000, 0x0000, 0x0000, 0x0000, 0x0000, 0x0000, 0x0000, 0x0000, 0x0000, 0x0000,
    0x0000, 0x0000, 0x0000, 0x0000, 0x0000, 0x0000, 0x0000, 0x0000, 0x0000, 0x0000, 0x0000, 0x0000,
    0x0000, 0x0000, 0x0000, 0x0000, 0x0000, 0x0000, 0x0000, 0x0000, 0x0000, 0x0000, 0x0000, 0x0000,
    0x0000, 0x0000, 0x0000, 0x0000, 0x0000, 0x0000, 0x0000, 0x0000, 0x0000, 0x0000, 0x0000, 0x0000,
    0x0000, 0x0000, 0x0000, 0x0000, 0x0000, 0x0000, 0x0000, 0x0000, 0x0000, 0x0000, 0x0000, 0x0000,
    0x0000, 0x0000, 0x0000, 0x0000, 0x0000, 0x0000, 0x0000, 0x0000, 0x0000, 0x0000, 0x0000, 0x0000,
    0x0000, 0x0000, 0x0000, 0x0000, 0x0000, 0x0000, 0x0000, 0x0000, 0x0000, 0x0000, 0x0000, 0x0000,
    0x0000, 0x0000, 0x0000, 0x0000, 0x0000, 0x0000, 0x0000, 0x0000, 0x0000, 0x0000, 0x0000, 0x0000,
    0x0000, 0x0000, 0x0000, 0x0000, 0x0000, 0x0000, 0x0000, 0x0000, 0x0000, 0x0000, 0x0000, 0x0000,
    0x0000, 0x0000, 0x0000, 0x0000, 0x0000, 0x0000, 0x0000, 0x0000, 0x0000, 0x0000, 0x0000, 0x0000,
    0x0000, 0x0000, 0x0000, 0x0000, 0x0000, 0x0000, 0x0000, 0x0000, 0x0000, 0x0000, 0x0000, 0x0000,
    0x0000, 0x0000, 0x0000, 0x0000, 0x0000, 0x0000, 0x0000, 0x0000, 0x0000, 0x0000, 0x0000, 0x0000,
    0x0000, 0x0000, 0x0000, 0x0000, 0x0000, 0x0000, 0x0000, 0x0000, 0x0000, 0x0000, 0x0000, 0x0000,
    0x0000, 0x0000, 0x0000, 0x0000, 0x0000, 0x0000, 0x0000, 0x0000, 0x0000, 0x0000, 0x0000, 0x0000,
    0x0000, 0x0000, 0x0000, 0x0000, 0x0000, 0x0000, 0x0000, 0x0000, 0x0000, 0x0000, 0x0000, 0x0000,
    0x0000, 0x0000, 0x0000, 0x0000, 0x0000, 0x0000, 0x0000, 0x0000, 0x0000, 0x0000, 0x0000, 0x0000,
    0x0000, 0x0000, 0x0000, 0x0000, 0x0000, 0x0000, 0x0000, 0x0000, 0x0000, 0x0000, 0x0000, 0x0000,
    0x0000, 0x0000, 0x0000, 0x0000, 0x0000, 0x0000, 0x0000, 0x0000, 0x0000, 0x0000, 0x0000, 0x0000,
    0x0000, 0x0000, 0x0000, 0x0000, 0x0000, 0x0000, 0x0000, 0x0000, 0x0000, 0x0000, 0x0000, 0x0000,
    0x0000, 0x0000, 0x0000, 0x0000, 0x0000, 0x0000, 0x0000, 0x0000, 0x0000, 0x0000, 0x0000, 0x0000,
    0x0000, 0x0000, 0x0000, 0x0000, 0x0000, 0x0000, 0x0000, 0x0000, 0x0000, 0x0000, 0x0000, 0x0000,
    0x0000, 0x0000, 0x0000, 0x0000, 0x0000, 0x0000, 0x0000, 0x0000, 0x0000, 0x0000, 0x0000, 0x0000,
    0x0000, 0x0000, 0x0000, 0x0000, 0x0000, 0x0000, 0x0000, 0x0000, 0x0000, 0x0000, 0x0000, 0x0000,
    0x0000, 0x0000, 0x0000, 0x0000, 0x0000, 0x0000, 0x0000, 0x0000, 0x0000, 0x0000, 0x0000, 0x0000,
    0x0000, 0x0000, 0x0000, 0x0000, 0x0000, 0x0000, 0x0000, 0x0000, 0x0000, 0x0000, 0x0000, 0x0000,
    0x0000, 0x0000, 0x0000, 0x0000, 0x0000, 0x0000, 0x0000, 0x0000, 0x0000, 0x0000, 0x0000, 0x0000,
    0x0000, 0x0000, 0x0000, 0x0000, 0x0000, 0x0000, 0x0000, 0x0000, 0x0000, 0x0000, 0x0000, 0x0000,
    0x0000, 0x0000, 0x0000, 0x0000, 0x0000, 0x0000, 0x0000, 0x0000, 0x0000, 0x0000, 0x0000, 0x0000,
    0x0000, 0x0000, 0x0000, 0x0000, 0x0000, 0x0000, 0x0000, 0x0000, 0x0000, 0x0000, 0x0000, 0x0000,
    0x0000, 0x0000, 0x0000, 0x0000, 0x0000, 0x0000, 0x0000, 0x0000, 0x0000, 0x0000, 0x0000, 0x0000,
    0x0000, 0x0000, 0x0000, 0x0000, 0x0000, 0x0000, 0x0000, 0x0000, 0x0000, 0x0000, 0x0000, 0x0000,
    0x0000, 0x0000, 0x0000, 0x0000, 0x0000, 0x0000, 0x0000, 0x0000, 0x0000, 0x0000, 0x0000, 0x0000,
    0x0000, 0x0000, 0x0000, 0x0000, 0x0000, 0x0000, 0x0000, 0x0000, 0x0000, 0x0000, 0x0000, 0x0000,
    0x0000, 0x0000, 0x0000, 0x0000, 0x0000, 0x0000, 0x0000, 0x0000, 0x0000, 0x0000, 0x0000, 0x0000,
    0x0000, 0x0000, 0x0000, 0x0000, 0x0000, 0x0000, 0x0000, 0x0000, 0x0000, 0x0000, 0x0000, 0x0000,
    0x0000, 0x0000, 0x0000, 0x0000, 0x0000, 0x0000, 0x0000, 0x0000, 0x0000, 0x0000, 0x0000, 0x0000,
    0x0000, 0x0000, 0x0000, 0x0000, 0x0000, 0x0000, 0x0000, 0x0000, 0x0000, 0x0000, 0x0000, 0x0000,
    0x0000, 0x0000, 0x0000, 0x0000, 0x0000, 0x0000, 0x0000, 0x0000, 0x0000, 0x0000, 0x0000, 0x0000,
    0x0000, 0x0000, 0x0000, 0x0000, 0x0000, 0x0000, 0x0000, 0x0000, 0x0000, 0x0000, 0x0000, 0x0000,
    0x0000, 0x0000, 0x0000, 0x0000, 0x0000, 0x0000, 0x0000, 0x0000, 0x0000, 0x0000, 0x0000, 0x0000,
    0x0000, 0x0000, 0x0000, 0x0000, 0x0000, 0x0000, 0x0000, 0x0000, 0x0000, 0x0000, 0x0000, 0x0000,
    0x0000, 0x0000, 0x0000, 0x0000, 0x0000, 0x0000, 0x0000, 0x0000, 0x0000, 0x0000, 0x0000, 0x0000,
    0x0000, 0x0000, 0x0000, 0x0000, 0x0000, 0x0000, 0x0000, 0x0000, 0x0000, 0x0000, 0x0000, 0x0000,
    0x0000, 0x0000, 0x0000, 0x0000, 0x0000, 0x0000, 0x0000, 0x0000, 0x0000, 0x0000, 0x0000, 0x0000,
    0x0000, 0x0000, 0x0000, 0x0000, 0x0000, 0x0000, 0x0000, 0x0000, 0x0000, 0x0000, 0x0000, 0x0000,
    0x0000, 0x0000, 0x0000, 0x0000, 0x0000, 0x0000, 0x0000, 0x0000, 0x0000, 0x0000, 0x0000, 0x0000,
    0x0000, 0x0000, 0x0000, 0x0000, 0x0000, 0x0000, 0x0000, 0x0000, 0x0000, 0x0000, 0x0000, 0x0000,
    0x0000, 0x0000, 0x0000, 0x0000, 0x0000, 0x0000, 0x0000, 0x0000, 0x0000, 0x0000, 0x0000, 0x0000,
    0x0000, 0x0000, 0x0000, 0x0000, 0x0000, 0x0000, 0x0000, 0x0000, 0x0000, 0x0000, 0x0000, 0x0000,
    0x0000, 0x0000, 0x0000, 0x0000, 0x0000, 0x0000, 0x0000, 0x0000, 0x0000, 0x0000, 0x0000, 0x0000,
    0x0000, 0x0000, 0x0000, 0x0000, 0x0000, 0x0000, 0x0000, 0x0000, 0x0000, 0x0000, 0x0000, 0x0000,
    0x0000, 0x0000, 0x0000, 0x0000, 0x0000, 0x0000, 0x0000, 0x0000, 0x0000, 0x0000, 0x0000, 0x0000,
    0x0000, 0x0000, 0x0000, 0x0000, 0x0000, 0x0000, 0x0000, 0x0000, 0x0000, 0x0000, 0x0000, 0x0000,
    0x0000, 0x0000, 0x0000, 0x0000, 0x0000, 0x0000, 0x0000, 0x0000, 0x0000, 0x0000, 0x0000, 0x0000,
    0x0000, 0x0000, 0x0000, 0x0000, 0x0000, 0x0000, 0x0000, 0x0000, 0x0000, 0x0000, 0x0000, 0x0000,
    0x0000, 0x0000, 0x0000, 0x0000, 0x0000, 0x0000, 0x0000, 0x0000, 0x0000, 0x0000, 0x0000, 0x0000,
    0x0000, 0x0000, 0x0000, 0x0000, 0x0000, 0x0000, 0x0000, 0x0000, 0x0000, 0x0000, 0x0000, 0x0000,
    0x0000, 0x0000, 0x0000, 0x0000, 0x0000, 0x0000, 0x0000, 0x0000, 0x0000, 0x0000, 0x0000, 0x0000,
    0x0000, 0x0000, 0x0000, 0x0000, 0x0000, 0x0000, 0x0000, 0x0000, 0x0000, 0x0000, 0x0000, 0x0000,
    0x0000, 0x0000, 0x0000, 0x0000, 0x0000, 0x0000, 0x0000, 0x0000, 0x0000, 0x0000, 0x0000, 0x0000,
    0x0000, 0x0000, 0x0000, 0x0000, 0x0000, 0x0000, 0x0000, 0x0000, 0x0000, 0x0000, 0x0000, 0x0000,
    0x0000, 0x0000, 0x0000, 0x0000, 0x0000, 0x0000, 0x0000, 0x0000, 0x0000, 0x0000, 0x0000, 0x0000,
    0x0000, 0x0000, 0x0000, 0x0000, 0x0000, 0x0000, 0x0000, 0x0000, 0x0000, 0x0000, 0x0000, 0x0000,
    0x0000, 0x0000, 0x0000, 0x0000, 0x0000, 0x0000, 0x0000, 0x0000, 0x0000, 0x0000, 0x0000, 0x0000,
    0x0000, 0x0000, 0x0000, 0x0000, 0x0000, 0x0000, 0x0000, 0x0000, 0x0000, 0x0000, 0x0000, 0x0000,
    0x0000, 0x0000, 0x0000, 0x0000, 0x0000, 0x0000, 0x0000, 0x0000, 0x0000, 0x0000, 0x0000, 0x0000,
    0x0000, 0x0000, 0x0000, 0x0000, 0x0000, 0x0000, 0x0000, 0x0000, 0x0000, 0x0000, 0x0000, 0x0000,
    0x0000, 0x0000, 0x0000, 0x0000, 0x0000, 0x0000, 0x0000, 0x0000, 0x0000, 0x0000, 0x0000, 0x0000,
    0x0000, 0x0000, 0x0000, 0x0000, 0x0000, 0x0000, 0x0000, 0x0000, 0x0000, 0x0000, 0x0000, 0x0000,
    0x0000, 0x0000, 0x0000, 0x0000, 0x0000, 0x0000, 0x0000, 0x0000, 0x0000, 0x0000, 0x0000, 0x0000,
    0x0000, 0x0000, 0x0000, 0x0000, 0x0000, 0x0000, 0x0000, 0x0000, 0x0000, 0x0000, 0x0000, 0x0000,
    0x0000, 0x0000, 0x0000, 0x0000, 0x0000, 0x0000, 0x0000, 0x0000, 0x0000, 0x0000, 0x0000, 0x0000,
    0x0000, 0x0000, 0x0000, 0x0000, 0x0000, 0x0000, 0x0000, 0x0000, 0x0000, 0x0000, 0x0000, 0x0000,
    0x0000, 0x0000, 0x0000, 0x0000, 0x0000, 0x0000, 0x0000, 0x0000, 0x0000, 0x0000, 0x0000, 0x0000,
    0x0000, 0x0000, 0x0000, 0x0000, 0x0000, 0x0000, 0x0000, 0x0000, 0x0000, 0x0000, 0x0000, 0x0000,
    0x0000, 0x0000, 0x0000, 0x0000, 0x0000, 0x0000, 0x0000, 0x0000, 0x0000, 0x0000, 0x0000, 0x0000,
    0x0000, 0x0000, 0x0000, 0x0000, 0x0000, 0x0000, 0x0000, 0x0000, 0x0000, 0x0000, 0x0000, 0x0000,
};
