#pragma once

#include <Arduino.h>

constexpr int kSupaChatSplashWidth = 240;
constexpr int kSupaChatSplashHeight = 135;
const uint16_t kSupaChatSplash[] PROGMEM = {
    0x0000, 0x0000, 0x0000, 0x0000, 0x0000, 0x0000, 0x0000, 0x0000, 0x0000, 0x0000, 0x0000, 0x0000,
    0x0000, 0x0000, 0x0000, 0x0000, 0x0000, 0x0000, 0x0000, 0x0000, 0x0000, 0x0000, 0x0000, 0x0000,
    0x0000, 0x0000, 0x0000, 0x0000, 0x0000, 0x0000, 0x0000, 0x0000, 0x0000, 0x0000, 0x0000, 0x0000,
    0x0000, 0x0000, 0x0000, 0x0000, 0x0000, 0x0000, 0x0000, 0x0000, 0x0000, 0x0000, 0x0000, 0x0000,
    0x0000, 0x0000, 0x0000, 0x0000, 0x0000, 0x0000, 0x0000, 0x0000, 0x0000, 0x0000, 0x0000, 0x0000,
    0x0000, 0x0000, 0x0000, 0x0000, 0x0000, 0x0000, 0x0000, 0x0000, 0x0000, 0x0000, 0x0000, 0x0000,
    0x0000, 0x0000, 0x0000, 0x0000, 0x0000, 0x0000, 0x0000, 0x0000, 0x0000, 0x0000, 0x0000, 0x0000,
    0x0000, 0x0000, 0x0000, 0x0000, 0x0000, 0x0000, 0x0000, 0x0000, 0x0000, 0x0000, 0x0000, 0x0000,
    0x0000, 0x0000, 0x0000, 0x0000, 0x0000, 0x0000, 0x0000, 0x0000, 0x0000, 0x0000, 0x0000, 0x0000,
    0x0000, 0x0000, 0x0000, 0x0000, 0x0000, 0x0000, 0x0000, 0x0000, 0x0000, 0x0000, 0x0000, 0x0000,
    0x0000, 0x0000, 0x0000, 0x0000, 0x0000, 0x0000, 0x0000, 0x0000, 0x0000, 0x0000, 0x0000, 0x0000,
    0x0000, 0x0000, 0x0000, 0x0000, 0x0000, 0x0000, 0x0000, 0x0000, 0x0000, 0x0000, 0x0000, 0x0000,
    0x0000, 0x0000, 0x0000, 0x0000, 0x0000, 0x0000, 0x0000, 0x0000, 0x0000, 0x0000, 0x0000, 0x0000,
    0x0000, 0x0000, 0x0000, 0x0000, 0x0000, 0x0000, 0x0000, 0x0000, 0x0000, 0x0000, 0x0000, 0x0000,
    0x0000, 0x0000, 0x0000, 0x0000, 0x0000, 0x0000, 0x0000, 0x0000, 0x0000, 0x0000, 0x0000, 0x0000,
    0x0000, 0x0000, 0x0000, 0x0000, 0x0000, 0x0000, 0x0000, 0x0000, 0x0000, 0x0000, 0x0000, 0x0000,
    0x0000, 0x0000, 0x0000, 0x0000, 0x0000, 0x0000, 0x0000, 0x0000, 0x0000, 0x0000, 0x0000, 0x0000,
    0x0000, 0x0000, 0x0000, 0x0000, 0x0000, 0x0000, 0x0000, 0x0000, 0x0000, 0x0000, 0x0000, 0x0000,
    0x0000, 0x0000, 0x0000, 0x0000, 0x0000, 0x0000, 0x0000, 0x0000, 0x0000, 0x0000, 0x0000, 0x0000,
    0x0000, 0x0000, 0x0000, 0x0000, 0x0000, 0x0000, 0x0000, 0x0000, 0x0000, 0x0000, 0x0000, 0x0000,
    0x0000, 0x0000, 0x0000, 0x0000, 0x0000, 0x0000, 0x0000, 0x0000, 0x0000, 0x0000, 0x0000, 0x0000,
    0x0000, 0x0000, 0x0000, 0x0000, 0x0000, 0x0000, 0x0000, 0x0000, 0x0000, 0x0000, 0x0000, 0x0000,
    0x0000, 0x0000, 0x0000, 0x0000, 0x0000, 0x0000, 0x0000, 0x0000, 0x0000, 0x0000, 0x0000, 0x0000,
    0x0000, 0x0000, 0x0000, 0x0000, 0x0000, 0x0000, 0x0000, 0x0000, 0x0000, 0x0000, 0x0000, 0x0000,
    0x0000, 0x0000, 0x0000, 0x0000, 0x0000, 0x0000, 0x0000, 0x0000, 0x0000, 0x0000, 0x0000, 0x0000,
    0x0000, 0x0000, 0x0000, 0x0000, 0x0000, 0x0000, 0x0000, 0x0000, 0x0000, 0x0000, 0x0000, 0x0000,
    0x0000, 0x0000, 0x0000, 0x0000, 0x0000, 0x0000, 0x0000, 0x0000, 0x0000, 0x0000, 0x0000, 0x0000,
    0x0000, 0x0000, 0x0000, 0x0000, 0x0000, 0x0000, 0x0000, 0x0000, 0x0000, 0x0000, 0x0000, 0x0000,
    0x0000, 0x0000, 0x0000, 0x0000, 0x0000, 0x0000, 0x0000, 0x0000, 0x0000, 0x0000, 0x0000, 0x0000,
    0x0000, 0x0000, 0x0000, 0x0000, 0x0000, 0x0000, 0x0000, 0x0000, 0x0000, 0x0000, 0x0000, 0x0000,
    0x0000, 0x0000, 0x0000, 0x0000, 0x0000, 0x0000, 0x0000, 0x0000, 0x0000, 0x0000, 0x0000, 0x0000,
    0x0000, 0x0000, 0x0000, 0x0000, 0x0000, 0x0000, 0x0000, 0x0000, 0x0000, 0x0000, 0x0000, 0x0000,
    0x0000, 0x0000, 0x0000, 0x0000, 0x0000, 0x0000, 0x0000, 0x0000, 0x0000, 0x0000, 0x0000, 0x0000,
    0x0000, 0x0000, 0x0000, 0x0000, 0x0000, 0x0000, 0x0000, 0x0000, 0x0000, 0x0000, 0x0000, 0x0000,
    0x0000, 0x0000, 0x0000, 0x0000, 0x0000, 0x0000, 0x0000, 0x0000, 0x0000, 0x0000, 0x0000, 0x0000,
    0x0000, 0x0000, 0x0000, 0x0000, 0x0000, 0x0000, 0x0000, 0x0000, 0x0000, 0x0000, 0x0000, 0x0000,
    0x0000, 0x0000, 0x0000, 0x0000, 0x0000, 0x0000, 0x0000, 0x0000, 0x0000, 0x0000, 0x0000, 0x0000,
    0x0000, 0x0000, 0x0000, 0x0000, 0x0000, 0x0000, 0x0000, 0x0000, 0x0000, 0x0000, 0x0000, 0x0000,
    0x0000, 0x0000, 0x0000, 0x0000, 0x0000, 0x0000, 0x0000, 0x0000, 0x0000, 0x0000, 0x0000, 0x0000,
    0x0000, 0x0000, 0x0000, 0x0000, 0x0000, 0x0000, 0x0000, 0x0000, 0x0000, 0x0000, 0x0000, 0x0000,
    0x0000, 0x0000, 0x0000, 0x0000, 0x0000, 0x0000, 0x0000, 0x0000, 0x0000, 0x0000, 0x0000, 0x0000,
    0x0000, 0x0000, 0x0000, 0x0000, 0x0000, 0x0000, 0x0000, 0x0000, 0x0000, 0x0000, 0x0000, 0x0000,
    0x0000, 0x0000, 0x0000, 0x0000, 0x0000, 0x0000, 0x0000, 0x0000, 0x0000, 0x0000, 0x0000, 0x0000,
    0x0000, 0x0000, 0x0000, 0x0000, 0x0000, 0x0000, 0x0000, 0x0000, 0x0000, 0x0000, 0x0000, 0x0000,
    0x0000, 0x0000, 0x0000, 0x0000, 0x0000, 0x0000, 0x0000, 0x0000, 0x0000, 0x0000, 0x0000, 0x0000,
    0x0000, 0x0000, 0x0000, 0x0000, 0x0000, 0x0000, 0x0000, 0x0000, 0x0000, 0x0000, 0x0000, 0x0000,
    0x0000, 0x0000, 0x0000, 0x0000, 0x0000, 0x0000, 0x0000, 0x0000, 0x0000, 0x0000, 0x0000, 0x0000,
    0x0000, 0x0000, 0x0000, 0x0000, 0x0000, 0x0000, 0x0000, 0x0000, 0x0000, 0x0000, 0x0000, 0x0000,
    0x0000, 0x0000, 0x0000, 0x0000, 0x0000, 0x0000, 0x0000, 0x0000, 0x0000, 0x0000, 0x0000, 0x0000,
    0x0000, 0x0000, 0x0000, 0x0000, 0x0000, 0x0000, 0x0000, 0x0000, 0x0000, 0x0000, 0x0000, 0x0000,
    0x0000, 0x0000, 0x0000, 0x0000, 0x0000, 0x0000, 0x0000, 0x0000, 0x0000, 0x0000, 0x0000, 0x0000,
    0x0000, 0x0000, 0x0000, 0x0000, 0x0000, 0x0000, 0x0000, 0x0000, 0x0000, 0x0000, 0x0000, 0x0000,
    0x0000, 0x0000, 0x0000, 0x0000, 0x0000, 0x0000, 0x0000, 0x0000, 0x0000, 0x0000, 0x0000, 0x0000,
    0x0000, 0x0000, 0x0000, 0x0000, 0x0000, 0x0000, 0x0000, 0x0000, 0x0000, 0x0000, 0x0000, 0x0000,
    0x0000, 0x0000, 0x0000, 0x0000, 0x0000, 0x0000, 0x0000, 0x0000, 0x0000, 0x0000, 0x0000, 0x0000,
    0x0000, 0x0000, 0x0000, 0x0000, 0x0000, 0x0000, 0x0000, 0x0000, 0x0000, 0x0000, 0x0000, 0x0000,
    0x0000, 0x0000, 0x0000, 0x0000, 0x0000, 0x0000, 0x0000, 0x0000, 0x0000, 0x0000, 0x0000, 0x0000,
    0x0000, 0x0000, 0x0000, 0x0000, 0x0000, 0x0000, 0x0000, 0x0000, 0x0000, 0x0000, 0x0000, 0x0000,
    0x0000, 0x0000, 0x0000, 0x0000, 0x0000, 0x0000, 0x0000, 0x0000, 0x0000, 0x0000, 0x0000, 0x0000,
    0x0000, 0x0000, 0x0000, 0x0000, 0x0000, 0x0000, 0x0000, 0x0000, 0x0000, 0x0000, 0x0000, 0x0000,
    0x0000, 0x0000, 0x0000, 0x0000, 0x0000, 0x0000, 0x0000, 0x0000, 0x0000, 0x0000, 0x0000, 0x0000,
    0x0000, 0x0000, 0x0000, 0x0000, 0x0000, 0x0000, 0x0000, 0x0000, 0x0000, 0x0000, 0x0000, 0x0000,
    0x0000, 0x0000, 0x0000, 0x0000, 0x0000, 0x0000, 0x0000, 0x0000, 0x0000, 0x0000, 0x0000, 0x0000,
    0x0000, 0x0000, 0x0000, 0x0000, 0x0000, 0x0000, 0x0000, 0x0000, 0x0000, 0x0000, 0x0000, 0x0000,
    0x0000, 0x0000, 0x0000, 0x0000, 0x0000, 0x0000, 0x0000, 0x0000, 0x0000, 0x0000, 0x0000, 0x0000,
    0x0000, 0x0000, 0x0000, 0x0000, 0x0000, 0x0000, 0x0000, 0x0000, 0x0000, 0x0000, 0x0000, 0x0000,
    0x0000, 0x0000, 0x0000, 0x0000, 0x0000, 0x0000, 0x0000, 0x0000, 0x0000, 0x0000, 0x0000, 0x0000,
    0x0000, 0x0000, 0x0000, 0x0000, 0x0000, 0x0000, 0x0000, 0x0000, 0x0000, 0x0000, 0x0000, 0x0000,
    0x0000, 0x0000, 0x0000, 0x0000, 0x0000, 0x0000, 0x0000, 0x0000, 0x0000, 0x0000, 0x0000, 0x0000,
    0x0000, 0x0000, 0x0000, 0x0000, 0x0000, 0x0000, 0x0000, 0x0000, 0x0000, 0x0000, 0x0000, 0x0000,
    0x0000, 0x0000, 0x0000, 0x0000, 0x0000, 0x0000, 0x0000, 0x0000, 0x0000, 0x0000, 0x0000, 0x0000,
    0x0000, 0x0000, 0x0000, 0x0000, 0x0000, 0x0000, 0x0000, 0x0000, 0x0000, 0x0000, 0x0000, 0x0000,
    0x0000, 0x0000, 0x0000, 0x0000, 0x0000, 0x0000, 0x0000, 0x0000, 0x0000, 0x0000, 0x0000, 0x0000,
    0x0000, 0x0000, 0x0000, 0x0000, 0x0000, 0x0000, 0x0000, 0x0000, 0x0000, 0x0000, 0x0000, 0x0000,
    0x0000, 0x0000, 0x0000, 0x0000, 0x0000, 0x0000, 0x0000, 0x0000, 0x0000, 0x0000, 0x0000, 0x0000,
    0x0000, 0x0000, 0x0000, 0x0000, 0x0000, 0x0000, 0x0000, 0x0000, 0x0000, 0x0000, 0x0000, 0x0000,
    0x0000, 0x0000, 0x0000, 0x0000, 0x0000, 0x0000, 0x0000, 0x0000, 0x0000, 0x0000, 0x0000, 0x0000,
    0x0000, 0x0000, 0x0000, 0x0000, 0x0000, 0x0000, 0x0000, 0x0000, 0x0000, 0x0000, 0x0000, 0x0000,
    0x0000, 0x0000, 0x0000, 0x0000, 0x0000, 0x0000, 0x0000, 0x0000, 0x0000, 0x0000, 0x0000, 0x0000,
    0x0000, 0x0000, 0x0000, 0x0000, 0x0000, 0x0000, 0x0000, 0x0000, 0x0000, 0x0000, 0x0000, 0x0000,
    0x0000, 0x0000, 0x0000, 0x0000, 0x0000, 0x0000, 0x0000, 0x0000, 0x0000, 0x0000, 0x0000, 0x0000,
    0x0000, 0x0000, 0x0000, 0x0000, 0x0000, 0x0000, 0x0000, 0x0000, 0x0000, 0x0000, 0x0000, 0x0000,
    0x0000, 0x0000, 0x0000, 0x0000, 0x0000, 0x0000, 0x0000, 0x0000, 0x0000, 0x0000, 0x0000, 0x0000,
    0x0000, 0x0000, 0x0000, 0x0000, 0x0000, 0x0000, 0x0000, 0x0000, 0x0000, 0x0000, 0x0000, 0x0000,
    0x0000, 0x0000, 0x0000, 0x0000, 0x0000, 0x0000, 0x0000, 0x0000, 0x0000, 0x0000, 0x0000, 0x0000,
    0x0000, 0x0000, 0x0000, 0x0000, 0x0000, 0x0000, 0x0000, 0x0000, 0x0000, 0x0000, 0x0000, 0x0000,
    0x0000, 0x0000, 0x0000, 0x0000, 0x0000, 0x0000, 0x0000, 0x0000, 0x0000, 0x0000, 0x0000, 0x0000,
    0x0000, 0x0000, 0x0000, 0x0000, 0x0000, 0x0000, 0x0000, 0x0000, 0x0000, 0x0000, 0x0000, 0x0000,
    0x0000, 0x0000, 0x0000, 0x0000, 0x0000, 0x0000, 0x0000, 0x0000, 0x0000, 0x0000, 0x0000, 0x0000,
    0x0000, 0x0000, 0x0000, 0x0000, 0x0000, 0x0000, 0x0000, 0x0000, 0x0000, 0x0000, 0x0000, 0x0000,
    0x0000, 0x0000, 0x0000, 0x0000, 0x0000, 0x0000, 0x0000, 0x0000, 0x0000, 0x0000, 0x0000, 0x0000,
    0x0000, 0x0000, 0x0000, 0x0000, 0x0000, 0x0000, 0x0000, 0x0000, 0x0000, 0x0000, 0x0000, 0x0000,
    0x0000, 0x0000, 0x0000, 0x0000, 0x0000, 0x0000, 0x0000, 0x0000, 0x0000, 0x0000, 0x0000, 0x0000,
    0x0000, 0x0000, 0x0000, 0x0000, 0x0000, 0x0000, 0x0000, 0x0000, 0x0000, 0x0000, 0x0000, 0x0000,
    0x0000, 0x0000, 0x0000, 0x0000, 0x0000, 0x0000, 0x0000, 0x0000, 0x0000, 0x0000, 0x0000, 0x0000,
    0x0000, 0x0000, 0x0000, 0x0000, 0x0000, 0x0000, 0x0000, 0x0000, 0x0000, 0x0000, 0x0000, 0x0000,
    0x0000, 0x0000, 0x0000, 0x0000, 0x0000, 0x0000, 0x0000, 0x0000, 0x0000, 0x0000, 0x0000, 0x0000,
    0x0000, 0x0000, 0x0000, 0x0000, 0x0000, 0x0000, 0x0000, 0x0000, 0x0000, 0x0000, 0x0000, 0x0000,
    0x0000, 0x0000, 0x0000, 0x0000, 0x0000, 0x0000, 0x0000, 0x0000, 0x0000, 0x0000, 0x0000, 0x0000,
    0x0000, 0x0000, 0x0000, 0x0000, 0x0000, 0x0000, 0x0000, 0x0000, 0x0000, 0x0000, 0x0000, 0x0000,
    0x0000, 0x0000, 0x0000, 0x0000, 0x0000, 0x0000, 0x0000, 0x0000, 0x0000, 0x0000, 0x0000, 0x0000,
    0x0000, 0x0000, 0x0000, 0x0000, 0x0000, 0x0000, 0x0000, 0x0000, 0x0000, 0x0000, 0x0000, 0x0000,
    0x0000, 0x0000, 0x0000, 0x0000, 0x0000, 0x0000, 0x0000, 0x0000, 0x0000, 0x0000, 0x0000, 0x0000,
    0x0000, 0x0000, 0x0000, 0x0000, 0x0000, 0x0000, 0x0000, 0x0000, 0x0000, 0x0000, 0x0000, 0x0020,
    0x0000, 0x0000, 0x0020, 0x0020, 0x0020, 0x0020, 0x0020, 0x0020, 0x0020, 0x0020, 0x0020, 0x0000,
    0x0000, 0x0000, 0x0000, 0x0000, 0x0000, 0x0000, 0x0000, 0x0000, 0x0000, 0x0000, 0x0000, 0x0000,
    0x0000, 0x0000, 0x0000, 0x0000, 0x0000, 0x0000, 0x0000, 0x0000, 0x0000, 0x0000, 0x0000, 0x0000,
    0x0000, 0x0000, 0x0000, 0x0000, 0x0000, 0x0000, 0x0000, 0x0000, 0x0000, 0x0000, 0x0000, 0x0000,
    0x0000, 0x0000, 0x0000, 0x0000, 0x0000, 0x0000, 0x0000, 0x0000, 0x0000, 0x0000, 0x0000, 0x0000,
    0x0000, 0x0000, 0x0000, 0x0000, 0x0000, 0x0000, 0x0000, 0x0000, 0x0000, 0x0000, 0x0000, 0x0000,
    0x0000, 0x0000, 0x0000, 0x0000, 0x0000, 0x0000, 0x0000, 0x0000, 0x0000, 0x0000, 0x0000, 0x0000,
    0x0000, 0x0000, 0x0000, 0x0000, 0x0000, 0x0000, 0x0000, 0x0000, 0x0000, 0x0000, 0x0000, 0x0000,
    0x0000, 0x0000, 0x0000, 0x0000, 0x0000, 0x0000, 0x0000, 0x0000, 0x0000, 0x0000, 0x0000, 0x0020,
    0x0000, 0x0020, 0x0000, 0x0020, 0x0020, 0x0020, 0x0020, 0x0000, 0x0000, 0x0000, 0x0000, 0x0000,
    0x0000, 0x0000, 0x0000, 0x0000, 0x0000, 0x0000, 0x0000, 0x0000, 0x0000, 0x0000, 0x0000, 0x0000,
    0x0000, 0x0000, 0x0000, 0x0000, 0x0000, 0x0000, 0x0000, 0x0000, 0x0000, 0x0000, 0x0000, 0x0000,
    0x0000, 0x0000, 0x0000, 0x0000, 0x0000, 0x0000, 0x0000, 0x0000, 0x0000, 0x0000, 0x0000, 0x0000,
    0x0000, 0x0000, 0x0000, 0x0000, 0x0000, 0x0000, 0x0000, 0x0000, 0x0000, 0x0000, 0x0000, 0x0000,
    0x0000, 0x0000, 0x0000, 0x0000, 0x0000, 0x0000, 0x0000, 0x0000, 0x0000, 0x0000, 0x0000, 0x0000,
    0x0000, 0x0000, 0x0000, 0x0000, 0x0000, 0x0000, 0x0000, 0x0000, 0x0000, 0x0000, 0x0000, 0x0000,
    0x0000, 0x0000, 0x0000, 0x0000, 0x0000, 0x0000, 0x0000, 0x0000, 0x0000, 0x0000, 0x0000, 0x0000,
    0x0000, 0x0000, 0x0000, 0x0000, 0x0000, 0x0000, 0x0000, 0x0000, 0x0000, 0x0000, 0x0000, 0x0000,
    0x0000, 0x0000, 0x0000, 0x0000, 0x0000, 0x0000, 0x0000, 0x0000, 0x0000, 0x0000, 0x0000, 0x0000,
    0x0000, 0x0000, 0x0000, 0x0000, 0x0000, 0x0000, 0x0000, 0x0020, 0x0020, 0x0020, 0x0020, 0x0020,
    0x0020, 0x0020, 0x0020, 0x0020, 0x0020, 0x0020, 0x0020, 0x0020, 0x0000, 0x0020, 0x0020, 0x0020,
    0x0020, 0x0020, 0x0020, 0x0020, 0x0000, 0x0000, 0x0000, 0x0000, 0x0000, 0x0000, 0x0000, 0x0000,
    0x0000, 0x0000, 0x0000, 0x0000, 0x0000, 0x0000, 0x0000, 0x0000, 0x0000, 0x0000, 0x0000, 0x0000,
    0x0000, 0x0000, 0x0000, 0x0000, 0x0000, 0x0000, 0x0000, 0x0000, 0x0000, 0x0000, 0x0000, 0x0000,
    0x0000, 0x0000, 0x0000, 0x0000, 0x0000, 0x0000, 0x0000, 0x0000, 0x0000, 0x0000, 0x0000, 0x0000,
    0x0000, 0x0000, 0x0000, 0x0000, 0x0000, 0x0000, 0x0000, 0x0000, 0x0000, 0x0000, 0x0000, 0x0000,
    0x0000, 0x0000, 0x0000, 0x0000, 0x0000, 0x0000, 0x0000, 0x0000, 0x0000, 0x0000, 0x0000, 0x0000,
    0x0000, 0x0000, 0x0000, 0x0000, 0x0000, 0x0000, 0x0000, 0x0000, 0x0000, 0x0000, 0x0000, 0x0000,
    0x0000, 0x0000, 0x0020, 0x0020, 0x0000, 0x0000, 0x0020, 0x0000, 0x0020, 0x0020, 0x0020, 0x0020,
    0x0020, 0x0020, 0x0020, 0x0020, 0x0020, 0x0020, 0x0020, 0x0020, 0x0020, 0x0020, 0x0000, 0x0000,
    0x0000, 0x0000, 0x0000, 0x0000, 0x0000, 0x0000, 0x0000, 0x0000, 0x0000, 0x0000, 0x0000, 0x0000,
    0x0000, 0x0000, 0x0000, 0x0000, 0x0000, 0x0000, 0x0000, 0x0000, 0x0000, 0x0000, 0x0000, 0x0000,
    0x0000, 0x0000, 0x0000, 0x0000, 0x0000, 0x0000, 0x0000, 0x0000, 0x0000, 0x0000, 0x0000, 0x0000,
    0x0000, 0x0000, 0x0000, 0x0000, 0x0000, 0x0000, 0x0000, 0x0000, 0x0000, 0x0000, 0x0000, 0x0000,
    0x0000, 0x0000, 0x0000, 0x0000, 0x0000, 0x0000, 0x0000, 0x0000, 0x0000, 0x0000, 0x0000, 0x0000,
    0x0000, 0x0000, 0x0000, 0x0000, 0x0000, 0x0000, 0x0000, 0x0000, 0x0000, 0x0000, 0x0000, 0x0000,
    0x0000, 0x0000, 0x0000, 0x0000, 0x0000, 0x0000, 0x0000, 0x0000, 0x0000, 0x0000, 0x0000, 0x0000,
    0x0000, 0x0000, 0x0000, 0x0000, 0x0000, 0x0000, 0x0000, 0x0000, 0x0000, 0x0000, 0x0000, 0x0000,
    0x0000, 0x0000, 0x0000, 0x0000, 0x0000, 0x0000, 0x0000, 0x0000, 0x0000, 0x0000, 0x0000, 0x0000,
    0x0000, 0x0000, 0x0000, 0x0000, 0x0020, 0x0020, 0x0020, 0x0020, 0x0020, 0x0020, 0x0020, 0x0020,
    0x0020, 0x0020, 0x0020, 0x0020, 0x0020, 0x0020, 0x0020, 0x0020, 0x0020, 0x0020, 0x0020, 0x0020,
    0x0020, 0x0020, 0x0020, 0x0020, 0x0020, 0x0020, 0x0000, 0x0000, 0x0000, 0x0000, 0x0000, 0x0000,
    0x0000, 0x0000, 0x0000, 0x0000, 0x0000, 0x0000, 0x0000, 0x0000, 0x0000, 0x0000, 0x0000, 0x0000,
    0x0000, 0x0000, 0x0000, 0x0000, 0x0000, 0x0000, 0x0000, 0x0000, 0x0000, 0x0000, 0x0000, 0x0000,
    0x0000, 0x0000, 0x0000, 0x0000, 0x0000, 0x0000, 0x0000, 0x0000, 0x0000, 0x0000, 0x0000, 0x0000,
    0x0000, 0x0000, 0x0000, 0x0000, 0x0000, 0x0000, 0x0000, 0x0000, 0x0000, 0x0000, 0x0000, 0x0000,
    0x0000, 0x0000, 0x0000, 0x0000, 0x0000, 0x0000, 0x0000, 0x0000, 0x0000, 0x0000, 0x0000, 0x0000,
    0x0000, 0x0000, 0x0000, 0x0000, 0x0000, 0x0000, 0x0000, 0x0000, 0x0000, 0x0020, 0x0020, 0x0020,
    0x0000, 0x0020, 0x0020, 0x0020, 0x0020, 0x0020, 0x0021, 0x0020, 0x0020, 0x0020, 0x0020, 0x0021,
    0x0020, 0x0020, 0x0020, 0x0020, 0x0020, 0x0020, 0x0020, 0x0020, 0x0020, 0x0020, 0x0020, 0x0020,
    0x0000, 0x0000, 0x0000, 0x0000, 0x0000, 0x0000, 0x0000, 0x0000, 0x0000, 0x0000, 0x0000, 0x0000,
    0x0000, 0x0000, 0x0000, 0x0000, 0x0000, 0x0000, 0x0000, 0x0000, 0x0000, 0x0000, 0x0000, 0x0000,
    0x0000, 0x0000, 0x0000, 0x0000, 0x0000, 0x0000, 0x0000, 0x0000, 0x0000, 0x0000, 0x0000, 0x0000,
    0x0000, 0x0000, 0x0000, 0x0000, 0x0000, 0x0000, 0x0000, 0x0000, 0x0000, 0x0000, 0x0000, 0x0000,
    0x0000, 0x0000, 0x0000, 0x0000, 0x0000, 0x0000, 0x0000, 0x0000, 0x0000, 0x0000, 0x0000, 0x0000,
    0x0000, 0x0000, 0x0000, 0x0000, 0x0000, 0x0000, 0x0000, 0x0000, 0x0000, 0x0000, 0x0000, 0x0000,
    0x0000, 0x0000, 0x0000, 0x0000, 0x0000, 0x0000, 0x0000, 0x0000, 0x0000, 0x0000, 0x0000, 0x0000,
    0x0000, 0x0000, 0x0000, 0x0000, 0x0000, 0x0000, 0x0000, 0x0000, 0x0000, 0x0000, 0x0000, 0x0000,
    0x0000, 0x0000, 0x0000, 0x0000, 0x0000, 0x0000, 0x0000, 0x0000, 0x0000, 0x0000, 0x0000, 0x0000,
    0x0000, 0x0020, 0x0020, 0x0020, 0x0020, 0x0020, 0x0020, 0x0020, 0x0020, 0x0021, 0x0021, 0x0021,
    0x0020, 0x0020, 0x0021, 0x0021, 0x0021, 0x0021, 0x0021, 0x0021, 0x0021, 0x0021, 0x0021, 0x0020,
    0x0020, 0x0020, 0x0020, 0x0020, 0x0020, 0x0020, 0x0020, 0x0020, 0x0000, 0x0000, 0x0000, 0x0000,
    0x0000, 0x0000, 0x0000, 0x0000, 0x0000, 0x0000, 0x0000, 0x0000, 0x0000, 0x0000, 0x0000, 0x0000,
    0x0000, 0x0000, 0x0000, 0x0000, 0x0000, 0x0000, 0x0000, 0x0000, 0x0000, 0x0000, 0x0000, 0x0000,
    0x0000, 0x0000, 0x0000, 0x0000, 0x0000, 0x0000, 0x0000, 0x0000, 0x0000, 0x0000, 0x0000, 0x0000,
    0x0000, 0x0000, 0x0000, 0x0000, 0x0000, 0x0000, 0x0000, 0x0000, 0x0000, 0x0000, 0x0000, 0x0000,
    0x0000, 0x0000, 0x0000, 0x0000, 0x0000, 0x0000, 0x0000, 0x0000, 0x0000, 0x0000, 0x0000, 0x0000,
    0x0000, 0x0000, 0x0000, 0x0000, 0x0000, 0x0000, 0x0000, 0x0020, 0x0020, 0x0020, 0x0020, 0x0020,
    0x0020, 0x0020, 0x0021, 0x0021, 0x0021, 0x0021, 0x0021, 0x0021, 0x0021, 0x0021, 0x0021, 0x0021,
    0x0021, 0x0021, 0x0021, 0x0021, 0x0021, 0x0021, 0x0021, 0x0021, 0x0020, 0x0020, 0x0020, 0x0020,
    0x0020, 0x0000, 0x0020, 0x0000, 0x0000, 0x0000, 0x0000, 0x0000, 0x0000, 0x0000, 0x0000, 0x0000,
    0x0000, 0x0000, 0x0000, 0x0000, 0x0000, 0x0000, 0x0000, 0x0000, 0x0000, 0x0000, 0x0000, 0x0000,
    0x0000, 0x0000, 0x0000, 0x0000, 0x0000, 0x0000, 0x0000, 0x0000, 0x0000, 0x0000, 0x0000, 0x0000,
    0x0000, 0x0000, 0x0000, 0x0000, 0x0000, 0x0000, 0x0000, 0x0000, 0x0000, 0x0000, 0x0000, 0x0000,
    0x0000, 0x0000, 0x0000, 0x0000, 0x0000, 0x0000, 0x0000, 0x0000, 0x0000, 0x0000, 0x0000, 0x0000,
    0x0000, 0x0000, 0x0000, 0x0000, 0x0000, 0x0000, 0x0000, 0x0000, 0x0000, 0x0000, 0x0000, 0x0000,
    0x0000, 0x0000, 0x0000, 0x0000, 0x0000, 0x0000, 0x0000, 0x0000, 0x0000, 0x0000, 0x0000, 0x0000,
    0x0000, 0x0000, 0x0000, 0x0000, 0x0000, 0x0000, 0x0000, 0x0000, 0x0000, 0x0000, 0x0000, 0x0000,
    0x0000, 0x0000, 0x0000, 0x0000, 0x0000, 0x0000, 0x0000, 0x0000, 0x0000, 0x0000, 0x0000, 0x0020,
    0x0020, 0x0021, 0x0021, 0x0021, 0x0021, 0x0021, 0x0021, 0x0021, 0x0021, 0x0021, 0x0021, 0x0021,
    0x0021, 0x0021, 0x0021, 0x0021, 0x0021, 0x0021, 0x0021, 0x0021, 0x0021, 0x0041, 0x0041, 0x0021,
    0x0021, 0x0021, 0x0021, 0x0020, 0x0020, 0x0020, 0x0020, 0x0020, 0x0020, 0x0000, 0x0000, 0x0000,
    0x0000, 0x0000, 0x0000, 0x0000, 0x0000, 0x0000, 0x0000, 0x0000, 0x0000, 0x0000, 0x0000, 0x0000,
    0x0000, 0x0000, 0x0000, 0x0000, 0x0000, 0x0000, 0x0000, 0x0000, 0x0000, 0x0000, 0x0000, 0x0000,
    0x0000, 0x0000, 0x0000, 0x0000, 0x0000, 0x0000, 0x0000, 0x0000, 0x0000, 0x0000, 0x0000, 0x0000,
    0x0000, 0x0000, 0x0000, 0x0000, 0x0000, 0x0000, 0x0000, 0x0000, 0x0000, 0x0000, 0x0000, 0x0000,
    0x0000, 0x0000, 0x0000, 0x0000, 0x0000, 0x0000, 0x0000, 0x0000, 0x0000, 0x0000, 0x0000, 0x0000,
    0x0000, 0x0000, 0x0000, 0x0000, 0x0000, 0x0000, 0x0000, 0x0020, 0x0021, 0x0021, 0x0021, 0x0021,
    0x0021, 0x0021, 0x0021, 0x0021, 0x0021, 0x0021, 0x0021, 0x0021, 0x0021, 0x0021, 0x0021, 0x0021,
    0x0021, 0x0041, 0x0021, 0x0021, 0x0021, 0x0021, 0x0021, 0x0021, 0x0021, 0x0021, 0x0021, 0x0020,
    0x0020, 0x0020, 0x0020, 0x0020, 0x0000, 0x0000, 0x0000, 0x0000, 0x0000, 0x0000, 0x0000, 0x0000,
    0x0000, 0x0000, 0x0000, 0x0000, 0x0000, 0x0000, 0x0000, 0x0000, 0x0000, 0x0000, 0x0000, 0x0000,
    0x0000, 0x0000, 0x0000, 0x0000, 0x0000, 0x0000, 0x0000, 0x0000, 0x0000, 0x0000, 0x0000, 0x0000,
    0x0000, 0x0000, 0x0000, 0x0000, 0x0000, 0x0000, 0x0000, 0x0000, 0x0000, 0x0000, 0x0000, 0x0000,
    0x0000, 0x0000, 0x0000, 0x0000, 0x0000, 0x0000, 0x0000, 0x0000, 0x0000, 0x0000, 0x0000, 0x0000,
    0x0000, 0x0000, 0x0000, 0x0000, 0x0000, 0x0000, 0x0000, 0x0000, 0x0000, 0x0000, 0x0000, 0x0000,
    0x0000, 0x0000, 0x0000, 0x0000, 0x0000, 0x0000, 0x0000, 0x0000, 0x0000, 0x0000, 0x0000, 0x0000,
    0x0000, 0x0000, 0x0000, 0x0000, 0x0000, 0x0000, 0x0000, 0x0000, 0x0000, 0x0000, 0x0000, 0x0000,
    0x0000, 0x0000, 0x0000, 0x0000, 0x0000, 0x0000, 0x0000, 0x0000, 0x0000, 0x0000, 0x0020, 0x0021,
    0x0021, 0x0021, 0x0021, 0x0021, 0x0021, 0x0021, 0x0021, 0x0021, 0x0021, 0x0021, 0x0021, 0x0041,
    0x0021, 0x0041, 0x0041, 0x0021, 0x0041, 0x0041, 0x0041, 0x0041, 0x0041, 0x0041, 0x0041, 0x0041,
    0x0041, 0x0041, 0x0041, 0x0021, 0x0021, 0x0021, 0x0020, 0x0020, 0x0020, 0x0020, 0x0020, 0x0000,
    0x0000, 0x0000, 0x0000, 0x0000, 0x0000, 0x0000, 0x0000, 0x0000, 0x0000, 0x0000, 0x0000, 0x0000,
    0x0000, 0x0000, 0x0000, 0x0000, 0x0000, 0x0000, 0x0000, 0x0000, 0x0000, 0x0000, 0x0000, 0x0000,
    0x0000, 0x0000, 0x0000, 0x0000, 0x0000, 0x0000, 0x0000, 0x0000, 0x0000, 0x0000, 0x0000, 0x0000,
    0x0000, 0x0000, 0x0000, 0x0000, 0x0000, 0x0000, 0x0000, 0x0000, 0x0000, 0x0000, 0x0000, 0x0000,
    0x0000, 0x0000, 0x0000, 0x0000, 0x0000, 0x0000, 0x0000, 0x0000, 0x0000, 0x0000, 0x0000, 0x0000,
    0x0000, 0x0000, 0x0000, 0x0020, 0x0020, 0x0021, 0x0021, 0x0001, 0x0021, 0x0021, 0x0021, 0x0021,
    0x0021, 0x0021, 0x0021, 0x0021, 0x0021, 0x0021, 0x0041, 0x0041, 0x0041, 0x0041, 0x0041, 0x0041,
    0x0041, 0x0041, 0x0041, 0x0041, 0x0041, 0x0041, 0x0041, 0x0041, 0x0041, 0x0021, 0x0021, 0x0021,
    0x0021, 0x0021, 0x0020, 0x0020, 0x0020, 0x0020, 0x0000, 0x0000, 0x0000, 0x0000, 0x0000, 0x0000,
    0x0000, 0x0000, 0x0000, 0x0000, 0x0000, 0x0000, 0x0000, 0x0000, 0x0000, 0x0000, 0x0000, 0x0000,
    0x0000, 0x0000, 0x0000, 0x0000, 0x0000, 0x0000, 0x0000, 0x0000, 0x0000, 0x0000, 0x0000, 0x0000,
    0x0000, 0x0000, 0x0000, 0x0000, 0x0000, 0x0000, 0x0000, 0x0000, 0x0000, 0x0000, 0x0000, 0x0000,
    0x0000, 0x0000, 0x0000, 0x0000, 0x0000, 0x0000, 0x0000, 0x0000, 0x0000, 0x0000, 0x0000, 0x0000,
    0x0000, 0x0000, 0x0000, 0x0000, 0x0000, 0x0000, 0x0000, 0x0000, 0x0000, 0x0000, 0x0000, 0x0000,
    0x0000, 0x0000, 0x0000, 0x0000, 0x0000, 0x0000, 0x0000, 0x0000, 0x0000, 0x0000, 0x0000, 0x0000,
    0x0000, 0x0000, 0x0000, 0x0000, 0x0000, 0x0000, 0x0000, 0x0000, 0x0000, 0x0000, 0x0000, 0x0000,
    0x0000, 0x0000, 0x0000, 0x0000, 0x0000, 0x0000, 0x0000, 0x0001, 0x0021, 0x0021, 0x0021, 0x0021,
    0x0021, 0x0021, 0x0021, 0x0021, 0x0021, 0x0021, 0x0041, 0x0041, 0x0041, 0x0041, 0x0041, 0x0041,
    0x0041, 0x0041, 0x0041, 0x0041, 0x0041, 0x0041, 0x0041, 0x0041, 0x0041, 0x0041, 0x0041, 0x0041,
    0x0041, 0x0041, 0x0041, 0x0041, 0x0041, 0x0021, 0x0021, 0x0021, 0x0021, 0x0020, 0x0020, 0x0020,
    0x0000, 0x0000, 0x0000, 0x0000, 0x0000, 0x0000, 0x0000, 0x0000, 0x0000, 0x0000, 0x0000, 0x0000,
    0x0000, 0x0000, 0x0000, 0x0000, 0x0000, 0x0000, 0x0000, 0x0000, 0x0000, 0x0000, 0x0000, 0x0000,
    0x0000, 0x0000, 0x0000, 0x0000, 0x0000, 0x0000, 0x0000, 0x0000, 0x0000, 0x0000, 0x0000, 0x0000,
    0x0000, 0x0000, 0x0000, 0x0000, 0x0000, 0x0000, 0x0000, 0x0000, 0x0000, 0x0000, 0x0000, 0x0000,
    0x0000, 0x0000, 0x0000, 0x0000, 0x0000, 0x0000, 0x0000, 0x0000, 0x0000, 0x0000, 0x0000, 0x0000,
    0x0020, 0x0020, 0x0021, 0x0021, 0x0021, 0x0021, 0x0021, 0x0021, 0x0021, 0x0021, 0x0021, 0x0021,
    0x0021, 0x0021, 0x0041, 0x0041, 0x0041, 0x0041, 0x0041, 0x0041, 0x0041, 0x0041, 0x0041, 0x0041,
    0x0041, 0x0041, 0x0041, 0x0041, 0x0041, 0x0041, 0x0041, 0x0041, 0x0041, 0x0041, 0x0041, 0x0041,
    0x0021, 0x0021, 0x0021, 0x0021, 0x0021, 0x0020, 0x0020, 0x0020, 0x0000, 0x0000, 0x0000, 0x0000,
    0x0000, 0x0000, 0x0000, 0x0000, 0x0000, 0x0000, 0x0000, 0x0000, 0x0000, 0x0000, 0x0000, 0x0000,
    0x0000, 0x0000, 0x0000, 0x0000, 0x0000, 0x0000, 0x0000, 0x0000, 0x0000, 0x0000, 0x0000, 0x0000,
    0x0000, 0x0000, 0x0000, 0x0000, 0x0000, 0x0000, 0x0000, 0x0000, 0x0000, 0x0000, 0x0000, 0x0000,
    0x0000, 0x0000, 0x0000, 0x0000, 0x0000, 0x0000, 0x0000, 0x0000, 0x0000, 0x0000, 0x0000, 0x0000,
    0x0000, 0x0000, 0x0000, 0x0000, 0x0000, 0x0000, 0x0000, 0x0000, 0x0000, 0x0000, 0x0000, 0x0000,
    0x0000, 0x0000, 0x0000, 0x0000, 0x0000, 0x0000, 0x0000, 0x0000, 0x0000, 0x0000, 0x0000, 0x0000,
    0x0000, 0x0000, 0x0000, 0x0000, 0x0000, 0x0000, 0x0000, 0x0000, 0x0000, 0x0000, 0x0000, 0x0000,
    0x0000, 0x0000, 0x0000, 0x0000, 0x0000, 0x0000, 0x0001, 0x0021, 0x0021, 0x0021, 0x0021, 0x0021,
    0x0021, 0x0021, 0x0041, 0x0041, 0x0041, 0x0041, 0x0041, 0x0041, 0x0041, 0x0041, 0x0041, 0x0041,
    0x0041, 0x0041, 0x0041, 0x0041, 0x0041, 0x0041, 0x0041, 0x0041, 0x0041, 0x0041, 0x0041, 0x0041,
    0x0041, 0x0041, 0x0041, 0x0041, 0x0041, 0x0041, 0x0021, 0x0021, 0x0021, 0x0021, 0x0021, 0x0021,
    0x0020, 0x0000, 0x0000, 0x0000, 0x0000, 0x0000, 0x0000, 0x0000, 0x0000, 0x0000, 0x0000, 0x0000,
    0x0000, 0x0000, 0x0000, 0x0000, 0x0000, 0x0000, 0x0000, 0x0000, 0x0000, 0x0000, 0x0000, 0x0000,
    0x0000, 0x0000, 0x0000, 0x0000, 0x0000, 0x0000, 0x0000, 0x0000, 0x0000, 0x0000, 0x0000, 0x0000,
    0x0000, 0x0000, 0x0000, 0x0000, 0x0000, 0x0000, 0x0000, 0x0000, 0x0000, 0x0000, 0x0000, 0x0000,
    0x0000, 0x0000, 0x0000, 0x0000, 0x0000, 0x0000, 0x0000, 0x0000, 0x0000, 0x0000, 0x0000, 0x0000,
    0x0020, 0x0021, 0x0021, 0x0021, 0x0021, 0x0021, 0x0021, 0x0021, 0x0021, 0x0041, 0x0041, 0x0041,
    0x0041, 0x0041, 0x0041, 0x0041, 0x0041, 0x0041, 0x0041, 0x0041, 0x0041, 0x0041, 0x0041, 0x0041,
    0x0041, 0x0041, 0x0041, 0x0041, 0x0061, 0x0041, 0x0041, 0x0041, 0x0041, 0x0041, 0x0041, 0x0041,
    0x0041, 0x0041, 0x0021, 0x0021, 0x0021, 0x0021, 0x0021, 0x0021, 0x0020, 0x0000, 0x0000, 0x0000,
    0x0000, 0x0000, 0x0000, 0x0000, 0x0000, 0x0000, 0x0000, 0x0000, 0x0000, 0x0000, 0x0000, 0x0000,
    0x0000, 0x0000, 0x0000, 0x0000, 0x0000, 0x0000, 0x0000, 0x0000, 0x0000, 0x0000, 0x0000, 0x0000,
    0x0000, 0x0000, 0x0000, 0x0000, 0x0000, 0x0000, 0x0000, 0x0000, 0x0000, 0x0000, 0x0000, 0x0000,
    0x0000, 0x0000, 0x0000, 0x0000, 0x0000, 0x0000, 0x0000, 0x0000, 0x0000, 0x0000, 0x0000, 0x0000,
    0x0000, 0x0000, 0x0000, 0x0000, 0x0000, 0x0000, 0x0000, 0x0000, 0x0000, 0x0000, 0x0000, 0x0000,
    0x0000, 0x0000, 0x0000, 0x0000, 0x0000, 0x0000, 0x0000, 0x0000, 0x0000, 0x0000, 0x0000, 0x0000,
    0x0000, 0x0000, 0x0000, 0x0000, 0x0000, 0x0000, 0x0000, 0x0000, 0x0000, 0x0000, 0x0000, 0x0000,
    0x0000, 0x0000, 0x0000, 0x0000, 0x0001, 0x0021, 0x0021, 0x0021, 0x0021, 0x0021, 0x0021, 0x0021,
    0x0021, 0x0041, 0x0041, 0x0041, 0x0041, 0x0041, 0x0041, 0x0041, 0x0041, 0x0041, 0x0041, 0x0041,
    0x0041, 0x0041, 0x0062, 0x0062, 0x0061, 0x0061, 0x0061, 0x0061, 0x0061, 0x0041, 0x0041, 0x0041,
    0x0041, 0x0041, 0x0041, 0x0041, 0x0041, 0x0041, 0x0041, 0x0041, 0x0021, 0x0021, 0x0021, 0x0021,
    0x0021, 0x0020, 0x0020, 0x0000, 0x0000, 0x0000, 0x0000, 0x0000, 0x0000, 0x0000, 0x0000, 0x0000,
    0x0000, 0x0000, 0x0000, 0x0000, 0x0000, 0x0000, 0x0000, 0x0000, 0x0000, 0x0000, 0x0000, 0x0000,
    0x0000, 0x0000, 0x0000, 0x0000, 0x0000, 0x0000, 0x0000, 0x0000, 0x0000, 0x0000, 0x0000, 0x0000,
    0x0000, 0x0000, 0x0000, 0x0000, 0x0000, 0x0000, 0x0000, 0x0000, 0x0000, 0x0000, 0x0000, 0x0000,
    0x0000, 0x0000, 0x0000, 0x0000, 0x0000, 0x0000, 0x0000, 0x0000, 0x0000, 0x0000, 0x0020, 0x0021,
    0x0021, 0x0021, 0x0021, 0x0021, 0x0021, 0x0021, 0x0021, 0x0041, 0x0041, 0x0041, 0x0041, 0x0041,
    0x0041, 0x0041, 0x0041, 0x0041, 0x0042, 0x0041, 0x0042, 0x0042, 0x0062, 0x0062, 0x0062, 0x0062,
    0x0062, 0x0062, 0x0062, 0x0062, 0x0062, 0x0061, 0x0041, 0x0041, 0x0041, 0x0041, 0x0041, 0x0041,
    0x0041, 0x0041, 0x0041, 0x0021, 0x0021, 0x0021, 0x0021, 0x0021, 0x0021, 0x0020, 0x0000, 0x0000,
    0x0000, 0x0000, 0x0000, 0x0000, 0x0000, 0x0000, 0x0000, 0x0000, 0x0000, 0x0000, 0x0000, 0x0000,
    0x0000, 0x0000, 0x0000, 0x0000, 0x0000, 0x0000, 0x0000, 0x0000, 0x0000, 0x0000, 0x0000, 0x0000,
    0x0000, 0x0000, 0x0000, 0x0000, 0x0000, 0x0000, 0x0000, 0x0000, 0x0000, 0x0000, 0x0000, 0x0000,
    0x0000, 0x0000, 0x0000, 0x0000, 0x0000, 0x0000, 0x0000, 0x0000, 0x0000, 0x0000, 0x0000, 0x0000,
    0x0000, 0x0000, 0x0000, 0x0000, 0x0000, 0x0000, 0x0000, 0x0000, 0x0000, 0x0000, 0x0000, 0x0000,
    0x0000, 0x0000, 0x0000, 0x0000, 0x0000, 0x0000, 0x0000, 0x0000, 0x0000, 0x0000, 0x0000, 0x0000,
    0x0000, 0x0000, 0x0000, 0x0000, 0x0000, 0x0000, 0x0000, 0x0000, 0x0000, 0x0000, 0x0000, 0x0000,
    0x0000, 0x0000, 0x0000, 0x0001, 0x0021, 0x0021, 0x0021, 0x0021, 0x0021, 0x0021, 0x0021, 0x0041,
    0x0041, 0x0041, 0x0041, 0x0041, 0x0042, 0x0042, 0x0042, 0x0041, 0x0041, 0x0042, 0x0042, 0x0062,
    0x0062, 0x0062, 0x0062, 0x0862, 0x0862, 0x0862, 0x0862, 0x0862, 0x0862, 0x0862, 0x0862, 0x0862,
    0x0061, 0x0061, 0x0061, 0x0041, 0x0041, 0x0041, 0x0041, 0x0041, 0x0041, 0x0021, 0x0021, 0x0021,
    0x0021, 0x0021, 0x0020, 0x0020, 0x0000, 0x0000, 0x0000, 0x0000, 0x0000, 0x0000, 0x0000, 0x0000,
    0x0000, 0x0000, 0x0000, 0x0000, 0x0000, 0x0000, 0x0000, 0x0000, 0x0000, 0x0000, 0x0000, 0x0000,
    0x0000, 0x0000, 0x0000, 0x0000, 0x0000, 0x0000, 0x0000, 0x0000, 0x0000, 0x0000, 0x0000, 0x0000,
    0x0000, 0x0000, 0x0000, 0x0000, 0x0000, 0x0000, 0x0000, 0x0000, 0x0000, 0x0000, 0x0000, 0x0000,
    0x0000, 0x0000, 0x0000, 0x0000, 0x0000, 0x0000, 0x0000, 0x0000, 0x0000, 0x0020, 0x0021, 0x0021,
    0x0021, 0x0021, 0x0021, 0x0021, 0x0021, 0x0041, 0x0041, 0x0041, 0x0041, 0x0041, 0x0041, 0x0042,
    0x0042, 0x0042, 0x0042, 0x0061, 0x0062, 0x0062, 0x0062, 0x0062, 0x0062, 0x0062, 0x0062, 0x0062,
    0x0062, 0x0062, 0x0062, 0x0062, 0x0062, 0x0862, 0x0062, 0x0062, 0x0062, 0x0061, 0x0061, 0x0041,
    0x0041, 0x0041, 0x0041, 0x0041, 0x0041, 0x0041, 0x0021, 0x0021, 0x0021, 0x0021, 0x0020, 0x0020,
    0x0000, 0x0000, 0x0000, 0x0000, 0x0000, 0x0000, 0x0000, 0x0000, 0x0000, 0x0000, 0x0000, 0x0000,
    0x0000, 0x0000, 0x0000, 0x0000, 0x0000, 0x0000, 0x0000, 0x0000, 0x0000, 0x0000, 0x0000, 0x0000,
    0x0000, 0x0000, 0x0000, 0x0000, 0x0000, 0x0000, 0x0000, 0x0000, 0x0000, 0x0000, 0x0000, 0x0000,
    0x0000, 0x0000, 0x0000, 0x0000, 0x0000, 0x0000, 0x0000, 0x0000, 0x0000, 0x0000, 0x0000, 0x0000,
    0x0000, 0x0000, 0x0000, 0x0000, 0x0000, 0x0000, 0x0000, 0x0000, 0x0000, 0x0000, 0x0000, 0x0000,
    0x0000, 0x0000, 0x0000, 0x0000, 0x0000, 0x0000, 0x0000, 0x0000, 0x0000, 0x0000, 0x0000, 0x0000,
    0x0000, 0x0000, 0x0000, 0x0000, 0x0000, 0x0000, 0x0000, 0x0000, 0x0000, 0x0000, 0x0000, 0x0000,
    0x0000, 0x0001, 0x0001, 0x0021, 0x0021, 0x0021, 0x0021, 0x0021, 0x0041, 0x0041, 0x0041, 0x0041,
    0x0042, 0x0042, 0x0042, 0x0042, 0x0062, 0x0062, 0x0062, 0x0062, 0x0062, 0x0062, 0x0062, 0x0062,
    0x0062, 0x0862, 0x0862, 0x0862, 0x0862, 0x0862, 0x0862, 0x0862, 0x0862, 0x0862, 0x0862, 0x0862,
    0x0862, 0x0862, 0x0862, 0x0862, 0x0062, 0x0062, 0x0041, 0x0041, 0x0041, 0x0041, 0x0041, 0x0021,
    0x0021, 0x0021, 0x0021, 0x0021, 0x0020, 0x0020, 0x0000, 0x0000, 0x0000, 0x0000, 0x0000, 0x0000,
    0x0000, 0x0000, 0x0000, 0x0000, 0x0000, 0x0000, 0x0000, 0x0000, 0x0000, 0x0000, 0x0000, 0x0000,
    0x0000, 0x0000, 0x0000, 0x0000, 0x0000, 0x0000, 0x0000, 0x0000, 0x0000, 0x0000, 0x0000, 0x0000,
    0x0000, 0x0000, 0x0000, 0x0000, 0x0000, 0x0000, 0x0000, 0x0000, 0x0000, 0x0000, 0x0000, 0x0000,
    0x0000, 0x0000, 0x0000, 0x0000, 0x0000, 0x0000, 0x0000, 0x0020, 0x0021, 0x0021, 0x0021, 0x0021,
    0x0021, 0x0021, 0x0021, 0x0041, 0x0041, 0x0041, 0x0041, 0x0042, 0x0042, 0x0042, 0x0041, 0x0042,
    0x0062, 0x0062, 0x0062, 0x0062, 0x0062, 0x0062, 0x0062, 0x0062, 0x0062, 0x0062, 0x0062, 0x0062,
    0x0862, 0x0062, 0x0862, 0x0862, 0x0862, 0x0862, 0x0862, 0x0862, 0x0862, 0x0862, 0x0062, 0x0062,
    0x0062, 0x0041, 0x0041, 0x0041, 0x0041, 0x0041, 0x0021, 0x0021, 0x0021, 0x0021, 0x0021, 0x0021,
    0x0020, 0x0000, 0x0000, 0x0000, 0x0000, 0x0000, 0x0000, 0x0000, 0x0000, 0x0000, 0x0000, 0x0000,
    0x0000, 0x0000, 0x0000, 0x0000, 0x0000, 0x0000, 0x0000, 0x0000, 0x0000, 0x0000, 0x0000, 0x0000,
    0x0000, 0x0000, 0x0000, 0x0000, 0x0000, 0x0000, 0x0000, 0x0000, 0x0000, 0x0000, 0x0000, 0x0000,
    0x0000, 0x0000, 0x0000, 0x0000, 0x0000, 0x0000, 0x0000, 0x0000, 0x0000, 0x0000, 0x0000, 0x0000,
    0x0000, 0x0000, 0x0000, 0x0000, 0x0000, 0x0000, 0x0000, 0x0000, 0x0000, 0x0000, 0x0000, 0x0000,
    0x0000, 0x0000, 0x0000, 0x0000, 0x0000, 0x0000, 0x0000, 0x0000, 0x0000, 0x0000, 0x0000, 0x0000,
    0x0000, 0x0000, 0x0000, 0x0000, 0x0000, 0x0000, 0x0000, 0x0000, 0x0000, 0x0000, 0x0000, 0x0000,
    0x0001, 0x0001, 0x0021, 0x0021, 0x0021, 0x0021, 0x0021, 0x0021, 0x0041, 0x0042, 0x0042, 0x0042,
    0x0042, 0x0042, 0x0062, 0x0062, 0x0062, 0x0062, 0x0062, 0x0062, 0x0862, 0x0862, 0x0862, 0x0862,
    0x0862, 0x0862, 0x0882, 0x0882, 0x0882, 0x0882, 0x0882, 0x0882, 0x0882, 0x0882, 0x0882, 0x0882,
    0x0882, 0x0882, 0x0862, 0x0862, 0x0862, 0x0062, 0x0062, 0x0042, 0x0041, 0x0041, 0x0041, 0x0041,
    0x0041, 0x0021, 0x0021, 0x0021, 0x0021, 0x0020, 0x0020, 0x0000, 0x0000, 0x0000, 0x0000, 0x0000,
    0x0000, 0x0000, 0x0000, 0x0000, 0x0000, 0x0000, 0x0000, 0x0000, 0x0000, 0x0000, 0x0000, 0x0000,
    0x0000, 0x0000, 0x0000, 0x0000, 0x0000, 0x0000, 0x0000, 0x0000, 0x0000, 0x0000, 0x0000, 0x0000,
    0x0000, 0x0000, 0x0000, 0x0000, 0x0000, 0x0000, 0x0000, 0x0000, 0x0000, 0x0000, 0x0000, 0x0000,
    0x0000, 0x0000, 0x0000, 0x0000, 0x0000, 0x0000, 0x0021, 0x0021, 0x0021, 0x0021, 0x0021, 0x0021,
    0x0021, 0x0041, 0x0041, 0x0041, 0x0042, 0x0042, 0x0042, 0x0042, 0x0062, 0x0062, 0x0062, 0x0062,
    0x0062, 0x0062, 0x0062, 0x0062, 0x0062, 0x0062, 0x0062, 0x0062, 0x0062, 0x0882, 0x0882, 0x0882,
    0x0882, 0x0882, 0x0882, 0x0882, 0x0882, 0x0882, 0x0882, 0x0862, 0x0862, 0x0862, 0x0862, 0x0862,
    0x0862, 0x0062, 0x0062, 0x0042, 0x0041, 0x0041, 0x0041, 0x0021, 0x0021, 0x0021, 0x0021, 0x0021,
    0x0021, 0x0021, 0x0000, 0x0000, 0x0000, 0x0000, 0x0000, 0x0000, 0x0000, 0x0000, 0x0000, 0x0000,
    0x0000, 0x0000, 0x0000, 0x0000, 0x0000, 0x0000, 0x0000, 0x0000, 0x0000, 0x0000, 0x0000, 0x0000,
    0x0000, 0x0000, 0x0000, 0x0000, 0x0000, 0x0000, 0x0000, 0x0000, 0x0000, 0x0000, 0x0000, 0x0000,
    0x0000, 0x0000, 0x0000, 0x0000, 0x0000, 0x0000, 0x0000, 0x0000, 0x0000, 0x0000, 0x0000, 0x0000,
    0x0000, 0x0000, 0x0000, 0x0000, 0x0000, 0x0000, 0x0000, 0x0000, 0x0000, 0x0000, 0x0000, 0x0000,
    0x0000, 0x0000, 0x0000, 0x0000, 0x0000, 0x0000, 0x0000, 0x0000, 0x0000, 0x0000, 0x0000, 0x0000,
    0x0000, 0x0000, 0x0000, 0x0000, 0x0000, 0x0000, 0x0000, 0x0000, 0x0000, 0x0000, 0x0000, 0x0001,
    0x0001, 0x0021, 0x0021, 0x0021, 0x0021, 0x0021, 0x0041, 0x0041, 0x0042, 0x0042, 0x0042, 0x0042,
    0x0062, 0x0062, 0x0062, 0x0062, 0x0862, 0x0862, 0x0862, 0x0862, 0x0882, 0x0882, 0x0882, 0x0882,
    0x0882, 0x0882, 0x0882, 0x0882, 0x0882, 0x0883, 0x0883, 0x0882, 0x0882, 0x0882, 0x0882, 0x0882,
    0x0882, 0x0882, 0x0882, 0x0882, 0x0862, 0x0862, 0x0062, 0x0062, 0x0062, 0x0042, 0x0041, 0x0041,
    0x0021, 0x0041, 0x0021, 0x0021, 0x0021, 0x0021, 0x0021, 0x0020, 0x0000, 0x0000, 0x0000, 0x0000,
    0x0000, 0x0000, 0x0000, 0x0000, 0x0000, 0x0000, 0x0000, 0x0000, 0x0000, 0x0000, 0x0000, 0x0000,
    0x0000, 0x0000, 0x0000, 0x0000, 0x0000, 0x0000, 0x0000, 0x0000, 0x0000, 0x0000, 0x0000, 0x0000,
    0x0000, 0x0000, 0x0000, 0x0000, 0x0000, 0x0000, 0x0000, 0x0000, 0x0000, 0x0000, 0x0000, 0x0000,
    0x0000, 0x0000, 0x0000, 0x0000, 0x0020, 0x0021, 0x0021, 0x0021, 0x0021, 0x0021, 0x0021, 0x0041,
    0x0041, 0x0041, 0x0042, 0x0042, 0x0042, 0x0042, 0x0042, 0x0062, 0x0062, 0x0062, 0x0062, 0x0062,
    0x0062, 0x0062, 0x0062, 0x0062, 0x0062, 0x0882, 0x0882, 0x0883, 0x0883, 0x0883, 0x0883, 0x0883,
    0x0883, 0x0883, 0x0882, 0x0883, 0x0882, 0x0882, 0x0882, 0x0882, 0x0882, 0x0882, 0x0882, 0x0882,
    0x0862, 0x0062, 0x0062, 0x0062, 0x0042, 0x0042, 0x0041, 0x0041, 0x0041, 0x0021, 0x0021, 0x0021,
    0x0021, 0x0021, 0x0021, 0x0000, 0x0000, 0x0000, 0x0000, 0x0000, 0x0000, 0x0000, 0x0000, 0x0000,
    0x0000, 0x0000, 0x0000, 0x0000, 0x0000, 0x0000, 0x0000, 0x0000, 0x0000, 0x0000, 0x0000, 0x0000,
    0x0000, 0x0000, 0x0000, 0x0000, 0x0000, 0x0000, 0x0000, 0x0000, 0x0000, 0x0000, 0x0000, 0x0000,
    0x0000, 0x0000, 0x0000, 0x0000, 0x0000, 0x0000, 0x0000, 0x0000, 0x0000, 0x0000, 0x0000, 0x0000,
    0x0000, 0x0000, 0x0000, 0x0000, 0x0000, 0x0000, 0x0000, 0x0000, 0x0000, 0x0000, 0x0000, 0x0000,
    0x0000, 0x0000, 0x0000, 0x0000, 0x0000, 0x0000, 0x0000, 0x0000, 0x0000, 0x0000, 0x0000, 0x0000,
    0x0000, 0x0000, 0x0000, 0x0000, 0x0000, 0x0000, 0x0000, 0x0000, 0x0000, 0x0000, 0x0001, 0x0001,
    0x0021, 0x0021, 0x0021, 0x0021, 0x0021, 0x0042, 0x0042, 0x0042, 0x0042, 0x0042, 0x0062, 0x0062,
    0x0062, 0x0062, 0x0862, 0x0862, 0x0883, 0x0883, 0x0862, 0x0883, 0x0883, 0x0883, 0x0883, 0x0883,
    0x0883, 0x0883, 0x0883, 0x0883, 0x08A3, 0x08A3, 0x08A3, 0x08A3, 0x08A3, 0x08A3, 0x08A3, 0x0883,
    0x0883, 0x0883, 0x0882, 0x0882, 0x0882, 0x0882, 0x0862, 0x0062, 0x0062, 0x0062, 0x0062, 0x0042,
    0x0041, 0x0041, 0x0041, 0x0021, 0x0021, 0x0021, 0x0021, 0x0021, 0x0021, 0x0000, 0x0000, 0x0000,
    0x0000, 0x0000, 0x0000, 0x0000, 0x0000, 0x0000, 0x0000, 0x0000, 0x0000, 0x0000, 0x0000, 0x0000,
    0x0000, 0x0000, 0x0000, 0x0000, 0x0000, 0x0000, 0x0000, 0x0000, 0x0000, 0x0000, 0x0000, 0x0000,
    0x0000, 0x0000, 0x0000, 0x0000, 0x0000, 0x0000, 0x0000, 0x0000, 0x0000, 0x0000, 0x0000, 0x0000,
    0x0000, 0x0000, 0x0000, 0x0020, 0x0021, 0x0021, 0x0021, 0x0021, 0x0021, 0x0021, 0x0041, 0x0041,
    0x0042, 0x0042, 0x0042, 0x0042, 0x0062, 0x0062, 0x0062, 0x0062, 0x0062, 0x0062, 0x0062, 0x0063,
    0x0063, 0x0063, 0x0883, 0x0883, 0x0883, 0x0883, 0x0883, 0x0883, 0x0883, 0x0883, 0x08A3, 0x0883,
    0x0883, 0x0883, 0x0883, 0x0883, 0x0883, 0x0883, 0x0883, 0x0882, 0x0882, 0x0882, 0x0882, 0x0882,
    0x0882, 0x0862, 0x0062, 0x0062, 0x0062, 0x0042, 0x0042, 0x0042, 0x0041, 0x0041, 0x0021, 0x0021,
    0x0021, 0x0021, 0x0021, 0x0021, 0x0001, 0x0000, 0x0000, 0x0000, 0x0000, 0x0000, 0x0000, 0x0000,
    0x0000, 0x0000, 0x0000, 0x0000, 0x0000, 0x0000, 0x0000, 0x0000, 0x0000, 0x0000, 0x0000, 0x0000,
    0x0000, 0x0000, 0x0000, 0x0000, 0x0000, 0x0000, 0x0000, 0x0000, 0x0000, 0x0000, 0x0000, 0x0000,
    0x0000, 0x0000, 0x0000, 0x0000, 0x0000, 0x0000, 0x0000, 0x0000, 0x0000, 0x0000, 0x0000, 0x0000,
    0x0000, 0x0000, 0x0000, 0x0000, 0x0000, 0x0000, 0x0000, 0x0000, 0x0000, 0x0000, 0x0000, 0x0000,
    0x0000, 0x0000, 0x0000, 0x0000, 0x0000, 0x0000, 0x0000, 0x0000, 0x0000, 0x0000, 0x0000, 0x0000,
    0x0000, 0x0000, 0x0000, 0x0000, 0x0000, 0x0000, 0x0000, 0x0000, 0x0000, 0x0001, 0x0001, 0x0021,
    0x0021, 0x0021, 0x0021, 0x0021, 0x0042, 0x0042, 0x0042, 0x0042, 0x0042, 0x0062, 0x0062, 0x0062,
    0x0862, 0x0863, 0x0863, 0x0883, 0x0883, 0x0883, 0x0883, 0x0883, 0x0883, 0x0883, 0x0883, 0x08A3,
    0x08A3, 0x08A3, 0x08A3, 0x08A3, 0x08A3, 0x08A3, 0x08A3, 0x08A3, 0x08A3, 0x08A3, 0x08A3, 0x08A3,
    0x08A3, 0x08A3, 0x08A3, 0x0883, 0x0882, 0x0882, 0x0882, 0x0882, 0x0862, 0x0062, 0x0062, 0x0062,
    0x0042, 0x0041, 0x0041, 0x0041, 0x0041, 0x0021, 0x0021, 0x0021, 0x0021, 0x0021, 0x0000, 0x0000,
    0x0000, 0x0000, 0x0000, 0x0000, 0x0000, 0x0000, 0x0000, 0x0000, 0x0000, 0x0000, 0x0000, 0x0000,
    0x0000, 0x0000, 0x0000, 0x0000, 0x0000, 0x0000, 0x0000, 0x0000, 0x0000, 0x0000, 0x0000, 0x0000,
    0x0000, 0x0000, 0x0000, 0x0000, 0x0000, 0x0000, 0x0000, 0x0000, 0x0000, 0x0000, 0x0000, 0x0000,
    0x0000, 0x0000, 0x0020, 0x0021, 0x0021, 0x0021, 0x0021, 0x0021, 0x0021, 0x0041, 0x0041, 0x0041,
    0x0042, 0x0042, 0x0062, 0x0062, 0x0062, 0x0062, 0x0062, 0x0062, 0x0063, 0x0063, 0x0083, 0x0083,
    0x0883, 0x0883, 0x0883, 0x0883, 0x0883, 0x0883, 0x0883, 0x08A3, 0x08A3, 0x08A3, 0x08A3, 0x08A3,
    0x08A3, 0x08A3, 0x08A3, 0x08A3, 0x08A3, 0x08A3, 0x08A3, 0x08A3, 0x0883, 0x0883, 0x0882, 0x0883,
    0x0882, 0x0882, 0x0882, 0x0862, 0x0062, 0x0062, 0x0062, 0x0042, 0x0042, 0x0042, 0x0041, 0x0041,
    0x0021, 0x0021, 0x0021, 0x0021, 0x0021, 0x0021, 0x0020, 0x0000, 0x0000, 0x0000, 0x0000, 0x0000,
    0x0000, 0x0000, 0x0000, 0x0000, 0x0000, 0x0000, 0x0000, 0x0000, 0x0000, 0x0000, 0x0000, 0x0000,
    0x0000, 0x0000, 0x0000, 0x0000, 0x0000, 0x0000, 0x0000, 0x0000, 0x0000, 0x0000, 0x0000, 0x0000,
    0x0000, 0x0000, 0x0000, 0x0000, 0x0000, 0x0000, 0x0000, 0x0000, 0x0000, 0x0000, 0x0000, 0x0000,
    0x0000, 0x0000, 0x0000, 0x0000, 0x0000, 0x0000, 0x0000, 0x0000, 0x0000, 0x0000, 0x0000, 0x0000,
    0x0000, 0x0000, 0x0000, 0x0000, 0x0000, 0x0000, 0x0000, 0x0000, 0x0000, 0x0000, 0x0000, 0x0000,
    0x0000, 0x0000, 0x0000, 0x0000, 0x0000, 0x0000, 0x0000, 0x0000, 0x0001, 0x0001, 0x0021, 0x0021,
    0x0021, 0x0021, 0x0021, 0x0042, 0x0042, 0x0042, 0x0042, 0x0062, 0x0062, 0x0063, 0x0863, 0x0863,
    0x0863, 0x0083, 0x0883, 0x0883, 0x0883, 0x0883, 0x0883, 0x0883, 0x08A3, 0x08A3, 0x08A3, 0x08A3,
    0x08A3, 0x08A3, 0x08A3, 0x08C3, 0x08C3, 0x08C4, 0x08C3, 0x08A3, 0x08A3, 0x08A3, 0x08C3, 0x08C3,
    0x08A3, 0x08A3, 0x08A3, 0x08A3, 0x0883, 0x0883, 0x0883, 0x0883, 0x0882, 0x0862, 0x0062, 0x0062,
    0x0062, 0x0042, 0x0042, 0x0041, 0x0041, 0x0021, 0x0021, 0x0021, 0x0021, 0x0021, 0x0021, 0x0021,
    0x0000, 0x0000, 0x0000, 0x0000, 0x0000, 0x0000, 0x0000, 0x0000, 0x0000, 0x0000, 0x0000, 0x0000,
    0x0000, 0x0000, 0x0000, 0x0000, 0x0000, 0x0000, 0x0000, 0x0000, 0x0000, 0x0000, 0x0000, 0x0000,
    0x0000, 0x0000, 0x0000, 0x0000, 0x0000, 0x0000, 0x0000, 0x0000, 0x0000, 0x0000, 0x0000, 0x0020,
    0x0020, 0x0021, 0x0021, 0x0021, 0x0021, 0x0021, 0x0021, 0x0041, 0x0041, 0x0041, 0x0042, 0x0042,
    0x0042, 0x0062, 0x0062, 0x0062, 0x0062, 0x0063, 0x0063, 0x0083, 0x0083, 0x0883, 0x0883, 0x0883,
    0x0883, 0x0883, 0x0883, 0x08A3, 0x08A3, 0x08A3, 0x08A3, 0x08A3, 0x08A3, 0x08A3, 0x08A3, 0x08A4,
    0x08A3, 0x08A3, 0x08A3, 0x08A3, 0x08A3, 0x08A3, 0x08A3, 0x08A3, 0x08A3, 0x08A3, 0x08A3, 0x08A3,
    0x0883, 0x0883, 0x0883, 0x0883, 0x0882, 0x0062, 0x0062, 0x0062, 0x0042, 0x0042, 0x0042, 0x0041,
    0x0021, 0x0021, 0x0021, 0x0021, 0x0021, 0x0021, 0x0021, 0x0021, 0x0000, 0x0000, 0x0000, 0x0000,
    0x0000, 0x0000, 0x0000, 0x0000, 0x0000, 0x0000, 0x0000, 0x0000, 0x0000, 0x0000, 0x0000, 0x0000,
    0x0000, 0x0000, 0x0000, 0x0000, 0x0000, 0x0000, 0x0000, 0x0000, 0x0000, 0x0000, 0x0000, 0x0000,
    0x0000, 0x0000, 0x0000, 0x0000, 0x0000, 0x0000, 0x0000, 0x0000, 0x0000, 0x0000, 0x0000, 0x0000,
    0x0000, 0x0000, 0x0000, 0x0000, 0x0000, 0x0000, 0x0000, 0x0000, 0x0000, 0x0000, 0x0000, 0x0000,
    0x0000, 0x0000, 0x0000, 0x0000, 0x0000, 0x0000, 0x0000, 0x0000, 0x0000, 0x0000, 0x0000, 0x0000,
    0x0000, 0x0000, 0x0000, 0x0000, 0x0000, 0x0000, 0x0000, 0x0001, 0x0001, 0x0001, 0x0021, 0x0021,
    0x0021, 0x0021, 0x0022, 0x0042, 0x0042, 0x0042, 0x0062, 0x0062, 0x0063, 0x0863, 0x0883, 0x0883,
    0x0883, 0x0883, 0x0883, 0x0883, 0x08A3, 0x08A3, 0x08A3, 0x08A3, 0x08A3, 0x08A4, 0x08A4, 0x08A4,
    0x08C4, 0x08C4, 0x08C4, 0x08C4, 0x08C4, 0x08C4, 0x08C4, 0x08C4, 0x08C4, 0x10C4, 0x10C4, 0x10C4,
    0x08C4, 0x08C4, 0x08A3, 0x08A3, 0x08A3, 0x08A3, 0x08A3, 0x0883, 0x0883, 0x0883, 0x0862, 0x0062,
    0x0062, 0x0062, 0x0042, 0x0042, 0x0042, 0x0041, 0x0021, 0x0021, 0x0021, 0x0021, 0x0021, 0x0021,
    0x0021, 0x0020, 0x0000, 0x0000, 0x0000, 0x0000, 0x0000, 0x0000, 0x0000, 0x0000, 0x0000, 0x0000,
    0x0000, 0x0000, 0x0000, 0x0000, 0x0000, 0x0000, 0x0000, 0x0000, 0x0000, 0x0000, 0x0000, 0x0000,
    0x0000, 0x0000, 0x0000, 0x0000, 0x0000, 0x0000, 0x0000, 0x0000, 0x0000, 0x0000, 0x0000, 0x0021,
    0x0021, 0x0021, 0x0021, 0x0021, 0x0021, 0x0021, 0x0041, 0x0041, 0x0041, 0x0042, 0x0042, 0x0042,
    0x0062, 0x0062, 0x0062, 0x0062, 0x0863, 0x0883, 0x0883, 0x0883, 0x0883, 0x0883, 0x0883, 0x08A3,
    0x08A4, 0x08A4, 0x08A4, 0x08A4, 0x08A4, 0x08A4, 0x08A4, 0x08A4, 0x08A4, 0x08C4, 0x08C4, 0x08C4,
    0x08C4, 0x08C4, 0x08C4, 0x08C4, 0x08C4, 0x08C4, 0x08C4, 0x08C3, 0x08C3, 0x08A3, 0x08A3, 0x08A3,
    0x08A3, 0x08A3, 0x0883, 0x0883, 0x0883, 0x0862, 0x0062, 0x0062, 0x0062, 0x0042, 0x0042, 0x0042,
    0x0042, 0x0041, 0x0021, 0x0021, 0x0021, 0x0021, 0x0021, 0x0021, 0x0001, 0x0000, 0x0000, 0x0000,
    0x0000, 0x0000, 0x0000, 0x0000, 0x0000, 0x0000, 0x0000, 0x0000, 0x0000, 0x0000, 0x0000, 0x0000,
    0x0000, 0x0000, 0x0000, 0x0000, 0x0000, 0x0000, 0x0000, 0x0000, 0x0000, 0x0000, 0x0000, 0x0000,
    0x0000, 0x0000, 0x0000, 0x0000, 0x0000, 0x0000, 0x0000, 0x0000, 0x0000, 0x0000, 0x0000, 0x0000,
    0x0000, 0x0000, 0x0000, 0x0000, 0x0000, 0x0000, 0x0000, 0x0000, 0x0000, 0x0000, 0x0000, 0x0000,
    0x0000, 0x0000, 0x0000, 0x0000, 0x0000, 0x0000, 0x0000, 0x0000, 0x0000, 0x0000, 0x0000, 0x0000,
    0x0000, 0x0000, 0x0000, 0x0000, 0x0000, 0x0000, 0x0001, 0x0021, 0x0021, 0x0021, 0x0021, 0x0021,
    0x0021, 0x0042, 0x0042, 0x0042, 0x0042, 0x0062, 0x0063, 0x0863, 0x0883, 0x0883, 0x0883, 0x0883,
    0x0883, 0x08A3, 0x08A4, 0x08A4, 0x08A4, 0x08A4, 0x08A4, 0x08A4, 0x08A4, 0x08C4, 0x08C4, 0x08C4,
    0x08C4, 0x08C4, 0x10C4, 0x10C4, 0x10C4, 0x10C4, 0x10C4, 0x10E4, 0x10E4, 0x10E4, 0x10E4, 0x10E4,
    0x10C4, 0x08C4, 0x08C4, 0x08C4, 0x08C4, 0x08A3, 0x08A3, 0x08A3, 0x0883, 0x0883, 0x0883, 0x0883,
    0x0062, 0x0062, 0x0062, 0x0042, 0x0042, 0x0042, 0x0041, 0x0041, 0x0021, 0x0021, 0x0021, 0x0021,
    0x0021, 0x0021, 0x0020, 0x0000, 0x0000, 0x0000, 0x0000, 0x0000, 0x0000, 0x0000, 0x0000, 0x0000,
    0x0000, 0x0000, 0x0000, 0x0000, 0x0000, 0x0000, 0x0000, 0x0000, 0x0000, 0x0000, 0x0000, 0x0000,
    0x0000, 0x0000, 0x0000, 0x0000, 0x0000, 0x0000, 0x0000, 0x0020, 0x0000, 0x0020, 0x0020, 0x0021,
    0x0021, 0x0021, 0x0021, 0x0021, 0x0041, 0x0021, 0x0041, 0x0042, 0x0042, 0x0042, 0x0042, 0x0062,
    0x0062, 0x0062, 0x0063, 0x0063, 0x0883, 0x0883, 0x0883, 0x0883, 0x0884, 0x08A4, 0x08A4, 0x08A4,
    0x08A4, 0x08A4, 0x08A4, 0x08A4, 0x08C4, 0x08C4, 0x08A4, 0x08C4, 0x08C4, 0x08C4, 0x08C4, 0x08C4,
    0x08C4, 0x08C4, 0x08C4, 0x08C4, 0x08E4, 0x10C4, 0x08C4, 0x08C4, 0x08C4, 0x08C4, 0x08C4, 0x08A3,
    0x08A3, 0x08A3, 0x08A3, 0x08A3, 0x0883, 0x0863, 0x0083, 0x0062, 0x0062, 0x0062, 0x0042, 0x0042,
    0x0042, 0x0042, 0x0041, 0x0021, 0x0021, 0x0021, 0x0021, 0x0021, 0x0021, 0x0021, 0x0000, 0x0000,
    0x0000, 0x0000, 0x0000, 0x0000, 0x0000, 0x0000, 0x0000, 0x0000, 0x0000, 0x0000, 0x0000, 0x0000,
    0x0000, 0x0000, 0x0000, 0x0000, 0x0000, 0x0000, 0x0000, 0x0000, 0x0000, 0x0000, 0x0000, 0x0000,
    0x0000, 0x0000, 0x0000, 0x0000, 0x0000, 0x0000, 0x0000, 0x0000, 0x0000, 0x0000, 0x0000, 0x0000,
    0x0000, 0x0000, 0x0000, 0x0000, 0x0000, 0x0000, 0x0000, 0x0000, 0x0000, 0x0000, 0x0000, 0x0000,
    0x0000, 0x0000, 0x0000, 0x0000, 0x0000, 0x0000, 0x0000, 0x0000, 0x0000, 0x0000, 0x0000, 0x0000,
    0x0000, 0x0000, 0x0000, 0x0000, 0x0000, 0x0001, 0x0001, 0x0021, 0x0021, 0x0021, 0x0021, 0x0021,
    0x0042, 0x0042, 0x0042, 0x0042, 0x0062, 0x0863, 0x0863, 0x0883, 0x0883, 0x0883, 0x0883, 0x0884,
    0x08A4, 0x08A4, 0x08A4, 0x08A4, 0x08C4, 0x08C4, 0x08C4, 0x08C4, 0x08C4, 0x08C4, 0x10C4, 0x10E4,
    0x10E4, 0x10E4, 0x10E4, 0x10E4, 0x10E4, 0x10E4, 0x10E4, 0x10E4, 0x10E4, 0x10E4, 0x10E4, 0x10E4,
    0x10E4, 0x10E4, 0x10E4, 0x10E4, 0x10C4, 0x08C4, 0x08C4, 0x08A4, 0x08A3, 0x0883, 0x0883, 0x0883,
    0x0883, 0x0063, 0x0062, 0x0062, 0x0062, 0x0042, 0x0042, 0x0042, 0x0041, 0x0021, 0x0021, 0x0021,
    0x0021, 0x0021, 0x0021, 0x0021, 0x0020, 0x0020, 0x0020, 0x0020, 0x0020, 0x0020, 0x0020, 0x0020,
    0x0000, 0x0000, 0x0000, 0x0020, 0x0000, 0x0000, 0x0000, 0x0000, 0x0000, 0x0000, 0x0000, 0x0000,
    0x0000, 0x0000, 0x0000, 0x0000, 0x0000, 0x0000, 0x0000, 0x0020, 0x0020, 0x0021, 0x0021, 0x0021,
    0x0021, 0x0021, 0x0021, 0x0021, 0x0041, 0x0042, 0x0042, 0x0042, 0x0042, 0x0062, 0x0062, 0x0062,
    0x0063, 0x0063, 0x0063, 0x0883, 0x0883, 0x0883, 0x08A4, 0x08A4, 0x08A4, 0x08A4, 0x08A4, 0x08C4,
    0x08C4, 0x08C4, 0x08C4, 0x08C4, 0x08C4, 0x08C5, 0x08C5, 0x08C5, 0x08E5, 0x10E5, 0x10E5, 0x10E5,
    0x08E5, 0x10E4, 0x10E4, 0x10E5, 0x10E4, 0x10E4, 0x10E4, 0x10E4, 0x10E4, 0x10E4, 0x08C4, 0x08C4,
    0x08C4, 0x08A4, 0x08A4, 0x08A3, 0x08A3, 0x0883, 0x0883, 0x0083, 0x0063, 0x0062, 0x0062, 0x0042,
    0x0042, 0x0042, 0x0042, 0x0041, 0x0021, 0x0021, 0x0021, 0x0021, 0x0021, 0x0021, 0x0001, 0x0001,
    0x0000, 0x0000, 0x0000, 0x0000, 0x0000, 0x0000, 0x0000, 0x0000, 0x0000, 0x0000, 0x0000, 0x0000,
    0x0000, 0x0000, 0x0000, 0x0000, 0x0000, 0x0000, 0x0000, 0x0000, 0x0000, 0x0000, 0x0000, 0x0020,
    0x0020, 0x0000, 0x0020, 0x0020, 0x0020, 0x0020, 0x0020, 0x0000, 0x0000, 0x0000, 0x0000, 0x0000,
    0x0000, 0x0000, 0x0000, 0x0000, 0x0000, 0x0000, 0x0000, 0x0000, 0x0000, 0x0000, 0x0000, 0x0000,
    0x0000, 0x0000, 0x0000, 0x0000, 0x0000, 0x0000, 0x0000, 0x0000, 0x0000, 0x0000, 0x0000, 0x0000,
    0x0000, 0x0000, 0x0000, 0x0000, 0x0001, 0x0001, 0x0021, 0x0021, 0x0021, 0x0021, 0x0021, 0x0042,
    0x0022, 0x0042, 0x0042, 0x0063, 0x0863, 0x0863, 0x0883, 0x0883, 0x0884, 0x0884, 0x08A4, 0x08A4,
    0x08A4, 0x08A4, 0x08C4, 0x08C4, 0x08C4, 0x08C4, 0x08C4, 0x08C4, 0x10C5, 0x10E5, 0x10E5, 0x10E5,
    0x10E5, 0x10E5, 0x1105, 0x1105, 0x1105, 0x1105, 0x1105, 0x1105, 0x1105, 0x1105, 0x1105, 0x1105,
    0x10E5, 0x10E5, 0x10E5, 0x10E4, 0x10E4, 0x10E4, 0x08C4, 0x08C4, 0x08A4, 0x08A4, 0x08A3, 0x0883,
    0x0883, 0x0083, 0x0063, 0x0062, 0x0062, 0x0062, 0x0042, 0x0042, 0x0042, 0x0041, 0x0021, 0x0021,
    0x0021, 0x0021, 0x0021, 0x0021, 0x0021, 0x0021, 0x0020, 0x0020, 0x0020, 0x0020, 0x0020, 0x0020,
    0x0020, 0x0020, 0x0020, 0x0020, 0x0020, 0x0000, 0x0000, 0x0000, 0x0000, 0x0000, 0x0000, 0x0000,
    0x0000, 0x0000, 0x0000, 0x0000, 0x0000, 0x0020, 0x0020, 0x0021, 0x0021, 0x0021, 0x0021, 0x0021,
    0x0021, 0x0021, 0x0041, 0x0041, 0x0041, 0x0042, 0x0042, 0x0042, 0x0062, 0x0062, 0x0062, 0x0063,
    0x0883, 0x0883, 0x0883, 0x0883, 0x0884, 0x08A4, 0x08A4, 0x08A4, 0x08C4, 0x08C4, 0x08C5, 0x08C5,
    0x08C5, 0x08C4, 0x08C5, 0x08E5, 0x08E5, 0x10E5, 0x10E5, 0x10E5, 0x10E5, 0x10E5, 0x10E5, 0x10E5,
    0x10E5, 0x10E5, 0x1105, 0x1105, 0x1105, 0x1105, 0x10E5, 0x10E5, 0x10E5, 0x10E5, 0x10E4, 0x10E4,
    0x08C4, 0x08C4, 0x08C4, 0x08C4, 0x08A4, 0x08A4, 0x0883, 0x0883, 0x0083, 0x0063, 0x0063, 0x0062,
    0x0062, 0x0042, 0x0042, 0x0042, 0x0042, 0x0021, 0x0021, 0x0021, 0x0021, 0x0021, 0x0021, 0x0021,
    0x0021, 0x0001, 0x0020, 0x0020, 0x0020, 0x0020, 0x0020, 0x0000, 0x0000, 0x0000, 0x0000, 0x0000,
    0x0000, 0x0000, 0x0000, 0x0020, 0x0020, 0x0020, 0x0020, 0x0020, 0x0020, 0x0020, 0x0020, 0x0020,
    0x0020, 0x0020, 0x0020, 0x0020, 0x0020, 0x0020, 0x0020, 0x0020, 0x0020, 0x0020, 0x0000, 0x0000,
    0x0000, 0x0000, 0x0000, 0x0000, 0x0000, 0x0000, 0x0000, 0x0000, 0x0000, 0x0000, 0x0000, 0x0000,
    0x0000, 0x0000, 0x0000, 0x0000, 0x0000, 0x0000, 0x0000, 0x0000, 0x0000, 0x0000, 0x0000, 0x0000,
    0x0000, 0x0000, 0x0000, 0x0000, 0x0001, 0x0021, 0x0021, 0x0021, 0x0021, 0x0021, 0x0042, 0x0042,
    0x0042, 0x0042, 0x0062, 0x0863, 0x0863, 0x0883, 0x0884, 0x0884, 0x08A4, 0x08A4, 0x08A4, 0x08A4,
    0x08C5, 0x08C5, 0x08C5, 0x10C5, 0x10C5, 0x10E5, 0x10E5, 0x10E5, 0x10E5, 0x10E5, 0x10E5, 0x10E5,
    0x1105, 0x1105, 0x1105, 0x1105, 0x1105, 0x1105, 0x1105, 0x1105, 0x1125, 0x1125, 0x1125, 0x1105,
    0x1105, 0x1105, 0x1105, 0x1105, 0x10E5, 0x10E5, 0x10E4, 0x08C4, 0x08C4, 0x08C4, 0x08A4, 0x08A3,
    0x0883, 0x0083, 0x0083, 0x0063, 0x0063, 0x0062, 0x0062, 0x0042, 0x0042, 0x0042, 0x0041, 0x0041,
    0x0041, 0x0021, 0x0021, 0x0021, 0x0021, 0x0020, 0x0021, 0x0021, 0x0021, 0x0020, 0x0020, 0x0020,
    0x0020, 0x0020, 0x0020, 0x0020, 0x0020, 0x0020, 0x0020, 0x0020, 0x0020, 0x0020, 0x0020, 0x0020,
    0x0020, 0x0020, 0x0020, 0x0020, 0x0020, 0x0021, 0x0021, 0x0021, 0x0021, 0x0021, 0x0021, 0x0021,
    0x0041, 0x0041, 0x0041, 0x0042, 0x0042, 0x0042, 0x0042, 0x0062, 0x0062, 0x0062, 0x0062, 0x0883,
    0x0883, 0x0883, 0x0884, 0x08A4, 0x0884, 0x08A4, 0x08A4, 0x08C4, 0x08C5, 0x08C5, 0x08E5, 0x08E5,
    0x08E5, 0x08E5, 0x10E5, 0x10E5, 0x10E5, 0x10E5, 0x10E5, 0x1105, 0x1105, 0x1105, 0x1105, 0x1105,
    0x1105, 0x1105, 0x1105, 0x1105, 0x1105, 0x1105, 0x1105, 0x1105, 0x1105, 0x1105, 0x1105, 0x10E5,
    0x10E5, 0x10E4, 0x10E4, 0x08C4, 0x08C4, 0x08A4, 0x08A4, 0x0883, 0x0883, 0x0083, 0x0063, 0x0063,
    0x0042, 0x0062, 0x0042, 0x0042, 0x0042, 0x0042, 0x0042, 0x0021, 0x0021, 0x0021, 0x0021, 0x0021,
    0x0001, 0x0021, 0x0021, 0x0021, 0x0020, 0x0020, 0x0020, 0x0020, 0x0020, 0x0020, 0x0020, 0x0020,
    0x0020, 0x0020, 0x0020, 0x0020, 0x0020, 0x0020, 0x0020, 0x0020, 0x0020, 0x0020, 0x0020, 0x0020,
    0x0020, 0x0020, 0x0020, 0x0020, 0x0021, 0x0020, 0x0020, 0x0021, 0x0020, 0x0020, 0x0020, 0x0020,
    0x0020, 0x0020, 0x0020, 0x0020, 0x0000, 0x0000, 0x0000, 0x0000, 0x0000, 0x0000, 0x0000, 0x0000,
    0x0000, 0x0000, 0x0000, 0x0000, 0x0000, 0x0000, 0x0000, 0x0000, 0x0000, 0x0000, 0x0000, 0x0000,
    0x0000, 0x0000, 0x0000, 0x0001, 0x0001, 0x0021, 0x0021, 0x0021, 0x0021, 0x0042, 0x0042, 0x0042,
    0x0042, 0x0063, 0x0863, 0x0863, 0x0883, 0x0884, 0x0884, 0x08A4, 0x08A4, 0x08A5, 0x08A4, 0x08C5,
    0x08C5, 0x08C5, 0x10E5, 0x10E5, 0x10E5, 0x10E5, 0x10E5, 0x10E5, 0x1105, 0x1105, 0x10E5, 0x1105,
    0x1105, 0x1106, 0x1126, 0x1126, 0x1126, 0x1126, 0x1126, 0x1126, 0x1926, 0x1926, 0x1926, 0x1926,
    0x1126, 0x1126, 0x1105, 0x1125, 0x1125, 0x1105, 0x10E5, 0x10E5, 0x08C4, 0x08C4, 0x08A4, 0x08A4,
    0x0884, 0x0883, 0x0083, 0x0083, 0x0063, 0x0063, 0x0062, 0x0062, 0x0042, 0x0042, 0x0042, 0x0022,
    0x0041, 0x0021, 0x0021, 0x0021, 0x0021, 0x0021, 0x0021, 0x0021, 0x0020, 0x0021, 0x0021, 0x0021,
    0x0021, 0x0020, 0x0020, 0x0020, 0x0020, 0x0020, 0x0020, 0x0020, 0x0020, 0x0020, 0x0020, 0x0020,
    0x0020, 0x0020, 0x0021, 0x0021, 0x0021, 0x0021, 0x0021, 0x0021, 0x0021, 0x0021, 0x0041, 0x0041,
    0x0041, 0x0041, 0x0042, 0x0042, 0x0042, 0x0062, 0x0062, 0x0062, 0x0063, 0x0883, 0x0883, 0x0883,
    0x0883, 0x08A4, 0x08A4, 0x08A4, 0x08A4, 0x08C5, 0x08C5, 0x08C5, 0x08C5, 0x08E5, 0x10E5, 0x10E6,
    0x10E6, 0x10E6, 0x1106, 0x1106, 0x1106, 0x1106, 0x1106, 0x1106, 0x1106, 0x1106, 0x1126, 0x1126,
    0x1126, 0x1126, 0x1126, 0x1126, 0x1126, 0x1126, 0x1126, 0x1126, 0x1125, 0x1125, 0x1105, 0x1105,
    0x1105, 0x1105, 0x10E5, 0x10E5, 0x08C4, 0x08A4, 0x08A4, 0x08A4, 0x0884, 0x0083, 0x0083, 0x0063,
    0x0063, 0x0063, 0x0062, 0x0042, 0x0042, 0x0042, 0x0042, 0x0042, 0x0021, 0x0021, 0x0021, 0x0021,
    0x0021, 0x0021, 0x0021, 0x0021, 0x0021, 0x0021, 0x0021, 0x0021, 0x0021, 0x0020, 0x0021, 0x0020,
    0x0021, 0x0021, 0x0021, 0x0021, 0x0021, 0x0021, 0x0021, 0x0021, 0x0021, 0x0021, 0x0021, 0x0021,
    0x0021, 0x0021, 0x0021, 0x0021, 0x0021, 0x0021, 0x0021, 0x0021, 0x0021, 0x0021, 0x0021, 0x0021,
    0x0020, 0x0020, 0x0020, 0x0020, 0x0000, 0x0000, 0x0000, 0x0000, 0x0000, 0x0000, 0x0000, 0x0000,
    0x0000, 0x0000, 0x0000, 0x0000, 0x0000, 0x0000, 0x0000, 0x0000, 0x0000, 0x0000, 0x0000, 0x0000,
    0x0000, 0x0000, 0x0001, 0x0021, 0x0021, 0x0021, 0x0021, 0x0021, 0x0022, 0x0042, 0x0042, 0x0062,
    0x0863, 0x0863, 0x0863, 0x0883, 0x0884, 0x0884, 0x08A4, 0x08A4, 0x08A5, 0x08C5, 0x08C5, 0x08C5,
    0x10E5, 0x10E5, 0x10E6, 0x10E6, 0x10E6, 0x10E6, 0x1106, 0x1106, 0x1106, 0x1106, 0x1106, 0x1126,
    0x1126, 0x1126, 0x1126, 0x1126, 0x1126, 0x1946, 0x1946, 0x1946, 0x1946, 0x1946, 0x1946, 0x1946,
    0x1946, 0x1946, 0x1946, 0x1946, 0x1926, 0x1126, 0x1105, 0x10E5, 0x08E5, 0x08C5, 0x08C4, 0x08A4,
    0x08A4, 0x0884, 0x0083, 0x0083, 0x0083, 0x0063, 0x0063, 0x0062, 0x0062, 0x0042, 0x0042, 0x0042,
    0x0042, 0x0041, 0x0041, 0x0021, 0x0021, 0x0021, 0x0021, 0x0041, 0x0041, 0x0041, 0x0041, 0x0041,
    0x0041, 0x0021, 0x0021, 0x0021, 0x0021, 0x0021, 0x0021, 0x0021, 0x0021, 0x0021, 0x0021, 0x0021,
    0x0021, 0x0021, 0x0021, 0x0021, 0x0021, 0x0021, 0x0021, 0x0021, 0x0041, 0x0041, 0x0041, 0x0041,
    0x0041, 0x0042, 0x0042, 0x0062, 0x0062, 0x0062, 0x0062, 0x0863, 0x0883, 0x0883, 0x0883, 0x0884,
    0x08A4, 0x08A4, 0x08A4, 0x08C5, 0x08C5, 0x08C5, 0x08E5, 0x08E5, 0x08E5, 0x10E6, 0x10E6, 0x10E6,
    0x1106, 0x1106, 0x1106, 0x1106, 0x1106, 0x1106, 0x1126, 0x1126, 0x1126, 0x1126, 0x1126, 0x1126,
    0x1126, 0x1126, 0x1126, 0x1126, 0x1146, 0x1146, 0x1946, 0x1946, 0x1926, 0x1926, 0x1126, 0x1126,
    0x1126, 0x1105, 0x1105, 0x10E5, 0x08E5, 0x08C5, 0x08A4, 0x08A4, 0x0884, 0x0884, 0x0084, 0x0083,
    0x0063, 0x0063, 0x0063, 0x0062, 0x0042, 0x0042, 0x0042, 0x0042, 0x0042, 0x0042, 0x0021, 0x0021,
    0x0021, 0x0021, 0x0021, 0x0021, 0x0021, 0x0021, 0x0021, 0x0021, 0x0021, 0x0021, 0x0021, 0x0021,
    0x0021, 0x0021, 0x0021, 0x0021, 0x0021, 0x0021, 0x0021, 0x0021, 0x0021, 0x0021, 0x0021, 0x0021,
    0x0021, 0x0021, 0x0041, 0x0041, 0x0041, 0x0041, 0x0041, 0x0021, 0x0021, 0x0021, 0x0021, 0x0021,
    0x0021, 0x0021, 0x0021, 0x0021, 0x0020, 0x0020, 0x0020, 0x0000, 0x0000, 0x0000, 0x0000, 0x0000,
    0x0000, 0x0000, 0x0000, 0x0000, 0x0000, 0x0000, 0x0000, 0x0000, 0x0000, 0x0000, 0x0000, 0x0000,
    0x0000, 0x0001, 0x0021, 0x0021, 0x0021, 0x0021, 0x0021, 0x0022, 0x0042, 0x0042, 0x0042, 0x0863,
    0x0863, 0x0863, 0x0883, 0x0884, 0x0884, 0x08A4, 0x08A5, 0x08A5, 0x08A5, 0x08C5, 0x08C5, 0x10E6,
    0x10E6, 0x10E6, 0x10E6, 0x10E6, 0x1106, 0x1106, 0x1106, 0x1106, 0x1106, 0x1126, 0x1126, 0x1126,
    0x1126, 0x1126, 0x1126, 0x1946, 0x1946, 0x1946, 0x1946, 0x1946, 0x1946, 0x1946, 0x1946, 0x1946,
    0x1946, 0x1946, 0x1946, 0x1946, 0x1946, 0x1126, 0x1106, 0x1105, 0x08E5, 0x08E5, 0x08C5, 0x08C4,
    0x08A4, 0x08A4, 0x0884, 0x0084, 0x0083, 0x0083, 0x0063, 0x0063, 0x0063, 0x0062, 0x0062, 0x0042,
    0x0042, 0x0042, 0x0042, 0x0041, 0x0041, 0x0041, 0x0041, 0x0041, 0x0041, 0x0041, 0x0041, 0x0041,
    0x0041, 0x0041, 0x0041, 0x0041, 0x0041, 0x0021, 0x0021, 0x0021, 0x0021, 0x0021, 0x0021, 0x0021,
    0x0021, 0x0021, 0x0021, 0x0021, 0x0041, 0x0021, 0x0041, 0x0041, 0x0041, 0x0041, 0x0041, 0x0042,
    0x0042, 0x0062, 0x0062, 0x0062, 0x0062, 0x0863, 0x0883, 0x0083, 0x0883, 0x0883, 0x08A4, 0x08A4,
    0x08A4, 0x08A4, 0x08C5, 0x08C5, 0x08C5, 0x08C5, 0x08E6, 0x08E6, 0x08E6, 0x10E6, 0x1106, 0x1106,
    0x1106, 0x1106, 0x1106, 0x1106, 0x1126, 0x1126, 0x1126, 0x1126, 0x1126, 0x1126, 0x1126, 0x1126,
    0x1126, 0x1146, 0x1146, 0x1146, 0x1146, 0x1946, 0x1946, 0x1946, 0x1946, 0x1946, 0x1946, 0x1946,
    0x1926, 0x1126, 0x1105, 0x10E5, 0x08E5, 0x08C5, 0x08C5, 0x08A4, 0x08A4, 0x08A4, 0x0084, 0x0084,
    0x0083, 0x0063, 0x0063, 0x0063, 0x0062, 0x0062, 0x0042, 0x0042, 0x0042, 0x0042, 0x0042, 0x0021,
    0x0021, 0x0021, 0x0021, 0x0021, 0x0021, 0x0021, 0x0021, 0x0021, 0x0021, 0x0021, 0x0021, 0x0021,
    0x0021, 0x0021, 0x0021, 0x0021, 0x0021, 0x0041, 0x0041, 0x0041, 0x0041, 0x0041, 0x0041, 0x0041,
    0x0041, 0x0041, 0x0041, 0x0041, 0x0041, 0x0041, 0x0041, 0x0041, 0x0041, 0x0041, 0x0041, 0x0021,
    0x0021, 0x0021, 0x0021, 0x0021, 0x0021, 0x0021, 0x0021, 0x0021, 0x0000, 0x0000, 0x0000, 0x0000,
    0x0000, 0x0000, 0x0000, 0x0000, 0x0000, 0x0000, 0x0000, 0x0000, 0x0000, 0x0000, 0x0000, 0x0000,
    0x0001, 0x0021, 0x0021, 0x0021, 0x0021, 0x0021, 0x0042, 0x0042, 0x0042, 0x0042, 0x0863, 0x0863,
    0x0863, 0x0883, 0x0884, 0x0884, 0x0884, 0x08A5, 0x08A5, 0x08A5, 0x10E6, 0x1107, 0x1107, 0x1127,
    0x1127, 0x1927, 0x1927, 0x1947, 0x1947, 0x1947, 0x1947, 0x1947, 0x1967, 0x1967, 0x1967, 0x1967,
    0x1967, 0x1987, 0x1988, 0x2188, 0x21A8, 0x21A8, 0x21A8, 0x21A8, 0x21C8, 0x21C8, 0x21C8, 0x21C8,
    0x21C8, 0x21C8, 0x21C8, 0x21C8, 0x21A8, 0x21A8, 0x1967, 0x1947, 0x1106, 0x08E5, 0x08C5, 0x08C5,
    0x08A5, 0x08A4, 0x08A4, 0x0084, 0x0084, 0x0084, 0x0083, 0x0083, 0x0063, 0x0063, 0x0062, 0x0062,
    0x0042, 0x0042, 0x0042, 0x0042, 0x0041, 0x0041, 0x0041, 0x0041, 0x0041, 0x0041, 0x0041, 0x0041,
    0x0041, 0x0041, 0x0041, 0x0041, 0x0041, 0x0041, 0x0041, 0x0041, 0x0041, 0x0021, 0x0021, 0x0021,
    0x0041, 0x0041, 0x0041, 0x0041, 0x0041, 0x0041, 0x0041, 0x0041, 0x0041, 0x0042, 0x0042, 0x0062,
    0x0062, 0x0062, 0x0062, 0x0062, 0x0863, 0x0883, 0x0883, 0x0883, 0x08A4, 0x08A4, 0x08A4, 0x08A4,
    0x08A4, 0x08C5, 0x08C5, 0x08C5, 0x10E6, 0x1127, 0x1127, 0x1127, 0x1147, 0x1147, 0x1948, 0x1948,
    0x1968, 0x1968, 0x1968, 0x1968, 0x1988, 0x1988, 0x1988, 0x1988, 0x1988, 0x1988, 0x1988, 0x1988,
    0x1988, 0x1988, 0x21A8, 0x21A8, 0x21A8, 0x21A8, 0x21A8, 0x21A8, 0x21C8, 0x21C8, 0x21C8, 0x21C8,
    0x21A8, 0x2187, 0x1967, 0x1147, 0x1106, 0x08E5, 0x08C5, 0x08C5, 0x08A5, 0x0884, 0x0084, 0x0084,
    0x0084, 0x0083, 0x0063, 0x0063, 0x0063, 0x0063, 0x0062, 0x0042, 0x0042, 0x0042, 0x0042, 0x0042,
    0x0042, 0x0042, 0x0021, 0x0041, 0x0041, 0x0041, 0x0041, 0x0041, 0x0021, 0x0041, 0x0021, 0x0021,
    0x0021, 0x0021, 0x0041, 0x0041, 0x0041, 0x0041, 0x0041, 0x0041, 0x0041, 0x0041, 0x0041, 0x0041,
    0x0041, 0x0041, 0x0041, 0x0041, 0x0041, 0x0041, 0x0041, 0x0041, 0x0041, 0x0041, 0x0041, 0x0041,
    0x0041, 0x0021, 0x0021, 0x0021, 0x0021, 0x0021, 0x0021, 0x0021, 0x0021, 0x0021, 0x0000, 0x0000,
    0x0000, 0x0000, 0x0000, 0x0000, 0x0000, 0x0000, 0x0000, 0x0000, 0x0000, 0x0000, 0x0000, 0x0000,
    0x0021, 0x0021, 0x0021, 0x0021, 0x0041, 0x0042, 0x0042, 0x0042, 0x0062, 0x0862, 0x0863, 0x0863,
    0x0883, 0x0884, 0x0884, 0x08A4, 0x08A5, 0x08A5, 0x10C5, 0x10E6, 0x10C5, 0x10A4, 0x10A4, 0x18C4,
    0x18E4, 0x18E4, 0x18E4, 0x18E3, 0x18E4, 0x18E4, 0x18E3, 0x18E3, 0x18E3, 0x1903, 0x1903, 0x18E3,
    0x1903, 0x1903, 0x1903, 0x1903, 0x1903, 0x1903, 0x1903, 0x1903, 0x1904, 0x1904, 0x1904, 0x1904,
    0x1904, 0x1904, 0x1904, 0x18E4, 0x10C4, 0x10A3, 0x0883, 0x0863, 0x08A4, 0x1106, 0x08E6, 0x08C5,
    0x08C5, 0x08A5, 0x08A5, 0x00A4, 0x00A4, 0x0084, 0x0084, 0x0083, 0x0083, 0x0083, 0x0063, 0x0062,
    0x0062, 0x0062, 0x0042, 0x0042, 0x0042, 0x0042, 0x0042, 0x0061, 0x0861, 0x0061, 0x0041, 0x0041,
    0x0861, 0x0861, 0x0041, 0x0041, 0x0041, 0x0041, 0x0041, 0x0041, 0x0041, 0x0041, 0x0041, 0x0041,
    0x0041, 0x0041, 0x0041, 0x0041, 0x0041, 0x0041, 0x0042, 0x0042, 0x0062, 0x0062, 0x0062, 0x0062,
    0x0062, 0x0062, 0x0862, 0x0863, 0x0083, 0x0883, 0x0883, 0x08A4, 0x08A4, 0x08A4, 0x08A4, 0x08C5,
    0x08C5, 0x10C5, 0x10E5, 0x1106, 0x10E5, 0x1082, 0x1082, 0x1082, 0x10A2, 0x10A3, 0x10C3, 0x10C3,
    0x10C3, 0x10C3, 0x10C3, 0x10E3, 0x18E3, 0x10C3, 0x18C3, 0x18E3, 0x10E3, 0x18E3, 0x18E3, 0x18E3,
    0x18E3, 0x18E3, 0x1903, 0x1903, 0x1903, 0x18E3, 0x1903, 0x18E3, 0x18E3, 0x10E3, 0x10E3, 0x10C3,
    0x10C3, 0x08A3, 0x08A4, 0x0863, 0x08C5, 0x0907, 0x08E6, 0x08C5, 0x08C5, 0x08A5, 0x00A5, 0x0084,
    0x0084, 0x0084, 0x0083, 0x0063, 0x0063, 0x0063, 0x0063, 0x0063, 0x0042, 0x0042, 0x0042, 0x0042,
    0x0042, 0x0042, 0x0042, 0x0042, 0x0041, 0x0041, 0x0041, 0x0041, 0x0041, 0x0041, 0x0041, 0x0041,
    0x0041, 0x0041, 0x0041, 0x0041, 0x0041, 0x0041, 0x0041, 0x0041, 0x0041, 0x0041, 0x0041, 0x0041,
    0x0041, 0x0041, 0x0041, 0x0041, 0x0041, 0x0041, 0x0041, 0x0041, 0x0041, 0x0041, 0x0041, 0x0041,
    0x0041, 0x0041, 0x0021, 0x0021, 0x0021, 0x0021, 0x0021, 0x0021, 0x0021, 0x0021, 0x0021, 0x0021,
    0x0000, 0x0000, 0x0000, 0x0000, 0x0000, 0x0000, 0x0000, 0x0000, 0x0000, 0x0000, 0x0001, 0x0021,
    0x0021, 0x0021, 0x0021, 0x0021, 0x0042, 0x0042, 0x0042, 0x0062, 0x0863, 0x0863, 0x0863, 0x0883,
    0x0884, 0x0884, 0x08A4, 0x08A5, 0x08C5, 0x10C5, 0x10E6, 0x0842, 0x0066, 0x014C, 0x014B, 0x012B,
    0x012B, 0x014B, 0x014C, 0x014C, 0x012C, 0x012C, 0x014D, 0x016D, 0x018E, 0x016E, 0x016E, 0x016E,
    0x016E, 0x016E, 0x016E, 0x018F, 0x01AF, 0x01AF, 0x01AF, 0x01CF, 0x01CF, 0x01CF, 0x01EF, 0x0A2F,
    0x0A2F, 0x0A2F, 0x126F, 0x1A8F, 0x22AE, 0x2ACF, 0x32EE, 0x332F, 0x0084, 0x0063, 0x0928, 0x08C6,
    0x08C6, 0x00C5, 0x00A5, 0x00A5, 0x00A4, 0x0084, 0x0084, 0x0084, 0x0083, 0x0083, 0x0063, 0x0063,
    0x0062, 0x0062, 0x0062, 0x0062, 0x0062, 0x0862, 0x0862, 0x0862, 0x0862, 0x0861, 0x0861, 0x0861,
    0x0861, 0x0861, 0x0861, 0x0061, 0x0041, 0x0041, 0x0041, 0x0041, 0x0041, 0x0041, 0x0041, 0x0041,
    0x0041, 0x0041, 0x0041, 0x0042, 0x0042, 0x0042, 0x0062, 0x0062, 0x0062, 0x0062, 0x0062, 0x0062,
    0x0062, 0x0862, 0x0883, 0x0883, 0x0883, 0x0883, 0x08A3, 0x08A4, 0x08A4, 0x08C4, 0x08C4, 0x08C5,
    0x10C5, 0x10E5, 0x1127, 0x0883, 0x0044, 0x018E, 0x01AF, 0x018E, 0x018F, 0x018F, 0x018F, 0x018F,
    0x018F, 0x018F, 0x016F, 0x018F, 0x018F, 0x018F, 0x018F, 0x01AF, 0x01AF, 0x018F, 0x01AF, 0x01CF,
    0x01AF, 0x01AF, 0x01AF, 0x01AF, 0x01EF, 0x01EF, 0x0A0F, 0x0A2F, 0x1A6F, 0x22AE, 0x2ACF, 0x32EE,
    0x32EE, 0x3B0E, 0x3B0E, 0x228E, 0x0023, 0x08A5, 0x0907, 0x08C6, 0x08C6, 0x00C5, 0x00A5, 0x00A5,
    0x0084, 0x0084, 0x0084, 0x0084, 0x0083, 0x0063, 0x0063, 0x0063, 0x0063, 0x0062, 0x0042, 0x0042,
    0x0042, 0x0042, 0x0042, 0x0042, 0x0042, 0x0042, 0x0042, 0x0041, 0x0041, 0x0041, 0x0041, 0x0041,
    0x0042, 0x0042, 0x0042, 0x0042, 0x0042, 0x0042, 0x0042, 0x0042, 0x0062, 0x0062, 0x0042, 0x0062,
    0x0062, 0x0062, 0x0062, 0x0062, 0x0062, 0x0062, 0x0062, 0x0062, 0x0042, 0x0042, 0x0042, 0x0042,
    0x0041, 0x0041, 0x0041, 0x0041, 0x0041, 0x0021, 0x0021, 0x0021, 0x0021, 0x0021, 0x0021, 0x0021,
    0x0000, 0x0000, 0x0000, 0x0000, 0x0000, 0x0000, 0x0000, 0x0000, 0x0000, 0x0000, 0x0021, 0x0021,
    0x0021, 0x0021, 0x0021, 0x0041, 0x0042, 0x0042, 0x0862, 0x0862, 0x0863, 0x0863, 0x0883, 0x0883,
    0x0884, 0x08A4, 0x08A5, 0x08A5, 0x10C5, 0x1107, 0x0841, 0x00CB, 0x0193, 0x00AB, 0x00CB, 0x008A,
    0x008A, 0x008A, 0x006A, 0x006A, 0x0049, 0x0049, 0x0049, 0x0068, 0x0068, 0x0048, 0x0047, 0x0047,
    0x0047, 0x0067, 0x0067, 0x0066, 0x0066, 0x0066, 0x0086, 0x0085, 0x00A5, 0x00A5, 0x00A5, 0x00A4,
    0x00C4, 0x00C4, 0x00E4, 0x08E4, 0x1103, 0x1104, 0x1945, 0x1105, 0x0001, 0x0000, 0x08E7, 0x0907,
    0x00C6, 0x00C6, 0x00A5, 0x00A5, 0x00A5, 0x00A4, 0x00A4, 0x0084, 0x0084, 0x0083, 0x0083, 0x0063,
    0x0063, 0x0063, 0x0062, 0x0062, 0x0862, 0x0862, 0x0862, 0x0862, 0x0862, 0x0862, 0x0862, 0x0862,
    0x0861, 0x0862, 0x0862, 0x0862, 0x0862, 0x0862, 0x0062, 0x0062, 0x0062, 0x0062, 0x0042, 0x0042,
    0x0042, 0x0042, 0x0042, 0x0062, 0x0062, 0x0062, 0x0062, 0x0062, 0x0062, 0x0862, 0x0862, 0x0882,
    0x0883, 0x0883, 0x0883, 0x0883, 0x08A3, 0x08A4, 0x08A4, 0x08A4, 0x08C4, 0x08C5, 0x08C5, 0x10C5,
    0x10E5, 0x1127, 0x1082, 0x0087, 0x01B3, 0x0088, 0x0067, 0x0047, 0x0047, 0x0047, 0x0046, 0x0046,
    0x0047, 0x0047, 0x0026, 0x0046, 0x0047, 0x0047, 0x0046, 0x0047, 0x0066, 0x0066, 0x0066, 0x0066,
    0x0066, 0x0066, 0x0066, 0x0066, 0x0086, 0x00A6, 0x00A6, 0x00C6, 0x00E6, 0x0106, 0x0906, 0x0926,
    0x1125, 0x1126, 0x1986, 0x1146, 0x0002, 0x0002, 0x0908, 0x08E7, 0x00C6, 0x00C6, 0x00A5, 0x00A5,
    0x00A5, 0x0084, 0x0084, 0x0084, 0x0084, 0x0083, 0x0063, 0x0063, 0x0063, 0x0063, 0x0062, 0x0062,
    0x0062, 0x0042, 0x0042, 0x0042, 0x0062, 0x0062, 0x0062, 0x0062, 0x0062, 0x0062, 0x0042, 0x0042,
    0x0042, 0x0062, 0x0042, 0x0062, 0x0062, 0x0062, 0x0062, 0x0062, 0x0062, 0x0062, 0x0062, 0x0062,
    0x0062, 0x0062, 0x0862, 0x0862, 0x0062, 0x0862, 0x0862, 0x0062, 0x0062, 0x0062, 0x0062, 0x0062,
    0x0042, 0x0042, 0x0042, 0x0042, 0x0041, 0x0041, 0x0041, 0x0021, 0x0021, 0x0021, 0x0021, 0x0021,
    0x0000, 0x0000, 0x0000, 0x0000, 0x0000, 0x0000, 0x0000, 0x0000, 0x0000, 0x0021, 0x0021, 0x0021,
    0x0021, 0x0041, 0x0041, 0x0042, 0x0042, 0x0062, 0x0862, 0x0863, 0x0883, 0x0883, 0x0883, 0x08A4,
    0x08A4, 0x08A4, 0x08C5, 0x08C5, 0x1106, 0x0861, 0x00A9, 0x0173, 0x0800, 0x7B05, 0x8B25, 0x8B46,
    0x8B85, 0x8B84, 0x9403, 0x9403, 0x93C5, 0x9C64, 0x9C64, 0x9C85, 0x9C65, 0xA4A5, 0xA4C4, 0xACE4,
    0xAD04, 0xAD05, 0xB524, 0xB525, 0xBD45, 0xBD65, 0xBD65, 0xC586, 0xC5A6, 0xCDC7, 0xCDC8, 0xCDC8,
    0xCDE8, 0xD629, 0xCE09, 0xD609, 0xD62B, 0xDE8C, 0x9422, 0x0000, 0x1314, 0x00A5, 0x0043, 0x0929,
    0x00E7, 0x00C6, 0x00C5, 0x00A5, 0x00A5, 0x00A5, 0x00A4, 0x00A4, 0x08A4, 0x0083, 0x0083, 0x0083,
    0x0883, 0x0883, 0x0863, 0x0882, 0x0862, 0x0882, 0x0882, 0x0882, 0x0882, 0x0882, 0x0882, 0x0882,
    0x0882, 0x0862, 0x0862, 0x0862, 0x0862, 0x0862, 0x0062, 0x0062, 0x0062, 0x0062, 0x0062, 0x0062,
    0x0062, 0x0042, 0x0062, 0x0062, 0x0062, 0x0062, 0x0062, 0x0862, 0x0882, 0x0883, 0x0883, 0x0883,
    0x0883, 0x0883, 0x08A3, 0x08A3, 0x08A4, 0x08A4, 0x08C4, 0x08C4, 0x08C4, 0x08C5, 0x08E5, 0x10E5,
    0x1126, 0x0861, 0x00A9, 0x01B4, 0x0002, 0x7303, 0x9C24, 0x9404, 0x9C46, 0x9C46, 0x9C66, 0x9C86,
    0x9C86, 0xA4A5, 0x9C85, 0xA485, 0xA485, 0x9C84, 0xA4C5, 0xA4A5, 0xA4C5, 0xACC6, 0xACC5, 0xACE5,
    0xACE6, 0xACE6, 0xAD06, 0xB506, 0xB506, 0xB506, 0xB505, 0xB4E6, 0xB506, 0xB506, 0xB506, 0xB547,
    0xB529, 0xB567, 0x5A60, 0x0000, 0x1B34, 0x0022, 0x0064, 0x0129, 0x00E7, 0x00C6, 0x00C6, 0x00A5,
    0x00A5, 0x00A5, 0x00A4, 0x0084, 0x0084, 0x0084, 0x0083, 0x0063, 0x0063, 0x0063, 0x0063, 0x0063,
    0x0063, 0x0062, 0x0062, 0x0062, 0x0062, 0x0062, 0x0062, 0x0062, 0x0062, 0x0062, 0x0062, 0x0062,
    0x0062, 0x0062, 0x0062, 0x0062, 0x0062, 0x0062, 0x0062, 0x0062, 0x0062, 0x0062, 0x0062, 0x0062,
    0x0062, 0x0062, 0x0862, 0x0862, 0x0862, 0x0862, 0x0862, 0x0862, 0x0862, 0x0862, 0x0062, 0x0062,
    0x0062, 0x0062, 0x0042, 0x0042, 0x0042, 0x0042, 0x0042, 0x0041, 0x0041, 0x0021, 0x0021, 0x0021,
    0x0000, 0x0000, 0x0000, 0x0000, 0x0000, 0x0000, 0x0000, 0x0020, 0x0021, 0x0021, 0x0021, 0x0021,
    0x0041, 0x0041, 0x0042, 0x0042, 0x0062, 0x0862, 0x0863, 0x0883, 0x0883, 0x0883, 0x08A4, 0x08A4,
    0x08A4, 0x08A5, 0x08C5, 0x10E6, 0x10A3, 0x0067, 0x0194, 0x0021, 0xB46C, 0xF48B, 0xF4E8, 0xFD6A,
    0xF508, 0xFDA8, 0xFE48, 0xFD88, 0xFE8A, 0xFF28, 0xFEE8, 0xFF09, 0xFDE9, 0xFE89, 0xFE89, 0xFEA9,
    0xFEC8, 0xFF28, 0xFF28, 0xFF68, 0xFFC9, 0xFFEA, 0xFFEA, 0xFFED, 0xFFEF, 0xFFF2, 0xFFF4, 0xFFF6,
    0xFFFA, 0xFFFD, 0xFFFF, 0xFFFF, 0xFFFF, 0xFF89, 0x3140, 0x004A, 0x0C5F, 0x0B73, 0x0000, 0x00E8,
    0x0108, 0x00C6, 0x00C6, 0x00C6, 0x00C5, 0x08A5, 0x08A5, 0x08A4, 0x08A4, 0x0884, 0x0883, 0x0883,
    0x0883, 0x0883, 0x0883, 0x0883, 0x0883, 0x0883, 0x0883, 0x0882, 0x0882, 0x0882, 0x0882, 0x0882,
    0x0882, 0x0882, 0x0882, 0x0882, 0x0882, 0x0862, 0x0862, 0x0862, 0x0862, 0x0062, 0x0062, 0x0062,
    0x0062, 0x0042, 0x0062, 0x0062, 0x0062, 0x0862, 0x0882, 0x0883, 0x0883, 0x0883, 0x0883, 0x0883,
    0x08A3, 0x08A3, 0x08A3, 0x08A4, 0x08C4, 0x08C4, 0x08C4, 0x08C4, 0x08C5, 0x10E5, 0x10E5, 0x1106,
    0x10A3, 0x00A8, 0x01B3, 0x0001, 0x9C67, 0xFEAB, 0xFCE5, 0xFD66, 0xFDC7, 0xFF28, 0xFE08, 0xFEE8,
    0xFEA8, 0xFEC8, 0xFF88, 0xFF68, 0xFE68, 0xFE89, 0xFEA8, 0xFF29, 0xFF89, 0xFFC9, 0xFFC9, 0xFFE9,
    0xFFEA, 0xFFED, 0xFFEE, 0xFFF0, 0xFFF3, 0xFFF5, 0xFFF7, 0xFFF9, 0xFFFD, 0xFFFF, 0xFFFF, 0xFFFF,
    0xFFFB, 0xEEA5, 0x18A0, 0x00CE, 0x2D3F, 0x1B10, 0x0000, 0x0109, 0x0108, 0x00C7, 0x00C6, 0x00A6,
    0x00A5, 0x00A5, 0x00A5, 0x00A4, 0x0084, 0x0084, 0x0084, 0x0084, 0x0083, 0x0083, 0x0083, 0x0063,
    0x0063, 0x0063, 0x0063, 0x0063, 0x0062, 0x0062, 0x0062, 0x0062, 0x0062, 0x0062, 0x0062, 0x0062,
    0x0062, 0x0062, 0x0062, 0x0062, 0x0062, 0x0062, 0x0062, 0x0062, 0x0062, 0x0882, 0x0882, 0x0882,
    0x0882, 0x0882, 0x0882, 0x0882, 0x0882, 0x0882, 0x0882, 0x0882, 0x0862, 0x0862, 0x0862, 0x0862,
    0x0062, 0x0062, 0x0062, 0x0062, 0x0042, 0x0042, 0x0042, 0x0042, 0x0042, 0x0042, 0x0041, 0x0021,
    0x0000, 0x0000, 0x0000, 0x0000, 0x0000, 0x0000, 0x0020, 0x0021, 0x0021, 0x0021, 0x0021, 0x0041,
    0x0021, 0x0042, 0x0042, 0x0062, 0x0862, 0x0862, 0x0883, 0x0883, 0x0883, 0x08A4, 0x08A4, 0x08A4,
    0x08C5, 0x10C5, 0x10E5, 0x1926, 0x0841, 0x01B3, 0x0003, 0x9B67, 0xFD65, 0xDAA0, 0xD340, 0xAA00,
    0xEC00, 0xFD20, 0xDB00, 0xF480, 0xFCE0, 0xEC40, 0xF4A0, 0xF460, 0xEC00, 0xDB40, 0xF4E0, 0xECC0,
    0xFD60, 0xFDE0, 0xFE00, 0xFE20, 0xFE80, 0xFE80, 0xFEC0, 0xFEE0, 0xFEE0, 0xFF00, 0xFF21, 0xFF43,
    0xFF66, 0xFF88, 0xFF87, 0xFF93, 0xFFED, 0x7B40, 0x0002, 0x01F8, 0x021C, 0x04BF, 0x0106, 0x0002,
    0x0109, 0x00E7, 0x00C6, 0x00A6, 0x00C5, 0x08A5, 0x08A5, 0x08A4, 0x08A4, 0x08A4, 0x08A4, 0x08A4,
    0x08A3, 0x0883, 0x0883, 0x0883, 0x08A3, 0x08A3, 0x08A3, 0x08A3, 0x08A3, 0x08A3, 0x08A2, 0x0882,
    0x0882, 0x0882, 0x0882, 0x0882, 0x0882, 0x0882, 0x0882, 0x0882, 0x0862, 0x0862, 0x0862, 0x0062,
    0x0062, 0x0062, 0x0062, 0x0062, 0x0883, 0x0883, 0x0883, 0x0883, 0x0883, 0x0883, 0x08A3, 0x08A3,
    0x08A3, 0x08A3, 0x08A4, 0x08C4, 0x08C4, 0x08C4, 0x08C4, 0x10C5, 0x10E5, 0x10E5, 0x1106, 0x1926,
    0x0042, 0x01D4, 0x0001, 0x9C07, 0xFE44, 0xF460, 0xFD20, 0xEC80, 0xF520, 0xF4E0, 0xF4A0, 0xF520,
    0xFDA0, 0xF500, 0xF640, 0xF580, 0xF500, 0xF580, 0xFDE0, 0xFE20, 0xFE40, 0xFE40, 0xFE40, 0xFE80,
    0xFEA0, 0xFEA0, 0xFEC0, 0xFEE0, 0xFF00, 0xFF00, 0xFF22, 0xFF44, 0xFF67, 0xFFA9, 0xFF8A, 0xFFB5,
    0xFF85, 0x51E0, 0x0005, 0x025C, 0x029E, 0x251F, 0x00A5, 0x0023, 0x012A, 0x00E7, 0x00C6, 0x00C6,
    0x00A5, 0x08A5, 0x00A5, 0x08A5, 0x08A4, 0x0084, 0x0084, 0x0084, 0x0084, 0x0084, 0x0083, 0x0083,
    0x0083, 0x0083, 0x0083, 0x0083, 0x0883, 0x0883, 0x0883, 0x0883, 0x0862, 0x0062, 0x0062, 0x0062,
    0x0062, 0x0062, 0x0062, 0x0062, 0x0082, 0x0083, 0x0883, 0x0883, 0x0882, 0x0883, 0x0883, 0x0883,
    0x0883, 0x0883, 0x0883, 0x0883, 0x0883, 0x0883, 0x0883, 0x0883, 0x0883, 0x0882, 0x0882, 0x0862,
    0x0862, 0x0862, 0x0062, 0x0062, 0x0062, 0x0042, 0x0042, 0x0042, 0x0042, 0x0042, 0x0042, 0x0042,
    0x0000, 0x0000, 0x0000, 0x0000, 0x0000, 0x0020, 0x0021, 0x0021, 0x0021, 0x0021, 0x0041, 0x0041,
    0x0041, 0x0042, 0x0062, 0x0862, 0x0862, 0x0863, 0x0863, 0x0883, 0x08A3, 0x08A4, 0x08A4, 0x08C4,
    0x08C5, 0x10C5, 0x1106, 0x18C3, 0x00A7, 0x00EE, 0x39A1, 0xFD25, 0xE340, 0xE3C0, 0xD3C0, 0x9AC0,
    0xED20, 0xFD80, 0xFD60, 0xFDA0, 0xF4E0, 0xFDC0, 0xF581, 0xECA0, 0xF520, 0xFDE0, 0xFE20, 0xFE00,
    0xFE60, 0xFE60, 0xFE80, 0xFE80, 0xFE80, 0xFE80, 0xFE80, 0xFEA0, 0xFEC0, 0xFEC0, 0xFEE1, 0xFEE1,
    0xFEE2, 0xFF01, 0xFF02, 0xFFED, 0xD5A0, 0x0000, 0x0130, 0x023B, 0x01FA, 0x031F, 0x03B7, 0x0000,
    0x00A6, 0x00E8, 0x00C6, 0x00C6, 0x08C6, 0x08C5, 0x08C5, 0x08C5, 0x08A4, 0x08A4, 0x08A4, 0x08A4,
    0x08A4, 0x08A3, 0x08A3, 0x08A3, 0x08A3, 0x08A3, 0x08A3, 0x08A3, 0x08A3, 0x08A3, 0x08A3, 0x08A3,
    0x08A3, 0x08A3, 0x08A3, 0x08A3, 0x08A3, 0x0883, 0x0882, 0x0882, 0x0882, 0x0882, 0x0882, 0x0883,
    0x0883, 0x0883, 0x0883, 0x0883, 0x0883, 0x0883, 0x0883, 0x08A3, 0x08A3, 0x08A3, 0x08A3, 0x08A4,
    0x08A4, 0x08A4, 0x08C4, 0x08C4, 0x08C4, 0x08C4, 0x10E5, 0x10E5, 0x10E5, 0x10E6, 0x1926, 0x10A2,
    0x010B, 0x00AC, 0x4201, 0xFE86, 0xF460, 0xFDE0, 0xFE20, 0xE480, 0xFE00, 0xECA0, 0xFE00, 0xED40,
    0xFE80, 0xFE20, 0xFE80, 0xED80, 0xFE60, 0xFEC0, 0xFEA0, 0xFEA0, 0xFE80, 0xFE60, 0xFE80, 0xFEA0,
    0xFE80, 0xFEA0, 0xFEC0, 0xFEC0, 0xFEC0, 0xFEC0, 0xFEC0, 0xFEE1, 0xFEE1, 0xFF00, 0xFF47, 0xFFEC,
    0xB4A0, 0x0000, 0x0194, 0x025C, 0x021B, 0x037F, 0x0395, 0x0000, 0x00A6, 0x00E8, 0x00C6, 0x00C6,
    0x00C6, 0x08C5, 0x08C5, 0x08A5, 0x08A5, 0x08A4, 0x08A4, 0x0084, 0x0084, 0x0084, 0x0084, 0x0883,
    0x0883, 0x0883, 0x0883, 0x0883, 0x0883, 0x0883, 0x0883, 0x0883, 0x0883, 0x0883, 0x0883, 0x0883,
    0x0883, 0x0883, 0x0883, 0x0883, 0x0883, 0x0883, 0x0883, 0x0883, 0x0883, 0x08A3, 0x08A3, 0x08A3,
    0x08A3, 0x08A3, 0x08A3, 0x08A3, 0x08A3, 0x08A3, 0x08A3, 0x08A3, 0x0883, 0x0883, 0x0883, 0x0883,
    0x0883, 0x0883, 0x0883, 0x0863, 0x0062, 0x0062, 0x0062, 0x0062, 0x0042, 0x0042, 0x0042, 0x0042,
    0x0000, 0x0000, 0x0000, 0x0000, 0x0020, 0x0021, 0x0021, 0x0021, 0x0021, 0x0041, 0x0041, 0x0041,
    0x0042, 0x0042, 0x0862, 0x0862, 0x0882, 0x0883, 0x0883, 0x08A3, 0x08A4, 0x08C4, 0x10C4, 0x10C5,
    0x08C5, 0x10E5, 0x1926, 0x0861, 0x0171, 0x0005, 0xAC45, 0xF481, 0xDC20, 0xD3A0, 0xD400, 0xF540,
    0xFDA0, 0xFE00, 0xF5A0, 0xFE00, 0xF600, 0xFF00, 0xDD41, 0xD480, 0xFE20, 0xFE40, 0xFE80, 0xFEA0,
    0xFEA0, 0xFEC0, 0xFEC0, 0xFEC0, 0xFEA0, 0xFEA0, 0xFEA0, 0xFEC0, 0xFEC0, 0xFEC0, 0xFEC0, 0xFEC0,
    0xFEC0, 0xFEC0, 0xFF4A, 0xFF67, 0x4160, 0x0047, 0x01F7, 0x01D6, 0x01F8, 0x021C, 0x037E, 0x0083,
    0x0044, 0x0109, 0x00C6, 0x08C6, 0x08C6, 0x08C5, 0x08C5, 0x08C5, 0x08C5, 0x08C4, 0x08A4, 0x08A4,
    0x08A4, 0x08A4, 0x08A3, 0x08A4, 0x08A3, 0x08A3, 0x08A3, 0x08C3, 0x10C3, 0x10C3, 0x10C3, 0x10C3,
    0x08C3, 0x10A3, 0x08A3, 0x08A3, 0x08A3, 0x08A3, 0x0883, 0x0882, 0x0883, 0x0883, 0x0883, 0x0883,
    0x0883, 0x0883, 0x0883, 0x0883, 0x08A3, 0x08A3, 0x08A3, 0x08A4, 0x08A4, 0x08A4, 0x08A4, 0x08C4,
    0x08C4, 0x08C4, 0x08C4, 0x10C4, 0x10E5, 0x10E5, 0x10E5, 0x10E5, 0x10E6, 0x1106, 0x1946, 0x0041,
    0x01B4, 0x0023, 0xBD00, 0xFE00, 0xF620, 0xFE40, 0xFE20, 0xF5E0, 0xFE60, 0xF5E0, 0xFEC0, 0xFE80,
    0xFEA0, 0xFEC0, 0xFEC0, 0xFEE0, 0xFEC0, 0xFEC0, 0xFEC0, 0xFEC0, 0xFEA0, 0xFEA0, 0xFEA0, 0xFEA0,
    0xFEA0, 0xFEA0, 0xFEC0, 0xFEC0, 0xFEC0, 0xFEC0, 0xFEC0, 0xFEE0, 0xFEE0, 0xFEC0, 0xFFCF, 0xF6C3,
    0x18A0, 0x00AA, 0x01F8, 0x01D7, 0x021A, 0x025E, 0x041F, 0x00A4, 0x0023, 0x0108, 0x00C6, 0x00C6,
    0x08C6, 0x08C6, 0x08C5, 0x08C5, 0x08A5, 0x08A5, 0x08A4, 0x08A4, 0x08A4, 0x08A4, 0x0884, 0x0884,
    0x0884, 0x0884, 0x08A4, 0x08A3, 0x0883, 0x0883, 0x0883, 0x0883, 0x0883, 0x0883, 0x0883, 0x0883,
    0x0083, 0x0883, 0x0883, 0x0883, 0x0883, 0x0883, 0x08A3, 0x08A3, 0x08A3, 0x08A3, 0x08A3, 0x08A3,
    0x08A3, 0x08A3, 0x08A3, 0x08A3, 0x08A3, 0x08A3, 0x08A3, 0x08A3, 0x08A3, 0x08A3, 0x08A3, 0x0883,
    0x0883, 0x0883, 0x0883, 0x0883, 0x0883, 0x0063, 0x0063, 0x0062, 0x0062, 0x0062, 0x0042, 0x0042,
    0x0000, 0x0000, 0x0020, 0x0020, 0x0021, 0x0021, 0x0021, 0x0021, 0x0021, 0x0041, 0x0041, 0x0042,
    0x0042, 0x0062, 0x0862, 0x0882, 0x0863, 0x0883, 0x0883, 0x08A3, 0x08A4, 0x10C4, 0x10C5, 0x10E5,
    0x10E5, 0x1106, 0x1904, 0x0086, 0x0110, 0x3100, 0xFD65, 0xE420, 0xED20, 0xC320, 0xD3E0, 0xFDA0,
    0xF5C0, 0xF600, 0xEDA0, 0xEDE0, 0xFE80, 0xE5E0, 0xD500, 0xF640, 0xFEA0, 0xFE80, 0xF640, 0xFEA0,
    0xFEC0, 0xFEC0, 0xFEE0, 0xFEE0, 0xFEC0, 0xFEC0, 0xFEC0, 0xFEC0, 0xFEE0, 0xFEE0, 0xFEE0, 0xFEE0,
    0xFEE0, 0xFEE1, 0xFFE8, 0x9B60, 0x0001, 0x0193, 0x01B5, 0x01D6, 0x01F7, 0x023C, 0x00ED, 0x0000,
    0x00C7, 0x00E8, 0x00C6, 0x08C6, 0x08C6, 0x08C6, 0x08C5, 0x08C5, 0x08C5, 0x08C5, 0x08C4, 0x08C4,
    0x08C4, 0x08C4, 0x08C4, 0x08C4, 0x08C4, 0x08C4, 0x10C4, 0x10C4, 0x10C4, 0x10C3, 0x10C3, 0x10C3,
    0x10C3, 0x10C3, 0x10C3, 0x10C3, 0x08C3, 0x08A3, 0x08A3, 0x08A3, 0x08A3, 0x08A3, 0x08A3, 0x08A3,
    0x08A3, 0x0883, 0x08A3, 0x08A3, 0x08A3, 0x08A3, 0x08A4, 0x08C4, 0x08C4, 0x08C4, 0x08C4, 0x08C4,
    0x08C4, 0x08C4, 0x10E4, 0x10E5, 0x10E5, 0x10E5, 0x10E5, 0x1105, 0x1106, 0x1947, 0x18E3, 0x00C9,
    0x00CF, 0x41C0, 0xFF01, 0xFE40, 0xFE80, 0xFE60, 0xFE00, 0xFEA0, 0xF680, 0xFEA0, 0xFEC0, 0xFEA0,
    0xFEC0, 0xFEC0, 0xFEC0, 0xFEC0, 0xFEE0, 0xFEC0, 0xFEE0, 0xFEE0, 0xFEE0, 0xFEE0, 0xFEC0, 0xFEC0,
    0xFEE0, 0xFEE0, 0xFEC0, 0xFEE0, 0xFEE0, 0xFEC0, 0xFEE0, 0xFF00, 0xFEC0, 0xFF25, 0xFFC8, 0x6A60,
    0x0003, 0x01D6, 0x01B6, 0x01D7, 0x01F8, 0x027D, 0x0191, 0x0000, 0x00A7, 0x00E8, 0x08C6, 0x08C6,
    0x08C6, 0x08C6, 0x08C6, 0x08C5, 0x08C5, 0x08C5, 0x08A5, 0x08A4, 0x08A4, 0x08A4, 0x08A4, 0x08A4,
    0x08A4, 0x08A4, 0x08A4, 0x08A4, 0x08A4, 0x08A4, 0x08A4, 0x08A3, 0x08A3, 0x08A3, 0x08A3, 0x08A3,
    0x08A3, 0x08A3, 0x08A3, 0x08A4, 0x08A4, 0x08A4, 0x08A4, 0x08A4, 0x08A4, 0x08A4, 0x08C4, 0x08C4,
    0x08C4, 0x08C4, 0x08C4, 0x08C4, 0x08C4, 0x08C4, 0x08C4, 0x08C4, 0x08C4, 0x08A4, 0x08A3, 0x08A3,
    0x08A3, 0x08A3, 0x0883, 0x0883, 0x0883, 0x0883, 0x0063, 0x0063, 0x0063, 0x0063, 0x0063, 0x0062,
    0x0000, 0x0020, 0x0020, 0x0021, 0x0001, 0x0021, 0x0021, 0x0021, 0x0041, 0x0041, 0x0041, 0x0062,
    0x0062, 0x0862, 0x0862, 0x0883, 0x0883, 0x0883, 0x08A3, 0x08A4, 0x10C4, 0x10C4, 0x10E5, 0x10E5,
    0x10E5, 0x1946, 0x0861, 0x0150, 0x0006, 0x9BE1, 0xFDC0, 0xFE60, 0xFE60, 0xDC60, 0xFD80, 0xFE00,
    0xEDA0, 0xF6A0, 0xEE60, 0xEE00, 0xF620, 0xD5C0, 0xC500, 0xFF20, 0xFEA0, 0xFF00, 0xFEA0, 0xFF00,
    0xFEE0, 0xFEC0, 0xFF00, 0xFEE0, 0xFF00, 0xFEE0, 0xFEE0, 0xFEE0, 0xFEE0, 0xFF00, 0xFF00, 0xFF00,
    0xFEE0, 0xFFA4, 0xEE23, 0x1020, 0x00AC, 0x0193, 0x0173, 0x01B4, 0x01F8, 0x01B5, 0x0000, 0x0065,
    0x00E9, 0x00C7, 0x08C7, 0x08E6, 0x08E6, 0x08E6, 0x08E6, 0x08E5, 0x08E5, 0x08C5, 0x08C5, 0x08C5,
    0x08C4, 0x08C4, 0x08C4, 0x10C4, 0x10C4, 0x10C4, 0x10C4, 0x10E4, 0x10E4, 0x10E4, 0x10E4, 0x10C4,
    0x10C4, 0x10C4, 0x10C4, 0x08C4, 0x10C4, 0x10C3, 0x08C3, 0x08A3, 0x08A3, 0x08A3, 0x08A3, 0x08A3,
    0x08A3, 0x08A3, 0x08A4, 0x08A4, 0x08A4, 0x08C4, 0x08C4, 0x08C4, 0x08C4, 0x08C4, 0x08C4, 0x08E4,
    0x10E5, 0x10E5, 0x10E5, 0x10E5, 0x10E5, 0x1105, 0x1105, 0x1106, 0x1106, 0x1967, 0x0861, 0x0193,
    0x0004, 0xB4E1, 0xFEE0, 0xFEC0, 0xFEA0, 0xFEC0, 0xFEE0, 0xFF41, 0xFF00, 0xFF00, 0xFEE0, 0xFEE0,
    0xFF20, 0xFF20, 0xFEE0, 0xFF00, 0xFF00, 0xFEE0, 0xFF00, 0xFF00, 0xFF00, 0xFF00, 0xFF00, 0xFEE0,
    0xFEE0, 0xFEE0, 0xFEE0, 0xFF00, 0xFEE0, 0xFEE0, 0xFF00, 0xFF00, 0xFEE0, 0xFFC9, 0xC4E1, 0x0000,
    0x0150, 0x01B5, 0x0194, 0x01B5, 0x01F8, 0x01F8, 0x0001, 0x0043, 0x0109, 0x00C7, 0x08E7, 0x08E6,
    0x08E6, 0x08C6, 0x08C6, 0x08C6, 0x08C5, 0x08C5, 0x08C5, 0x08C5, 0x08A5, 0x08A4, 0x08A4, 0x08A4,
    0x08A4, 0x08A4, 0x08A4, 0x08A4, 0x08A4, 0x08A4, 0x08A4, 0x08A4, 0x08A4, 0x08A4, 0x08A4, 0x08A4,
    0x08A4, 0x08A4, 0x08A4, 0x08A4, 0x08A4, 0x08A4, 0x08A4, 0x08A4, 0x08C4, 0x08C4, 0x08C4, 0x08C4,
    0x08C4, 0x08C4, 0x08C4, 0x08C4, 0x08C4, 0x08C4, 0x08C4, 0x08C4, 0x08C4, 0x08C4, 0x08C4, 0x08C4,
    0x08A4, 0x08A4, 0x08A3, 0x08A3, 0x0883, 0x0883, 0x0883, 0x0063, 0x0063, 0x0063, 0x0063, 0x0063,
    0x0000, 0x0020, 0x0021, 0x0021, 0x0021, 0x0021, 0x0021, 0x0041, 0x0041, 0x0042, 0x0042, 0x0062,
    0x0862, 0x0862, 0x0882, 0x0883, 0x0883, 0x08A3, 0x08A4, 0x10C4, 0x10C4, 0x10E5, 0x10E5, 0x10E5,
    0x1926, 0x1924, 0x0085, 0x0112, 0x2940, 0xF662, 0xF5A0, 0xF620, 0xF5E0, 0xFE20, 0xFE20, 0xF640,
    0xF680, 0xFEE0, 0xFEE0, 0xDD80, 0xF681, 0xB4A0, 0xD5C0, 0xFF40, 0xFF00, 0xFEE0, 0xFF20, 0xF6C0,
    0xFF20, 0xFF20, 0xFF20, 0xFF20, 0xFF00, 0xFF00, 0xFF20, 0xFF20, 0xFF20, 0xFF20, 0xFF00, 0xFF00,
    0xFF20, 0xFF44, 0x5980, 0x0005, 0x0173, 0x0151, 0x0172, 0x0194, 0x01B6, 0x0045, 0x0001, 0x00E9,
    0x00E8, 0x08E7, 0x08E7, 0x08E6, 0x08E6, 0x08E6, 0x08E6, 0x08E5, 0x08E5, 0x08E5, 0x10E5, 0x08E5,
    0x10E5, 0x10E5, 0x10E5, 0x10E4, 0x10E4, 0x10E4, 0x10E4, 0x10E4, 0x10E4, 0x10E4, 0x10E4, 0x10E4,
    0x10E4, 0x10E4, 0x10E4, 0x10E4, 0x10E4, 0x10C4, 0x10C4, 0x08C4, 0x08C4, 0x08C4, 0x08C4, 0x08C4,
    0x08C4, 0x08C4, 0x08C4, 0x08C4, 0x08C4, 0x08C4, 0x08C4, 0x08E4, 0x10E5, 0x10E5, 0x10E5, 0x10E5,
    0x10E5, 0x10E5, 0x1105, 0x1105, 0x1105, 0x1106, 0x1106, 0x1106, 0x1947, 0x1903, 0x00A8, 0x0110,
    0x3140, 0xFF04, 0xFE60, 0xFEE0, 0xFEA0, 0xFEC0, 0xFF20, 0xFF00, 0xFF00, 0xFF00, 0xFEE0, 0xFF00,
    0xFF40, 0xFF00, 0xFF00, 0xFF00, 0xFEE0, 0xFEE0, 0xFF00, 0xFF00, 0xFF00, 0xFF00, 0xFF20, 0xF6C0,
    0xFEE0, 0xFF00, 0xFF00, 0xFF00, 0xFF00, 0xFF00, 0xFF00, 0xFEE0, 0xFF64, 0xFEC5, 0x30E0, 0x0069,
    0x01B4, 0x0172, 0x0193, 0x01B4, 0x01F8, 0x0088, 0x0000, 0x00E9, 0x00E8, 0x00C7, 0x08E7, 0x08E7,
    0x08E6, 0x08E6, 0x08E6, 0x08E6, 0x08C6, 0x08C5, 0x08C5, 0x08C5, 0x08C5, 0x08C5, 0x08C5, 0x08A4,
    0x08A4, 0x08C4, 0x08C4, 0x08C4, 0x08C4, 0x08C4, 0x08C4, 0x08C4, 0x08C4, 0x08C4, 0x08C4, 0x08C4,
    0x08C4, 0x08C4, 0x08C4, 0x08C4, 0x08C4, 0x08C4, 0x08C4, 0x08C4, 0x08C4, 0x08C4, 0x08E4, 0x08E4,
    0x10E5, 0x10E5, 0x10E5, 0x10E5, 0x10E5, 0x10E5, 0x10E4, 0x10E4, 0x10C4, 0x10C4, 0x08C4, 0x08C4,
    0x08C4, 0x08C4, 0x08A4, 0x08A4, 0x08A4, 0x0883, 0x0883, 0x0883, 0x0083, 0x0063, 0x0063, 0x0063,
    0x0020, 0x0021, 0x0021, 0x0021, 0x0021, 0x0041, 0x0041, 0x0041, 0x0041, 0x0042, 0x0062, 0x0862,
    0x0862, 0x0882, 0x0883, 0x0883, 0x08A3, 0x08A3, 0x08C4, 0x10C4, 0x10E4, 0x10E5, 0x1105, 0x1105,
    0x1966, 0x1081, 0x0150, 0x0027, 0x9C00, 0xFF60, 0xFEA0, 0xF660, 0xFE60, 0xF580, 0xFEA0, 0xE600,
    0xFEE0, 0xFF40, 0xF6A0, 0xF6A0, 0xD580, 0xAC20, 0xFFA0, 0xFF00, 0xF6E0, 0xE640, 0xF6E0, 0xF6A0,
    0xFF20, 0xEEA0, 0xF6E0, 0xF700, 0xFF20, 0xFF00, 0xFF00, 0xFF00, 0xFF00, 0xFF00, 0xFF00, 0xF6E0,
    0xFFC1, 0xBC01, 0x0000, 0x010E, 0x0130, 0x0130, 0x0151, 0x0194, 0x00EC, 0x0000, 0x00A7, 0x00E8,
    0x08C7, 0x08E7, 0x08E7, 0x08E7, 0x08E6, 0x0906, 0x0906, 0x10E6, 0x08E5, 0x08E5, 0x10E5, 0x10E5,
    0x10E5, 0x10E5, 0x10E5, 0x10E5, 0x10E5, 0x1105, 0x1105, 0x1105, 0x1104, 0x1105, 0x1104, 0x1104,
    0x1104, 0x1104, 0x10E4, 0x10E4, 0x10E4, 0x10E4, 0x10C4, 0x10C4, 0x10C4, 0x08C4, 0x08C4, 0x08C4,
    0x08C4, 0x08C4, 0x08C4, 0x08E4, 0x08E5, 0x08E5, 0x08E5, 0x10E5, 0x10E5, 0x10E5, 0x10E5, 0x1105,
    0x1105, 0x10E5, 0x1105, 0x1106, 0x1126, 0x1126, 0x1126, 0x1126, 0x2187, 0x0861, 0x0172, 0x0005,
    0xA464, 0xF621, 0xF6C0, 0xFF00, 0xFEC0, 0xFF20, 0xFF00, 0xFF00, 0xFF00, 0xFF00, 0xFF20, 0xFF80,
    0xFF40, 0xF700, 0xFF60, 0xFF60, 0xFF60, 0xFF60, 0xFF80, 0xFF80, 0xFF80, 0xFF60, 0xFF00, 0xFF00,
    0xFF40, 0xFF20, 0xFF20, 0xFF00, 0xFF20, 0xFF20, 0xFF00, 0xFF00, 0xFFC8, 0x8B00, 0x0002, 0x0172,
    0x0151, 0x0172, 0x0193, 0x01B5, 0x012F, 0x0000, 0x0086, 0x00E9, 0x00C8, 0x08E7, 0x08E7, 0x08E7,
    0x08E6, 0x08E6, 0x08E6, 0x08E6, 0x08E6, 0x08E6, 0x08E5, 0x08C5, 0x08C5, 0x08C5, 0x08C5, 0x08C5,
    0x08C5, 0x08C5, 0x08C5, 0x08C5, 0x08E5, 0x08C5, 0x08C5, 0x08C5, 0x08C5, 0x08C5, 0x08C5, 0x08C4,
    0x08C4, 0x08C4, 0x08C5, 0x08C5, 0x08C5, 0x08E5, 0x08E5, 0x08E5, 0x08E5, 0x10E5, 0x10E5, 0x10E5,
    0x1105, 0x1105, 0x1105, 0x10E5, 0x1105, 0x10E5, 0x10E5, 0x10E5, 0x10E5, 0x10E5, 0x08E5, 0x10C5,
    0x10C4, 0x08C4, 0x08C4, 0x08A4, 0x08A4, 0x08A4, 0x08A4, 0x0884, 0x0884, 0x0084, 0x0083, 0x0083,
    0x0021, 0x0021, 0x0021, 0x0021, 0x0021, 0x0041, 0x0041, 0x0041, 0x0041, 0x0042, 0x0062, 0x0862,
    0x0882, 0x0883, 0x0883, 0x08A3, 0x08A3, 0x08C4, 0x10C4, 0x10E4, 0x10E5, 0x1105, 0x1105, 0x1926,
    0x1944, 0x0085, 0x0132, 0x18E0, 0xEE40, 0xF660, 0xFE80, 0xEDA0, 0xEDA0, 0xF600, 0xFEE0, 0xFEA0,
    0xFEC0, 0xFF00, 0xFEE0, 0xFFE0, 0xD5A0, 0xE680, 0xF740, 0xFFC0, 0xF6E0, 0xF6E0, 0xFF60, 0xEE40,
    0xEE81, 0xF680, 0xFF40, 0xFF80, 0xFFE0, 0xFFC1, 0xFFC0, 0xFFC1, 0xFFE1, 0xFFE1, 0xFFC1, 0xFFE2,
    0xF601, 0x2040, 0x0089, 0x0110, 0x010E, 0x0130, 0x0151, 0x0130, 0x0001, 0x0043, 0x00E9, 0x00C7,
    0x08E7, 0x08E7, 0x08E7, 0x0907, 0x1106, 0x1106, 0x1106, 0x1106, 0x1106, 0x1106, 0x1105, 0x1105,
    0x1105, 0x1105, 0x1105, 0x1105, 0x1105, 0x1105, 0x1105, 0x1105, 0x1905, 0x1905, 0x1905, 0x1905,
    0x1905, 0x1105, 0x1105, 0x1105, 0x1105, 0x10E4, 0x10E4, 0x10E4, 0x10E4, 0x10C4, 0x08C4, 0x08C4,
    0x08E5, 0x10E5, 0x10E5, 0x10E5, 0x10E5, 0x10E5, 0x10E5, 0x1105, 0x1105, 0x1105, 0x1105, 0x1105,
    0x1106, 0x1106, 0x1106, 0x1126, 0x1126, 0x1126, 0x1126, 0x1947, 0x1924, 0x0087, 0x0131, 0x20E0,
    0xF6C3, 0xFEC0, 0xFEE0, 0xE500, 0xBB60, 0xFF40, 0xFF40, 0xFF40, 0xFF40, 0xFF60, 0xFF61, 0xFEA0,
    0xFE60, 0xFE40, 0xFE60, 0xFE60, 0xFE40, 0xFE20, 0xFE20, 0xFE20, 0xFDE0, 0xFF02, 0xFEC0, 0xFF00,
    0xFF60, 0xFF40, 0xFF40, 0xFF40, 0xFF20, 0xFF20, 0xFF00, 0xFFA3, 0xE583, 0x0800, 0x00ED, 0x0152,
    0x0130, 0x0151, 0x0173, 0x0173, 0x0023, 0x0022, 0x00E9, 0x00C8, 0x08E7, 0x08E7, 0x08E7, 0x08E7,
    0x08E7, 0x08E6, 0x08E6, 0x08E6, 0x08E6, 0x08E6, 0x08E6, 0x08E6, 0x08E5, 0x08C5, 0x08C5, 0x08C5,
    0x08C5, 0x08E5, 0x08E5, 0x10E5, 0x10E5, 0x10E5, 0x10E5, 0x10E5, 0x10E5, 0x10E5, 0x10E5, 0x08E5,
    0x08E5, 0x08E5, 0x08E5, 0x08E5, 0x08E5, 0x08E5, 0x10E5, 0x10E5, 0x10E5, 0x1105, 0x1105, 0x1105,
    0x1105, 0x1105, 0x1105, 0x1105, 0x1105, 0x1105, 0x10E5, 0x1105, 0x1105, 0x1105, 0x10E5, 0x10E5,
    0x10E5, 0x10E5, 0x08C5, 0x08C4, 0x08A4, 0x08A4, 0x08A4, 0x0884, 0x0884, 0x0884, 0x0084, 0x0084,
    0x0021, 0x0021, 0x0021, 0x0021, 0x0041, 0x0041, 0x0041, 0x0041, 0x0042, 0x0062, 0x0862, 0x0862,
    0x0883, 0x0883, 0x08A3, 0x08A3, 0x08A4, 0x10C4, 0x10C4, 0x10E5, 0x10E5, 0x1105, 0x1105, 0x1967,
    0x10A1, 0x012E, 0x0028, 0x9420, 0xFF20, 0xF680, 0xFEC0, 0xF620, 0xE520, 0xFEE0, 0xFF00, 0xFF20,
    0xFF00, 0xF6C0, 0xFF00, 0xED60, 0xDCA1, 0xE521, 0xDCA0, 0xD480, 0xD460, 0xD480, 0xD480, 0xCC00,
    0xCC40, 0xCC20, 0xC3C0, 0xC380, 0xBB80, 0xBB80, 0xBB80, 0xB380, 0xB380, 0xAB60, 0xAB40, 0xB360,
    0x6140, 0x0003, 0x0151, 0x00EE, 0x00EE, 0x010E, 0x0151, 0x0066, 0x0000, 0x00A8, 0x00C7, 0x08C7,
    0x08E7, 0x08E7, 0x0907, 0x0907, 0x1107, 0x1127, 0x1126, 0x1106, 0x1106, 0x1106, 0x1106, 0x1106,
    0x1106, 0x1106, 0x1126, 0x1925, 0x1125, 0x1125, 0x1925, 0x1925, 0x1925, 0x1925, 0x1925, 0x1925,
    0x1925, 0x1925, 0x1925, 0x1925, 0x1105, 0x1105, 0x1105, 0x10E5, 0x10E5, 0x08C5, 0x10E5, 0x08E5,
    0x10E5, 0x10E5, 0x10E5, 0x10E5, 0x1105, 0x1105, 0x1105, 0x1106, 0x1126, 0x1126, 0x1126, 0x1126,
    0x1126, 0x1126, 0x1126, 0x1126, 0x1126, 0x1126, 0x1126, 0x2188, 0x0881, 0x014F, 0x0005, 0x9C04,
    0xFF02, 0xF6A0, 0xFF40, 0xEE00, 0xE5C0, 0xFF60, 0xFEA0, 0xF720, 0xF700, 0xFFC0, 0xD441, 0x4860,
    0x48A0, 0x4080, 0x4060, 0x3860, 0x3860, 0x3041, 0x2840, 0x2020, 0x4924, 0xF72A, 0xFF40, 0xFF60,
    0xFF40, 0xFF40, 0xFF40, 0xFF40, 0xFF40, 0xFF20, 0xFF60, 0xFF44, 0x5140, 0x0046, 0x0151, 0x010E,
    0x0130, 0x0130, 0x0173, 0x00AA, 0x0000, 0x00A7, 0x00E8, 0x08C7, 0x08E7, 0x0907, 0x0907, 0x0907,
    0x1107, 0x1107, 0x1107, 0x1106, 0x1106, 0x1106, 0x10E6, 0x08E6, 0x08E6, 0x08E6, 0x08E6, 0x08E5,
    0x08E6, 0x10E6, 0x10E6, 0x10E6, 0x10E5, 0x10E5, 0x1105, 0x1105, 0x10E5, 0x10E5, 0x10E5, 0x10E5,
    0x10E5, 0x08E5, 0x08E5, 0x10E5, 0x10E5, 0x1106, 0x1106, 0x1106, 0x1106, 0x1106, 0x1106, 0x1106,
    0x1126, 0x1126, 0x1126, 0x1126, 0x1126, 0x1126, 0x1126, 0x1106, 0x1106, 0x1106, 0x1105, 0x1105,
    0x1105, 0x10E5, 0x10E5, 0x08C5, 0x08C5, 0x08A5, 0x08A4, 0x08A4, 0x0884, 0x0884, 0x0884, 0x0884,
    0x0021, 0x0021, 0x0021, 0x0021, 0x0041, 0x0041, 0x0041, 0x0042, 0x0042, 0x0062, 0x0862, 0x0882,
    0x0883, 0x0883, 0x08A3, 0x08A3, 0x08C4, 0x10C4, 0x10E4, 0x10E5, 0x1105, 0x1105, 0x1126, 0x2165,
    0x0084, 0x0152, 0x18A0, 0xEEC1, 0xFF20, 0xFF00, 0xFF60, 0xF6A0, 0xFE80, 0xF6E0, 0xF6E0, 0xFF60,
    0xFF40, 0xFF80, 0xF5C0, 0x2800, 0x0000, 0x0801, 0x0001, 0x0001, 0x0001, 0x0001, 0x0002, 0x0002,
    0x0003, 0x0003, 0x0004, 0x0004, 0x0005, 0x0005, 0x0006, 0x0006, 0x0005, 0x0006, 0x0005, 0x0006,
    0x0088, 0x0235, 0x0132, 0x010F, 0x00EE, 0x010E, 0x00CA, 0x0000, 0x0085, 0x00C8, 0x08C7, 0x08E7,
    0x08E7, 0x0907, 0x1107, 0x1107, 0x1127, 0x1127, 0x1127, 0x1126, 0x1126, 0x1126, 0x1126, 0x1126,
    0x1126, 0x1126, 0x1926, 0x1926, 0x1926, 0x1926, 0x1926, 0x1926, 0x1946, 0x1946, 0x1946, 0x1926,
    0x1945, 0x1925, 0x1925, 0x1925, 0x1925, 0x1925, 0x1105, 0x1105, 0x10E5, 0x10E5, 0x10E5, 0x10E5,
    0x10E5, 0x10E5, 0x1105, 0x1106, 0x1106, 0x1106, 0x1126, 0x1126, 0x1126, 0x1126, 0x1126, 0x1126,
    0x1126, 0x1926, 0x1126, 0x1126, 0x1926, 0x1126, 0x1946, 0x2145, 0x0085, 0x0130, 0x18C0, 0xF706,
    0xFEE0, 0xFEC0, 0xFEE0, 0xEE00, 0xFF80, 0xFF40, 0xFEE0, 0xEE20, 0xE6A0, 0xED01, 0x58E0, 0x0001,
    0x0004, 0x0005, 0x0005, 0x0004, 0x0025, 0x0005, 0x0005, 0x0000, 0x9469, 0xFF85, 0xFF40, 0xFF80,
    0xFF80, 0xFF80, 0xFF80, 0xFF80, 0xFF80, 0xFF60, 0xFFE3, 0xB3A0, 0x0001, 0x0130, 0x010E, 0x010E,
    0x010F, 0x0131, 0x010E, 0x0000, 0x0044, 0x00E8, 0x08C7, 0x08E7, 0x08E7, 0x0907, 0x1107, 0x1127,
    0x1107, 0x1127, 0x1127, 0x1127, 0x1106, 0x1106, 0x1106, 0x10E6, 0x08E6, 0x08E6, 0x08E6, 0x08E6,
    0x1106, 0x1106, 0x1106, 0x1106, 0x1106, 0x1106, 0x1106, 0x1106, 0x1106, 0x1106, 0x1106, 0x10E5,
    0x10E6, 0x1106, 0x1106, 0x1106, 0x1106, 0x1106, 0x1106, 0x1106, 0x1106, 0x1126, 0x1126, 0x1126,
    0x1126, 0x1126, 0x1126, 0x1126, 0x1126, 0x1126, 0x1126, 0x1126, 0x1126, 0x1126, 0x1126, 0x1106,
    0x1106, 0x1106, 0x10E5, 0x10E5, 0x08C5, 0x08C5, 0x08A5, 0x08A5, 0x08A5, 0x0884, 0x0884, 0x0884,
    0x0021, 0x0021, 0x0041, 0x0041, 0x0041, 0x0042, 0x0042, 0x0062, 0x0862, 0x0862, 0x0862, 0x0883,
    0x0883, 0x08A3, 0x08A3, 0x08A4, 0x08C4, 0x10C4, 0x10E4, 0x10E5, 0x1105, 0x1105, 0x1966, 0x10A1,
    0x012D, 0x006A, 0x8BC0, 0xFF60, 0xF700, 0xFF20, 0xF6A0, 0xF620, 0xFF60, 0xFF20, 0xFF60, 0xFF60,
    0xFF60, 0xFFE0, 0xA260, 0x0002, 0x0045, 0x0003, 0x0025, 0x0025, 0x0025, 0x0025, 0x0046, 0x0047,
    0x0047, 0x0068, 0x0067, 0x0068, 0x0068, 0x0068, 0x0089, 0x0089, 0x0089, 0x0088, 0x0088, 0x0089,
    0x00CA, 0x0B9B, 0x0175, 0x0110, 0x010F, 0x00ED, 0x0001, 0x0022, 0x08C8, 0x08C7, 0x08E7, 0x08E7,
    0x0907, 0x1107, 0x1127, 0x1127, 0x1127, 0x1127, 0x1127, 0x1127, 0x1126, 0x1126, 0x1126, 0x1126,
    0x1126, 0x1946, 0x1946, 0x1946, 0x1946, 0x1946, 0x1946, 0x1946, 0x1946, 0x1946, 0x1966, 0x1966,
    0x1966, 0x1966, 0x1966, 0x1946, 0x1946, 0x1925, 0x1126, 0x1105, 0x1105, 0x1105, 0x1105, 0x1105,
    0x1106, 0x1106, 0x1106, 0x1126, 0x1126, 0x1126, 0x1126, 0x1146, 0x1926, 0x1946, 0x1147, 0x1947,
    0x1946, 0x1926, 0x1946, 0x1947, 0x1926, 0x1126, 0x2187, 0x10A1, 0x0170, 0x0027, 0x8BE5, 0xFF22,
    0xEE40, 0xFEA0, 0xD4E0, 0xE620, 0xFFC0, 0xFF80, 0xFFA0, 0xFF80, 0xFFE0, 0xCBE0, 0x0000, 0x010D,
    0x0005, 0x0026, 0x0026, 0x0045, 0x0025, 0x0045, 0x0004, 0x2902, 0xFF6A, 0xFF60, 0xFF80, 0xFF80,
    0xFFA0, 0xFFA0, 0xFFA0, 0xFF80, 0xFF60, 0xFFE1, 0xF645, 0x2020, 0x0069, 0x010E, 0x00ED, 0x010E,
    0x010E, 0x0130, 0x0045, 0x0000, 0x00A7, 0x00C7, 0x08C7, 0x08E7, 0x08E7, 0x0907, 0x1107, 0x1127,
    0x1127, 0x1127, 0x1127, 0x1127, 0x1127, 0x1106, 0x1106, 0x1106, 0x1106, 0x10E6, 0x1106, 0x1106,
    0x1106, 0x1106, 0x1106, 0x1126, 0x1126, 0x1126, 0x1126, 0x1106, 0x1126, 0x1106, 0x1106, 0x1106,
    0x1106, 0x1106, 0x1106, 0x1106, 0x1106, 0x1106, 0x1106, 0x1126, 0x1126, 0x1127, 0x1126, 0x1126,
    0x1126, 0x1947, 0x1147, 0x1946, 0x1147, 0x1947, 0x1947, 0x1947, 0x1946, 0x1946, 0x1926, 0x1946,
    0x1126, 0x1126, 0x1106, 0x10E6, 0x08E5, 0x08C5, 0x08A5, 0x08A5, 0x08A5, 0x08A5, 0x08A5, 0x0885,
    0x0041, 0x0021, 0x0041, 0x0041, 0x0041, 0x0042, 0x0042, 0x0062, 0x0862, 0x0862, 0x0882, 0x0883,
    0x0883, 0x08A3, 0x08A3, 0x08C4, 0x10C4, 0x10E4, 0x10E5, 0x10E5, 0x1105, 0x1946, 0x2186, 0x0863,
    0x0131, 0x18A0, 0xF6E1, 0xFF80, 0xFF60, 0xFF40, 0xF6A0, 0xFF60, 0xFF60, 0xFF60, 0xFF60, 0xF720,
    0xFFE0, 0xF620, 0x2800, 0x012F, 0x0218, 0x0002, 0x0004, 0x0024, 0x0025, 0x0005, 0x0025, 0x0025,
    0x0025, 0x0025, 0x0025, 0x0026, 0x0026, 0x0026, 0x0026, 0x0046, 0x0047, 0x0047, 0x0047, 0x0068,
    0x0006, 0x018E, 0x0279, 0x0110, 0x0130, 0x0066, 0x0000, 0x08C7, 0x08E7, 0x08C7, 0x08E7, 0x08E7,
    0x0907, 0x1107, 0x1127, 0x1127, 0x1147, 0x1947, 0x1946, 0x1946, 0x1926, 0x1926, 0x1126, 0x1126,
    0x1926, 0x1946, 0x1946, 0x1946, 0x1946, 0x1946, 0x1946, 0x1966, 0x1966, 0x2166, 0x2166, 0x2166,
    0x2166, 0x2166, 0x2166, 0x1966, 0x1946, 0x1926, 0x1126, 0x1126, 0x1106, 0x10E6, 0x1106, 0x1106,
    0x1106, 0x1106, 0x1126, 0x1127, 0x1147, 0x1947, 0x1947, 0x1947, 0x1967, 0x1967, 0x1967, 0x1967,
    0x1967, 0x1967, 0x1947, 0x1947, 0x1126, 0x1947, 0x2166, 0x0085, 0x0152, 0x10A1, 0xEEE6, 0xFEA0,
    0xEE40, 0xE600, 0xC420, 0xFF40, 0xFFC0, 0xFF80, 0xFFC0, 0xF760, 0xF640, 0x50C0, 0x0047, 0x025D,
    0x00CD, 0x0005, 0x0047, 0x0048, 0x0047, 0x0089, 0x0001, 0x9C69, 0xFFE5, 0xFF80, 0xFFA0, 0xFFA0,
    0xFF80, 0xFFC0, 0xFFA0, 0xFF80, 0xFF80, 0xFFA2, 0x81E0, 0x0005, 0x00EE, 0x00AA, 0x00CC, 0x00ED,
    0x010F, 0x00AA, 0x0000, 0x0086, 0x08C7, 0x08C6, 0x08E7, 0x0907, 0x1128, 0x1148, 0x1148, 0x1968,
    0x1988, 0x1988, 0x1988, 0x1968, 0x1947, 0x1147, 0x1127, 0x10E6, 0x0906, 0x1106, 0x1106, 0x1106,
    0x1127, 0x1147, 0x1947, 0x1967, 0x1967, 0x1967, 0x1967, 0x1947, 0x1947, 0x1927, 0x1126, 0x1106,
    0x1106, 0x1106, 0x1127, 0x1127, 0x1147, 0x1947, 0x1147, 0x1947, 0x1947, 0x1967, 0x1967, 0x1967,
    0x1967, 0x1967, 0x1967, 0x1987, 0x1987, 0x1987, 0x1987, 0x1987, 0x1987, 0x1987, 0x1967, 0x1967,
    0x1967, 0x1947, 0x1127, 0x1106, 0x10E6, 0x08C6, 0x08C5, 0x08A5, 0x08A5, 0x08A5, 0x08A5, 0x00A5,
    0x0041, 0x0041, 0x0041, 0x0041, 0x0042, 0x0041, 0x0062, 0x0862, 0x0862, 0x0862, 0x0883, 0x0883,
    0x0883, 0x08A3, 0x08A4, 0x10C4, 0x10C4, 0x10E4, 0x10E5, 0x10E5, 0x1105, 0x2187, 0x18E2, 0x010D,
    0x0029, 0x7BA3, 0xFFE2, 0xFF40, 0xFF60, 0xFF20, 0xFF40, 0xFF80, 0xFF40, 0xFF80, 0xFFA0, 0xFFA0,
    0xFFE1, 0x9AC0, 0x0001, 0x0151, 0x025C, 0x0172, 0x0003, 0x0025, 0x0026, 0x0026, 0x0026, 0x0047,
    0x0047, 0x0047, 0x0047, 0x0068, 0x0068, 0x0069, 0x0069, 0x0069, 0x0089, 0x008A, 0x00AA, 0x00AB,
    0x00AB, 0x0069, 0x0216, 0x01D7, 0x00ED, 0x0000, 0x08C5, 0x1149, 0x1128, 0x1107, 0x1107, 0x1128,
    0x1948, 0x1968, 0x1988, 0x21A8, 0x21A8, 0x21A8, 0x21A8, 0x2187, 0x2187, 0x2187, 0x2187, 0x2187,
    0x2187, 0x2187, 0x21A7, 0x21A7, 0x21A7, 0x29A7, 0x29C7, 0x29C7, 0x29E7, 0x31E8, 0x31E8, 0x31E8,
    0x31E8, 0x31E8, 0x29E8, 0x29C7, 0x29A7, 0x2187, 0x1967, 0x1926, 0x1106, 0x1106, 0x1106, 0x1106,
    0x1147, 0x1947, 0x1947, 0x1967, 0x2187, 0x2187, 0x21A7, 0x21A8, 0x21A7, 0x21A8, 0x21A8, 0x21A8,
    0x21A8, 0x2187, 0x1967, 0x1946, 0x1947, 0x2188, 0x10C2, 0x014D, 0x0028, 0x7321, 0xFEE2, 0xF720,
    0xFF40, 0xE580, 0xCC80, 0xFFE0, 0xEEE0, 0xEE80, 0xFFA0, 0xF680, 0xCB40, 0x0800, 0x0172, 0x021A,
    0x0218, 0x0047, 0x0068, 0x0089, 0x00CC, 0x00CD, 0x18A2, 0xF70D, 0xF720, 0xF720, 0xFFA0, 0xFF80,
    0xFF80, 0xF7A0, 0xFFA0, 0xFFC0, 0xFFE4, 0xD483, 0x0000, 0x00AC, 0x006A, 0x008A, 0x008A, 0x008B,
    0x006A, 0x0000, 0x0002, 0x08E7, 0x0907, 0x08E7, 0x1107, 0x1127, 0x10E5, 0x1905, 0x1925, 0x1925,
    0x2145, 0x2145, 0x1925, 0x1905, 0x10E5, 0x08C5, 0x10E6, 0x1127, 0x1107, 0x1107, 0x1107, 0x1147,
    0x1126, 0x1905, 0x1925, 0x1925, 0x2145, 0x2145, 0x2146, 0x1925, 0x1905, 0x10C4, 0x10E5, 0x1127,
    0x1127, 0x1106, 0x1905, 0x1925, 0x1946, 0x1966, 0x2166, 0x2166, 0x2166, 0x2166, 0x2166, 0x2166,
    0x2166, 0x2166, 0x2186, 0x2186, 0x2186, 0x2187, 0x2187, 0x2187, 0x2187, 0x2187, 0x2187, 0x2187,
    0x2166, 0x1946, 0x1926, 0x10E5, 0x10E5, 0x08E6, 0x08C6, 0x08A5, 0x00A6, 0x00A6, 0x00A5, 0x00A5,
    0x0041, 0x0041, 0x0041, 0x0042, 0x0042, 0x0062, 0x0862, 0x0862, 0x0862, 0x0882, 0x0883, 0x0883,
    0x08A3, 0x08A3, 0x08C4, 0x10C4, 0x10C4, 0x10E5, 0x10E5, 0x1105, 0x1946, 0x2186, 0x0863, 0x0131,
    0x1082, 0xE626, 0xFF60, 0xFF40, 0xFF60, 0xFF80, 0xFFA0, 0xFF60, 0xFF80, 0xFFA0, 0xFF80, 0xFFE0,
    0xF641, 0x2020, 0x0068, 0x0130, 0x0152, 0x029D, 0x00EC, 0x0025, 0x0067, 0x0068, 0x0068, 0x0068,
    0x0089, 0x0089, 0x008A, 0x00AA, 0x00AB, 0x00AB, 0x00AC, 0x00CC, 0x00CC, 0x00CC, 0x00EE, 0x00AA,
    0x0067, 0x0046, 0x00A9, 0x0151, 0x0024, 0x0000, 0x0883, 0x0883, 0x0863, 0x0884, 0x08C5, 0x0862,
    0x0883, 0x08A3, 0x10A3, 0x10C3, 0x10C3, 0x10C3, 0x10C3, 0x10A3, 0x08A3, 0x08A3, 0x08A3, 0x10A3,
    0x10A3, 0x10A3, 0x10C3, 0x10C3, 0x10C3, 0x10C3, 0x10E3, 0x10E3, 0x10E3, 0x10E3, 0x18E4, 0x10E4,
    0x10E4, 0x1904, 0x1904, 0x10E4, 0x10C3, 0x10C4, 0x0884, 0x08C4, 0x1106, 0x1106, 0x1106, 0x1947,
    0x10C4, 0x0062, 0x08C5, 0x08C5, 0x08E5, 0x08E5, 0x08E5, 0x08E5, 0x08E5, 0x08E6, 0x1106, 0x1106,
    0x1106, 0x1106, 0x1106, 0x10E5, 0x08A4, 0x1966, 0x0084, 0x0150, 0x1060, 0xDDE2, 0xFEA0, 0xFFC0,
    0xFFC0, 0xFE40, 0xFF60, 0xFF80, 0xE660, 0xEEA0, 0xFFE0, 0xFEC0, 0x68E0, 0x0047, 0x01D8, 0x01B6,
    0x027C, 0x0193, 0x008A, 0x00AB, 0x0192, 0x0006, 0x8BE8, 0xFFE6, 0xEF20, 0xF760, 0xF721, 0xFFC2,
    0xFFE1, 0xFFC1, 0xFF82, 0xFEE2, 0xF605, 0x4100, 0x0004, 0x0088, 0x010C, 0x012E, 0x094D, 0x098E,
    0x094A, 0x1125, 0x1968, 0x1127, 0x0064, 0x1107, 0x1107, 0x0021, 0x0928, 0x098A, 0x098B, 0x09AB,
    0x11AB, 0x11CB, 0x19EA, 0x19EA, 0x21EA, 0x21EA, 0x00A5, 0x0884, 0x1127, 0x0907, 0x1147, 0x08A3,
    0x0064, 0x0149, 0x0949, 0x0949, 0x0949, 0x0969, 0x0969, 0x11A9, 0x1188, 0x19A8, 0x08A5, 0x08A4,
    0x0862, 0x0086, 0x0908, 0x08E8, 0x0908, 0x0908, 0x0908, 0x0908, 0x0908, 0x0908, 0x0908, 0x0908,
    0x0908, 0x0907, 0x0907, 0x0927, 0x0927, 0x0927, 0x0927, 0x0927, 0x1147, 0x1147, 0x1147, 0x1967,
    0x1947, 0x1147, 0x1106, 0x08E6, 0x00C6, 0x0043, 0x08A6, 0x00A6, 0x00A6, 0x00A6, 0x00A6, 0x00A6,
    0x0041, 0x0041, 0x0041, 0x0042, 0x0062, 0x0862, 0x0862, 0x0862, 0x0862, 0x0883, 0x0883, 0x0883,
    0x08A3, 0x08A4, 0x10C4, 0x10C4, 0x10E5, 0x10E5, 0x1105, 0x1105, 0x2167, 0x18E2, 0x00EC, 0x0049,
    0x7364, 0xFFC5, 0xF740, 0xFFC0, 0xF740, 0xFF60, 0xFFC0, 0xFFA0, 0xFFA0, 0xFFA0, 0xFFA0, 0xFFE1,
    0x8A60, 0x0001, 0x008A, 0x00ED, 0x00EF, 0x0195, 0x0150, 0x0001, 0x0004, 0x0003, 0x0004, 0x0003,
    0x0003, 0x0003, 0x0003, 0x0003, 0x0003, 0x0003, 0x0003, 0x0003, 0x0004, 0x0024, 0x0023, 0x0025,
    0x014E, 0x01CF, 0x01EF, 0x0251, 0x0A70, 0x1290, 0x1AAF, 0x22AE, 0x2B50, 0x0948, 0x0000, 0x00EC,
    0x0232, 0x01F0, 0x0210, 0x0230, 0x0270, 0x0A90, 0x1AB0, 0x22EF, 0x3351, 0x00E9, 0x016F, 0x01B0,
    0x0190, 0x01D1, 0x01D1, 0x01D1, 0x01D1, 0x01F1, 0x01F1, 0x0211, 0x0231, 0x0251, 0x0A91, 0x0AB1,
    0x12B1, 0x22D0, 0x2B10, 0x3310, 0x2AEF, 0x3350, 0x1A8E, 0x0000, 0x10E6, 0x1107, 0x1948, 0x1905,
    0x0045, 0x0191, 0x0190, 0x0170, 0x0191, 0x0191, 0x0190, 0x01B0, 0x01F1, 0x01F1, 0x0211, 0x0250,
    0x0A70, 0x1AAF, 0x2AEF, 0x2311, 0x0022, 0x0820, 0x012D, 0x0028, 0x7B84, 0xFFE3, 0xF760, 0xFF80,
    0xFF60, 0xEDE0, 0xFFE0, 0xF720, 0xE6A0, 0xE680, 0xF740, 0xD4E0, 0x0800, 0x0130, 0x01B6, 0x01B6,
    0x023A, 0x0193, 0x0002, 0x0066, 0x012F, 0x2103, 0xFFD6, 0xFFC6, 0xFF05, 0xFE04, 0xE4C1, 0xCC21,
    0xAB40, 0x8A80, 0x6180, 0x3880, 0x1800, 0x0002, 0x0047, 0x010C, 0x016D, 0x016D, 0x01AC, 0x09EC,
    0x122C, 0x1A6C, 0x2A8D, 0x2ACF, 0x0022, 0x0884, 0x0883, 0x00EC, 0x01AE, 0x016B, 0x014C, 0x016B,
    0x018B, 0x01CB, 0x120B, 0x1A0B, 0x1A0B, 0x2AAC, 0x00C6, 0x0000, 0x0906, 0x1148, 0x10E4, 0x0065,
    0x0192, 0x014D, 0x014E, 0x014D, 0x016E, 0x018D, 0x01AD, 0x0A0D, 0x0A2D, 0x22CE, 0x0949, 0x0000,
    0x0088, 0x0150, 0x012E, 0x012F, 0x012F, 0x012F, 0x010F, 0x010F, 0x012F, 0x012F, 0x012F, 0x012F,
    0x014F, 0x016F, 0x016F, 0x018F, 0x01AF, 0x01AF, 0x01AE, 0x01CE, 0x020E, 0x0A2E, 0x126E, 0x22AE,
    0x22AE, 0x1A8E, 0x0A2E, 0x0250, 0x09EE, 0x0000, 0x0064, 0x00C7, 0x00A6, 0x00A6, 0x00A6, 0x00A6,
    0x0041, 0x0041, 0x0042, 0x0042, 0x0862, 0x0862, 0x0862, 0x0862, 0x0883, 0x0883, 0x0883, 0x08A3,
    0x08A3, 0x08A4, 0x10C4, 0x10C4, 0x10E5, 0x10E5, 0x1105, 0x1926, 0x2187, 0x0883, 0x0172, 0x0841,
    0xE6CA, 0xFFC0, 0xFF80, 0xEEE0, 0xFFC0, 0xFFA0, 0xFFA0, 0xFFA0, 0xFFC0, 0xFFA0, 0xFFC0, 0xED81,
    0x1000, 0x0000, 0x0001, 0x0022, 0x0022, 0x0022, 0x0001, 0x0820, 0x0820, 0x0840, 0x1040, 0x1041,
    0x1061, 0x1061, 0x1081, 0x1861, 0x18A1, 0x18A1, 0x20A1, 0x20C3, 0x2902, 0x0820, 0x0001, 0x00EC,
    0x0863, 0x2145, 0x2124, 0x2924, 0x2123, 0x2922, 0x2963, 0x39A4, 0x18C1, 0x0023, 0x00C8, 0x010D,
    0x1080, 0x2142, 0x2942, 0x2963, 0x2942, 0x2961, 0x3183, 0x39C5, 0x1881, 0x0045, 0x0862, 0x2122,
    0x2122, 0x2943, 0x2942, 0x2942, 0x2942, 0x2942, 0x2942, 0x2961, 0x3161, 0x3161, 0x3161, 0x31A2,
    0x31A1, 0x3181, 0x39A1, 0x39A1, 0x39A3, 0x3162, 0x0021, 0x0023, 0x0042, 0x1148, 0x1926, 0x0064,
    0x01D5, 0x0022, 0x3161, 0x39A2, 0x39A2, 0x39A1, 0x39A1, 0x41E2, 0x4A02, 0x4A02, 0x4A01, 0x4A02,
    0x5202, 0x5225, 0x5224, 0x0800, 0x0066, 0x0022, 0x0170, 0x0842, 0xE6A8, 0xFF80, 0xF700, 0xFF80,
    0xF720, 0xF780, 0xFFC0, 0xFFA0, 0xDDC0, 0xEEC0, 0xFEE0, 0x69C0, 0x0006, 0x0195, 0x0194, 0x01B6,
    0x01F9, 0x0067, 0x0000, 0x014D, 0x0068, 0x6203, 0xA344, 0x6980, 0x48C0, 0x2840, 0x0800, 0x0002,
    0x0004, 0x0005, 0x0007, 0x0006, 0x0005, 0x006A, 0x010E, 0x0842, 0x5A26, 0x6A67, 0x6AC8, 0x6AA8,
    0x6AA8, 0x6AC9, 0x6A64, 0x0800, 0x0066, 0x0001, 0x0065, 0x010F, 0x20A0, 0x8386, 0x7B65, 0x7B65,
    0x7B65, 0x7B67, 0x8367, 0x7B48, 0x7B27, 0x1000, 0x0086, 0x00A7, 0x0864, 0x1989, 0x0042, 0x01B3,
    0x0002, 0x6242, 0x7343, 0x7324, 0x7325, 0x7325, 0x7305, 0x7325, 0x7B68, 0x4980, 0x0001, 0x0064,
    0x012E, 0x0861, 0x6283, 0x62A4, 0x5A62, 0x5A62, 0x5A82, 0x5A82, 0x5AA3, 0x5A83, 0x5A62, 0x5A62,
    0x5A62, 0x5A82, 0x5A82, 0x5A62, 0x5A82, 0x5A62, 0x5A62, 0x5A82, 0x5A62, 0x5A62, 0x5A41, 0x5A42,
    0x5A62, 0x5244, 0x6AC4, 0x38C0, 0x0000, 0x00E8, 0x0000, 0x00C7, 0x00C7, 0x00A6, 0x00A6, 0x00A6,
    0x0042, 0x0042, 0x0042, 0x0062, 0x0862, 0x0862, 0x0862, 0x0863, 0x0883, 0x0883, 0x0883, 0x08A3,
    0x08A4, 0x10A4, 0x10C4, 0x10C5, 0x10E5, 0x1105, 0x1106, 0x1967, 0x18E3, 0x00CA, 0x004A, 0x7304,
    0xFFE8, 0xF700, 0xFFC0, 0xFFA0, 0xFFC0, 0xFF80, 0xFFC0, 0xFFC0, 0xFFA0, 0xFF40, 0xFFA0, 0xEEC4,
    0xCE2B, 0xD66B, 0xDE8A, 0xDE8B, 0xDEAA, 0xDE8A, 0xE6AB, 0xE6AA, 0xE6A9, 0xE6EA, 0xEEC9, 0xEEEB,
    0xEEA9, 0xEEAB, 0xE64B, 0xF72B, 0xF6AD, 0xF6CC, 0xF729, 0xFF74, 0xE5ED, 0x1040, 0x00EF, 0x0006,
    0x8BCB, 0xFEF0, 0xFEAC, 0xF64E, 0xF66D, 0xFF4B, 0xFF74, 0xFE2D, 0x3080, 0x006B, 0x0194, 0x0001,
    0xC58D, 0xFF48, 0xFF0A, 0xFF4E, 0xFF90, 0xFFB7, 0xFFF9, 0xF629, 0x2080, 0x0000, 0x8C2C, 0xFF4B,
    0xF6A6, 0xFF2A, 0xFF0A, 0xFF29, 0xFF29, 0xFF4A, 0xFF6A, 0xFF8B, 0xFFAD, 0xFFCE, 0xFFD1, 0xFFF4,
    0xFFF6, 0xFFF7, 0xFFFA, 0xFFFC, 0xFFF5, 0xAC22, 0x0005, 0x0277, 0x0000, 0x10E5, 0x0041, 0x01D3,
    0x0004, 0x7306, 0xFFEF, 0xFF27, 0xFF2B, 0xFF8C, 0xFFED, 0xFFF0, 0xFFF2, 0xFFF3, 0xFFF6, 0xFFFA,
    0xFFFE, 0xFFFC, 0xDD67, 0x0801, 0x0174, 0x0193, 0x0068, 0x6B07, 0xFFE5, 0xFF80, 0xF740, 0xFFA0,
    0xFF80, 0xFFC0, 0xFFA0, 0xFFC0, 0xE5E0, 0xF760, 0xE500, 0x0800, 0x010F, 0x0174, 0x0193, 0x01D6,
    0x0150, 0x0000, 0x0001, 0x00A7, 0x0022, 0x0003, 0x0004, 0x0005, 0x0006, 0x0048, 0x0068, 0x0069,
    0x0068, 0x0067, 0x0047, 0x0047, 0x0004, 0x00AC, 0x008B, 0x6AC6, 0xFFD0, 0xFF4A, 0xFFAD, 0xFE8E,
    0xFFAF, 0xFFF5, 0xD425, 0x0800, 0x0259, 0x00A6, 0x00EC, 0x0006, 0xB50C, 0xFFEC, 0xFFAA, 0xFFED,
    0xFFF1, 0xFFF8, 0xFFFD, 0xFFFC, 0xDD07, 0x0800, 0x0237, 0x02D7, 0x0000, 0x0021, 0x0171, 0x0027,
    0x62A4, 0xFFEF, 0xFFE9, 0xFFEC, 0xFFF2, 0xFFF6, 0xFFFA, 0xFFFF, 0xFFF9, 0x9B41, 0x0006, 0x01F6,
    0x00AC, 0x39C3, 0xFFCB, 0xFF67, 0xFF88, 0xFFA8, 0xFFC8, 0xFFA8, 0xFFC9, 0xFFAA, 0xFFAA, 0xFFCA,
    0xFFEB, 0xFFEB, 0xFFEC, 0xFFEC, 0xFFED, 0xFFF0, 0xFFF2, 0xFFF5, 0xFFF7, 0xFFF9, 0xFFFB, 0xFFFD,
    0xFFFF, 0xFFF2, 0xECC5, 0x2860, 0x00EE, 0x037E, 0x0042, 0x0044, 0x00C8, 0x00A7, 0x00A6, 0x00A6,
    0x0042, 0x0042, 0x0042, 0x0062, 0x0862, 0x0862, 0x0862, 0x0883, 0x0883, 0x0883, 0x0883, 0x08A4,
    0x08A4, 0x08A4, 0x10C4, 0x10C5, 0x10E5, 0x1106, 0x1906, 0x2166, 0x0882, 0x0151, 0x0861, 0xE6CB,
    0xFFC1, 0xEF00, 0xFFC0, 0xFFA0, 0xFF80, 0xFFA0, 0xFF60, 0xFF80, 0xFFA0, 0xFF60, 0xFFC0, 0xFFE0,
    0xFFE0, 0xFFC0, 0xFFE0, 0xFFC0, 0xFFC0, 0xFFA0, 0xFFC0, 0xFFC0, 0xFFC0, 0xFFC0, 0xFF80, 0xFFA0,
    0xFFA0, 0xFF60, 0xFE40, 0xFEA0, 0xFF40, 0xF640, 0xF6C0, 0xFE80, 0x7200, 0x0003, 0x0027, 0x18A2,
    0xEDEC, 0xF560, 0xF580, 0xE4E0, 0xF500, 0xFDA0, 0xFDA2, 0x9B00, 0x0001, 0x00CD, 0x0049, 0x4A26,
    0xFF2B, 0xFE40, 0xFEA0, 0xFE80, 0xFEE0, 0xFF05, 0xFFA6, 0x8AC0, 0x0000, 0x1083, 0xEECB, 0xFEE0,
    0xFEA0, 0xFEA0, 0xFEA0, 0xFEE0, 0xFEE0, 0xFEE0, 0xFEE0, 0xFF00, 0xFF00, 0xFF21, 0xFF42, 0xFF65,
    0xFF67, 0xFF8A, 0xFF6D, 0xFFD3, 0xFF27, 0x30A0, 0x008B, 0x02DF, 0x014C, 0x0000, 0x01D3, 0x0068,
    0x5204, 0xFFD0, 0xE600, 0xEE20, 0xF6A0, 0xFEA0, 0xFEE0, 0xFEE0, 0xF680, 0xFF42, 0xFF65, 0xFF47,
    0xFF8E, 0xFF88, 0x5180, 0x0006, 0x00F0, 0x0173, 0x0001, 0xD628, 0xFF20, 0xFFC0, 0xFF60, 0xFF80,
    0xFF80, 0xFFE0, 0xFF00, 0xF700, 0xEEE0, 0xFEA0, 0x6980, 0x0026, 0x0173, 0x0152, 0x0173, 0x01B5,
    0x0045, 0x0022, 0x0088, 0x0000, 0x00CD, 0x00EE, 0x00CC, 0x00AA, 0x008A, 0x008A, 0x0069, 0x0068,
    0x0047, 0x0047, 0x0047, 0x0067, 0x0025, 0x010F, 0x0064, 0xD58D, 0xF580, 0xE5A0, 0xCC60, 0xE520,
    0xF660, 0xFD40, 0x48C0, 0x0026, 0x01B6, 0x01D3, 0x00AB, 0x2924, 0xFF69, 0xFEE0, 0xFEC0, 0xFEA0,
    0xFEC0, 0xFEC0, 0xF705, 0xFEE5, 0x50E0, 0x0026, 0x01D8, 0x02FE, 0x00C6, 0x00EC, 0x00EF, 0x3140,
    0xFFAF, 0xFEE1, 0xF6A0, 0xFEC0, 0xFEE0, 0xFF00, 0xFEE3, 0xF707, 0xFF45, 0x6980, 0x0006, 0x023A,
    0x004C, 0x62E5, 0xFF83, 0xF6A0, 0xFEA0, 0xFEA0, 0xFEC0, 0xFEA0, 0xFEA0, 0xFEA0, 0xF600, 0xFE80,
    0xFEA0, 0xFEC0, 0xFEC0, 0xFEC0, 0xFEC0, 0xFEC0, 0xFEE0, 0xFF00, 0xFF01, 0xFF23, 0xFF26, 0xF72A,
    0xFFEE, 0xE4C0, 0x1800, 0x0067, 0x0154, 0x029C, 0x0211, 0x0000, 0x00C8, 0x00A7, 0x0086, 0x0086,
    0x0042, 0x0042, 0x0042, 0x0062, 0x0862, 0x0862, 0x0863, 0x0883, 0x0883, 0x0883, 0x0883, 0x08A4,
    0x08A4, 0x10A4, 0x10C5, 0x10C5, 0x10E5, 0x1106, 0x1947, 0x1904, 0x00EB, 0x008B, 0x6AC4, 0xFFEA,
    0xF700, 0xEEC0, 0xFF80, 0xFF40, 0xFFA0, 0xFF80, 0xFF20, 0xFF20, 0xFFC0, 0xFFA0, 0xFFA0, 0xFFA0,
    0xFFA0, 0xFFA0, 0xFF80, 0xFF80, 0xFF80, 0xFF60, 0xFF80, 0xFF60, 0xFF80, 0xFF80, 0xFF80, 0xFF60,
    0xF720, 0xFFC0, 0xF6E0, 0xF620, 0xFEC0, 0xF660, 0xFE60, 0xDC80, 0x0800, 0x0047, 0x0002, 0x8BE6,
    0xFF02, 0xF680, 0xD4C0, 0xEDC0, 0xF580, 0xFE00, 0xFD41, 0x2880, 0x0026, 0x00AB, 0x0001, 0xBD48,
    0xFEE0, 0xEE20, 0xFEC0, 0xFEE0, 0xFEE0, 0xFF20, 0xF640, 0x2881, 0x0000, 0x7367, 0xFFA2, 0xFEE0,
    0xFEE0, 0xEE60, 0xFF40, 0xFF20, 0xFF40, 0xFF20, 0xFF20, 0xFF00, 0xFF00, 0xFEE0, 0xFF00, 0xFF00,
    0xFF00, 0xFF00, 0xFEE0, 0xFFC4, 0xB420, 0x0001, 0x0173, 0x021A, 0x01B3, 0x014E, 0x010E, 0x3120,
    0xFFAF, 0xEEC1, 0xD5C0, 0xFF20, 0xF6E0, 0xFF20, 0xFF00, 0xFEE0, 0xFF00, 0xFF40, 0xFF20, 0xFF00,
    0xFFA1, 0xE580, 0x0801, 0x008A, 0x0110, 0x0027, 0x5A64, 0xFFE6, 0xF720, 0xEEA0, 0xEEC0, 0xFF60,
    0xFFA0, 0xFF80, 0xF720, 0xF6E0, 0xE640, 0xE540, 0x0800, 0x010F, 0x0152, 0x0151, 0x0174, 0x012F,
    0x0000, 0x0086, 0x00CA, 0x0001, 0x0067, 0x0152, 0x00AC, 0x00AB, 0x00AB, 0x00AB, 0x00AA, 0x008A,
    0x0089, 0x0069, 0x0089, 0x0068, 0x00CC, 0x0069, 0x5268, 0xFF49, 0xF660, 0xDD41, 0xCCA1, 0xE5C0,
    0xFE80, 0xCBE0, 0x0000, 0x00CD, 0x0152, 0x01B5, 0x0005, 0x8BE6, 0xFF81, 0xF6A0, 0xFEC0, 0xFF00,
    0xFEE0, 0xFEA0, 0xFF20, 0xD420, 0x0001, 0x0130, 0x01B6, 0x01D7, 0x0171, 0x0151, 0x0820, 0xDEAD,
    0xFF63, 0xFEC0, 0xFF00, 0xFF20, 0xFF00, 0xFEC0, 0xFEE0, 0xFF00, 0xFEC0, 0x48C0, 0x0047, 0x0195,
    0x0007, 0x9441, 0xFFC1, 0xFF00, 0xFF20, 0xFF20, 0xFF00, 0xFF00, 0xFF20, 0xE600, 0xFF00, 0xFF20,
    0xFF00, 0xFF20, 0xFF20, 0xFEC0, 0xFEE0, 0xFEC0, 0xFEE0, 0xFEE0, 0xFEE0, 0xFEE0, 0xFEC0, 0xFFC5,
    0xF5E2, 0x3040, 0x0046, 0x0130, 0x0130, 0x0174, 0x029B, 0x0063, 0x0023, 0x00C8, 0x0086, 0x0086,
    0x0042, 0x0042, 0x0042, 0x0062, 0x0862, 0x0862, 0x0863, 0x0863, 0x0883, 0x0883, 0x0883, 0x08A4,
    0x08A4, 0x10A4, 0x10C5, 0x10C5, 0x10E6, 0x1106, 0x2167, 0x0883, 0x0152, 0x0001, 0xDE8E, 0xFF82,
    0xF6C0, 0xFFA0, 0xF680, 0xFF00, 0xFF40, 0xFF80, 0xFF80, 0xFFC0, 0xFFA0, 0xFFE0, 0xFF20, 0xF6E0,
    0xFFC0, 0xFFA0, 0xFFA0, 0xFFA0, 0xFFA0, 0xFFA0, 0xFFA0, 0xFFA0, 0xFFA0, 0xFFA0, 0xFFC0, 0xFFA0,
    0xFFA0, 0xFFE0, 0xFF80, 0xFFA0, 0xF640, 0xF5C0, 0xFF40, 0x7180, 0x0002, 0x0025, 0x10A3, 0xEF0B,
    0xFF40, 0xEEA0, 0xCCE0, 0xF6E0, 0xF680, 0xFEC1, 0xA340, 0x0000, 0x0067, 0x0003, 0x3185, 0xFF47,
    0xFF00, 0xF700, 0xF620, 0xFEE0, 0xFF00, 0xFF80, 0x9B20, 0x0000, 0x0862, 0xD628, 0xEE80, 0xF700,
    0xFF40, 0xEEC0, 0xFF80, 0xFF80, 0xF700, 0xFF20, 0xFF40, 0xFF20, 0xFF40, 0xFF40, 0xFF40, 0xFF40,
    0xFF40, 0xFF40, 0xFF61, 0xFF42, 0x5120, 0x0027, 0x0173, 0x0130, 0x0172, 0x0130, 0x1040, 0xE6EF,
    0xFFC2, 0xEEC0, 0xF6E0, 0xFF40, 0xFF60, 0xFF60, 0xFF60, 0xFF80, 0xFF80, 0xFF80, 0xFF60, 0xFF40,
    0xFFE1, 0x8AA0, 0x0003, 0x0089, 0x0130, 0x0001, 0xD60A, 0xFF60, 0xF6E0, 0xF6C0, 0xFF20, 0xFF40,
    0xFF80, 0xF700, 0xFFA0, 0xF780, 0xFF40, 0x79E0, 0x0005, 0x0151, 0x0130, 0x0130, 0x0152, 0x0045,
    0x0001, 0x00A8, 0x00A8, 0x0065, 0x0000, 0x0152, 0x0110, 0x00CC, 0x00CD, 0x00CD, 0x00CC, 0x00CC,
    0x00CC, 0x00CC, 0x00AB, 0x0089, 0x0151, 0x0003, 0xC54B, 0xFF21, 0xEE60, 0xB3A1, 0xC4C1, 0xEEC0,
    0xFE60, 0x6100, 0x0004, 0x00ED, 0x010F, 0x00AB, 0x18A3, 0xDE0B, 0xF700, 0xFF60, 0xEEA0, 0xFF20,
    0xFF00, 0xFF20, 0xFE80, 0x50E0, 0x0026, 0x0151, 0x0151, 0x010F, 0x01D4, 0x0000, 0xAD29, 0xFFE7,
    0xFF20, 0xFF60, 0xFF60, 0xFF60, 0xFF60, 0xFF80, 0xFF60, 0xFF40, 0xFE01, 0x3880, 0x0069, 0x0152,
    0x0003, 0xC588, 0xFFA1, 0xFF20, 0xFF20, 0xFF20, 0xFF20, 0xFF20, 0xFF20, 0xDE00, 0xFF20, 0xF720,
    0xF6C0, 0xFF60, 0xFF40, 0xFF00, 0xFF00, 0xFF00, 0xFF00, 0xFF00, 0xFF00, 0xFF00, 0xFFA1, 0xFE22,
    0x48C0, 0x0026, 0x0130, 0x00EE, 0x0110, 0x0131, 0x023A, 0x01B1, 0x0000, 0x00A7, 0x00A7, 0x0086,
    0x0042, 0x0042, 0x0042, 0x0042, 0x0862, 0x0863, 0x0863, 0x0863, 0x0883, 0x0883, 0x0884, 0x0884,
    0x08A4, 0x10A5, 0x10C5, 0x10C5, 0x10C6, 0x1907, 0x18C4, 0x00E9, 0x00AB, 0x6284, 0xFFCF, 0xEEA0,
    0xF6A0, 0xF720, 0xE5C0, 0xFFC0, 0xFFA0, 0xFFC0, 0xFFC0, 0xFFA0, 0xFF00, 0xFF20, 0xFFA0, 0xFFC0,
    0xFFA0, 0xFFA0, 0xFFA0, 0xFFA0, 0xFF80, 0xFFA0, 0xFF60, 0xFFA0, 0xFFC0, 0xFFC0, 0xFF60, 0xFFA0,
    0xFFA0, 0xFEA0, 0xF680, 0xFFE0, 0xFF60, 0xFF40, 0xE541, 0x0800, 0x0045, 0x0000, 0x7BC9, 0xFF64,
    0xF6C0, 0xFF40, 0xFF40, 0xFF80, 0xF660, 0xFE81, 0x2880, 0x0004, 0x0047, 0x0002, 0xAD2C, 0xFFE1,
    0xFF40, 0xFF60, 0xFF00, 0xFF80, 0xFF40, 0xFE40, 0x28A0, 0x0000, 0x6309, 0xFFE5, 0xF700, 0xFF60,
    0xE680, 0xFF80, 0xF6E0, 0xFF80, 0xFF40, 0xFF80, 0xFFC0, 0xFFA0, 0xFF80, 0xFF60, 0xFF60, 0xFF60,
    0xFF60, 0xFF40, 0xFFE0, 0xCCC0, 0x0000, 0x00CC, 0x010F, 0x0131, 0x0131, 0x0800, 0xCE0E, 0xFFA5,
    0xF740, 0xFF61, 0xFF80, 0xFFC0, 0xFF60, 0xFF80, 0xFFA0, 0xFF80, 0xFF80, 0xFFA0, 0xFFA0, 0xFFE0,
    0xF660, 0x2040, 0x0025, 0x00ED, 0x0049, 0x5288, 0xFF48, 0xEEA0, 0xF720, 0xFF60, 0xE5E0, 0xFFA0,
    0xFF40, 0xFF80, 0xF6E0, 0xF6A0, 0xE4E0, 0x1000, 0x00ED, 0x0110, 0x010F, 0x0131, 0x00EE, 0x0000,
    0x0066, 0x00A8, 0x0087, 0x00A8, 0x0001, 0x00EA, 0x0219, 0x0110, 0x0110, 0x00EF, 0x00CC, 0x00AB,
    0x00AA, 0x0067, 0x0023, 0x0087, 0x008A, 0x4A27, 0xFF67, 0xEEA0, 0xEE20, 0xE601, 0xFF40, 0xFF80,
    0xD4C0, 0x0000, 0x0089, 0x00CC, 0x010F, 0x0004, 0x83EA, 0xFFC4, 0xFF80, 0xFF80, 0xEEC0, 0xFF60,
    0xFF60, 0xFFE0, 0xCC40, 0x0000, 0x00EC, 0x0130, 0x010F, 0x01F7, 0x0005, 0x7B48, 0xFFEE, 0xF740,
    0xFF60, 0xFF80, 0xFF60, 0xFF60, 0xFF80, 0xFF80, 0xFF60, 0xFF80, 0xF601, 0x2000, 0x00A9, 0x00EE,
    0x1063, 0xEF2A, 0xFFE0, 0xFFA0, 0xFFA0, 0xFFA0, 0xFF80, 0xFFC0, 0xFF60, 0xFF80, 0xFF60, 0xF680,
    0xFF60, 0xFF60, 0xFF40, 0xFF60, 0xFF80, 0xFF80, 0xFF80, 0xFF80, 0xFF80, 0xFFC0, 0xFE41, 0x58C0,
    0x0003, 0x010F, 0x00CD, 0x00ED, 0x010E, 0x0151, 0x0173, 0x0065, 0x0001, 0x0087, 0x0087, 0x0086,
    0x0042, 0x0042, 0x0042, 0x0842, 0x0863, 0x0863, 0x0863, 0x0863, 0x0883, 0x0884, 0x0884, 0x0884,
    0x08A4, 0x10A5, 0x10C5, 0x10C5, 0x10E6, 0x1907, 0x0862, 0x0150, 0x0001, 0xDDAA, 0xFE83, 0xFE40,
    0xFE20, 0xF5E0, 0xED80, 0xFE80, 0xFE40, 0xFE60, 0xFE40, 0xF5C0, 0xFE60, 0xF560, 0xF5E0, 0xFEA0,
    0xFE60, 0xFE60, 0xFE80, 0xFE80, 0xFE60, 0xFE80, 0xFE60, 0xFE80, 0xFE80, 0xFE80, 0xFE60, 0xFE60,
    0xFE80, 0xFE20, 0xFE60, 0xFE80, 0xFE40, 0xFE40, 0x6140, 0x0003, 0x0026, 0x1082, 0xE664, 0xFE80,
    0xFEA0, 0xFE00, 0xFE80, 0xFE80, 0xFF20, 0xAB80, 0x0001, 0x0047, 0x0005, 0x2121, 0xFEE3, 0xFE80,
    0xFE80, 0xFE80, 0xFEE0, 0xFE80, 0xFF00, 0xB380, 0x0001, 0x0020, 0xD5C2, 0xFEC0, 0xFEA0, 0xF620,
    0xE5E0, 0xF6E0, 0xF660, 0xC400, 0x9280, 0x92A0, 0x8A80, 0x8260, 0xEE21, 0xFEA0, 0xFE80, 0xFE80,
    0xFE80, 0xFE80, 0xFEC0, 0x6180, 0x0005, 0x00EE, 0x010F, 0x0173, 0x0000, 0xAD07, 0xFFA6, 0xF660,
    0xF6E0, 0xE560, 0xFEA0, 0xFEC0, 0xFEE0, 0xFEC0, 0xFE80, 0xFEA0, 0xFEA0, 0xFEC0, 0xFEA0, 0xFF40,
    0xAB60, 0x0001, 0x0046, 0x0132, 0x0023, 0xCDC3, 0xFEE1, 0xF660, 0xFEA0, 0xFE40, 0xF600, 0xFE80,
    0xFEA0, 0xFEC0, 0xF5C0, 0xFE60, 0x8200, 0x0004, 0x010F, 0x00EE, 0x010F, 0x0131, 0x0045, 0x0001,
    0x00A8, 0x0087, 0x0086, 0x00A7, 0x0065, 0x0001, 0x014F, 0x0089, 0x0045, 0x0002, 0x0001, 0x0000,
    0x0000, 0x0002, 0x0000, 0x012E, 0x0004, 0xC545, 0xFEE1, 0xF640, 0xF640, 0xFEC0, 0xEE20, 0xFE00,
    0x71E0, 0x0003, 0x00AA, 0x00AB, 0x0069, 0x1082, 0xEE86, 0xFEE0, 0xFEC0, 0xFE80, 0xFEA0, 0xFEA0,
    0xFF00, 0xFE61, 0x58E0, 0x0025, 0x010E, 0x00ED, 0x0194, 0x006A, 0x41C2, 0xF6EA, 0xE621, 0xFEE0,
    0xFE80, 0xFEA0, 0xFE80, 0xFEA0, 0xFEC0, 0xFE80, 0xFE60, 0xFEE0, 0xE4C0, 0x0800, 0x00CB, 0x00AD,
    0x3141, 0xF604, 0xF520, 0xF540, 0xF540, 0xF560, 0xED20, 0xED60, 0xFF02, 0xFEE0, 0xFEC0, 0xF640,
    0xFEE0, 0xFEC0, 0xFF20, 0xFEA0, 0xFDC0, 0xFDE0, 0xFDE0, 0xFDE0, 0xFDE0, 0xFDA0, 0x8180, 0x0002,
    0x012F, 0x00EE, 0x00CC, 0x00CC, 0x00ED, 0x010F, 0x0044, 0x0000, 0x0066, 0x0087, 0x0066, 0x0086,
    0x0042, 0x0042, 0x0842, 0x0843, 0x0843, 0x0843, 0x0863, 0x0863, 0x0884, 0x0884, 0x0884, 0x0884,
    0x08A4, 0x10A5, 0x10A5, 0x10A5, 0x10E6, 0x10A4, 0x00E9, 0x00AC, 0x5A44, 0xFFB4, 0xF5C0, 0xECA0,
    0xF4C0, 0xFDE0, 0xFE20, 0xFDE0, 0xFE00, 0xFE60, 0xFE40, 0xFE40, 0xFE40, 0xFE00, 0xFE40, 0xFE20,
    0xFE80, 0xFE80, 0xFE80, 0xFE80, 0xFEA0, 0xFE40, 0xFE40, 0xFE20, 0xFE20, 0xFE40, 0xFE60, 0xFE40,
    0xFE40, 0xFE60, 0xFE60, 0xFDE0, 0xFE60, 0xDC40, 0x0800, 0x0025, 0x0002, 0x7BA3, 0xFF20, 0xFE40,
    0xFE40, 0xFE20, 0xFE60, 0xFE80, 0xFE00, 0x38A0, 0x0003, 0x0046, 0x0001, 0x9445, 0xFF00, 0xFE40,
    0xFE80, 0xFE80, 0xFE80, 0xFE80, 0xFE20, 0x38A0, 0x0000, 0x5283, 0xFF00, 0xFE20, 0xFE80, 0xFE40,
    0xFE60, 0xFEC0, 0xED40, 0x1820, 0x0002, 0x0002, 0x0000, 0x2161, 0xFEE2, 0xFE40, 0xFE60, 0xFE60,
    0xFE60, 0xFEC0, 0xE500, 0x1000, 0x0069, 0x00AC, 0x010E, 0x0002, 0x8C08, 0xFFE8, 0xFE60, 0xFEA0,
    0xDD60, 0xFE20, 0xFE80, 0xFEA0, 0xEDC0, 0xF620, 0xFE80, 0xFE60, 0xFE60, 0xFE80, 0xFE80, 0xFE40,
    0x40E0, 0x0003, 0x00AA, 0x006B, 0x4A40, 0xFF20, 0xFE60, 0xFE40, 0xFE00, 0xFE20, 0xFE80, 0xFE20,
    0xFE60, 0xF5A0, 0xFE80, 0xED20, 0x1000, 0x00CC, 0x00EE, 0x00ED, 0x010F, 0x00CC, 0x0000, 0x0065,
    0x00A7, 0x00A6, 0x00A7, 0x00A7, 0x00A7, 0x0022, 0x0000, 0x0000, 0x0001, 0x0022, 0x0064, 0x0885,
    0x08C6, 0x18E5, 0x08A6, 0x00AD, 0x39C3, 0xFEE3, 0xFE60, 0xFE80, 0xFE60, 0xFEA0, 0xF660, 0xECA0,
    0x1820, 0x0026, 0x0047, 0x0088, 0x0002, 0x7BA4, 0xFF41, 0xFE60, 0xFE60, 0xFE40, 0xFEA0, 0xFE60,
    0xFF00, 0xCBE0, 0x0001, 0x00CB, 0x00AB, 0x010E, 0x00CC, 0x1880, 0xEF0C, 0xFEC1, 0xFE80, 0xFE80,
    0xFE80, 0xFE80, 0xFE80, 0xFE60, 0xFE60, 0xFE60, 0xFE40, 0xFEC0, 0xCC20, 0x0001, 0x00CB, 0x0068,
    0x0821, 0x1020, 0x1801, 0x1801, 0x1801, 0x1800, 0x1000, 0x5208, 0xFF47, 0xFE80, 0xFEA0, 0xFEA0,
    0xFEE0, 0xFF00, 0xFE80, 0x6120, 0x2820, 0x2840, 0x2820, 0x2841, 0x2820, 0x2800, 0x0001, 0x0173,
    0x0152, 0x010F, 0x00EE, 0x00ED, 0x00CD, 0x0024, 0x0000, 0x0066, 0x0087, 0x0066, 0x0066, 0x0066,
    0x0042, 0x0022, 0x0843, 0x0843, 0x0843, 0x0843, 0x0863, 0x0863, 0x0864, 0x0884, 0x0884, 0x0884,
    0x0885, 0x08A5, 0x10A5, 0x08A5, 0x10E6, 0x0863, 0x0191, 0x0843, 0xE5B3, 0xFEF6, 0xFDCA, 0xFD64,
    0xFD60, 0xFD60, 0xFDE0, 0xFD20, 0xFDA0, 0xFD80, 0xFD20, 0xFD60, 0xFCE0, 0xFD00, 0xFCE0, 0xFC80,
    0xFD00, 0xFCA0, 0xFCE0, 0xFCC0, 0xFC80, 0xFDC0, 0xFE20, 0xFDE0, 0xFE40, 0xFE40, 0xFE20, 0xFE20,
    0xFE20, 0xFE40, 0xFE40, 0xF5E0, 0xFE60, 0x6960, 0x0003, 0x0026, 0x0860, 0xE601, 0xFE40, 0xFE40,
    0xFE20, 0xFE20, 0xFE00, 0xFEA0, 0xB360, 0x0001, 0x0046, 0x0005, 0x18C0, 0xF642, 0xFE20, 0xFE40,
    0xFE40, 0xFE40, 0xFE20, 0xFEC0, 0xC3E0, 0x0000, 0x0000, 0xC563, 0xFE80, 0xFE20, 0xFE20, 0xFE20,
    0xFE40, 0xFEE0, 0xAB40, 0x0002, 0x0088, 0x0025, 0x0002, 0xB4A0, 0xFE80, 0xFDE0, 0xFE20, 0xFE20,
    0xFE00, 0xFE60, 0x8220, 0x0003, 0x00AA, 0x00CB, 0x0002, 0x6AE2, 0xFF68, 0xFE20, 0xFE60, 0xFE00,
    0xFE00, 0xFE60, 0xFEA0, 0xED80, 0x9320, 0xF680, 0xFE20, 0xFE20, 0xFE40, 0xFE00, 0xFEA0, 0xCC20,
    0x0001, 0x0025, 0x00EF, 0x0003, 0xC520, 0xFE60, 0xFE40, 0xFDE0, 0xFE00, 0xFE40, 0xFE20, 0xFE40,
    0xF5C0, 0xECE0, 0xFE40, 0x9220, 0x0005, 0x00ED, 0x00CB, 0x00CC, 0x010F, 0x0045, 0x0001, 0x00A7,
    0x00A7, 0x08A6, 0x08A6, 0x08C6, 0x08C7, 0x08A7, 0x08A6, 0x08C7, 0x08C7, 0x08C7, 0x08C7, 0x10E7,
    0x1948, 0x10A2, 0x010D, 0x0024, 0xB504, 0xFEA1, 0xFE40, 0xF5E0, 0xFE20, 0xFE60, 0xFEE1, 0x9280,
    0x0002, 0x0066, 0x0089, 0x0048, 0x0861, 0xE5E2, 0xFE40, 0xFE60, 0xF5A0, 0xFE40, 0xFE40, 0xFE40,
    0xFE20, 0x5100, 0x0004, 0x00AB, 0x00CC, 0x012F, 0x0000, 0xB50B, 0xEE05, 0xDD00, 0xF620, 0xF600,
    0xF600, 0xFE40, 0xF600, 0xFE00, 0xFDE0, 0xFE20, 0xFDE0, 0xFE80, 0xB340, 0x0003, 0x00EC, 0x0003,
    0x008B, 0x008B, 0x0068, 0x0046, 0x0025, 0x0004, 0x0020, 0xC5CA, 0xFEE2, 0xFE60, 0xFE40, 0xFE80,
    0xFE80, 0xFF20, 0xBB80, 0x0000, 0x0046, 0x0048, 0x0069, 0x0069, 0x0069, 0x0068, 0x0275, 0x01D8,
    0x0173, 0x0151, 0x010F, 0x010E, 0x0045, 0x0000, 0x0045, 0x0087, 0x0066, 0x0066, 0x0066, 0x0066,
    0x0043, 0x0843, 0x0843, 0x0843, 0x0843, 0x0843, 0x0843, 0x0863, 0x0864, 0x0864, 0x0884, 0x0884,
    0x0885, 0x0885, 0x08A5, 0x10A6, 0x1085, 0x0065, 0x010C, 0x1840, 0x7163, 0x6880, 0x60C1, 0x60A0,
    0x60A0, 0x58A0, 0x58A0, 0x5080, 0x5080, 0x5080, 0x4860, 0x4860, 0x4020, 0x4020, 0x4020, 0x3820,
    0x3000, 0x3020, 0x3020, 0x2800, 0x4902, 0xF623, 0xFDC0, 0xFDC0, 0xFDE0, 0xFDA0, 0xFDC0, 0xFDC0,
    0xFDC0, 0xFDC0, 0xFDC0, 0xFE00, 0xDC00, 0x0800, 0x0067, 0x0004, 0x7300, 0xFE40, 0xFD80, 0xFDA0,
    0xFDA0, 0xFDC0, 0xFDE0, 0xFDA0, 0x38A0, 0x0003, 0x0046, 0x0003, 0x8360, 0xFE20, 0xFDA0, 0xFDE0,
    0xFDC0, 0xFDC0, 0xFDC0, 0xFDC0, 0x48E0, 0x0001, 0x4A00, 0xFE40, 0xFDA0, 0xFDE0, 0xFDC0, 0xFDC0,
    0xFDE0, 0xFDE0, 0x40E0, 0x0048, 0x08ED, 0x0003, 0x2120, 0xFDE0, 0xFD60, 0xFD80, 0xFD80, 0xFD80,
    0xFDC0, 0xF520, 0x1820, 0x0026, 0x00AB, 0x0003, 0x49E3, 0xFEE6, 0xFDA0, 0xFDC0, 0xFDA0, 0xFDE0,
    0xFE20, 0xFE00, 0xFE20, 0x5900, 0xA440, 0xFE40, 0xFDC0, 0xFDE0, 0xFE00, 0xFDC0, 0xFE00, 0x6180,
    0x0002, 0x00AA, 0x006C, 0x41E0, 0xFE60, 0xFDA0, 0xFDA0, 0xFDA0, 0xFDC0, 0xFDA0, 0xFDC0, 0xFE00,
    0xF5A0, 0xF5C0, 0xF4C0, 0x1800, 0x0089, 0x00CC, 0x00AB, 0x00CC, 0x00AB, 0x0000, 0x0065, 0x08A7,
    0x08A6, 0x08A6, 0x08C6, 0x08C7, 0x08C6, 0x08C7, 0x10C7, 0x10C6, 0x10C6, 0x10C6, 0x10C6, 0x10E6,
    0x2104, 0x08A6, 0x00EF, 0x3160, 0xFE20, 0xFD80, 0xFDC0, 0xFDC0, 0xFDE0, 0xFE40, 0xED20, 0x0800,
    0x0000, 0x0001, 0x0003, 0x0002, 0x7320, 0xFE40, 0xF560, 0xFDA0, 0xFD80, 0xFDE0, 0xFDC0, 0xFE20,
    0xD3E0, 0x0000, 0x0067, 0x0068, 0x00AB, 0x0003, 0x93E5, 0xF604, 0x9AC0, 0xED80, 0xF560, 0xED60,
    0xFDA0, 0x9B20, 0xE4E0, 0xFDA0, 0xFD20, 0xFD40, 0xFD40, 0xFDC0, 0x9240, 0x0005, 0x0152, 0x0026,
    0x0026, 0x0089, 0x0046, 0x0026, 0x0046, 0x0003, 0x4A44, 0xFEC1, 0xFDC0, 0xFDE0, 0xFDC0, 0xFE00,
    0xFE00, 0xFDE0, 0x48A0, 0x00CB, 0x0131, 0x0026, 0x0047, 0x0047, 0x0067, 0x0005, 0x0231, 0x027B,
    0x0194, 0x0172, 0x0152, 0x0067, 0x0000, 0x0045, 0x0067, 0x0065, 0x0065, 0x0066, 0x0065, 0x0065,
    0x0843, 0x0843, 0x0843, 0x0843, 0x0843, 0x0843, 0x0843, 0x0863, 0x0864, 0x0864, 0x0884, 0x0884,
    0x0885, 0x0885, 0x08A5, 0x08A5, 0x10A6, 0x0022, 0x0001, 0x0047, 0x0005, 0x0046, 0x0047, 0x0048,
    0x0048, 0x0048, 0x0027, 0x0026, 0x0026, 0x0026, 0x0026, 0x0026, 0x0026, 0x0026, 0x0025, 0x0025,
    0x0025, 0x0004, 0x0003, 0x0001, 0x8C01, 0xFE80, 0xFDA0, 0xFDC0, 0xFDE0, 0xFDC0, 0xFE00, 0xFDC0,
    0xFDC0, 0xFDC0, 0xFDC0, 0xFDE0, 0x6120, 0x0003, 0x0027, 0x0860, 0xE5A0, 0xFDC0, 0xFDC0, 0xFDC0,
    0xFDC0, 0xFDA0, 0xFE40, 0xBB80, 0x0001, 0x0025, 0x0004, 0x1080, 0xEDC0, 0xFDE0, 0xFDE0, 0xFDC0,
    0xFDC0, 0xFDC0, 0xFE40, 0xCC00, 0x0000, 0x0001, 0xBCC0, 0xFE20, 0xFDA0, 0xFDC0, 0xFDC0, 0xFDC0,
    0xFE60, 0xB380, 0x0000, 0x0004, 0x0027, 0x0001, 0x9BE0, 0xFE00, 0xFD80, 0xFDA0, 0xFDA0, 0xFD80,
    0xFE20, 0x9B00, 0x0001, 0x0088, 0x0003, 0x3102, 0xF6CC, 0xFE01, 0xFDE0, 0xF580, 0xF560, 0xFE00,
    0xFE00, 0xFE40, 0x81E0, 0x2100, 0xFE40, 0xFDA0, 0xFDE0, 0xFE20, 0xFDE0, 0xFE20, 0xE4A0, 0x0800,
    0x0004, 0x0110, 0x0024, 0xC500, 0xFE20, 0xFDA0, 0xFD80, 0xFDC0, 0xFDE0, 0xFE00, 0xFE00, 0xFDC0,
    0xFDC0, 0xFE20, 0x89E0, 0x0003, 0x00AA, 0x008A, 0x00AB, 0x00CD, 0x0045, 0x0001, 0x08A7, 0x08A6,
    0x08C7, 0x08C7, 0x10C7, 0x10E7, 0x10E7, 0x10E6, 0x10E6, 0x10E6, 0x10E6, 0x10C6, 0x10E6, 0x2127,
    0x1081, 0x010D, 0x0026, 0xAC40, 0xFE00, 0xFDA0, 0xFDC0, 0xFE00, 0xFDE0, 0xFE20, 0xD4A2, 0x8369,
    0x93CB, 0x93CB, 0x8BEB, 0x9409, 0xE5C1, 0xFDE0, 0xFDA0, 0xFDC0, 0xFDC0, 0xFDC0, 0xFDE0, 0xFE00,
    0x5920, 0x0004, 0x0069, 0x0089, 0x0002, 0x5222, 0xFF8B, 0xED20, 0xECC0, 0xFDC0, 0xED20, 0xFDA0,
    0xB2E0, 0x49E0, 0xFE00, 0xFD00, 0xFD80, 0xFD80, 0xFD60, 0xFE20, 0x79E0, 0x0005, 0x0130, 0x0089,
    0x0002, 0x00CC, 0x008A, 0x0089, 0x0069, 0x0001, 0xC523, 0xFE20, 0xFDE0, 0xFDE0, 0xFE00, 0xFDE0,
    0xFE60, 0xC360, 0x0001, 0x01F8, 0x01B8, 0x0048, 0x0047, 0x0048, 0x0069, 0x0048, 0x010B, 0x031C,
    0x0196, 0x01B5, 0x00A9, 0x0000, 0x0024, 0x0067, 0x0066, 0x0066, 0x0065, 0x0065, 0x0065, 0x0065,
    0x0843, 0x0843, 0x0843, 0x0843, 0x0843, 0x0843, 0x0863, 0x0864, 0x0864, 0x0864, 0x0864, 0x0884,
    0x0885, 0x0885, 0x0885, 0x0885, 0x08A6, 0x0885, 0x0000, 0x00CC, 0x0131, 0x00AB, 0x00AB, 0x00AB,
    0x008A, 0x0089, 0x0089, 0x0068, 0x0068, 0x0068, 0x0067, 0x0047, 0x0047, 0x0047, 0x0046, 0x0026,
    0x0025, 0x0025, 0x0005, 0x2101, 0xFE40, 0xFDC0, 0xFDA0, 0xFDC0, 0xFDC0, 0xFE20, 0xFE20, 0xFDC0,
    0xFDA0, 0xFDC0, 0xFE20, 0xD400, 0x0000, 0x0067, 0x0004, 0x6AA0, 0xFE20, 0xFD80, 0xFDA0, 0xFDA0,
    0xFDC0, 0xFDC0, 0xFDC0, 0x48C0, 0x0003, 0x0046, 0x0003, 0x7300, 0xFE40, 0xFDA0, 0xFDE0, 0xFDA0,
    0xFDC0, 0xFDC0, 0xFE00, 0x5940, 0x0001, 0x3980, 0xFE00, 0xFD80, 0xFDA0, 0xFDA0, 0xFDA0, 0xFDA0,
    0xFDE0, 0x7A85, 0x3166, 0x3985, 0x39A6, 0x5245, 0xF5C0, 0xFD80, 0xFD80, 0xFD60, 0xFD80, 0xFDC0,
    0xFD60, 0x2880, 0x0005, 0x0003, 0x1860, 0xE60B, 0xFE21, 0xFD80, 0xFDA0, 0xFD60, 0xFDC0, 0xF580,
    0xFE20, 0xAA80, 0x0000, 0x9C00, 0xFE40, 0xFDA0, 0xFDC0, 0xFDC0, 0xFDC0, 0xFE40, 0x8A20, 0x0001,
    0x0088, 0x006D, 0x41C0, 0xFE60, 0xFDC0, 0xFDE0, 0xFD80, 0xFDE0, 0xFE00, 0xFDE0, 0xFDE0, 0xFDA0,
    0xFDE0, 0xF520, 0x2020, 0x0046, 0x0089, 0x0089, 0x00AB, 0x00AA, 0x0001, 0x0044, 0x08C7, 0x08C6,
    0x10E7, 0x10E7, 0x1107, 0x1107, 0x1107, 0x1907, 0x1907, 0x1907, 0x1907, 0x1906, 0x1906, 0x2125,
    0x0884, 0x00AE, 0x2920, 0xFE20, 0xFDC0, 0xFDE0, 0xFDC0, 0xFDE0, 0xFDE0, 0xFE20, 0xFE00, 0xFD42,
    0xFDE2, 0xFEA3, 0xFE63, 0xFE62, 0xFDC0, 0xFD80, 0xFDA0, 0xFDC0, 0xFDC0, 0xFDC0, 0xFE20, 0xCBC0,
    0x0000, 0x0046, 0x0069, 0x0005, 0x2901, 0xEE0A, 0xE520, 0xC380, 0xE460, 0xDBE0, 0xEC80, 0xE3C0,
    0x1000, 0x7B01, 0xFDE0, 0xFD00, 0xF4E0, 0xFD60, 0xFD80, 0xFD61, 0x5900, 0x0006, 0x00ED, 0x00CD,
    0x0002, 0x00AA, 0x00EF, 0x00CC, 0x0008, 0x4A00, 0xFE40, 0xFDC0, 0xFDE0, 0xFDC0, 0xFE00, 0xFE00,
    0xFDC0, 0x4080, 0x0089, 0x023A, 0x023A, 0x0172, 0x0048, 0x008A, 0x0089, 0x00AB, 0x006A, 0x0298,
    0x023C, 0x010E, 0x0000, 0x0023, 0x0087, 0x0066, 0x0066, 0x0065, 0x0065, 0x0065, 0x0045, 0x0045,
    0x0843, 0x0843, 0x0843, 0x0843, 0x0843, 0x0864, 0x0864, 0x0864, 0x0864, 0x0864, 0x0884, 0x1085,
    0x1085, 0x1085, 0x0885, 0x0885, 0x0885, 0x08A6, 0x0023, 0x0002, 0x0174, 0x00EE, 0x00AB, 0x00AB,
    0x008A, 0x008A, 0x008A, 0x008A, 0x0089, 0x0089, 0x0089, 0x0069, 0x0068, 0x0048, 0x0047, 0x0047,
    0x0026, 0x0047, 0x0003, 0x9C20, 0xFE80, 0xFDE0, 0xFE00, 0xFDE0, 0xFE20, 0xFE60, 0xFDC0, 0xFE00,
    0xFDE0, 0xFDE0, 0xFE00, 0x5920, 0x0004, 0x0047, 0x0820, 0xDD40, 0xFDE0, 0xFDC0, 0xFDE0, 0xFDC0,
    0xFDC0, 0xFE40, 0xCBC0, 0x0001, 0x0025, 0x0004, 0x0860, 0xE5A0, 0xFE00, 0xFDE0, 0xFDE0, 0xFDE0,
    0xFDE0, 0xFE40, 0xD400, 0x0000, 0x0000, 0xAC60, 0xFE40, 0xFDC0, 0xFDC0, 0xFDE0, 0xFDE0, 0xFDC0,
    0xFDC0, 0xFE45, 0xFE88, 0xFE88, 0xFEA9, 0xFE85, 0xFDA0, 0xFDA0, 0xFDA0, 0xFDC0, 0xFDA0, 0xFE20,
    0xB320, 0x0002, 0x0026, 0x0800, 0xCD6C, 0xFE43, 0xFD80, 0xFDE0, 0xFDC0, 0xFDE0, 0xFDC0, 0xFE00,
    0xB300, 0x0000, 0x18C1, 0xEE20, 0xFDE0, 0xFDE0, 0xFDE0, 0xFDC0, 0xFE20, 0xF540, 0x2041, 0x0004,
    0x00ED, 0x0003, 0xBCA0, 0xFE60, 0xFE00, 0xFE00, 0xFE20, 0xFDE0, 0xFDC0, 0xFE00, 0xFDC0, 0xFDC0,
    0xFE40, 0x9AA0, 0x0002, 0x0089, 0x0068, 0x0089, 0x00AA, 0x0024, 0x0001, 0x08C7, 0x10C6, 0x10E7,
    0x1107, 0x1907, 0x1907, 0x1927, 0x1927, 0x1927, 0x1927, 0x1907, 0x1907, 0x1906, 0x2147, 0x18C2,
    0x010C, 0x0006, 0xA420, 0xFE60, 0xFE00, 0xFE00, 0xFE00, 0xFE00, 0xFE20, 0xFE00, 0xDC60, 0xED40,
    0xF5E0, 0xFDE0, 0xF5C0, 0xFDE0, 0xFDE0, 0xFDE0, 0xFDE0, 0xFDE0, 0xFDE0, 0xFDE0, 0xFDE0, 0x5920,
    0x0002, 0x0067, 0x0025, 0x0841, 0xD60C, 0xFEC4, 0xDCC0, 0xE500, 0xECE0, 0xDC60, 0xFB40, 0x4840,
    0x0000, 0xABE1, 0xFDC0, 0xFD60, 0xFD60, 0xFD80, 0xFDA0, 0xFD20, 0x3060, 0x0047, 0x00CD, 0x010F,
    0x0045, 0x0023, 0x00CC, 0x00EE, 0x0002, 0xC540, 0xFE40, 0xFE00, 0xFE00, 0xFDE0, 0xFDE0, 0xFE80,
    0xC320, 0x0000, 0x0193, 0x01F8, 0x0219, 0x025B, 0x00CE, 0x00AC, 0x00AC, 0x00CC, 0x006A, 0x01D2,
    0x0236, 0x0000, 0x0023, 0x0087, 0x0066, 0x0065, 0x0065, 0x0065, 0x0045, 0x0045, 0x0045, 0x0045,
    0x0843, 0x0843, 0x0843, 0x0843, 0x0864, 0x0864, 0x0864, 0x0864, 0x1064, 0x1084, 0x1085, 0x1085,
    0x1085, 0x1085, 0x1085, 0x1086, 0x0886, 0x08A6, 0x08A7, 0x0000, 0x00CA, 0x0194, 0x00CC, 0x00CD,
    0x00CC, 0x00AC, 0x00CC, 0x00AC, 0x00AC, 0x00AB, 0x00AB, 0x00AA, 0x008A, 0x0089, 0x0089, 0x0089,
    0x0089, 0x006A, 0x20A0, 0xF420, 0xFBE0, 0xFBE1, 0xFBE0, 0xFBC0, 0xFBE0, 0xFC00, 0xFBA0, 0xFBC0,
    0xFBC0, 0xFC20, 0xD2E0, 0x0000, 0x0068, 0x0004, 0x59E0, 0xFC60, 0xFC00, 0xFC20, 0xFC20, 0xFC00,
    0xFC00, 0xFC81, 0x5100, 0x0004, 0x0046, 0x0002, 0x6200, 0xFC80, 0xFC00, 0xFC20, 0xFC00, 0xFC20,
    0xFC00, 0xFC60, 0x6940, 0x0001, 0x2900, 0xF480, 0xFC00, 0xFC20, 0xFC20, 0xFC20, 0xFC20, 0xFC00,
    0xFC00, 0xFC00, 0xFBE0, 0xFBE0, 0xFBC0, 0xFBC0, 0xFBE0, 0xFBE0, 0xFBE0, 0xFBE0, 0xFBE0, 0xFC20,
    0x40A0, 0x0003, 0x0000, 0xAC29, 0xFD27, 0xFB80, 0xFBE0, 0xFBE0, 0xFC00, 0xFBE0, 0xFC20, 0xD300,
    0x1001, 0x0002, 0x6A40, 0xFCC0, 0xFC20, 0xFC20, 0xFC20, 0xFC00, 0xFC80, 0xA240, 0x0001, 0x008A,
    0x00AD, 0x3140, 0xFCA0, 0xFC00, 0xFC20, 0xFBE0, 0xFC00, 0xFD42, 0xFD41, 0xFB60, 0xFBE0, 0xFC20,
    0xFC00, 0x2840, 0x0026, 0x0068, 0x0068, 0x0089, 0x0068, 0x0001, 0x08A5, 0x1949, 0x1948, 0x2168,
    0x2169, 0x2189, 0x29A9, 0x29A9, 0x29A9, 0x29A9, 0x29A9, 0x2988, 0x2968, 0x2147, 0x2946, 0x0884,
    0x0110, 0x2920, 0xF501, 0xFC20, 0xFC60, 0xFC20, 0xFC40, 0xFC40, 0xFC80, 0xF3E0, 0xEB40, 0xFC60,
    0xFC20, 0xFC20, 0xFC00, 0xFC20, 0xFC00, 0xFC20, 0xFC00, 0xFC00, 0xFC00, 0xFC60, 0xDB20, 0x0800,
    0x0047, 0x0046, 0x0000, 0xA385, 0xFD66, 0xFBE0, 0xF3C1, 0xFBE0, 0xEB60, 0xFBE0, 0x8900, 0x0000,
    0x0020, 0xD341, 0xFB81, 0xFBC0, 0xFB60, 0xFB80, 0xFC20, 0xF2E0, 0x1800, 0x0069, 0x00CD, 0x00EE,
    0x0025, 0x0000, 0x0044, 0x006A, 0x49A0, 0xFD00, 0xFC40, 0xFC60, 0xFC20, 0xFC40, 0xFC40, 0xFC40,
    0x4060, 0x0089, 0x01F8, 0x01D7, 0x0219, 0x025B, 0x0087, 0x0003, 0x0023, 0x0002, 0x0002, 0x0023,
    0x0021, 0x0022, 0x0087, 0x0066, 0x0065, 0x0065, 0x0045, 0x0045, 0x0045, 0x0045, 0x0045, 0x0044,
    0x0843, 0x0843, 0x0843, 0x0844, 0x0864, 0x0864, 0x0864, 0x1064, 0x1064, 0x1085, 0x1085, 0x1085,
    0x1085, 0x10A5, 0x10A6, 0x10A6, 0x10A6, 0x10C7, 0x10E9, 0x0885, 0x0000, 0x01D4, 0x0152, 0x0110,
    0x0130, 0x010F, 0x00EE, 0x00EE, 0x00CD, 0x00CC, 0x00CC, 0x00AA, 0x008A, 0x0089, 0x0089, 0x0068,
    0x0130, 0x0047, 0x9280, 0xFB01, 0xFAA1, 0xFAE1, 0xFAC1, 0xFAC1, 0xFAC1, 0xFAC0, 0xFAC1, 0xFAC1,
    0xFAC1, 0xFB01, 0x58A0, 0x0004, 0x0068, 0x0020, 0xD3A0, 0xFB41, 0xFB20, 0xFB20, 0xFB40, 0xFB40,
    0xFB61, 0xD280, 0x0001, 0x0047, 0x0006, 0x0021, 0xD380, 0xFB20, 0xFB20, 0xFB20, 0xFB20, 0xFB20,
    0xFB40, 0xE2A1, 0x1001, 0x0001, 0x9B00, 0xFBA0, 0xFB00, 0xFB20, 0xFB40, 0xFB40, 0xFB40, 0xFB40,
    0xFB00, 0xFB01, 0xFB01, 0xFB01, 0xFB01, 0xFB01, 0xFAE0, 0xFB00, 0xFB01, 0xFAE0, 0xFB20, 0xCA60,
    0x0001, 0x0000, 0x9306, 0xFD08, 0xFAA0, 0xFB01, 0xFB00, 0xFAE0, 0xFAC0, 0xFB00, 0xE260, 0x1000,
    0x0001, 0x0001, 0xD3A0, 0xFB40, 0xFB40, 0xFB41, 0xFB41, 0xFB20, 0xFB61, 0x3880, 0x0002, 0x00EF,
    0x0046, 0xB340, 0xFB40, 0xFAE0, 0xFB00, 0xFB21, 0xFB00, 0xFB41, 0xFB01, 0xFAA1, 0xFAE1, 0xFB61,
    0xA200, 0x0001, 0x0046, 0x0025, 0x0025, 0x0027, 0x0002, 0x0000, 0x18A4, 0x18C4, 0x18A4, 0x18C4,
    0x20C4, 0x20E4, 0x20E4, 0x20E5, 0x20E5, 0x18C5, 0x18C4, 0x18A4, 0x1083, 0x18A3, 0x1881, 0x00EC,
    0x0068, 0x9B40, 0xFC02, 0xFB20, 0xFB40, 0xF320, 0xFB80, 0xFB80, 0xFB80, 0xF341, 0xFB80, 0xFB20,
    0xFB20, 0xFB40, 0xFB40, 0xFB20, 0xFB20, 0xFB20, 0xFB20, 0xFB20, 0xFB00, 0xFB80, 0x60E0, 0x0003,
    0x0068, 0x0001, 0x7265, 0xFC45, 0xEA40, 0xFB20, 0xF300, 0xFAA0, 0xF261, 0xC980, 0x0801, 0x0004,
    0x20E1, 0xF322, 0xFA81, 0xF2C1, 0xEA40, 0xFAC0, 0xFAA1, 0xEA61, 0x1001, 0x008A, 0x00AC, 0x00CC,
    0x0002, 0x0000, 0x010E, 0x0044, 0xCBC0, 0xFBC0, 0xFB80, 0xFB80, 0xFB80, 0xFB60, 0xFBC0, 0xBA20,
    0x0001, 0x0194, 0x01D6, 0x01B6, 0x0219, 0x014F, 0x0000, 0x0023, 0x0023, 0x0002, 0x0002, 0x0002,
    0x0023, 0x0066, 0x0066, 0x0065, 0x0065, 0x0045, 0x0045, 0x0045, 0x0045, 0x0044, 0x0044, 0x0044,
    0x0843, 0x0843, 0x0844, 0x0864, 0x0864, 0x1064, 0x1064, 0x1064, 0x1064, 0x1085, 0x1085, 0x1085,
    0x10A5, 0x10A6, 0x10A6, 0x10C6, 0x18C6, 0x0863, 0x0843, 0x0844, 0x0000, 0x0065, 0x0088, 0x0045,
    0x0066, 0x0045, 0x0044, 0x0044, 0x0044, 0x0023, 0x0044, 0x0044, 0x0043, 0x0044, 0x0043, 0x0085,
    0x00EE, 0x20C0, 0xF3C1, 0xFAC1, 0xFB01, 0xFB01, 0xFB01, 0xFAE1, 0xFB01, 0xFB21, 0xFB01, 0xFAE1,
    0xFB41, 0xCA21, 0x0000, 0x0088, 0x0005, 0x59A0, 0xFBE1, 0xFB41, 0xFB61, 0xFB40, 0xFB60, 0xFB60,
    0xFBE1, 0x6100, 0x0003, 0x0068, 0x0004, 0x5180, 0xFBC1, 0xFB40, 0xFB60, 0xFB60, 0xFB60, 0xFB40,
    0xFBA0, 0x7140, 0x0001, 0x20C0, 0xF401, 0xFB40, 0xFB60, 0xFB40, 0xFB60, 0xFB60, 0xFB81, 0xF340,
    0xF300, 0xFB00, 0xFB00, 0xFB20, 0xFB20, 0xFB20, 0xFB21, 0xFB20, 0xFB00, 0xFB20, 0xFB41, 0x48A1,
    0x0000, 0x6A66, 0xFD49, 0xFAC0, 0xFB01, 0xFB01, 0xFB00, 0xFB21, 0xFB00, 0xF340, 0x4942, 0x2104,
    0x2905, 0x6202, 0xFBE0, 0xFB40, 0xFB60, 0xFB60, 0xFB40, 0xFBA1, 0xD281, 0x0001, 0x0068, 0x008D,
    0x3100, 0xFBE1, 0xFB20, 0xFB41, 0xFB20, 0xFB20, 0xFB40, 0xFB41, 0xFB21, 0xFB21, 0xFB21, 0xFB81,
    0x3080, 0x0003, 0x0025, 0x00AA, 0x010E, 0x016F, 0x016D, 0x09AE, 0x09CE, 0x01AD, 0x01CC, 0x09EC,
    0x09ED, 0x120D, 0x1A4D, 0x1A4D, 0x226D, 0x2A8D, 0x328D, 0x3AAD, 0x3AAD, 0x222C, 0x0043, 0x00EE,
    0x18C0, 0xF3E1, 0xFB41, 0xFB61, 0xF321, 0xFBA0, 0xFBA0, 0xFBE0, 0xFBE0, 0xFBE0, 0xFBC0, 0xFBC0,
    0xFBC0, 0xFB60, 0xFB80, 0xFB60, 0xFB60, 0xFB60, 0xFB60, 0xFB40, 0xFBA0, 0xDAA0, 0x0000, 0x0047,
    0x0003, 0x4122, 0xFDA9, 0xE321, 0xE2C0, 0xE2A0, 0xF300, 0xE240, 0xE280, 0x1800, 0x0001, 0x0003,
    0x4961, 0xFB21, 0xFA60, 0xF2C1, 0xD221, 0xEA20, 0xFB61, 0xD261, 0x0002, 0x0089, 0x00AB, 0x0089,
    0x0000, 0x0086, 0x00AE, 0x51E0, 0xFC81, 0xFB80, 0xFBA0, 0xFB80, 0xFB80, 0xFBA0, 0xFBC1, 0x3860,
    0x0089, 0x01B6, 0x0194, 0x01B5, 0x01D7, 0x0023, 0x0022, 0x00CA, 0x00A8, 0x0087, 0x0066, 0x0087,
    0x0086, 0x0066, 0x0065, 0x0065, 0x0045, 0x0045, 0x0045, 0x0045, 0x0044, 0x0044, 0x0044, 0x0044,
    0x0844, 0x0844, 0x0864, 0x0864, 0x1064, 0x1064, 0x1064, 0x1064, 0x1064, 0x1085, 0x1085, 0x1086,
    0x10A6, 0x10A6, 0x10A6, 0x18E7, 0x0822, 0x00CA, 0x01CF, 0x014E, 0x014F, 0x010C, 0x00EC, 0x012E,
    0x010E, 0x010D, 0x00EC, 0x00EC, 0x00CC, 0x00ED, 0x010E, 0x010E, 0x00EE, 0x00CC, 0x00AA, 0x00CC,
    0x0003, 0x9260, 0xFB82, 0xFB01, 0xFB01, 0xFAE1, 0xFAE1, 0xFB01, 0xFB41, 0xFB41, 0xFB21, 0xFB21,
    0xFB41, 0x5080, 0x0024, 0x0068, 0x0021, 0xD3A1, 0xFBA1, 0xFB80, 0xFB81, 0xFB81, 0xFB60, 0xFBC0,
    0xE301, 0x0801, 0x0068, 0x0026, 0x0001, 0xC340, 0xFB80, 0xFB60, 0xFB80, 0xFB80, 0xFB80, 0xFBC0,
    0xEB40, 0x1020, 0x0001, 0x8AA0, 0xFBE1, 0xFB80, 0xFB80, 0xFB60, 0xFB80, 0xFB80, 0xFBC1, 0xFBA1,
    0xFB41, 0xFB61, 0xFB61, 0xFB61, 0xFB61, 0xFB41, 0xFB21, 0xFB21, 0xFB00, 0xFAE0, 0x78E0, 0x0000,
    0x5184, 0xFD6B, 0xFB20, 0xFB01, 0xFB21, 0xFB21, 0xFB41, 0xFB21, 0xFB00, 0xFBA2, 0xEC23, 0xFCA8,
    0xFCC9, 0xFC03, 0xFB40, 0xFB80, 0xFB80, 0xFB81, 0xFB60, 0xFBA1, 0x60E0, 0x0003, 0x00EF, 0x0025,
    0xAAE0, 0xFB80, 0xFB40, 0xFB40, 0xFB40, 0xFBA0, 0xFB61, 0xFB01, 0xFB00, 0xFB00, 0xFBA1, 0xA261,
    0x0000, 0x0001, 0x0001, 0x0004, 0x0005, 0x0046, 0x0067, 0x0087, 0x0087, 0x0086, 0x00A7, 0x00C7,
    0x00E7, 0x00C7, 0x00E6, 0x0906, 0x0906, 0x1126, 0x1947, 0x1927, 0x21A8, 0x1969, 0x00AA, 0x0027,
    0x8AE0, 0xFBC0, 0xFB40, 0xFB60, 0xF341, 0xFBC1, 0xFBE0, 0xDB20, 0x8940, 0x9180, 0x9160, 0x8940,
    0x89A0, 0xEBE1, 0xFBA0, 0xFBA0, 0xFB80, 0xFB80, 0xFB80, 0xFB60, 0xFBA1, 0x68E0, 0x0002, 0x0024,
    0x1840, 0xED6B, 0xFC61, 0xF320, 0xDA61, 0xEAE0, 0xFB80, 0xE201, 0x9101, 0x5143, 0x6A88, 0x59C3,
    0xAA43, 0xF282, 0xEA81, 0xFAC0, 0xE221, 0xEA60, 0xFB01, 0xB161, 0x0002, 0x0068, 0x00AA, 0x0088,
    0x0000, 0x010E, 0x0064, 0xD420, 0xFC01, 0xFBE0, 0xFBA0, 0xFBA0, 0xFBA0, 0xFBE0, 0xB9E0, 0x0001,
    0x0172, 0x0194, 0x0194, 0x01D6, 0x010E, 0x0000, 0x0088, 0x0087, 0x0066, 0x0066, 0x0065, 0x0045,
    0x0045, 0x0065, 0x0065, 0x0045, 0x0045, 0x0044, 0x0044, 0x0044, 0x0044, 0x0044, 0x0044, 0x0024,
    0x0844, 0x1044, 0x1064, 0x1064, 0x0864, 0x1064, 0x1064, 0x1064, 0x1064, 0x1085, 0x1085, 0x10A6,
    0x18A6, 0x18A6, 0x20E7, 0x1863, 0x00EB, 0x00EC, 0x1042, 0x18E4, 0x18A3, 0x20C4, 0x2925, 0x30E4,
    0x2904, 0x30C2, 0x3103, 0x3964, 0x3944, 0x38E3, 0x4964, 0x4164, 0x5184, 0x51E5, 0x59E5, 0x61E5,
    0x7224, 0xF302, 0xFA21, 0xFA22, 0xFA41, 0xF9E2, 0xFA42, 0xFA61, 0xFA61, 0xFAA2, 0xFA62, 0xFA81,
    0xC9C1, 0x0000, 0x0089, 0x0005, 0x5140, 0xFB01, 0xFAA2, 0xFAA1, 0xFAA1, 0xFAA1, 0xFAA1, 0xFAE1,
    0x6900, 0x0004, 0x00AB, 0x0004, 0x38E0, 0xFB01, 0xFA61, 0xFA81, 0xFA81, 0xFA81, 0xFA61, 0xFAE1,
    0x8980, 0x0001, 0x1880, 0xEB00, 0xFAA1, 0xFAA1, 0xFAA1, 0xFA81, 0xFAA0, 0xF280, 0x8920, 0x8120,
    0x8100, 0x7900, 0x7900, 0x70E0, 0x68C0, 0x68A0, 0x60A0, 0x5880, 0x5060, 0x3840, 0x0000, 0x3902,
    0xFCEC, 0xFAA2, 0xFA21, 0xFA62, 0xFA41, 0xFA41, 0xFA61, 0xFA61, 0xFA41, 0xFA61, 0xFA60, 0xFA40,
    0xFA40, 0xFA60, 0xFAC1, 0xFAA1, 0xFA81, 0xFA81, 0xFAA1, 0xE261, 0x0800, 0x0046, 0x008D, 0x3100,
    0xFB61, 0xFA21, 0xFA21, 0xFA41, 0xFA61, 0xFAA1, 0xF222, 0xFA41, 0xFA61, 0xFA21, 0xFA81, 0xC2E5,
    0xAB48, 0xB387, 0xB3A6, 0xB427, 0xB447, 0xB468, 0xB467, 0xAC47, 0xB449, 0xB44A, 0xB44B, 0xBC4B,
    0xBC4B, 0xBC6B, 0xBC4B, 0xBC4C, 0xBC6D, 0xB44C, 0xB40C, 0xBC8E, 0xA284, 0x0000, 0x0027, 0x20A1,
    0xF381, 0xFA61, 0xFA61, 0xFA60, 0xFAA1, 0xFAC1, 0xFAE1, 0x50A0, 0x0002, 0x0002, 0x0002, 0x0001,
    0x2900, 0xF342, 0xFA61, 0xFAA1, 0xFA81, 0xFA81, 0xFA81, 0xFAA0, 0xE201, 0x0802, 0x0025, 0x0000,
    0xC3A9, 0xFC05, 0xFA61, 0xF262, 0xF241, 0xFA61, 0xFAC0, 0xEA21, 0xE962, 0xFA43, 0xFB46, 0xF223,
    0xE1A1, 0xE181, 0xF242, 0xF202, 0xE182, 0xFA22, 0xE9A2, 0x8880, 0x0002, 0x0068, 0x00AA, 0x0046,
    0x0066, 0x00CD, 0x5140, 0xFB80, 0xFA81, 0xFAC1, 0xFAC1, 0xFAE0, 0xFAC0, 0xFA81, 0x3820, 0x0089,
    0x0195, 0x0173, 0x0194, 0x0195, 0x0023, 0x0022, 0x00A8, 0x0066, 0x0066, 0x0066, 0x0065, 0x0065,
    0x0065, 0x0045, 0x0045, 0x0045, 0x0044, 0x0044, 0x0044, 0x0044, 0x0024, 0x0024, 0x0024, 0x0024,
    0x1064, 0x1064, 0x1064, 0x1064, 0x1064, 0x1064, 0x1064, 0x1065, 0x1065, 0x1085, 0x1085, 0x1886,
    0x18A6, 0x18C6, 0x20C6, 0x0864, 0x0151, 0x1840, 0xE512, 0xF3EE, 0xDACB, 0xEB4B, 0xEB2B, 0xF288,
    0xFB89, 0xFAE8, 0xFBEB, 0xFCAD, 0xEBAC, 0xE268, 0xFBEC, 0xFC4C, 0xFC4C, 0xFD0F, 0xFDD3, 0xFDF3,
    0xFB25, 0xF982, 0xF942, 0xF942, 0xF942, 0xF962, 0xF982, 0xF982, 0xF942, 0xF942, 0xF8E2, 0xF982,
    0x5020, 0x0025, 0x008A, 0x0021, 0xD201, 0xF962, 0xF962, 0xF982, 0xF982, 0xF982, 0xF982, 0xE162,
    0x0800, 0x0088, 0x008B, 0x0002, 0xAA01, 0xF962, 0xF962, 0xF962, 0xF962, 0xF962, 0xF962, 0xF182,
    0x2001, 0x0002, 0x81A0, 0xF9E2, 0xF961, 0xF981, 0xF982, 0xF962, 0xF9A1, 0x9900, 0x0000, 0x0004,
    0x0004, 0x0006, 0x0006, 0x0005, 0x0005, 0x0004, 0x0003, 0x0003, 0x0003, 0x0001, 0x2061, 0xEC6C,
    0xFA03, 0xF901, 0xF942, 0xF962, 0xF942, 0xF942, 0xF962, 0xF982, 0xF942, 0xF942, 0xF942, 0xF982,
    0xF982, 0xF962, 0xF941, 0xF942, 0xF962, 0xF942, 0xF982, 0x80C0, 0x0001, 0x00EE, 0x0045, 0xAA00,
    0xF9A3, 0xF922, 0xF922, 0xF942, 0xF942, 0xF922, 0xF922, 0xF902, 0xF922, 0xF942, 0xF962, 0xF9A2,
    0xFA03, 0xFA83, 0xFB63, 0xFC27, 0xFC89, 0xFD09, 0xFD29, 0xFD4B, 0xFD6C, 0xFD2C, 0xFCEC, 0xFD0E,
    0xFD4F, 0xFDD1, 0xFE53, 0xFE94, 0xFED7, 0xFF39, 0xFFDD, 0xFE0E, 0x6960, 0x0004, 0x0002, 0x89E0,
    0xFA03, 0xF962, 0xF962, 0xF962, 0xF962, 0xF9A2, 0xD962, 0x0001, 0x0069, 0x0026, 0x0004, 0x0000,
    0xB221, 0xF9C2, 0xF962, 0xF962, 0xF962, 0xF961, 0xF962, 0xF9A2, 0x6860, 0x0004, 0x0001, 0x92A7,
    0xFC09, 0xF940, 0xE982, 0xE982, 0xF9C2, 0xF962, 0xF102, 0xC0A2, 0xE8E1, 0xF0E2, 0xE8A0, 0xC8A1,
    0xB882, 0xE922, 0xF942, 0xE902, 0xE8E3, 0xF923, 0xE0A2, 0x6800, 0x0003, 0x0068, 0x008A, 0x0024,
    0x00ED, 0x0043, 0xD240, 0xF961, 0xF962, 0xF961, 0xF962, 0xF961, 0xF9C2, 0xB8E1, 0x0001, 0x0172,
    0x0173, 0x0172, 0x01B4, 0x00ED, 0x0000, 0x0087, 0x0087, 0x0086, 0x0066, 0x0065, 0x0065, 0x0065,
    0x0045, 0x0045, 0x0044, 0x0044, 0x0044, 0x0044, 0x0044, 0x0044, 0x0024, 0x0024, 0x0023, 0x0023,
    0x1064, 0x1064, 0x1064, 0x1064, 0x1064, 0x1065, 0x1065, 0x1065, 0x1085, 0x1085, 0x1086, 0x1886,
    0x1886, 0x20C7, 0x1021, 0x016F, 0x0045, 0xA32A, 0xFAA9, 0xE820, 0xD0A2, 0xE902, 0xD0A1, 0xF921,
    0xF941, 0xF183, 0xF183, 0xE962, 0xB881, 0xE0C2, 0xE8A0, 0xF901, 0xF142, 0xF961, 0xF961, 0xF981,
    0xF982, 0xF982, 0xF962, 0xF962, 0xF982, 0xF982, 0xF9A2, 0xF982, 0xF942, 0xF982, 0xF962, 0xC901,
    0x0000, 0x00AA, 0x0006, 0x5100, 0xFA02, 0xF962, 0xF982, 0xF962, 0xF982, 0xF9A2, 0xF9C2, 0x5880,
    0x0000, 0x0002, 0x0002, 0x28C0, 0xFA62, 0xF962, 0xF982, 0xF9A2, 0xF9A2, 0xF982, 0xF9C2, 0x9901,
    0x0001, 0x1041, 0xEA41, 0xF982, 0xF961, 0xF961, 0xF981, 0xF9A2, 0xFA02, 0x2860, 0x0069, 0x006A,
    0x0089, 0x0068, 0x0069, 0x0068, 0x0068, 0x0067, 0x0047, 0x0046, 0x0005, 0x1021, 0xD3CA, 0xFA65,
    0xF921, 0xF982, 0xF962, 0xF962, 0xF962, 0xF982, 0xF982, 0xF982, 0xF162, 0xF962, 0xF962, 0xF962,
    0xF962, 0xF962, 0xF962, 0xF962, 0xF962, 0xF962, 0xF142, 0x2000, 0x0047, 0x00F0, 0x28A0, 0xF1E1,
    0xF902, 0xF982, 0xF982, 0xF962, 0xF942, 0xF962, 0xF962, 0xF962, 0xF942, 0xF962, 0xF9A2, 0xF982,
    0xF182, 0xF1A3, 0xF182, 0xF962, 0xF962, 0xF981, 0xF962, 0xF962, 0xF941, 0xF921, 0xF901, 0xF901,
    0xF901, 0xF901, 0xF901, 0xF901, 0xF922, 0xF943, 0xFB06, 0xDA21, 0x0001, 0x0005, 0x1080, 0xEAA2,
    0xF942, 0xF9A2, 0xF9A2, 0xF9A2, 0xF982, 0xF9E2, 0x68A0, 0x0026, 0x00EF, 0x0047, 0x0004, 0x28E0,
    0xFA82, 0xF962, 0xF9A2, 0xF982, 0xF981, 0xF961, 0xF9A2, 0xE181, 0x1001, 0x0000, 0x6144, 0xFCCD,
    0xF9A1, 0xF961, 0xE141, 0xF161, 0xF162, 0xF183, 0xE0E2, 0xD0C2, 0xF143, 0xE0E2, 0xC082, 0xE102,
    0xE142, 0xD0E3, 0xF142, 0xC8C2, 0xD881, 0xF8E1, 0xE8C2, 0x6041, 0x0004, 0x0048, 0x0047, 0x0088,
    0x008C, 0x5160, 0xFA42, 0xF962, 0xF9A2, 0xF982, 0xF961, 0xF981, 0xF9C2, 0x4820, 0x00AA, 0x0173,
    0x0151, 0x0172, 0x0173, 0x0023, 0x0023, 0x00A8, 0x0066, 0x0066, 0x0066, 0x0065, 0x0065, 0x0045,
    0x0045, 0x0044, 0x0044, 0x0044, 0x0044, 0x0044, 0x0024, 0x0024, 0x0024, 0x0023, 0x0023, 0x0023,
    0x1064, 0x1064, 0x1064, 0x1064, 0x1065, 0x1065, 0x1065, 0x1085, 0x1085, 0x1885, 0x1886, 0x1886,
    0x20A7, 0x2084, 0x0087, 0x00CD, 0x4902, 0xFB4C, 0xF0C2, 0xD0E3, 0xC882, 0xF982, 0xE9A3, 0xF183,
    0xE922, 0xF962, 0xF9C3, 0xB903, 0xB8A2, 0xF963, 0xF983, 0xF1A3, 0xF9A3, 0xF9A3, 0xF983, 0xF982,
    0xF982, 0xF982, 0xF982, 0xF9A2, 0xF982, 0xF962, 0xF942, 0xF162, 0xF982, 0xF982, 0xF9A3, 0x4820,
    0x0025, 0x008B, 0x0001, 0xCA02, 0xF982, 0xF982, 0xF982, 0xF982, 0xF982, 0xF982, 0xFA44, 0xA30A,
    0xA30B, 0xA34B, 0xA36A, 0xCA63, 0xF982, 0xF9A2, 0xF9A2, 0xF9A2, 0xF9A2, 0xF9A2, 0xF9C2, 0x2820,
    0x0001, 0x7181, 0xF9E2, 0xF961, 0xF9A1, 0xF981, 0xF981, 0xF9A2, 0xA8E0, 0x0024, 0x0219, 0x00ED,
    0x0069, 0x008A, 0x0089, 0x0089, 0x0069, 0x0069, 0x0089, 0x0046, 0x0001, 0xC388, 0xFAE5, 0xF921,
    0xF982, 0xF942, 0xF942, 0xF962, 0xF982, 0xF9A3, 0xF9A3, 0xF9C3, 0xF9A2, 0xF982, 0xF962, 0xF962,
    0xF962, 0xF982, 0xF982, 0xF982, 0xF962, 0xF982, 0xA8C1, 0x0001, 0x00EE, 0x0047, 0x99A0, 0xF9A2,
    0xF942, 0xF962, 0xF962, 0xF142, 0xF982, 0xF162, 0xE922, 0xF962, 0xF982, 0xF982, 0xF962, 0xF982,
    0xF9A3, 0xF982, 0xF942, 0xF983, 0xF983, 0xF962, 0xF983, 0xF983, 0xF983, 0xF983, 0xF963, 0xF963,
    0xF963, 0xF963, 0xF963, 0xF943, 0xF923, 0xF944, 0xFA63, 0x5860, 0x0025, 0x0005, 0x79C1, 0xF9C3,
    0xF942, 0xF982, 0xF982, 0xF9A2, 0xF9C2, 0xE162, 0x0800, 0x00AB, 0x00EE, 0x00AB, 0x0002, 0x9A01,
    0xF9C3, 0xF982, 0xF9A2, 0xF182, 0xF9A2, 0xF182, 0xF9C2, 0x7080, 0x0001, 0x3082, 0xF40B, 0xFA44,
    0xF982, 0xE141, 0xF141, 0xF9A2, 0xE942, 0xE102, 0xE923, 0xE902, 0xF922, 0xE0C2, 0xC062, 0xB882,
    0xE923, 0xE0C1, 0xE8E1, 0xB061, 0xD8C2, 0xD8A1, 0xE8E3, 0x4841, 0x0005, 0x0047, 0x0025, 0x00ED,
    0x0023, 0xCAA2, 0xF9C3, 0xF9A2, 0xF9A2, 0xF182, 0xF962, 0xF9A2, 0xB921, 0x0001, 0x0130, 0x0151,
    0x0151, 0x0173, 0x00CB, 0x0000, 0x0087, 0x0087, 0x0066, 0x0066, 0x0065, 0x0065, 0x0045, 0x0045,
    0x0044, 0x0044, 0x0044, 0x0044, 0x0024, 0x0024, 0x0024, 0x0023, 0x0023, 0x0023, 0x0023, 0x0023,
    0x1065, 0x1065, 0x1065, 0x1065, 0x1065, 0x1065, 0x1065, 0x1085, 0x1865, 0x1886, 0x1886, 0x18A6,
    0x20C7, 0x0822, 0x0150, 0x0802, 0xDB4A, 0xF923, 0xE882, 0xD8A2, 0xF0E3, 0xF922, 0xF962, 0xF163,
    0xE923, 0xF962, 0xF942, 0xC8C2, 0xF123, 0xF923, 0xF942, 0xF943, 0xF942, 0xF942, 0xF942, 0xF942,
    0xF962, 0xF962, 0xF962, 0xF962, 0xF942, 0xF922, 0xF902, 0xF922, 0xF943, 0xF983, 0xC902, 0x0001,
    0x00AB, 0x0026, 0x48E0, 0xF9C3, 0xF942, 0xF942, 0xF962, 0xF962, 0xF962, 0xF942, 0xF942, 0xF9C3,
    0xF9E4, 0xFA05, 0xFA04, 0xF962, 0xF922, 0xF942, 0xF962, 0xF962, 0xF962, 0xF983, 0xA8E1, 0x0001,
    0x0841, 0xE201, 0xF962, 0xF961, 0xF962, 0xF982, 0xF962, 0xF962, 0x3000, 0x00CC, 0x0219, 0x0218,
    0x010F, 0x00CD, 0x00CC, 0x00CC, 0x00CC, 0x00AC, 0x00CB, 0x0000, 0xA2C8, 0xFB26, 0xF8E1, 0xF963,
    0xF942, 0xF942, 0xF922, 0xF942, 0xF922, 0x78A1, 0x68A1, 0x6881, 0x6081, 0x6061, 0x68C0, 0xF1C1,
    0xF922, 0xF962, 0xF942, 0xF962, 0xF962, 0xF942, 0x4020, 0x0024, 0x00AD, 0x2080, 0xF202, 0xF963,
    0xF942, 0xF902, 0xF942, 0xF122, 0xF922, 0xF922, 0xF942, 0xF942, 0xF942, 0xF943, 0xF962, 0xF942,
    0xF922, 0xF942, 0xF963, 0xF943, 0xF943, 0xF942, 0xF942, 0xF942, 0xF922, 0xF922, 0xF902, 0xF902,
    0xF922, 0xF922, 0xF942, 0xF943, 0xF903, 0xF963, 0xD122, 0x0001, 0x0047, 0x1040, 0xEA42, 0xF943,
    0xF942, 0xF922, 0xF942, 0xF962, 0xF983, 0x8080, 0x0024, 0x00EE, 0x00ED, 0x008B, 0x1880, 0xF222,
    0xF922, 0xF962, 0xF962, 0xF962, 0xF962, 0xF962, 0xE902, 0x0800, 0x0800, 0xDB6B, 0xFA85, 0xF921,
    0xF9A3, 0xE963, 0xF942, 0xF902, 0xD0C2, 0xC8A1, 0xD102, 0xC0A2, 0xC8A1, 0xC0A1, 0xB882, 0xD0A3,
    0xE8E3, 0xF942, 0xF0C1, 0xF0C2, 0xE8C3, 0xD062, 0xE883, 0x2800, 0x0025, 0x0005, 0x0089, 0x00AB,
    0x58E0, 0xF923, 0xE8E2, 0xF163, 0xF962, 0xF942, 0xF922, 0xF922, 0x4000, 0x0088, 0x0152, 0x0150,
    0x0152, 0x0152, 0x0022, 0x0022, 0x0088, 0x0066, 0x0066, 0x0065, 0x0065, 0x0045, 0x0045, 0x0044,
    0x0044, 0x0044, 0x0024, 0x0024, 0x0024, 0x0023, 0x0023, 0x0023, 0x0023, 0x0023, 0x0003, 0x0003,
    0x1065, 0x1065, 0x1065, 0x1065, 0x1065, 0x1085, 0x1065, 0x1885, 0x1085, 0x1885, 0x1886, 0x20C7,
    0x1843, 0x00EB, 0x0069, 0x7163, 0xF9C8, 0xE802, 0xE003, 0xE862, 0xF905, 0xF003, 0xF002, 0xE822,
    0xF043, 0xF843, 0xF823, 0xF823, 0xF823, 0xF803, 0xF823, 0xF803, 0xF803, 0xF803, 0xF823, 0xF823,
    0xF823, 0xF823, 0xF823, 0xF823, 0xF823, 0xF823, 0xF803, 0xF803, 0xF823, 0xF843, 0x4800, 0x0046,
    0x00AC, 0x0001, 0xC102, 0xF823, 0xF823, 0xF823, 0xF843, 0xF823, 0xF823, 0xF823, 0xF003, 0xF002,
    0xF802, 0xF802, 0xF802, 0xF823, 0xF823, 0xF823, 0xF823, 0xF823, 0xF823, 0xF843, 0x3801, 0x0002,
    0x68C0, 0xF863, 0xF803, 0xF823, 0xF822, 0xF823, 0xF843, 0xB001, 0x0002, 0x0174, 0x01B5, 0x025A,
    0x01F6, 0x0089, 0x00A9, 0x00A9, 0x0068, 0x0130, 0x0004, 0x81C5, 0xFA69, 0xF802, 0xF823, 0xF803,
    0xF823, 0xF823, 0xF823, 0xF823, 0x7800, 0x0001, 0x0004, 0x0004, 0x0003, 0x0002, 0x5101, 0xF8C3,
    0xF003, 0xF823, 0xF823, 0xF823, 0xF843, 0xC843, 0x0000, 0x00AB, 0x0046, 0x90A0, 0xF823, 0xF823,
    0xF823, 0xF803, 0xF803, 0xF003, 0xF803, 0xF803, 0xF823, 0xF823, 0xF803, 0xF803, 0xF803, 0xF803,
    0xF803, 0xF803, 0xF803, 0xF823, 0xF823, 0xF823, 0xF823, 0xF823, 0xF803, 0xF803, 0xF803, 0xF823,
    0xF803, 0xF823, 0xF823, 0xF823, 0xF803, 0xF843, 0x6000, 0x0045, 0x0004, 0x70C0, 0xF863, 0xF803,
    0xF823, 0xF823, 0xF803, 0xF803, 0xE823, 0x1800, 0x00EC, 0x010E, 0x010E, 0x0025, 0x80E0, 0xF843,
    0xF803, 0xF823, 0xF843, 0xF843, 0xF843, 0xF863, 0x8022, 0x0000, 0xAA27, 0xF965, 0xF002, 0xF843,
    0xF863, 0xF063, 0xF843, 0xB002, 0x0000, 0x0001, 0x0001, 0x0002, 0x0001, 0x0000, 0x1020, 0xD063,
    0xE803, 0xF803, 0xE802, 0xE023, 0xF023, 0xD823, 0xB002, 0x1800, 0x0024, 0x0005, 0x0110, 0x0864,
    0xD0E1, 0xF803, 0xF003, 0xE803, 0xE003, 0xF803, 0xF803, 0xC802, 0x0001, 0x0130, 0x0130, 0x0130,
    0x0172, 0x00CB, 0x0000, 0x0087, 0x0087, 0x0066, 0x0066, 0x0065, 0x0865, 0x0045, 0x0044, 0x0044,
    0x0044, 0x0044, 0x0024, 0x0023, 0x0023, 0x0023, 0x0023, 0x0023, 0x0023, 0x0003, 0x0003, 0x0003,
    0x1065, 0x1065, 0x1065, 0x1885, 0x1885, 0x1885, 0x1885, 0x1885, 0x1886, 0x1886, 0x20A6, 0x28A6,
    0x0844, 0x0150, 0x1020, 0xE9E8, 0xF003, 0xE803, 0xD823, 0xF985, 0xF824, 0xE803, 0xE802, 0xF022,
    0xF802, 0xF802, 0xF823, 0xF823, 0xF803, 0xF803, 0xF802, 0xF802, 0xF802, 0xF803, 0xF802, 0xF802,
    0xF803, 0xF803, 0xF803, 0xF803, 0xF803, 0xF823, 0xF823, 0xF802, 0xF823, 0xC002, 0x0000, 0x00AC,
    0x0047, 0x4880, 0xF883, 0xF803, 0xF823, 0xF803, 0xF803, 0xF803, 0xF823, 0xF823, 0xE823, 0xF002,
    0xF002, 0xF803, 0xF823, 0xF803, 0xF803, 0xF823, 0xF822, 0xF823, 0xF823, 0xB822, 0x0002, 0x0022,
    0xD0A2, 0xF803, 0xF802, 0xF803, 0xF802, 0xF822, 0xF843, 0x4000, 0x00CB, 0x0194, 0x0173, 0x0219,
    0x00ED, 0x0000, 0x0001, 0x0000, 0x00EB, 0x0046, 0x6902, 0xFACA, 0xF802, 0xF823, 0xF803, 0xF802,
    0xF802, 0xF803, 0xF823, 0xC022, 0x0001, 0x0068, 0x0026, 0x0025, 0x0005, 0x0822, 0xD103, 0xF803,
    0xF802, 0xF803, 0xF803, 0xF802, 0xF843, 0x6801, 0x0025, 0x00EE, 0x1860, 0xE8A3, 0xF803, 0xF823,
    0xF823, 0xF802, 0xF003, 0xF803, 0xF823, 0xF822, 0xF803, 0xF803, 0xF802, 0xF802, 0xF803, 0xF803,
    0xF802, 0xF802, 0xF802, 0xF803, 0xF803, 0xF803, 0xF803, 0xF802, 0xF803, 0xF802, 0xF803, 0xF803,
    0xF803, 0xF803, 0xF803, 0xF803, 0xF803, 0xD022, 0x0001, 0x006A, 0x0840, 0xD8A2, 0xF803, 0xF803,
    0xF803, 0xF803, 0xF003, 0xF803, 0x9000, 0x0045, 0x0131, 0x010F, 0x00CC, 0x1020, 0xE8A2, 0xF803,
    0xF802, 0xF823, 0xF822, 0xF823, 0xF823, 0xE843, 0x0000, 0x7964, 0xF9E7, 0xF802, 0xF823, 0xF803,
    0xF823, 0xF823, 0xE043, 0x1800, 0x0026, 0x0047, 0x0047, 0x0026, 0x0025, 0x0005, 0x3001, 0xE023,
    0xD803, 0xF803, 0xF823, 0xF803, 0xE803, 0xD803, 0xC802, 0x0801, 0x0004, 0x0069, 0x00AB, 0x68C1,
    0xF8A4, 0xE803, 0xF003, 0xE002, 0xE803, 0xF003, 0xF823, 0x5000, 0x00A9, 0x0153, 0x0130, 0x0130,
    0x0130, 0x0022, 0x0023, 0x0088, 0x0066, 0x0065, 0x0065, 0x0865, 0x0845, 0x0844, 0x0844, 0x0044,
    0x0044, 0x0024, 0x0023, 0x0023, 0x0023, 0x0023, 0x0023, 0x0023, 0x0003, 0x0002, 0x0002, 0x0002,
    0x1065, 0x1865, 0x1885, 0x1885, 0x1885, 0x1885, 0x1886, 0x1886, 0x1886, 0x1886, 0x28A7, 0x1022,
    0x012F, 0x0046, 0x99E5, 0xF8E6, 0xD802, 0xE003, 0xF0C5, 0xE945, 0xF003, 0xE803, 0xE863, 0xF863,
    0xF803, 0xF023, 0xF003, 0xF803, 0xF803, 0xF803, 0xF803, 0xF803, 0xF803, 0xF803, 0xF803, 0xF802,
    0xF803, 0xF803, 0xF803, 0xF803, 0xF803, 0xF803, 0xF803, 0xF002, 0xF824, 0x5001, 0x0067, 0x00AC,
    0x0000, 0xB8A1, 0xF803, 0xF002, 0xF803, 0xF803, 0xF803, 0xF803, 0xF803, 0xF003, 0xF003, 0xF003,
    0xF003, 0xF802, 0xF802, 0xF803, 0xF803, 0xF803, 0xF003, 0xF803, 0xF843, 0x4801, 0x0001, 0x5000,
    0xF823, 0xF002, 0xF823, 0xF803, 0xF003, 0xF803, 0xC002, 0x0002, 0x0152, 0x0173, 0x0194, 0x0172,
    0x0000, 0x0066, 0x0023, 0x00CC, 0x006A, 0x40E2, 0xFAEC, 0xF003, 0xF003, 0xF802, 0xF802, 0xF822,
    0xF823, 0xF803, 0xE823, 0x2000, 0x00AB, 0x00EE, 0x0068, 0x0026, 0x0004, 0x4081, 0xF8E5, 0xF802,
    0xF003, 0xF003, 0xF003, 0xF803, 0xE002, 0x1000, 0x00CC, 0x0067, 0x8860, 0xF864, 0xF002, 0xF003,
    0xF003, 0xF003, 0xF003, 0xF022, 0xF002, 0xF803, 0xF803, 0xF003, 0xF003, 0xF003, 0xF803, 0xF803,
    0xF803, 0xF803, 0xF803, 0xF003, 0xF003, 0xF003, 0xF003, 0xF003, 0xF803, 0xF003, 0xF003, 0xF003,
    0xF003, 0xF003, 0xF003, 0xF003, 0xF823, 0x5000, 0x0046, 0x0005, 0x60A0, 0xF863, 0xF003, 0xF803,
    0xF003, 0xF003, 0xF803, 0xF823, 0x2800, 0x00CC, 0x0130, 0x010F, 0x0025, 0x7020, 0xF824, 0xF003,
    0xF822, 0xF002, 0xF802, 0xF002, 0xF843, 0x7001, 0x2861, 0xF925, 0xE803, 0xF823, 0xF022, 0xF802,
    0xF823, 0xF023, 0x4800, 0x0068, 0x00CE, 0x0068, 0x0047, 0x0047, 0x0048, 0x0005, 0x4862, 0xF8A5,
    0xE003, 0xF844, 0xD802, 0xE803, 0xE003, 0xE003, 0xB002, 0x0023, 0x0006, 0x00AD, 0x0001, 0xD042,
    0xF003, 0xF002, 0xF003, 0xE803, 0xE803, 0xF803, 0xD002, 0x0001, 0x0151, 0x0151, 0x0130, 0x0152,
    0x00AA, 0x0000, 0x0086, 0x0087, 0x0065, 0x0865, 0x0865, 0x0845, 0x0844, 0x0844, 0x0844, 0x0824,
    0x0823, 0x0823, 0x0023, 0x0023, 0x0023, 0x0023, 0x0003, 0x0002, 0x0002, 0x0002, 0x0002, 0x0002,
    0x1865, 0x1865, 0x1885, 0x1885, 0x1885, 0x1886, 0x1886, 0x1886, 0x1886, 0x20A6, 0x2064, 0x0086,
    0x010F, 0x40E1, 0xF988, 0xF003, 0xF003, 0xD803, 0xE803, 0xD802, 0xE803, 0xF863, 0xF022, 0xF823,
    0xF803, 0xE823, 0xF003, 0xF803, 0xF803, 0xF823, 0xF823, 0xF803, 0xF823, 0xF803, 0xF803, 0xF803,
    0xF803, 0xF803, 0xF803, 0xF803, 0xF803, 0xF803, 0xF803, 0xF824, 0xB802, 0x0000, 0x00CC, 0x0026,
    0x48E2, 0xF8A5, 0xF803, 0xF803, 0xF803, 0xF823, 0xF823, 0xF803, 0xF803, 0xF803, 0xF824, 0xF824,
    0xF823, 0xF803, 0xF803, 0xF803, 0xF823, 0xF823, 0xF823, 0xF823, 0xC022, 0x0001, 0x0042, 0xC9C7,
    0xF804, 0xF823, 0xF803, 0xF803, 0xF803, 0xF844, 0x5000, 0x00A9, 0x0172, 0x0151, 0x0195, 0x0089,
    0x0000, 0x0022, 0x00A9, 0x00EF, 0x4123, 0xFC31, 0xF885, 0xF803, 0xF803, 0xF803, 0xF803, 0xF803,
    0xF803, 0xF824, 0x5800, 0x0045, 0x0130, 0x010F, 0x00ED, 0x0069, 0x0023, 0xBAAA, 0xF865, 0xF803,
    0xF803, 0xF803, 0xF803, 0xF824, 0x8801, 0x0022, 0x008B, 0x20C3, 0xFACB, 0xF803, 0xF823, 0xF803,
    0xF803, 0xF803, 0xF823, 0xF823, 0xF803, 0xF803, 0xF804, 0xF803, 0xF803, 0xF803, 0xF803, 0xF823,
    0xF823, 0xF803, 0xF803, 0xF803, 0xF803, 0xF803, 0xF803, 0xF803, 0xF803, 0xF803, 0xF804, 0xF804,
    0xF803, 0xF804, 0xF803, 0xF824, 0xC842, 0x0000, 0x006A, 0x0841, 0xE184, 0xF803, 0xF803, 0xF803,
    0xF803, 0xF803, 0xF824, 0xA001, 0x0043, 0x0173, 0x0130, 0x00AC, 0x1081, 0xEA08, 0xF803, 0xF823,
    0xF803, 0xF823, 0xF823, 0xF803, 0xE023, 0x3041, 0xE905, 0xF803, 0xF803, 0xF803, 0xF803, 0xF803,
    0xF823, 0x8000, 0x0023, 0x0130, 0x010F, 0x00CE, 0x0069, 0x0069, 0x0089, 0x0005, 0x7966, 0xF927,
    0xE802, 0xF024, 0xE803, 0xF803, 0xF803, 0xF804, 0xB002, 0x0001, 0x0069, 0x0069, 0x70C2, 0xF865,
    0xF003, 0xF803, 0xF803, 0xF823, 0xF803, 0xF823, 0x5000, 0x0088, 0x0173, 0x0130, 0x0151, 0x0151,
    0x0022, 0x0022, 0x0087, 0x0866, 0x0865, 0x0865, 0x0845, 0x0844, 0x0844, 0x0844, 0x0844, 0x0823,
    0x0823, 0x0823, 0x0023, 0x0023, 0x0023, 0x0002, 0x0002, 0x0002, 0x0002, 0x0002, 0x0002, 0x0002,
    0x1885, 0x1885, 0x1886, 0x1886, 0x1886, 0x1886, 0x1886, 0x1886, 0x1886, 0x28A7, 0x0822, 0x0151,
    0x0043, 0xC9C7, 0xF845, 0xF804, 0xD823, 0xE824, 0xF803, 0xE003, 0xE003, 0xE8A4, 0xF002, 0xF843,
    0xE823, 0xE803, 0xF803, 0xF823, 0xF003, 0xF003, 0xF002, 0xF003, 0xE802, 0xE002, 0xE002, 0xE002,
    0xE002, 0xD802, 0xD802, 0xD002, 0xD002, 0xD002, 0xD002, 0xB002, 0x0800, 0x00EC, 0x00CE, 0x0003,
    0x78A2, 0xA842, 0x9801, 0xA001, 0xA801, 0xA001, 0xA001, 0xA001, 0xA801, 0xA001, 0x9801, 0x9801,
    0x9801, 0x9801, 0x9801, 0x9001, 0x9801, 0x9001, 0x9001, 0x9001, 0x3800, 0x0025, 0x30A3, 0xC9E8,
    0xC001, 0xC002, 0xC002, 0xC002, 0xC802, 0xA801, 0x0000, 0x0172, 0x0172, 0x0172, 0x0150, 0x0002,
    0x0023, 0x00A8, 0x0171, 0x1000, 0xB208, 0xC926, 0xC001, 0xC002, 0xC002, 0xC001, 0xC001, 0xB801,
    0xC001, 0x9001, 0x0022, 0x0152, 0x0131, 0x0130, 0x0131, 0x008C, 0x1841, 0xB966, 0xB001, 0xB001,
    0xB801, 0xB801, 0xB801, 0xB801, 0x2000, 0x0068, 0x0067, 0x4081, 0x9905, 0x9001, 0x9001, 0x9801,
    0x9801, 0x9801, 0x9801, 0x9001, 0x9001, 0x9001, 0x9001, 0x9801, 0x9801, 0x9001, 0x9001, 0x9001,
    0x9001, 0x9001, 0x9001, 0x9001, 0x9001, 0x9001, 0x9001, 0x9001, 0x9001, 0x9001, 0x9001, 0x9001,
    0x9001, 0x9001, 0x9001, 0x9001, 0x3000, 0x0068, 0x0068, 0x48A1, 0xD125, 0xC002, 0xC002, 0xC001,
    0xC002, 0xC002, 0xC823, 0x2800, 0x00CB, 0x0173, 0x0173, 0x0069, 0x40C2, 0xC166, 0xB001, 0xB802,
    0xB801, 0xB801, 0xB801, 0xB801, 0x5800, 0x7041, 0xC022, 0xB001, 0xA801, 0xA801, 0xB801, 0xC002,
    0xA001, 0x0000, 0x012F, 0x0130, 0x00EE, 0x0110, 0x00AC, 0x008A, 0x00CC, 0x0047, 0x7166, 0xC8A3,
    0xB801, 0xB801, 0xB801, 0xC001, 0xC002, 0xC002, 0x7000, 0x0000, 0x00AC, 0x0002, 0xA946, 0xC864,
    0xB802, 0xC002, 0xC001, 0xB801, 0xC001, 0xA842, 0x0000, 0x0193, 0x0173, 0x0151, 0x0173, 0x00CB,
    0x0000, 0x0066, 0x0886, 0x0865, 0x0865, 0x0865, 0x0844, 0x0844, 0x0844, 0x0844, 0x0843, 0x0823,
    0x0823, 0x0823, 0x0023, 0x0002, 0x0002, 0x0002, 0x0002, 0x0002, 0x0002, 0x0002, 0x0001, 0x0002,
    0x1885, 0x1886, 0x1886, 0x1886, 0x1886, 0x1886, 0x1886, 0x1886, 0x20A7, 0x2043, 0x00EA, 0x00AB,
    0x6101, 0xF8A6, 0xE803, 0xF003, 0xE003, 0xF804, 0xF004, 0xF003, 0xF004, 0xD803, 0xE803, 0xF823,
    0xE823, 0xF823, 0x9801, 0x2800, 0x1801, 0x1801, 0x1001, 0x1002, 0x1002, 0x1002, 0x0822, 0x0822,
    0x0823, 0x0023, 0x0023, 0x0044, 0x0044, 0x0064, 0x0044, 0x0063, 0x018F, 0x01FC, 0x00CD, 0x0001,
    0x0002, 0x0003, 0x0045, 0x0045, 0x0045, 0x0045, 0x0045, 0x0066, 0x0066, 0x0066, 0x0066, 0x0066,
    0x0066, 0x0087, 0x0087, 0x0087, 0x0087, 0x0087, 0x0086, 0x00C8, 0x00CB, 0x0026, 0x0002, 0x0001,
    0x0023, 0x0044, 0x0044, 0x0044, 0x0044, 0x0043, 0x098E, 0x01B7, 0x0172, 0x0193, 0x0088, 0x0000,
    0x0045, 0x00A7, 0x0045, 0x0001, 0x0002, 0x0002, 0x0023, 0x0023, 0x0044, 0x0045, 0x0065, 0x0065,
    0x0065, 0x0064, 0x0190, 0x0195, 0x0152, 0x0173, 0x010F, 0x0025, 0x0003, 0x0002, 0x0023, 0x0044,
    0x0044, 0x0045, 0x0066, 0x0045, 0x00E9, 0x008B, 0x0025, 0x0003, 0x0002, 0x0024, 0x0045, 0x0045,
    0x0045, 0x0065, 0x0045, 0x0065, 0x0066, 0x0066, 0x0066, 0x0086, 0x0067, 0x0067, 0x0066, 0x0066,
    0x0066, 0x0087, 0x0087, 0x0087, 0x0087, 0x0087, 0x0087, 0x0087, 0x0087, 0x0087, 0x0087, 0x0087,
    0x0087, 0x0087, 0x0088, 0x0087, 0x010B, 0x00CE, 0x0024, 0x0001, 0x0001, 0x0022, 0x0023, 0x0044,
    0x0023, 0x0023, 0x0023, 0x00A7, 0x01D8, 0x0174, 0x010F, 0x0025, 0x0001, 0x0001, 0x0023, 0x0024,
    0x0043, 0x0023, 0x0043, 0x0044, 0x0045, 0x0045, 0x0044, 0x0044, 0x0065, 0x0065, 0x0065, 0x0065,
    0x0065, 0x0170, 0x0196, 0x0131, 0x0131, 0x00ED, 0x0001, 0x0001, 0x0024, 0x0024, 0x0000, 0x0003,
    0x0044, 0x0065, 0x0044, 0x0044, 0x0065, 0x0064, 0x0065, 0x0089, 0x0048, 0x0002, 0x0001, 0x0023,
    0x0044, 0x0043, 0x0043, 0x0044, 0x0044, 0x0022, 0x016C, 0x01F8, 0x0174, 0x0173, 0x0173, 0x0023,
    0x0023, 0x0887, 0x0866, 0x0865, 0x1065, 0x1045, 0x1044, 0x1044, 0x0844, 0x0843, 0x0823, 0x0823,
    0x0823, 0x0823, 0x0822, 0x0802, 0x0002, 0x0002, 0x0002, 0x0002, 0x0002, 0x0002, 0x0001, 0x0001,
    0x1886, 0x1886, 0x1886, 0x1886, 0x1886, 0x1886, 0x1886, 0x1886, 0x2886, 0x0844, 0x0151, 0x1040,
    0xE126, 0xF003, 0xF804, 0xE803, 0xF003, 0xF804, 0xF804, 0xE823, 0xD824, 0xE803, 0xF844, 0xF803,
    0xA802, 0x3000, 0x0023, 0x0068, 0x0027, 0x0026, 0x0047, 0x0048, 0x0068, 0x0068, 0x0089, 0x0089,
    0x0089, 0x008A, 0x008A, 0x00AA, 0x00AB, 0x00CB, 0x00AB, 0x08CA, 0x2C3C, 0x01FB, 0x0131, 0x0003,
    0x00AC, 0x008B, 0x0048, 0x0027, 0x0026, 0x0027, 0x0047, 0x0047, 0x0047, 0x0048, 0x0048, 0x0048,
    0x0068, 0x0068, 0x0068, 0x0048, 0x0068, 0x0069, 0x0069, 0x00AB, 0x01B3, 0x0003, 0x0089, 0x00AB,
    0x0069, 0x0069, 0x0069, 0x0068, 0x0089, 0x0047, 0x1B16, 0x0219, 0x0173, 0x0151, 0x0002, 0x0045,
    0x0888, 0x0000, 0x0047, 0x0069, 0x0089, 0x0068, 0x0047, 0x0048, 0x0068, 0x0068, 0x0068, 0x0089,
    0x0069, 0x0087, 0x0AF9, 0x01D8, 0x0194, 0x0173, 0x0024, 0x0000, 0x0089, 0x00AB, 0x0068, 0x0068,
    0x0068, 0x0068, 0x0068, 0x0027, 0x0212, 0x0192, 0x0002, 0x0089, 0x008A, 0x0047, 0x0047, 0x0047,
    0x0047, 0x0047, 0x0047, 0x0047, 0x0047, 0x0047, 0x0048, 0x0048, 0x0048, 0x0048, 0x0048, 0x0048,
    0x0068, 0x0048, 0x0048, 0x0048, 0x0048, 0x0068, 0x0068, 0x0068, 0x0048, 0x0048, 0x0068, 0x0048,
    0x0068, 0x0069, 0x0069, 0x0027, 0x01B1, 0x010E, 0x0001, 0x008B, 0x0069, 0x0068, 0x0068, 0x0068,
    0x0068, 0x0068, 0x0027, 0x014C, 0x02FC, 0x0175, 0x010E, 0x0002, 0x008A, 0x008A, 0x0069, 0x0048,
    0x0047, 0x0047, 0x0047, 0x0068, 0x0068, 0x0068, 0x0068, 0x0069, 0x0069, 0x0069, 0x0089, 0x0068,
    0x0088, 0x02F9, 0x0196, 0x0172, 0x0152, 0x0024, 0x0000, 0x0043, 0x0002, 0x0002, 0x00AB, 0x008A,
    0x006A, 0x0068, 0x0068, 0x0069, 0x008A, 0x0069, 0x00AA, 0x0214, 0x0003, 0x0047, 0x00AC, 0x0069,
    0x0068, 0x0047, 0x0048, 0x0068, 0x0069, 0x0026, 0x0230, 0x029C, 0x0174, 0x01B5, 0x00CC, 0x0000,
    0x0886, 0x0886, 0x1065, 0x1065, 0x1064, 0x1044, 0x1044, 0x1044, 0x1043, 0x1043, 0x0823, 0x0823,
    0x0823, 0x0822, 0x0802, 0x0802, 0x0002, 0x0002, 0x0002, 0x0001, 0x0001, 0x0001, 0x0001, 0x0001,
    0x1886, 0x1886, 0x1886, 0x1886, 0x1886, 0x1886, 0x1886, 0x28A7, 0x1822, 0x012E, 0x0067, 0x9102,
    0xF845, 0xF003, 0xF003, 0xF003, 0xF003, 0xF804, 0xF004, 0xE003, 0xF803, 0xF845, 0xC844, 0x4800,
    0x0023, 0x0068, 0x0068, 0x0089, 0x0048, 0x0025, 0x0026, 0x0026, 0x0026, 0x0047, 0x0047, 0x0047,
    0x0047, 0x0047, 0x0047, 0x0048, 0x0048, 0x0068, 0x0089, 0x0008, 0x1270, 0x035E, 0x0198, 0x008A,
    0x0025, 0x00CE, 0x0047, 0x0047, 0x0047, 0x0026, 0x0026, 0x0047, 0x0047, 0x0047, 0x0047, 0x0047,
    0x0047, 0x0047, 0x0047, 0x0047, 0x0048, 0x0068, 0x0069, 0x0047, 0x0171, 0x0069, 0x0047, 0x00CD,
    0x0047, 0x0047, 0x0047, 0x0047, 0x0048, 0x0006, 0x010A, 0x02FC, 0x01D8, 0x00CB, 0x0000, 0x1088,
    0x1087, 0x0823, 0x0002, 0x00CE, 0x0069, 0x0068, 0x0047, 0x0047, 0x0047, 0x0047, 0x0047, 0x0047,
    0x0048, 0x0005, 0x01D0, 0x029B, 0x0195, 0x00AA, 0x0000, 0x0002, 0x0024, 0x00CD, 0x0069, 0x0068,
    0x0047, 0x0047, 0x0047, 0x0026, 0x00A8, 0x0298, 0x0049, 0x0022, 0x00CE, 0x0048, 0x0047, 0x0047,
    0x0047, 0x0047, 0x0047, 0x0047, 0x0047, 0x0047, 0x0047, 0x0047, 0x0047, 0x0047, 0x0047, 0x0047,
    0x0048, 0x0047, 0x0047, 0x0047, 0x0047, 0x0047, 0x0048, 0x0048, 0x0047, 0x0047, 0x0047, 0x0048,
    0x0048, 0x0048, 0x0048, 0x0027, 0x00EC, 0x01B4, 0x0002, 0x0089, 0x00AC, 0x0069, 0x0068, 0x0047,
    0x0047, 0x0047, 0x0047, 0x0004, 0x02B5, 0x025B, 0x0174, 0x0002, 0x0046, 0x00CD, 0x0048, 0x0047,
    0x0047, 0x0047, 0x0047, 0x0047, 0x0047, 0x0047, 0x0047, 0x0047, 0x0047, 0x0047, 0x0047, 0x0068,
    0x0006, 0x0211, 0x027A, 0x0195, 0x00A9, 0x0000, 0x10C6, 0x18E7, 0x10A5, 0x0000, 0x00AA, 0x00AC,
    0x0048, 0x0047, 0x0048, 0x0048, 0x0048, 0x0048, 0x0026, 0x0191, 0x0089, 0x0003, 0x00CE, 0x0069,
    0x0047, 0x0047, 0x0047, 0x0047, 0x0046, 0x0026, 0x0045, 0x02B8, 0x01B7, 0x0173, 0x0002, 0x0023,
    0x10A7, 0x1065, 0x1065, 0x1065, 0x1064, 0x1044, 0x1044, 0x1043, 0x1043, 0x1023, 0x1023, 0x0823,
    0x0822, 0x0822, 0x0802, 0x0802, 0x0802, 0x0802, 0x0001, 0x0001, 0x0001, 0x0001, 0x0001, 0x0001,
    0x1886, 0x1886, 0x1886, 0x1886, 0x1886, 0x1886, 0x20A6, 0x2865, 0x0086, 0x012F, 0x3060, 0xF8C5,
    0xF804, 0xF804, 0xF803, 0xF803, 0xF003, 0xF004, 0xF003, 0xF804, 0xE003, 0x6801, 0x0001, 0x0068,
    0x008B, 0x0068, 0x0046, 0x0089, 0x008B, 0x0027, 0x0047, 0x0047, 0x0068, 0x0068, 0x0068, 0x0069,
    0x0069, 0x0089, 0x0089, 0x008A, 0x0089, 0x008A, 0x00AA, 0x008B, 0x0089, 0x039A, 0x027F, 0x00CC,
    0x0000, 0x010E, 0x00EF, 0x0069, 0x0069, 0x0069, 0x0089, 0x0089, 0x0089, 0x008A, 0x008A, 0x008A,
    0x008A, 0x008A, 0x008A, 0x008A, 0x00AB, 0x00AB, 0x00AB, 0x008A, 0x0172, 0x0173, 0x0002, 0x0131,
    0x00AC, 0x008A, 0x0089, 0x0089, 0x0089, 0x0089, 0x0048, 0x02D8, 0x025B, 0x0001, 0x0823, 0x1887,
    0x1866, 0x1045, 0x0000, 0x010F, 0x00EF, 0x0069, 0x008A, 0x008A, 0x008A, 0x008A, 0x008A, 0x008A,
    0x008A, 0x0069, 0x00CB, 0x02FC, 0x0195, 0x0000, 0x0845, 0x1087, 0x0001, 0x010F, 0x00CC, 0x008A,
    0x00AA, 0x008A, 0x008A, 0x00AB, 0x0069, 0x0277, 0x0152, 0x0000, 0x00ED, 0x00CD, 0x0069, 0x008A,
    0x0089, 0x0089, 0x0089, 0x0089, 0x0089, 0x0089, 0x0089, 0x008A, 0x008A, 0x008A, 0x008A, 0x008A,
    0x008A, 0x008A, 0x008A, 0x008A, 0x008A, 0x008A, 0x008A, 0x008A, 0x008A, 0x008A, 0x008A, 0x008A,
    0x008A, 0x008A, 0x008A, 0x00AB, 0x00AB, 0x0216, 0x0048, 0x0043, 0x0131, 0x00AB, 0x00AA, 0x008A,
    0x008A, 0x008A, 0x008A, 0x0048, 0x014D, 0x037F, 0x0111, 0x0000, 0x0001, 0x0131, 0x00AB, 0x0069,
    0x0069, 0x0089, 0x0069, 0x0089, 0x008A, 0x008A, 0x008A, 0x008A, 0x008A, 0x008A, 0x008A, 0x00AB,
    0x008A, 0x012D, 0x02FD, 0x0152, 0x0000, 0x0884, 0x2147, 0x2105, 0x2106, 0x0821, 0x0087, 0x0131,
    0x008A, 0x00AB, 0x00AB, 0x008A, 0x008A, 0x00AA, 0x0069, 0x0170, 0x0172, 0x0000, 0x00EC, 0x00CD,
    0x0089, 0x008A, 0x008A, 0x0089, 0x0089, 0x0089, 0x0028, 0x018F, 0x031F, 0x00ED, 0x0000, 0x10A6,
    0x1886, 0x1885, 0x1864, 0x1864, 0x1864, 0x1844, 0x1843, 0x1023, 0x1043, 0x1023, 0x1022, 0x1022,
    0x0822, 0x0822, 0x0802, 0x0802, 0x0802, 0x0801, 0x0001, 0x0001, 0x0001, 0x0001, 0x0001, 0x0001,
    0x1886, 0x1886, 0x1886, 0x1886, 0x1886, 0x1886, 0x28A7, 0x1022, 0x0171, 0x0063, 0xC0E2, 0xF804,
    0xF003, 0xF804, 0xF803, 0xF003, 0xF004, 0xF804, 0xF003, 0x8801, 0x1001, 0x0066, 0x008A, 0x0069,
    0x0048, 0x0068, 0x0068, 0x008A, 0x00CD, 0x0069, 0x0048, 0x0068, 0x0069, 0x0089, 0x008A, 0x008A,
    0x008A, 0x00AB, 0x00AB, 0x00AC, 0x00AC, 0x00CC, 0x00CD, 0x00CD, 0x006B, 0x0233, 0x035C, 0x0003,
    0x0002, 0x0045, 0x0130, 0x0089, 0x008A, 0x008A, 0x008A, 0x008A, 0x00AA, 0x00AA, 0x00AA, 0x00AB,
    0x00AB, 0x00AB, 0x00AB, 0x00AB, 0x00AB, 0x00AB, 0x00AB, 0x00AB, 0x010F, 0x012E, 0x0000, 0x010E,
    0x0110, 0x00AB, 0x00CC, 0x00CC, 0x00CC, 0x00CC, 0x008C, 0x01B2, 0x01B0, 0x0000, 0x2086, 0x2865,
    0x2865, 0x2866, 0x1002, 0x00A7, 0x0152, 0x00AB, 0x00CD, 0x00CC, 0x00CC, 0x00CC, 0x00AC, 0x00AC,
    0x00CC, 0x00CD, 0x00AD, 0x0257, 0x00C8, 0x0000, 0x2086, 0x2086, 0x0801, 0x00A8, 0x0150, 0x00CC,
    0x00CD, 0x00CD, 0x00CD, 0x00CD, 0x008B, 0x0191, 0x016E, 0x0000, 0x0087, 0x0172, 0x00AB, 0x00AB,
    0x00AB, 0x00AB, 0x00AB, 0x00AB, 0x00AB, 0x00AC, 0x00AC, 0x00AC, 0x00CC, 0x00AC, 0x00CC, 0x00CC,
    0x00CC, 0x00CC, 0x00CC, 0x00CC, 0x00CC, 0x00CC, 0x00CC, 0x00CC, 0x00CC, 0x00CC, 0x00CC, 0x00CC,
    0x00CC, 0x00CC, 0x00CC, 0x00ED, 0x00AB, 0x01F4, 0x00C9, 0x0000, 0x0151, 0x010E, 0x00CD, 0x00CD,
    0x00CD, 0x00CC, 0x00CC, 0x00CD, 0x00AC, 0x02D7, 0x0066, 0x1063, 0x0842, 0x00CA, 0x012F, 0x00CB,
    0x00CC, 0x00AC, 0x00AB, 0x00CC, 0x00CC, 0x00CC, 0x00CC, 0x00CD, 0x00CD, 0x00CD, 0x00ED, 0x00EE,
    0x00EE, 0x00CD, 0x0277, 0x0065, 0x0821, 0x3187, 0x3186, 0x3165, 0x3985, 0x2905, 0x0002, 0x0151,
    0x00EE, 0x00ED, 0x00ED, 0x00ED, 0x00ED, 0x00ED, 0x00CD, 0x012F, 0x01B2, 0x0000, 0x0087, 0x0152,
    0x00CC, 0x00CD, 0x00CC, 0x00CC, 0x00CC, 0x00CC, 0x00CC, 0x00AC, 0x02B8, 0x0044, 0x0822, 0x20A6,
    0x2085, 0x2084, 0x2064, 0x2064, 0x2063, 0x1843, 0x1843, 0x1843, 0x1043, 0x1022, 0x1022, 0x1022,
    0x0822, 0x0802, 0x0802, 0x0801, 0x0801, 0x0801, 0x0801, 0x0001, 0x0001, 0x0001, 0x0001, 0x0001,
    0x1886, 0x1886, 0x1886, 0x1886, 0x1886, 0x20A7, 0x2043, 0x00EA, 0x00EB, 0x6060, 0xF865, 0xF003,
    0xF804, 0xF004, 0xF804, 0xF804, 0xF804, 0xA001, 0x2000, 0x0045, 0x00AB, 0x008B, 0x0068, 0x0068,
    0x0089, 0x0089, 0x008A, 0x00AB, 0x00EF, 0x00CC, 0x0067, 0x0068, 0x0068, 0x0068, 0x0068, 0x0068,
    0x0068, 0x0068, 0x0088, 0x0088, 0x0088, 0x0088, 0x0088, 0x0067, 0x0067, 0x00A9, 0x00E7, 0x0000,
    0x2066, 0x0001, 0x0000, 0x0001, 0x0001, 0x0001, 0x0001, 0x0001, 0x0001, 0x0001, 0x0001, 0x0001,
    0x0001, 0x0001, 0x0001, 0x0001, 0x0001, 0x0001, 0x0001, 0x0001, 0x0001, 0x0000, 0x0801, 0x0002,
    0x0023, 0x0002, 0x0023, 0x0023, 0x0023, 0x0003, 0x0023, 0x0023, 0x0000, 0x1022, 0x3865, 0x3844,
    0x3844, 0x4045, 0x3024, 0x0001, 0x0023, 0x0023, 0x0023, 0x0023, 0x0023, 0x0023, 0x0003, 0x0002,
    0x0002, 0x0023, 0x0023, 0x0002, 0x0000, 0x2044, 0x3865, 0x3865, 0x2843, 0x0000, 0x0023, 0x0002,
    0x0002, 0x0003, 0x0003, 0x0003, 0x0002, 0x0002, 0x0000, 0x1022, 0x0001, 0x0023, 0x0002, 0x0002,
    0x0002, 0x0002, 0x0002, 0x0002, 0x0002, 0x0002, 0x0003, 0x0002, 0x0002, 0x0002, 0x0002, 0x0002,
    0x0002, 0x0003, 0x0003, 0x0003, 0x0002, 0x0002, 0x0002, 0x0002, 0x0003, 0x0003, 0x0003, 0x0002,
    0x0002, 0x0002, 0x0002, 0x0002, 0x0002, 0x0002, 0x0001, 0x0001, 0x0002, 0x0004, 0x0003, 0x0003,
    0x0003, 0x0003, 0x0003, 0x0003, 0x0004, 0x0003, 0x0000, 0x2945, 0x2924, 0x0000, 0x0003, 0x0003,
    0x0003, 0x0003, 0x0002, 0x0003, 0x0003, 0x0003, 0x0003, 0x0003, 0x0003, 0x0003, 0x0003, 0x0003,
    0x0003, 0x0003, 0x0002, 0x0000, 0x3185, 0x49E6, 0x41C5, 0x49C5, 0x49A5, 0x4985, 0x0820, 0x0002,
    0x0024, 0x0003, 0x0003, 0x0003, 0x0003, 0x0003, 0x0003, 0x0023, 0x0022, 0x0000, 0x0001, 0x0024,
    0x0024, 0x0023, 0x0023, 0x0003, 0x0003, 0x0003, 0x0003, 0x0003, 0x0003, 0x0000, 0x2085, 0x30A5,
    0x2884, 0x2884, 0x2863, 0x2863, 0x2063, 0x2043, 0x1843, 0x1842, 0x1842, 0x1022, 0x1022, 0x1022,
    0x1022, 0x0801, 0x0801, 0x0801, 0x0801, 0x0801, 0x0801, 0x0001, 0x0001, 0x0001, 0x0001, 0x0000,
    0x1086, 0x1886, 0x1886, 0x1886, 0x1886, 0x2086, 0x0823, 0x0130, 0x1041, 0xE0A4, 0xF803, 0xF003,
    0xF004, 0xF804, 0xF804, 0xC002, 0x4000, 0x0024, 0x00AB, 0x00AC, 0x0069, 0x0069, 0x0089, 0x008A,
    0x008A, 0x00AB, 0x00AC, 0x00CD, 0x0089, 0x0002, 0x0000, 0x0000, 0x0000, 0x0000, 0x0000, 0x0000,
    0x0000, 0x0000, 0x0000, 0x0000, 0x0000, 0x0000, 0x0000, 0x0000, 0x0000, 0x0801, 0x0800, 0x2843,
    0x4865, 0x3044, 0x2802, 0x2803, 0x2803, 0x2802, 0x2802, 0x2802, 0x2803, 0x2803, 0x2803, 0x3003,
    0x3003, 0x3003, 0x3003, 0x3023, 0x3023, 0x3023, 0x3824, 0x3824, 0x3823, 0x3823, 0x4824, 0x2802,
    0x2001, 0x2002, 0x2002, 0x2001, 0x2001, 0x2002, 0x2002, 0x2002, 0x2002, 0x5845, 0x6045, 0x6044,
    0x6044, 0x6044, 0x6044, 0x3822, 0x2001, 0x2002, 0x2001, 0x2002, 0x2002, 0x2002, 0x2001, 0x2001,
    0x2002, 0x2802, 0x2802, 0x2802, 0x4043, 0x6865, 0x6064, 0x5864, 0x5864, 0x3022, 0x2801, 0x2821,
    0x2801, 0x2822, 0x2821, 0x2021, 0x2021, 0x2821, 0x2821, 0x4884, 0x4063, 0x2821, 0x2821, 0x2821,
    0x2821, 0x2821, 0x2821, 0x2841, 0x2841, 0x2841, 0x2841, 0x2841, 0x2841, 0x2841, 0x2841, 0x2861,
    0x2861, 0x2861, 0x2861, 0x2861, 0x2861, 0x2861, 0x2861, 0x2861, 0x2881, 0x2881, 0x2881, 0x2881,
    0x2881, 0x2881, 0x2881, 0x28A1, 0x28A2, 0x28A1, 0x38E2, 0x4963, 0x28C1, 0x28A1, 0x20A1, 0x20A1,
    0x20A1, 0x20A1, 0x28C1, 0x28E1, 0x28E2, 0x20A1, 0x3942, 0x6224, 0x5A24, 0x3122, 0x28E1, 0x2902,
    0x28E1, 0x28C1, 0x28C1, 0x28E1, 0x28E1, 0x28E1, 0x28E1, 0x28E1, 0x28E1, 0x2901, 0x2901, 0x28E1,
    0x28E1, 0x2901, 0x2901, 0x49C4, 0x72A5, 0x7284, 0x7264, 0x7244, 0x7244, 0x6A24, 0x5163, 0x28A1,
    0x2881, 0x2881, 0x2060, 0x2060, 0x2061, 0x2041, 0x2041, 0x2041, 0x2020, 0x40A3, 0x3882, 0x2021,
    0x2021, 0x1821, 0x1801, 0x1801, 0x1801, 0x1801, 0x1801, 0x1821, 0x1801, 0x2864, 0x48A5, 0x3884,
    0x3884, 0x3083, 0x3063, 0x2863, 0x2863, 0x2043, 0x2042, 0x1842, 0x1822, 0x1022, 0x1022, 0x1022,
    0x1021, 0x0801, 0x0801, 0x0801, 0x0801, 0x0801, 0x0801, 0x0801, 0x0001, 0x0000, 0x0000, 0x0000,
    0x1086, 0x1086, 0x1886, 0x1886, 0x20A7, 0x1822, 0x010D, 0x0087, 0x88C1, 0xF844, 0xF003, 0xF803,
    0xF804, 0xD003, 0x5800, 0x0022, 0x00AA, 0x00EE, 0x00AB, 0x008A, 0x00AA, 0x00AA, 0x00AA, 0x008A,
    0x00AB, 0x00CC, 0x008A, 0x0023, 0x0000, 0x0802, 0x1823, 0x2023, 0x2824, 0x2823, 0x2823, 0x3023,
    0x3023, 0x3023, 0x3824, 0x3823, 0x3824, 0x3824, 0x4024, 0x4044, 0x4845, 0x4044, 0x4844, 0x5844,
    0x5844, 0x5824, 0x5824, 0x6024, 0x5824, 0x5823, 0x5824, 0x5824, 0x5824, 0x5824, 0x5824, 0x5824,
    0x5823, 0x5023, 0x5823, 0x5823, 0x5824, 0x5823, 0x5023, 0x5023, 0x5003, 0x5003, 0x5003, 0x5003,
    0x5023, 0x5023, 0x5024, 0x5023, 0x5023, 0x5024, 0x5023, 0x5023, 0x5023, 0x5823, 0x5823, 0x5823,
    0x5822, 0x5802, 0x5822, 0x5823, 0x5023, 0x5023, 0x5023, 0x5023, 0x5023, 0x4823, 0x4823, 0x4823,
    0x5023, 0x5023, 0x5023, 0x5023, 0x5822, 0x5042, 0x5022, 0x5042, 0x4842, 0x5042, 0x5862, 0x5863,
    0x5062, 0x5062, 0x4863, 0x4062, 0x4862, 0x5062, 0x5082, 0x4882, 0x4882, 0x4862, 0x4882, 0x5082,
    0x5082, 0x4882, 0x48A2, 0x48A2, 0x48C2, 0x50E2, 0x48E2, 0x48E2, 0x5102, 0x5102, 0x5102, 0x5102,
    0x4902, 0x4902, 0x4102, 0x4922, 0x4922, 0x4922, 0x4942, 0x4942, 0x4962, 0x4962, 0x4962, 0x4962,
    0x4962, 0x5182, 0x4962, 0x4982, 0x51A2, 0x5182, 0x5182, 0x51A3, 0x51A3, 0x4982, 0x4983, 0x49A3,
    0x49A3, 0x51C3, 0x51C3, 0x51C3, 0x49A3, 0x4182, 0x4983, 0x51C3, 0x49C4, 0x49A4, 0x51C4, 0x51C4,
    0x49A4, 0x4984, 0x49A4, 0x49A4, 0x4184, 0x49A5, 0x49A5, 0x49A5, 0x49C5, 0x51C5, 0x49A5, 0x4985,
    0x49A5, 0x49A5, 0x49A5, 0x51C5, 0x51C5, 0x51C4, 0x51C4, 0x51A4, 0x51A4, 0x51A4, 0x5184, 0x4984,
    0x4964, 0x4944, 0x4144, 0x4144, 0x4124, 0x4944, 0x4124, 0x4103, 0x4103, 0x4923, 0x4924, 0x3903,
    0x38E3, 0x3903, 0x30E3, 0x4103, 0x4123, 0x4103, 0x4123, 0x3903, 0x4103, 0x4923, 0x4903, 0x40E2,
    0x48A2, 0x4862, 0x4042, 0x3863, 0x2842, 0x2842, 0x2042, 0x1842, 0x1822, 0x1822, 0x1021, 0x1021,
    0x1001, 0x1001, 0x0801, 0x0801, 0x0801, 0x0801, 0x0801, 0x0801, 0x0000, 0x0000, 0x0000, 0x0000,
    0x1086, 0x1086, 0x1086, 0x18A7, 0x2085, 0x0065, 0x010E, 0x3040, 0xF0A5, 0xF003, 0xF824, 0xE824,
    0x7800, 0x0801, 0x00A9, 0x00EE, 0x00CD, 0x00AA, 0x00AB, 0x00AB, 0x00AB, 0x00AB, 0x00CC, 0x00CD,
    0x00AA, 0x0044, 0x0000, 0x0801, 0x2024, 0x3825, 0x4025, 0x5824, 0x5824, 0x6023, 0x6823, 0x7023,
    0x8023, 0x9023, 0x9023, 0x9823, 0x9823, 0xA024, 0xA824, 0xB024, 0xB024, 0xB824, 0xB803, 0xC003,
    0xC004, 0xC004, 0xC024, 0xC824, 0xC803, 0xC804, 0xC804, 0xC803, 0xD003, 0xD003, 0xD003, 0xD004,
    0xD004, 0xD003, 0xD003, 0xD003, 0xD803, 0xD003, 0xD003, 0xD003, 0xD003, 0xD002, 0xD803, 0xD803,
    0xD803, 0xD803, 0xD802, 0xD802, 0xD802, 0xD802, 0xD803, 0xD802, 0xD802, 0xD802, 0xD802, 0xD803,
    0xD803, 0xD802, 0xE002, 0xD802, 0xD802, 0xD802, 0xD802, 0xD802, 0xD802, 0xD802, 0xD802, 0xD802,
    0xD802, 0xD802, 0xD802, 0xD802, 0xD822, 0xD822, 0xD822, 0xE042, 0xD841, 0xD861, 0xD8A0, 0xD8A0,
    0xD8C0, 0xD8C0, 0xD8C0, 0xD8E0, 0xD900, 0xD920, 0xD940, 0xD940, 0xD940, 0xD960, 0xD960, 0xD960,
    0xD960, 0xD980, 0xD9A0, 0xD9C0, 0xD9C0, 0xD9E0, 0xDA20, 0xDA40, 0xDA60, 0xDA80, 0xDAA0, 0xDAA0,
    0xDAC0, 0xD2E0, 0xD2E0, 0xD300, 0xD320, 0xD340, 0xD360, 0xD3A0, 0xD3C0, 0xD3C0, 0xDC00, 0xDC20,
    0xD420, 0xDC40, 0xD460, 0xD460, 0xD4A1, 0xD4A1, 0xD4C0, 0xD4E0, 0xD4E0, 0xD4E0, 0xD501, 0xD521,
    0xD561, 0xD561, 0xD542, 0xCD42, 0xCD61, 0xCD81, 0xD5A2, 0xD603, 0xD604, 0xD604, 0xD624, 0xD624,
    0xD604, 0xD624, 0xD625, 0xCE25, 0xCE05, 0xD646, 0xD666, 0xD667, 0xD668, 0xD668, 0xCE68, 0xCE48,
    0xCE69, 0xCE69, 0xCE68, 0xCE48, 0xCE07, 0xCE27, 0xD5E7, 0xD5C7, 0xD586, 0xD566, 0xD525, 0xCCE4,
    0xCCE5, 0xCCA4, 0xD484, 0xD4A5, 0xCC44, 0xD404, 0xD404, 0xD3C4, 0xD3A4, 0xD363, 0xD343, 0xD2E3,
    0xD2C3, 0xD2C3, 0xDA63, 0xDA63, 0xDA42, 0xDA02, 0xD9C2, 0xD1A2, 0xD1A2, 0xC981, 0xB141, 0xA101,
    0x90C2, 0x7041, 0x5021, 0x3842, 0x2842, 0x2842, 0x2042, 0x2022, 0x1822, 0x1821, 0x1021, 0x1021,
    0x1001, 0x1001, 0x0801, 0x0801, 0x0801, 0x0800, 0x0800, 0x0800, 0x0000, 0x0000, 0x0000, 0x0000,
    0x1086, 0x1086, 0x1086, 0x18C8, 0x0822, 0x012F, 0x0024, 0xC0A3, 0xF825, 0xF025, 0x9001, 0x1800,
    0x0067, 0x010F, 0x00EF, 0x00CC, 0x00AB, 0x00CC, 0x00CC, 0x00CC, 0x00CD, 0x00ED, 0x00CC, 0x0066,
    0x0000, 0x0000, 0x1823, 0x3045, 0x4024, 0x4824, 0x5004, 0x5803, 0x5803, 0x6003, 0x6003, 0x6803,
    0x7003, 0x7003, 0x7803, 0x7803, 0x7803, 0x8003, 0x8803, 0x8803, 0x9003, 0x9803, 0x9803, 0xA003,
    0xA003, 0xA003, 0xA803, 0xB004, 0xA804, 0xA803, 0xA803, 0xA803, 0xB003, 0xB003, 0xB003, 0xB003,
    0xB003, 0xB803, 0xB803, 0xB803, 0xC003, 0xB803, 0xC003, 0xC003, 0xC003, 0xC003, 0xC803, 0xC803,
    0xC803, 0xC803, 0xC803, 0xC803, 0xC803, 0xC803, 0xC803, 0xC803, 0xC803, 0xD003, 0xD003, 0xD003,
    0xD803, 0xD803, 0xD803, 0xD803, 0xE003, 0xD804, 0xD803, 0xD803, 0xD803, 0xD803, 0xE003, 0xE003,
    0xE003, 0xE003, 0xE003, 0xE003, 0xE003, 0xE803, 0xE803, 0xE803, 0xE803, 0xE803, 0xE803, 0xE802,
    0xE802, 0xE802, 0xF002, 0xF002, 0xF022, 0xF022, 0xF022, 0xF022, 0xF022, 0xF042, 0xF041, 0xF061,
    0xF061, 0xF861, 0xF881, 0xF881, 0xF8A1, 0xF8A1, 0xF8A1, 0xF8C1, 0xF8E1, 0xF8E1, 0xF901, 0xF901,
    0xF921, 0xF921, 0xF961, 0xF961, 0xF940, 0xF960, 0xF980, 0xF9A0, 0xF9C0, 0xF9E0, 0xFA00, 0xFA20,
    0xFA20, 0xFA40, 0xFA60, 0xFA60, 0xFA80, 0xFAA0, 0xFAC0, 0xFAE0, 0xFB00, 0xFB20, 0xFB40, 0xFB60,
    0xFB60, 0xFB60, 0xFB60, 0xFB80, 0xFBC0, 0xFBE0, 0xFC00, 0xFC20, 0xFC40, 0xFC80, 0xFCA0, 0xFCA0,
    0xFCA0, 0xFC80, 0xFCA0, 0xFCA0, 0xFCA0, 0xFCA0, 0xFCA0, 0xFCE0, 0xFCE0, 0xFCE0, 0xFD00, 0xFD00,
    0xFCE0, 0xFCE0, 0xFCC0, 0xFC80, 0xFC20, 0xFC20, 0xFBC0, 0xFB80, 0xFB40, 0xFAE0, 0xFAC0, 0xFA60,
    0xFA20, 0xF9C0, 0xF980, 0xF960, 0xF900, 0xF8C0, 0xF8C0, 0xF880, 0xF880, 0xF020, 0xF000, 0xE801,
    0xE801, 0xE002, 0xD001, 0xC001, 0xB001, 0xA001, 0x9801, 0x8801, 0x7801, 0x6822, 0x5822, 0x5042,
    0x4842, 0x4062, 0x3862, 0x3842, 0x3042, 0x2842, 0x2042, 0x2022, 0x1821, 0x1821, 0x1821, 0x1021,
    0x1001, 0x1001, 0x0801, 0x0801, 0x0800, 0x0800, 0x0800, 0x0800, 0x0800, 0x0000, 0x0000, 0x0000,
    0x0886, 0x1087, 0x10A7, 0x1064, 0x00A8, 0x00CC, 0x71C5, 0xFA2A, 0xA823, 0x3000, 0x0045, 0x00ED,
    0x0110, 0x00EE, 0x00CD, 0x00ED, 0x00ED, 0x00CD, 0x00ED, 0x010F, 0x00EE, 0x0088, 0x0001, 0x0000,
    0x1022, 0x2823, 0x3824, 0x4824, 0x5824, 0x6024, 0x6804, 0x7004, 0x7804, 0x8004, 0x8804, 0x8803,
    0x8803, 0x8803, 0x8803, 0x9003, 0x9803, 0x9803, 0x9803, 0x9803, 0x9803, 0x9803, 0xA003, 0xA003,
    0xA003, 0xA003, 0xA003, 0xA003, 0xA003, 0xA003, 0xA002, 0xA002, 0xA003, 0xA003, 0xA003, 0x9802,
    0xA002, 0xA003, 0xA003, 0xA003, 0x9803, 0x9802, 0x9802, 0x9802, 0xA003, 0xA003, 0xA002, 0x9802,
    0x9802, 0x9802, 0x9002, 0x9002, 0x9802, 0x9802, 0x9802, 0x9002, 0x8802, 0x9002, 0x9002, 0x9802,
    0x9002, 0x9002, 0x9002, 0x9002, 0x9022, 0x9822, 0x9022, 0x9022, 0x9022, 0x9022, 0x9022, 0x9021,
    0x8821, 0x9042, 0x9062, 0x9061, 0x9061, 0x9081, 0x9881, 0x9881, 0x98A1, 0x98A1, 0x98A1, 0x90A1,
    0x90C1, 0x98C1, 0xA0E1, 0x98E1, 0xA0C1, 0x98E1, 0x90E1, 0x9901, 0xA121, 0xA121, 0xA121, 0x9941,
    0x9961, 0xA182, 0xA1A2, 0xA1A2, 0xA182, 0xA9A1, 0xA9C2, 0xA9C1, 0xA9C1, 0xA9C1, 0xA1C1, 0xA9C1,
    0xA9E1, 0xAA01, 0xAA01, 0xAA01, 0xA201, 0xAA01, 0xB221, 0xB241, 0xBA41, 0xBA41, 0xBA41, 0xBA41,
    0xB241, 0xB241, 0xBA41, 0xBA61, 0xC261, 0xC281, 0xC281, 0xC281, 0xC2A1, 0xC2A1, 0xBA81, 0xBA81,
    0xBA81, 0xC2A1, 0xCAC2, 0xCAC2, 0xCAC2, 0xCAC2, 0xCAC2, 0xD2C2, 0xDAE3, 0xDAE3, 0xDB03, 0xDB03,
    0xD2E4, 0xDAC3, 0xE2E3, 0xE2E4, 0xE305, 0xE2E4, 0xE2C5, 0xE2E5, 0xEB06, 0xEB06, 0xEAE6, 0xEAE6,
    0xEAC5, 0xE2A6, 0xE2A7, 0xEAA6, 0xE2C7, 0xDAA7, 0xDAA6, 0xD2A6, 0xC245, 0xBA44, 0xB243, 0xAA23,
    0xA203, 0x99A3, 0x9983, 0x9962, 0x9942, 0x9142, 0x8902, 0x8101, 0x80C1, 0x78A1, 0x80C1, 0x80A1,
    0x80A1, 0x8081, 0x80A1, 0x78A1, 0x70A1, 0x70A2, 0x70A2, 0x70A2, 0x68A2, 0x68A2, 0x6082, 0x5882,
    0x5062, 0x4862, 0x4062, 0x3842, 0x3042, 0x2842, 0x2021, 0x2021, 0x1821, 0x1821, 0x1821, 0x1001,
    0x1001, 0x1001, 0x1001, 0x0800, 0x0800, 0x0800, 0x0800, 0x0800, 0x0800, 0x0000, 0x0000, 0x0000,
    0x0886, 0x0887, 0x08A7, 0x0044, 0x0170, 0x1842, 0xBAAB, 0x4862, 0x0023, 0x010E, 0x0152, 0x012F,
    0x00EE, 0x010E, 0x010E, 0x00EE, 0x010F, 0x010F, 0x0110, 0x00CA, 0x0022, 0x0000, 0x0802, 0x2045,
    0x4045, 0x5003, 0x6003, 0x7003, 0x8003, 0x9824, 0xA004, 0xA824, 0xB024, 0xB824, 0xB824, 0xC024,
    0xC003, 0xC803, 0xC803, 0xD003, 0xD003, 0xD004, 0xD804, 0xD804, 0xE004, 0xE004, 0xE003, 0xE004,
    0xE004, 0xE003, 0xE804, 0xE804, 0xE804, 0xE804, 0xE804, 0xF004, 0xF003, 0xF003, 0xF003, 0xF003,
    0xF003, 0xF003, 0xF003, 0xF004, 0xF004, 0xF803, 0xF803, 0xF803, 0xF803, 0xF803, 0xF804, 0xF803,
    0xF803, 0xF803, 0xF803, 0xF803, 0xF803, 0xF803, 0xF803, 0xF803, 0xF803, 0xF803, 0xF803, 0xF803,
    0xF803, 0xF803, 0xF803, 0xF803, 0xF803, 0xF803, 0xF823, 0xF823, 0xF823, 0xF803, 0xF823, 0xF823,
    0xF843, 0xF843, 0xF863, 0xF862, 0xF862, 0xF883, 0xF882, 0xF882, 0xF882, 0xF882, 0xF882, 0xF8A2,
    0xF8A2, 0xF8C2, 0xF8C2, 0xF8E2, 0xF8C1, 0xF8E1, 0xF901, 0xF921, 0xF941, 0xF961, 0xF961, 0xF961,
    0xF9A1, 0xF9A1, 0xF9E1, 0xF9E1, 0xF9C0, 0xF9E0, 0xFA21, 0xFA40, 0xFA20, 0xFA20, 0xFA40, 0xFA40,
    0xFA40, 0xFA60, 0xFA60, 0xFA60, 0xFA80, 0xFAE0, 0xFB00, 0xFB00, 0xFB20, 0xFB00, 0xFB00, 0xFB20,
    0xFB40, 0xFB40, 0xFB40, 0xFB60, 0xFB80, 0xFBA0, 0xFBA0, 0xFBA0, 0xFBC0, 0xFBE0, 0xFBE0, 0xFBE0,
    0xFBE0, 0xFC00, 0xFC60, 0xFC61, 0xFC60, 0xFC40, 0xFC40, 0xFC61, 0xFC61, 0xFC81, 0xFCA1, 0xFCA1,
    0xFCC1, 0xFCC1, 0xFCA1, 0xFCA1, 0xFCC1, 0xFCE1, 0xFCE2, 0xFCE2, 0xFD22, 0xFD22, 0xFD02, 0xFCE3,
    0xFCE2, 0xFD02, 0xFD03, 0xFD03, 0xFD03, 0xFCE3, 0xFCC3, 0xFC83, 0xFC43, 0xFBE2, 0xFBC2, 0xFBC2,
    0xFBC2, 0xFBA3, 0xFB63, 0xFB22, 0xFAE2, 0xFAC3, 0xFAA3, 0xFA61, 0xF201, 0xE9C1, 0xE9C1, 0xD981,
    0xC921, 0xB061, 0xA061, 0x9881, 0x90A2, 0x80A2, 0x78A2, 0x7082, 0x6882, 0x6062, 0x5862, 0x5062,
    0x4862, 0x4062, 0x4042, 0x3841, 0x3041, 0x2821, 0x2021, 0x2021, 0x1821, 0x1821, 0x1801, 0x1001,
    0x1001, 0x1001, 0x1000, 0x0800, 0x0800, 0x0800, 0x0800, 0x0800, 0x0800, 0x0000, 0x0000, 0x0000,
    0x0886, 0x08A7, 0x0865, 0x0066, 0x00A9, 0x1800, 0x0800, 0x00CA, 0x0174, 0x0173, 0x0130, 0x0130,
    0x0130, 0x0130, 0x010F, 0x0130, 0x0131, 0x00ED, 0x0044, 0x0000, 0x0001, 0x1845, 0x2845, 0x3024,
    0x3824, 0x4824, 0x5004, 0x5803, 0x5803, 0x6803, 0x7803, 0x8003, 0x8803, 0x8803, 0x8803, 0x8803,
    0x8803, 0x9003, 0x9803, 0x9003, 0x9003, 0x9003, 0x9803, 0xA003, 0xA003, 0x9803, 0x9803, 0xA003,
    0x9803, 0x9803, 0xA003, 0xA803, 0xA803, 0xA803, 0xA003, 0xA003, 0xA802, 0xA002, 0xA803, 0xA803,
    0xA802, 0xA002, 0xA002, 0xA002, 0xA002, 0xA802, 0xA803, 0xB003, 0xA802, 0xA002, 0xA802, 0xA802,
    0xA802, 0xA802, 0xA802, 0xA803, 0xA802, 0xA802, 0xA002, 0xA802, 0xA802, 0xB002, 0xA802, 0xA802,
    0xA802, 0xA802, 0xA802, 0xA802, 0xA802, 0xA802, 0xA802, 0xA802, 0xA802, 0xA803, 0xA803, 0xB003,
    0xB003, 0xA802, 0xA802, 0xB002, 0xB003, 0xB003, 0xB002, 0xB002, 0xB002, 0xB002, 0xB802, 0xB802,
    0xB002, 0xB002, 0xB002, 0xB002, 0xB002, 0xB802, 0xB802, 0xB802, 0xB802, 0xB802, 0xB802, 0xC002,
    0xC002, 0xB802, 0xB802, 0xB802, 0xC002, 0xC002, 0xB802, 0xB802, 0xC002, 0xC002, 0xC002, 0xC002,
    0xC001, 0xC001, 0xC001, 0xC001, 0xC001, 0xC001, 0xC001, 0xC001, 0xC801, 0xC801, 0xC801, 0xC801,
    0xC821, 0xC821, 0xC801, 0xC801, 0xC801, 0xC821, 0xD021, 0xC801, 0xC800, 0xC800, 0xC820, 0xC840,
    0xD040, 0xD020, 0xC840, 0xC840, 0xD060, 0xD060, 0xD060, 0xD060, 0xD040, 0xD060, 0xD060, 0xD060,
    0xD080, 0xD080, 0xD080, 0xD080, 0xD080, 0xD080, 0xD8A0, 0xD8A0, 0xD060, 0xD040, 0xD040, 0xD020,
    0xD020, 0xD040, 0xD840, 0xD800, 0xD000, 0xD000, 0xD000, 0xD000, 0xD000, 0xD000, 0xD000, 0xD000,
    0xC801, 0xC801, 0xC801, 0xC801, 0xC001, 0xB801, 0xB001, 0xA801, 0xA801, 0xA002, 0x9021, 0x8841,
    0x8062, 0x8081, 0x7881, 0x8081, 0x80A2, 0x7881, 0x7082, 0x6881, 0x6081, 0x6061, 0x5861, 0x5061,
    0x4841, 0x4041, 0x3841, 0x3041, 0x3021, 0x2821, 0x2021, 0x2021, 0x1801, 0x1801, 0x1801, 0x1001,
    0x1000, 0x1000, 0x0800, 0x0800, 0x0800, 0x0800, 0x0800, 0x0800, 0x0800, 0x0000, 0x0000, 0x0000,
    0x0887, 0x0087, 0x08A7, 0x0002, 0x0001, 0x012D, 0x0194, 0x0195, 0x0173, 0x0152, 0x0172, 0x0172,
    0x0151, 0x0152, 0x0173, 0x012F, 0x0066, 0x0000, 0x0000, 0x0844, 0x1846, 0x2045, 0x2024, 0x3023,
    0x4023, 0x4803, 0x5803, 0x6003, 0x6803, 0x7003, 0x7803, 0x8803, 0x8803, 0x9003, 0x9803, 0x9803,
    0xA003, 0xA003, 0xA003, 0xA003, 0xA803, 0xA803, 0xA803, 0xA803, 0xB003, 0xB003, 0xB003, 0xB003,
    0xB803, 0xB803, 0xB803, 0xB803, 0xB803, 0xB803, 0xC003, 0xB803, 0xC003, 0xC804, 0xC804, 0xC804,
    0xC803, 0xC003, 0xC003, 0xC803, 0xC803, 0xC803, 0xC803, 0xC003, 0xC003, 0xC803, 0xC803, 0xC803,
    0xD003, 0xC803, 0xC803, 0xC803, 0xC803, 0xD003, 0xC803, 0xC803, 0xC803, 0xC803, 0xD023, 0xD023,
    0xD003, 0xD003, 0xD003, 0xD023, 0xD043, 0xD043, 0xD043, 0xD042, 0xD062, 0xD062, 0xD062, 0xD082,
    0xD0A2, 0xD0C2, 0xD0E3, 0xD0E3, 0xD102, 0xD0E2, 0xD122, 0xD142, 0xD163, 0xD183, 0xD1A3, 0xD1A3,
    0xD1C3, 0xD1C3, 0xC9C3, 0xC9C3, 0xC9E3, 0xD244, 0xD264, 0xD264, 0xCA64, 0xCA84, 0xD284, 0xD284,
    0xD263, 0xCAA4, 0xCAC4, 0xCAC5, 0xCAC4, 0xCAC4, 0xCAC4, 0xC2E5, 0xCB05, 0xCAE5, 0xCB05, 0xCB26,
    0xCB46, 0xCB46, 0xCB25, 0xCB25, 0xCB25, 0xCB45, 0xCB66, 0xCB66, 0xCBA7, 0xCBE7, 0xCC08, 0xCC08,
    0xC3E7, 0xCC07, 0xCC07, 0xCC07, 0xC3E7, 0xC3C6, 0xC3E6, 0xC406, 0xC406, 0xBC26, 0xC426, 0xC447,
    0xC467, 0xC488, 0xC467, 0xBC46, 0xBC46, 0xC467, 0xC487, 0xC467, 0xC447, 0xC487, 0xC487, 0xC487,
    0xC4A8, 0xC4A8, 0xC4C9, 0xC4A8, 0xCCA8, 0xC4C9, 0xC4A8, 0xC4C8, 0xC4CA, 0xC4A8, 0xC4A8, 0xC4CA,
    0xC4CB, 0xC4CB, 0xCCCB, 0xC4AA, 0xC469, 0xBC28, 0xBBE8, 0xBBC7, 0xBB66, 0xBB45, 0xBB04, 0xBAA3,
    0xB262, 0xB1E2, 0xA961, 0xA962, 0xB122, 0xA902, 0x98E2, 0x98E2, 0xA102, 0xA0E2, 0x98E2, 0x90C2,
    0x90C2, 0x90A2, 0x88A2, 0x8082, 0x7881, 0x7081, 0x6881, 0x6081, 0x6061, 0x5861, 0x5061, 0x4861,
    0x4041, 0x4041, 0x3841, 0x3021, 0x2821, 0x2821, 0x2021, 0x2021, 0x1801, 0x1801, 0x1000, 0x1000,
    0x1000, 0x1000, 0x0800, 0x0800, 0x0800, 0x0800, 0x0800, 0x0800, 0x0800, 0x0000, 0x0000, 0x0000,
    0x0087, 0x00A6, 0x00A7, 0x0086, 0x0000, 0x02D8, 0x027C, 0x0194, 0x01B4, 0x0194, 0x0173, 0x0193,
    0x01B5, 0x0173, 0x00AA, 0x0001, 0x0000, 0x0043, 0x1066, 0x1865, 0x2044, 0x3824, 0x5004, 0x6824,
    0x7824, 0x8004, 0x8804, 0x9804, 0xA824, 0xB024, 0xB024, 0xB004, 0xB804, 0xC004, 0xC804, 0xD004,
    0xD004, 0xD004, 0xD804, 0xD804, 0xE024, 0xE024, 0xE004, 0xE004, 0xE804, 0xE804, 0xE804, 0xF004,
    0xF004, 0xF004, 0xF004, 0xF004, 0xF004, 0xF004, 0xF804, 0xF804, 0xF804, 0xF804, 0xF804, 0xF804,
    0xF804, 0xF804, 0xF804, 0xF804, 0xF804, 0xF804, 0xF804, 0xF804, 0xF804, 0xF804, 0xF804, 0xF804,
    0xF804, 0xF804, 0xF804, 0xF804, 0xF804, 0xF804, 0xF804, 0xF804, 0xF804, 0xF804, 0xF804, 0xF804,
    0xF804, 0xF804, 0xF804, 0xF804, 0xF804, 0xF804, 0xF804, 0xF804, 0xF804, 0xF804, 0xF824, 0xF824,
    0xF824, 0xF823, 0xF823, 0xF823, 0xF823, 0xF843, 0xF843, 0xF843, 0xF843, 0xF863, 0xF863, 0xF862,
    0xF882, 0xF883, 0xF883, 0xF8A2, 0xF8A2, 0xF8A2, 0xF8A2, 0xF8A2, 0xF8E2, 0xF8E2, 0xF8C2, 0xF8C2,
    0xF8C1, 0xF8E1, 0xF901, 0xF901, 0xF901, 0xF901, 0xF921, 0xF941, 0xF941, 0xF941, 0xF941, 0xF961,
    0xF961, 0xF961, 0xF961, 0xF981, 0xF960, 0xF980, 0xF9A1, 0xF9A1, 0xF9C1, 0xF9C1, 0xF9E0, 0xFA00,
    0xFA20, 0xFA20, 0xFA00, 0xFA00, 0xFA00, 0xFA00, 0xFA20, 0xFA20, 0xFA40, 0xFA40, 0xFA40, 0xFA60,
    0xFA80, 0xFAA0, 0xFAA0, 0xFAC0, 0xFAC0, 0xFAA0, 0xFAC0, 0xFAE0, 0xFAE0, 0xFAC0, 0xFAE0, 0xFB20,
    0xFB41, 0xFB20, 0xFB20, 0xFB00, 0xFB01, 0xFB01, 0xFAC0, 0xFAC0, 0xFB01, 0xFB01, 0xFB01, 0xFB01,
    0xFB01, 0xFB02, 0xFAE2, 0xFAC2, 0xFAA2, 0xFA82, 0xFA63, 0xFA43, 0xFA43, 0xFA43, 0xFA23, 0xFA22,
    0xFA22, 0xF1E2, 0xE9A1, 0xD181, 0xB101, 0xA081, 0xA8C1, 0xA0C2, 0x98A2, 0x98A2, 0x90A2, 0x88A2,
    0x88A2, 0x80A1, 0x7882, 0x7881, 0x7081, 0x6881, 0x6061, 0x6061, 0x5861, 0x5061, 0x4841, 0x4841,
    0x4041, 0x3841, 0x3021, 0x3021, 0x2821, 0x2821, 0x2021, 0x2001, 0x1800, 0x1800, 0x1000, 0x1000,
    0x1000, 0x1000, 0x0800, 0x0800, 0x0800, 0x0800, 0x0800, 0x0800, 0x0000, 0x0000, 0x0000, 0x0000,
    0x0086, 0x00A7, 0x00A7, 0x00E9, 0x0002, 0x00A4, 0x037D, 0x01D8, 0x01D6, 0x01D6, 0x01D7, 0x01B5,
    0x010D, 0x0022, 0x0000, 0x0023, 0x0866, 0x1066, 0x1045, 0x1844, 0x2044, 0x3024, 0x4023, 0x5023,
    0x5803, 0x6003, 0x6803, 0x7803, 0x7803, 0x7803, 0x8003, 0x8003, 0x8803, 0x8803, 0x8803, 0x8803,
    0x9003, 0x9003, 0x9803, 0x9803, 0x9803, 0x9803, 0x9803, 0x9803, 0x9803, 0x9803, 0xA003, 0xA003,
    0xA003, 0x9803, 0x9803, 0xA003, 0xA002, 0xA003, 0xA003, 0xA003, 0xA003, 0xA003, 0xA003, 0xA003,
    0xA003, 0xA003, 0xA003, 0xA003, 0xA003, 0xA003, 0xA002, 0xA003, 0xA003, 0xA003, 0xA003, 0xA003,
    0xA003, 0xA003, 0xA003, 0xA002, 0xA003, 0xA002, 0xA002, 0xA003, 0xA003, 0xA003, 0xA003, 0xA002,
    0xA002, 0xA002, 0xA002, 0xA002, 0xA002, 0xA002, 0xA002, 0xA002, 0xA002, 0xA002, 0xA002, 0xA002,
    0xA002, 0xA002, 0xA002, 0xA003, 0xA002, 0xA002, 0xA003, 0xA002, 0xA002, 0xA002, 0xA003, 0xA002,
    0xA002, 0xA803, 0xA823, 0xA823, 0xA023, 0xA002, 0xA002, 0xA002, 0xA002, 0xA002, 0xA002, 0xA002,
    0xA002, 0xA002, 0xA002, 0xA002, 0xA802, 0xA802, 0xA802, 0xA802, 0xA802, 0xA802, 0xA802, 0xA802,
    0xA801, 0xA801, 0xA801, 0xA822, 0xB022, 0xB021, 0xA821, 0xA821, 0xA801, 0xA801, 0xA801, 0xB021,
    0xB041, 0xA841, 0xA821, 0xA821, 0xA821, 0xA821, 0xA821, 0xA821, 0xA821, 0xA821, 0xB021, 0xB021,
    0xB021, 0xA800, 0xB020, 0xB020, 0xB021, 0xB020, 0xA800, 0xB020, 0xB021, 0xB020, 0xB021, 0xB041,
    0xB041, 0xB020, 0xB020, 0xB020, 0xB020, 0xB021, 0xB021, 0xB000, 0xB000, 0xB020, 0xB821, 0xB821,
    0xB800, 0xB801, 0xB801, 0xB800, 0xB800, 0xB800, 0xB001, 0xB001, 0xB001, 0xA801, 0xA001, 0x9801,
    0x9001, 0x8822, 0x9062, 0x8882, 0x8081, 0x88A1, 0x98C2, 0x90C2, 0x90C2, 0x88A1, 0x88A2, 0x80A2,
    0x80A1, 0x7881, 0x7081, 0x7081, 0x6881, 0x6061, 0x5861, 0x5861, 0x5061, 0x4841, 0x4841, 0x4041,
    0x3841, 0x3821, 0x3021, 0x2821, 0x2821, 0x2021, 0x2000, 0x1800, 0x1800, 0x1800, 0x1000, 0x1000,
    0x1000, 0x0800, 0x0800, 0x0800, 0x0800, 0x0800, 0x0800, 0x0000, 0x0000, 0x0000, 0x0000, 0x0000,
    0x0086, 0x00A6, 0x00A7, 0x00C8, 0x00C8, 0x0000, 0x02B2, 0x02DE, 0x021A, 0x023A, 0x0171, 0x0044,
    0x0000, 0x0022, 0x0087, 0x0887, 0x0866, 0x1045, 0x1845, 0x1844, 0x2044, 0x2824, 0x3024, 0x3804,
    0x4804, 0x5004, 0x6004, 0x6003, 0x6803, 0x7003, 0x7803, 0x8003, 0x8003, 0x8803, 0x8803, 0x9003,
    0x9003, 0x9803, 0x9803, 0x9803, 0x9803, 0x9803, 0xA003, 0xA003, 0xA003, 0xA003, 0xA003, 0xA003,
    0xA003, 0xA003, 0xA003, 0xA803, 0xA803, 0xA803, 0xA803, 0xA803, 0xA803, 0xA803, 0xA803, 0xA803,
    0xA803, 0xA803, 0xA803, 0xA803, 0xA803, 0xA803, 0xA803, 0xA803, 0xA803, 0xA803, 0xA803, 0xA803,
    0xA803, 0xA803, 0xA803, 0xA803, 0xA803, 0xA803, 0xA803, 0xA803, 0xA803, 0xA803, 0xA803, 0xA803,
    0xA803, 0xA803, 0xA803, 0xA803, 0xA803, 0xA803, 0xA803, 0xA803, 0xA803, 0xA803, 0xA803, 0xA823,
    0xA823, 0xA823, 0xA823, 0xA843, 0xA822, 0xA822, 0xA842, 0xA842, 0xA842, 0xA842, 0xA842, 0xA862,
    0xA862, 0xA882, 0xA882, 0xA882, 0xA882, 0xA882, 0xA882, 0xA882, 0xA082, 0xA082, 0xA8A2, 0xA8A2,
    0xA8A2, 0xA8A2, 0xA8A2, 0xA8A2, 0xA8C2, 0xA8C2, 0xA8C2, 0xA8C2, 0xA8C2, 0xA8E2, 0xA8E2, 0xA8E2,
    0xA8E2, 0xA8E2, 0xA902, 0xA902, 0xA902, 0xA902, 0xA902, 0xA922, 0xA922, 0xA922, 0xA942, 0xA942,
    0xA942, 0xA942, 0xA962, 0xA962, 0xA961, 0xA941, 0xA961, 0xA961, 0xA961, 0xA961, 0xA961, 0xA961,
    0xA981, 0xA981, 0xA981, 0xA981, 0xA981, 0xA9A1, 0xA9A1, 0xA981, 0xA9A1, 0xA9C1, 0xB1C1, 0xA9C1,
    0xA9C1, 0xB1C2, 0xB1C2, 0xB1C2, 0xB1C2, 0xB1C2, 0xB1C2, 0xB1C2, 0xB1C2, 0xA9A2, 0xA9C2, 0xB1C2,
    0xA9A2, 0xA9A2, 0xA982, 0xA982, 0xA982, 0xA962, 0xA162, 0xA142, 0xA122, 0xA122, 0xA142, 0xA122,
    0xA122, 0xA122, 0xA102, 0xA0E2, 0x98E2, 0x90C2, 0x88A2, 0x88A2, 0x88A1, 0x80A1, 0x80A1, 0x7881,
    0x7081, 0x7081, 0x6881, 0x6881, 0x6081, 0x5861, 0x5861, 0x5061, 0x4841, 0x4841, 0x4041, 0x4041,
    0x3821, 0x3021, 0x3021, 0x2821, 0x2020, 0x2020, 0x2000, 0x1800, 0x1800, 0x1800, 0x1000, 0x1000,
    0x1000, 0x0800, 0x0800, 0x0800, 0x0800, 0x0800, 0x0800, 0x0000, 0x0000, 0x0000, 0x0000, 0x0000,
    0x0086, 0x00A6, 0x00A7, 0x00A7, 0x00E9, 0x0023, 0x00A2, 0x03FE, 0x0239, 0x00A7, 0x0000, 0x0001,
    0x0087, 0x00A8, 0x0886, 0x0865, 0x1065, 0x1045, 0x1844, 0x2044, 0x2824, 0x3024, 0x3823, 0x4003,
    0x4804, 0x5003, 0x5803, 0x6003, 0x6803, 0x6803, 0x7003, 0x7003, 0x7803, 0x8003, 0x8003, 0x8803,
    0x8803, 0x8803, 0x8803, 0x9003, 0x9003, 0x9003, 0x9003, 0x9003, 0x9803, 0x9803, 0x9803, 0x9803,
    0x9803, 0xA003, 0xA003, 0xA003, 0xA003, 0xA003, 0xA003, 0xA003, 0xA003, 0xA003, 0xA003, 0xA003,
    0xA003, 0xA003, 0xA003, 0xA003, 0xA003, 0xA003, 0xA803, 0xA803, 0xA803, 0xA803, 0xA803, 0xA803,
    0xA803, 0xA803, 0xA803, 0xA803, 0xA803, 0xA803, 0xA803, 0xA803, 0xA803, 0xA803, 0xA803, 0xA803,
    0xA803, 0xA803, 0xA803, 0xA803, 0xA803, 0xA803, 0xA802, 0xA803, 0xA802, 0xA802, 0xA802, 0xA802,
    0xA802, 0xA822, 0xA802, 0xA802, 0xA822, 0xA822, 0xA822, 0xA822, 0xA822, 0xA822, 0xA822, 0xA842,
    0xA842, 0xA842, 0xA842, 0xA842, 0xA842, 0xA842, 0xA862, 0xA862, 0xA862, 0xA862, 0xA862, 0xA862,
    0xA882, 0xA882, 0xA882, 0xA882, 0xA882, 0xA882, 0xA8A2, 0xA8A2, 0xA8A2, 0xA8A2, 0xA8A2, 0xB0C2,
    0xB0C2, 0xB0C2, 0xB0C2, 0xB0C1, 0xB0C2, 0xB0E2, 0xB0E2, 0xB102, 0xB102, 0xB102, 0xB102, 0xA901,
    0xA901, 0xB101, 0xB121, 0xB121, 0xB121, 0xB121, 0xB121, 0xB121, 0xB121, 0xB121, 0xB121, 0xB121,
    0xB141, 0xB141, 0xB141, 0xB141, 0xB141, 0xB161, 0xB161, 0xB161, 0xB161, 0xB161, 0xB161, 0xB181,
    0xB181, 0xB181, 0xB161, 0xB161, 0xB161, 0xB161, 0xB161, 0xB161, 0xB162, 0xB162, 0xB162, 0xB162,
    0xB142, 0xB142, 0xA942, 0xA922, 0xA922, 0xA922, 0xA902, 0xA902, 0xA102, 0xA0E2, 0xA0E2, 0x98E2,
    0x98E2, 0x98C2, 0x90C1, 0x88A1, 0x88C1, 0x88A1, 0x80A1, 0x80A1, 0x80A1, 0x78A1, 0x7881, 0x7081,
    0x6881, 0x6881, 0x6081, 0x6061, 0x5861, 0x5861, 0x5061, 0x4861, 0x4841, 0x4041, 0x4041, 0x3821,
    0x3021, 0x3021, 0x2821, 0x2820, 0x2000, 0x2000, 0x2000, 0x1800, 0x1800, 0x1000, 0x1000, 0x1000,
    0x0800, 0x0800, 0x0800, 0x0800, 0x0800, 0x0800, 0x0000, 0x0000, 0x0000, 0x0000, 0x0000, 0x0000,
    0x0086, 0x0086, 0x00A6, 0x00A6, 0x00A7, 0x00C8, 0x0000, 0x00C6, 0x0001, 0x0000, 0x0066, 0x00A8,
    0x00A7, 0x0886, 0x0865, 0x0865, 0x1045, 0x1044, 0x1844, 0x2024, 0x2024, 0x2824, 0x3024, 0x3803,
    0x4003, 0x4803, 0x5003, 0x5803, 0x6003, 0x6003, 0x6803, 0x6803, 0x7003, 0x7003, 0x7803, 0x7803,
    0x8003, 0x8003, 0x8003, 0x8003, 0x8803, 0x8803, 0x8803, 0x8803, 0x8803, 0x9003, 0x9003, 0x9003,
    0x9003, 0x9003, 0x9003, 0x9003, 0x9002, 0x9003, 0x9003, 0x9002, 0x9802, 0x9802, 0x9802, 0x9803,
    0x9802, 0x9802, 0x9802, 0x9802, 0x9802, 0x9802, 0x9802, 0x9802, 0x9802, 0x9802, 0x9802, 0x9802,
    0x9802, 0x9802, 0x9802, 0x9802, 0x9802, 0x9802, 0x9802, 0x9802, 0x9802, 0x9802, 0x9802, 0x9802,
    0x9802, 0x9802, 0x9802, 0x9802, 0x9802, 0x9802, 0x9802, 0x9802, 0x9802, 0x9802, 0x9802, 0x9802,
    0x9802, 0x9802, 0x9802, 0x9822, 0x9822, 0x9822, 0xA022, 0x9822, 0x9842, 0x9842, 0x9842, 0x9842,
    0x9842, 0xA042, 0xA042, 0xA042, 0x9841, 0x9842, 0x9842, 0x9862, 0xA062, 0xA061, 0xA062, 0xA062,
    0x9882, 0xA082, 0xA082, 0xA082, 0xA082, 0x9882, 0x9881, 0x9881, 0x98A1, 0xA0A1, 0xA0A1, 0xA0A1,
    0xA0A1, 0xA0A1, 0xA0A1, 0xA0C1, 0xA0C1, 0xA0C1, 0xA0E1, 0xA0E1, 0xA0E1, 0xA0E1, 0xA0E1, 0xA0E1,
    0xA101, 0xA101, 0xA101, 0xA101, 0xA101, 0xA101, 0xA101, 0xA121, 0xA121, 0xA121, 0xA121, 0xA121,
    0xA121, 0xA141, 0xA141, 0xA141, 0xA141, 0xA141, 0xA141, 0xA141, 0xA161, 0xA161, 0xA161, 0xA161,
    0xA161, 0xA161, 0xA161, 0xA161, 0xA161, 0xA161, 0xA161, 0xA141, 0xA141, 0xA141, 0xA141, 0xA141,
    0xA121, 0xA142, 0xA122, 0x9921, 0x9902, 0x9902, 0x9901, 0x9902, 0x9902, 0x90E2, 0x90E2, 0x90E2,
    0x90C2, 0x88C2, 0x88C1, 0x80A1, 0x80A1, 0x78A1, 0x78A1, 0x78A1, 0x7081, 0x7081, 0x7081, 0x6881,
    0x6881, 0x6061, 0x5861, 0x5861, 0x5061, 0x5061, 0x4841, 0x4841, 0x4041, 0x4041, 0x3841, 0x3020,
    0x3020, 0x2820, 0x2820, 0x2800, 0x2000, 0x2000, 0x1800, 0x1800, 0x1800, 0x1000, 0x1000, 0x1000,
    0x0800, 0x0800, 0x0800, 0x0800, 0x0800, 0x0800, 0x0000, 0x0000, 0x0000, 0x0000, 0x0000, 0x0000,
    0x0086, 0x0086, 0x0086, 0x0086, 0x0086, 0x00C7, 0x0065, 0x0000, 0x0043, 0x00A7, 0x00A8, 0x0086,
    0x0066, 0x0865, 0x0865, 0x0845, 0x1044, 0x1044, 0x1824, 0x2024, 0x2024, 0x2824, 0x3003, 0x3803,
    0x4003, 0x4003, 0x4803, 0x5003, 0x5803, 0x5802, 0x6003, 0x6003, 0x6803, 0x6802, 0x7002, 0x7002,
    0x7002, 0x7802, 0x7802, 0x7802, 0x7802, 0x8002, 0x8002, 0x8002, 0x8002, 0x8002, 0x8802, 0x8802,
    0x8802, 0x8802, 0x8802, 0x8802, 0x8802, 0x8802, 0x8802, 0x8802, 0x8802, 0x8802, 0x9002, 0x9002,
    0x9002, 0x8802, 0x9002, 0x9002, 0x9002, 0x9002, 0x9002, 0x9002, 0x9002, 0x9002, 0x9002, 0x9002,
    0x9002, 0x9002, 0x9002, 0x9002, 0x9002, 0x9002, 0x9002, 0x9002, 0x9002, 0x9002, 0x9002, 0x9002,
    0x9002, 0x9002, 0x9002, 0x9002, 0x9002, 0x9002, 0x9002, 0x9002, 0x9002, 0x9002, 0x9002, 0x9002,
    0x9002, 0x9002, 0x9022, 0x9022, 0x9022, 0x9022, 0x9002, 0x9022, 0x9022, 0x9042, 0x9042, 0x9042,
    0x9042, 0x9842, 0x9042, 0x9042, 0x9042, 0x9041, 0x9041, 0x9041, 0x9061, 0x9061, 0x9861, 0x9861,
    0x9861, 0x9882, 0x9081, 0x9081, 0x9081, 0x9081, 0x9081, 0x9081, 0x9081, 0x98A1, 0x98A1, 0x98A1,
    0x98A1, 0x98A1, 0x98A1, 0x98C1, 0x98C1, 0x90C1, 0x90A1, 0x98C1, 0x98E1, 0x98E1, 0x90E1, 0x90E1,
    0x98E1, 0x98E1, 0x90E1, 0x9101, 0x9901, 0x9901, 0x9901, 0x9101, 0x9101, 0x9901, 0x9901, 0x9921,
    0x9921, 0x9921, 0x9921, 0x9921, 0x9921, 0x9921, 0x9921, 0x9921, 0x9941, 0x9941, 0x9941, 0x9941,
    0x9941, 0x9941, 0x9921, 0x9941, 0x9941, 0x9921, 0x9941, 0x9941, 0x9941, 0x9921, 0x9921, 0x9921,
    0x9921, 0x9921, 0x9922, 0x9921, 0x9101, 0x90E1, 0x90E1, 0x88E1, 0x88E1, 0x88E1, 0x88C1, 0x88C1,
    0x80C1, 0x80C1, 0x80A1, 0x78A1, 0x78A1, 0x78A1, 0x70A1, 0x7081, 0x6881, 0x6881, 0x6881, 0x6061,
    0x6061, 0x5861, 0x5061, 0x5061, 0x4841, 0x4841, 0x4041, 0x4040, 0x3840, 0x3820, 0x3820, 0x3020,
    0x3020, 0x2820, 0x2800, 0x2000, 0x2000, 0x1800, 0x1800, 0x1000, 0x1000, 0x1000, 0x1000, 0x0800,
    0x0800, 0x0800, 0x0800, 0x0800, 0x0800, 0x0000, 0x0000, 0x0000, 0x0000, 0x0000, 0x0000, 0x0000,
    0x0085, 0x0085, 0x0085, 0x0086, 0x0086, 0x0086, 0x00A6, 0x00A6, 0x00A7, 0x0086, 0x0065, 0x0065,
    0x0865, 0x0865, 0x0845, 0x1044, 0x1044, 0x1044, 0x1824, 0x1824, 0x2024, 0x2823, 0x2803, 0x3003,
    0x3803, 0x4003, 0x4003, 0x4803, 0x5003, 0x5002, 0x5802, 0x5802, 0x6002, 0x6002, 0x6802, 0x6802,
    0x6802, 0x7002, 0x7002, 0x7002, 0x7002, 0x7002, 0x7802, 0x7802, 0x7802, 0x7802, 0x7802, 0x7802,
    0x7802, 0x7802, 0x8002, 0x8002, 0x8002, 0x8002, 0x8002, 0x8002, 0x8002, 0x8002, 0x8002, 0x8002,
    0x8002, 0x8002, 0x8002, 0x8802, 0x8802, 0x8802, 0x8802, 0x8802, 0x8802, 0x8802, 0x8802, 0x8802,
    0x8802, 0x8802, 0x8802, 0x8802, 0x8802, 0x8802, 0x8802, 0x8802, 0x8802, 0x8802, 0x8802, 0x8802,
    0x8802, 0x8802, 0x8802, 0x8802, 0x8802, 0x8802, 0x8802, 0x8802, 0x8802, 0x8802, 0x8802, 0x8802,
    0x8802, 0x8802, 0x8802, 0x8822, 0x8822, 0x8822, 0x8821, 0x8821, 0x8821, 0x8842, 0x8841, 0x8841,
    0x8841, 0x8841, 0x8841, 0x8841, 0x8841, 0x8841, 0x8841, 0x8841, 0x8841, 0x8861, 0x8861, 0x8861,
    0x8861, 0x8861, 0x8861, 0x8861, 0x8861, 0x8881, 0x8881, 0x8881, 0x8881, 0x8881, 0x8881, 0x88A1,
    0x90A1, 0x90A1, 0x88A1, 0x88A1, 0x88A1, 0x88A1, 0x88C1, 0x90C1, 0x90C1, 0x88C1, 0x88C1, 0x88E1,
    0x88E1, 0x88E1, 0x88E1, 0x88E1, 0x88E1, 0x9101, 0x8901, 0x8901, 0x8901, 0x8901, 0x8901, 0x8901,
    0x8901, 0x8901, 0x8901, 0x8901, 0x8921, 0x8921, 0x8921, 0x8901, 0x8921, 0x8921, 0x8921, 0x8921,
    0x8921, 0x8921, 0x9121, 0x9121, 0x9141, 0x9121, 0x9121, 0x9121, 0x8921, 0x9121, 0x8921, 0x8921,
    0x8901, 0x8901, 0x8901, 0x8901, 0x88E1, 0x88E1, 0x80E1, 0x80E1, 0x80C1, 0x80C1, 0x80C1, 0x78C1,
    0x78A1, 0x78A1, 0x70A1, 0x70A1, 0x70A1, 0x7081, 0x6881, 0x6881, 0x6081, 0x6061, 0x5861, 0x5861,
    0x5861, 0x5061, 0x5061, 0x4841, 0x4040, 0x4040, 0x4040, 0x3840, 0x3840, 0x3020, 0x3020, 0x3020,
    0x2820, 0x2800, 0x2000, 0x2000, 0x1800, 0x1800, 0x1800, 0x1000, 0x1000, 0x1000, 0x0800, 0x0800,
    0x0800, 0x0800, 0x0800, 0x0800, 0x0000, 0x0000, 0x0000, 0x0000, 0x0000, 0x0000, 0x0000, 0x0000,
    0x0065, 0x0065, 0x0065, 0x0065, 0x0085, 0x0085, 0x0085, 0x0085, 0x0065, 0x0065, 0x0065, 0x0865,
    0x0865, 0x0844, 0x0844, 0x1044, 0x1044, 0x1024, 0x1823, 0x1823, 0x2023, 0x2023, 0x2803, 0x3003,
    0x3003, 0x3803, 0x4002, 0x4002, 0x4802, 0x4802, 0x5002, 0x5002, 0x5802, 0x5802, 0x5802, 0x6002,
    0x6002, 0x6802, 0x6802, 0x6802, 0x6802, 0x6802, 0x6802, 0x7002, 0x7002, 0x7002, 0x7002, 0x7002,
    0x7002, 0x7002, 0x7802, 0x7802, 0x7802, 0x7802, 0x7802, 0x7802, 0x7802, 0x7802, 0x7802, 0x7802,
    0x7802, 0x7802, 0x7802, 0x7802, 0x7802, 0x7802, 0x8002, 0x8002, 0x8002, 0x8002, 0x8002, 0x8002,
    0x7802, 0x8002, 0x8002, 0x8002, 0x8002, 0x8002, 0x8002, 0x8002, 0x8002, 0x8002, 0x8002, 0x8002,
    0x8002, 0x8002, 0x8001, 0x8002, 0x7802, 0x7802, 0x8002, 0x8002, 0x8002, 0x7802, 0x8001, 0x8001,
    0x8001, 0x8001, 0x8001, 0x8001, 0x8022, 0x8001, 0x8021, 0x8021, 0x8021, 0x8021, 0x8041, 0x8041,
    0x8041, 0x8041, 0x8041, 0x8041, 0x8041, 0x8041, 0x8041, 0x8041, 0x8041, 0x8041, 0x8061, 0x8061,
    0x8061, 0x8061, 0x8061, 0x8061, 0x8061, 0x8061, 0x8061, 0x8081, 0x8081, 0x8081, 0x8081, 0x8081,
    0x8081, 0x80A1, 0x80A1, 0x80A1, 0x80A1, 0x80A1, 0x80A1, 0x80C1, 0x80C1, 0x80C1, 0x80C1, 0x80C1,
    0x80C1, 0x80E1, 0x80E1, 0x80E1, 0x80E1, 0x80E1, 0x80E1, 0x80E1, 0x80E1, 0x8101, 0x8101, 0x8101,
    0x8101, 0x8101, 0x8101, 0x8101, 0x8101, 0x8101, 0x8101, 0x8101, 0x8101, 0x8121, 0x8121, 0x8101,
    0x8121, 0x8121, 0x8101, 0x8121, 0x8921, 0x8921, 0x8921, 0x8121, 0x8121, 0x8101, 0x8101, 0x8101,
    0x8101, 0x8101, 0x8101, 0x80E1, 0x80C1, 0x78E1, 0x78C1, 0x78C1, 0x78C1, 0x78C1, 0x78A1, 0x70A1,
    0x70A1, 0x70A1, 0x68A1, 0x6881, 0x6881, 0x6081, 0x6081, 0x6061, 0x5861, 0x5861, 0x5061, 0x5061,
    0x5040, 0x4840, 0x4840, 0x4040, 0x4040, 0x4040, 0x3840, 0x3820, 0x3020, 0x3020, 0x3020, 0x2820,
    0x2820, 0x2000, 0x2000, 0x1800, 0x1800, 0x1800, 0x1000, 0x1000, 0x1000, 0x1000, 0x0800, 0x0800,
    0x0800, 0x0800, 0x0800, 0x0800, 0x0000, 0x0000, 0x0000, 0x0000, 0x0000, 0x0000, 0x0000, 0x0000,
    0x0065, 0x0065, 0x0065, 0x0065, 0x0065, 0x0065, 0x0064, 0x0064, 0x0065, 0x0064, 0x0064, 0x0864,
    0x0844, 0x0844, 0x0844, 0x1044, 0x1024, 0x1023, 0x1823, 0x1823, 0x2023, 0x2003, 0x2803, 0x2803,
    0x3002, 0x3002, 0x3802, 0x4002, 0x4002, 0x4002, 0x4802, 0x4802, 0x5002, 0x5002, 0x5802, 0x5802,
    0x5802, 0x6002, 0x6002, 0x6002, 0x6002, 0x6002, 0x6002, 0x6002, 0x6802, 0x6802, 0x6802, 0x6802,
    0x6802, 0x6802, 0x6802, 0x6802, 0x7002, 0x7002, 0x7002, 0x7002, 0x7002, 0x7001, 0x7002, 0x7002,
    0x7002, 0x7001, 0x7002, 0x7002, 0x7002, 0x7002, 0x7002, 0x7002, 0x7002, 0x7002, 0x7002, 0x7002,
    0x7002, 0x7002, 0x7002, 0x7002, 0x7002, 0x7001, 0x7001, 0x7001, 0x7001, 0x7001, 0x7001, 0x7001,
    0x7001, 0x7001, 0x7001, 0x7001, 0x7001, 0x7001, 0x7001, 0x7001, 0x7001, 0x7001, 0x7001, 0x7001,
    0x7801, 0x7801, 0x7801, 0x7801, 0x7801, 0x7801, 0x7821, 0x7821, 0x7821, 0x7821, 0x7821, 0x7841,
    0x7821, 0x7821, 0x7821, 0x7841, 0x7841, 0x7841, 0x7841, 0x7841, 0x7841, 0x7841, 0x7841, 0x7841,
    0x7841, 0x7841, 0x7861, 0x7861, 0x7861, 0x7861, 0x7861, 0x7861, 0x7881, 0x7881, 0x7881, 0x7861,
    0x7881, 0x7881, 0x7881, 0x78A1, 0x7881, 0x7881, 0x78A1, 0x78A1, 0x78A1, 0x78A0, 0x78A1, 0x78A1,
    0x78C1, 0x78C1, 0x78C1, 0x78C1, 0x78C1, 0x78E1, 0x78E1, 0x78E1, 0x78E1, 0x78E1, 0x78E0, 0x78E0,
    0x78E0, 0x78E0, 0x78E0, 0x78E0, 0x78E0, 0x78E0, 0x7900, 0x7900, 0x7900, 0x7900, 0x7901, 0x7901,
    0x7901, 0x7901, 0x7901, 0x7901, 0x7901, 0x7901, 0x7901, 0x7901, 0x7901, 0x7901, 0x7901, 0x78E1,
    0x78E1, 0x78E1, 0x78E1, 0x78E1, 0x70C1, 0x70C1, 0x70C1, 0x70C1, 0x70C1, 0x70A1, 0x68A1, 0x68A1,
    0x68A1, 0x6081, 0x6081, 0x6081, 0x6061, 0x5881, 0x5861, 0x5861, 0x5061, 0x5060, 0x4860, 0x4840,
    0x4840, 0x4040, 0x4040, 0x4040, 0x3840, 0x3840, 0x3820, 0x3020, 0x3020, 0x2820, 0x2820, 0x2820,
    0x2000, 0x2000, 0x1800, 0x1800, 0x1800, 0x1000, 0x1000, 0x1000, 0x1000, 0x0800, 0x0800, 0x0800,
    0x0800, 0x0800, 0x0800, 0x0000, 0x0000, 0x0000, 0x0000, 0x0000, 0x0000, 0x0000, 0x0000, 0x0000,
    0x0064, 0x0064, 0x0064, 0x0064, 0x0064, 0x0064, 0x0064, 0x0064, 0x0064, 0x0064, 0x0064, 0x0844,
    0x0844, 0x0844, 0x0843, 0x0823, 0x1023, 0x1023, 0x1023, 0x1823, 0x1803, 0x2003, 0x2003, 0x2802,
    0x2802, 0x3002, 0x3002, 0x3802, 0x3802, 0x3802, 0x4001, 0x4002, 0x4802, 0x4802, 0x5002, 0x5002,
    0x5002, 0x5802, 0x5802, 0x5802, 0x5802, 0x5802, 0x5802, 0x5801, 0x6002, 0x6002, 0x6001, 0x6001,
    0x6001, 0x6001, 0x6001, 0x6001, 0x6001, 0x6001, 0x6801, 0x6801, 0x6801, 0x6801, 0x6801, 0x6801,
    0x6801, 0x6801, 0x6801, 0x6801, 0x6801, 0x6801, 0x6801, 0x6801, 0x6801, 0x6801, 0x6801, 0x6801,
    0x6801, 0x6801, 0x6801, 0x6801, 0x6801, 0x6801, 0x6801, 0x6801, 0x6801, 0x6801, 0x6801, 0x6801,
    0x6801, 0x6801, 0x6801, 0x6801, 0x6801, 0x6801, 0x6801, 0x6801, 0x6801, 0x6801, 0x6801, 0x6801,
    0x6801, 0x6801, 0x6801, 0x7001, 0x7001, 0x7001, 0x7001, 0x7021, 0x7001, 0x7021, 0x7021, 0x7021,
    0x7021, 0x7021, 0x7021, 0x7021, 0x7021, 0x7041, 0x7041, 0x7041, 0x7041, 0x7041, 0x7041, 0x7041,
    0x7041, 0x7041, 0x7061, 0x7061, 0x7061, 0x7061, 0x7061, 0x7061, 0x7061, 0x7061, 0x7061, 0x7081,
    0x7081, 0x7081, 0x7081, 0x7081, 0x7081, 0x7080, 0x7080, 0x70A1, 0x70A1, 0x70A1, 0x70A1, 0x70A0,
    0x70A0, 0x70A0, 0x70C0, 0x70C0, 0x70C0, 0x70C0, 0x70C0, 0x70E1, 0x70E0, 0x70E0, 0x70E0, 0x70E0,
    0x70E0, 0x70E0, 0x70E0, 0x70E0, 0x70E0, 0x70E0, 0x70E0, 0x70E0, 0x70E0, 0x70E0, 0x70E0, 0x7100,
    0x7100, 0x7100, 0x70E0, 0x70E0, 0x7100, 0x7100, 0x70E0, 0x70E1, 0x70E1, 0x70E1, 0x70E1, 0x70E1,
    0x70E1, 0x70E1, 0x68C1, 0x68C1, 0x68C1, 0x68A1, 0x68A1, 0x68A1, 0x68A1, 0x60A1, 0x60A1, 0x60A1,
    0x6081, 0x5881, 0x5881, 0x5881, 0x5881, 0x5061, 0x5061, 0x5061, 0x4860, 0x4840, 0x4840, 0x4040,
    0x4040, 0x4040, 0x3840, 0x3840, 0x3840, 0x3020, 0x3020, 0x3020, 0x2820, 0x2820, 0x2820, 0x2000,
    0x2000, 0x1800, 0x1800, 0x1800, 0x1000, 0x1000, 0x1000, 0x1000, 0x0800, 0x0800, 0x0800, 0x0800,
    0x0800, 0x0800, 0x0000, 0x0000, 0x0000, 0x0000, 0x0000, 0x0000, 0x0000, 0x0000, 0x0000, 0x0000,
    0x0044, 0x0044, 0x0044, 0x0044, 0x0064, 0x0064, 0x0044, 0x0044, 0x0044, 0x0044, 0x0044, 0x0843,
    0x0843, 0x0843, 0x0823, 0x0823, 0x1023, 0x1023, 0x1023, 0x1803, 0x1802, 0x1802, 0x2002, 0x2002,
    0x2802, 0x2802, 0x3002, 0x3002, 0x3802, 0x3802, 0x3801, 0x4001, 0x4001, 0x4001, 0x4801, 0x4801,
    0x4801, 0x4801, 0x5001, 0x5001, 0x5001, 0x5001, 0x5001, 0x5001, 0x5801, 0x5801, 0x5801, 0x5801,
    0x5801, 0x5801, 0x5801, 0x5801, 0x5801, 0x5801, 0x5801, 0x6001, 0x6001, 0x6001, 0x6001, 0x6001,
    0x6001, 0x6001, 0x6001, 0x6001, 0x6001, 0x6001, 0x6001, 0x6001, 0x6001, 0x6001, 0x6001, 0x6001,
    0x6001, 0x6001, 0x6001, 0x6001, 0x6001, 0x6001, 0x6001, 0x6001, 0x6001, 0x6001, 0x6001, 0x6001,
    0x6001, 0x6001, 0x6001, 0x6001, 0x6001, 0x6001, 0x6001, 0x6001, 0x6001, 0x6001, 0x6001, 0x6001,
    0x6001, 0x6001, 0x6001, 0x6001, 0x6801, 0x6801, 0x6801, 0x6801, 0x6801, 0x6821, 0x6821, 0x6821,
    0x6821, 0x6821, 0x6021, 0x6821, 0x6821, 0x6821, 0x6821, 0x6841, 0x6841, 0x6841, 0x6841, 0x6841,
    0x6841, 0x6841, 0x6841, 0x6841, 0x6841, 0x6861, 0x6061, 0x6861, 0x6861, 0x6861, 0x6861, 0x6861,
    0x6861, 0x6860, 0x6060, 0x6880, 0x6880, 0x6880, 0x6880, 0x6880, 0x6880, 0x6880, 0x6880, 0x68A0,
    0x68A0, 0x68A0, 0x68A0, 0x68A0, 0x68C0, 0x68C0, 0x68C0, 0x68C0, 0x68C0, 0x68C0, 0x68C0, 0x68C0,
    0x68C0, 0x68C0, 0x68C0, 0x68C0, 0x68C0, 0x68C0, 0x68E0, 0x68E0, 0x68E0, 0x68E0, 0x68E0, 0x68E0,
    0x68E0, 0x68E0, 0x68C0, 0x68C0, 0x68E0, 0x68E0, 0x68E0, 0x68E0, 0x68C0, 0x68C0, 0x68C0, 0x68C1,
    0x60C1, 0x60C1, 0x60C0, 0x60A1, 0x60A1, 0x60A1, 0x60A1, 0x60A1, 0x60A1, 0x58A1, 0x5881, 0x5881,
    0x5881, 0x5081, 0x5061, 0x5061, 0x5061, 0x4860, 0x4860, 0x4840, 0x4840, 0x4040, 0x4040, 0x4040,
    0x3840, 0x3820, 0x3820, 0x3020, 0x3020, 0x3020, 0x2820, 0x2820, 0x2820, 0x2020, 0x2000, 0x2000,
    0x1800, 0x1800, 0x1800, 0x1000, 0x1000, 0x1000, 0x1000, 0x0800, 0x0800, 0x0800, 0x0800, 0x0800,
    0x0800, 0x0000, 0x0000, 0x0000, 0x0000, 0x0000, 0x0000, 0x0000, 0x0000, 0x0000, 0x0000, 0x0000,
    0x0043, 0x0043, 0x0043, 0x0043, 0x0043, 0x0043, 0x0043, 0x0043, 0x0043, 0x0043, 0x0043, 0x0843,
    0x0843, 0x0823, 0x0823, 0x0823, 0x0823, 0x1022, 0x1002, 0x1002, 0x1802, 0x1802, 0x1802, 0x2002,
    0x2002, 0x2802, 0x2802, 0x3002, 0x3001, 0x3001, 0x3801, 0x3801, 0x3801, 0x4001, 0x4001, 0x4001,
    0x4001, 0x4001, 0x4801, 0x4801, 0x4801, 0x4801, 0x4801, 0x4801, 0x5001, 0x4801, 0x5001, 0x5001,
    0x5001, 0x5001, 0x5001, 0x5001, 0x5001, 0x5001, 0x5001, 0x5001, 0x5801, 0x5801, 0x5801, 0x5801,
    0x5801, 0x5801, 0x5801, 0x5801, 0x5801, 0x5801, 0x5801, 0x5801, 0x5801, 0x5801, 0x5801, 0x5801,
    0x5801, 0x5801, 0x5801, 0x5801, 0x5801, 0x5801, 0x5801, 0x5801, 0x5801, 0x5801, 0x5801, 0x5801,
    0x5801, 0x5801, 0x5801, 0x5801, 0x5801, 0x5801, 0x5801, 0x5801, 0x5801, 0x5801, 0x5801, 0x5801,
    0x5801, 0x5801, 0x5801, 0x5801, 0x5801, 0x5801, 0x5801, 0x5801, 0x6001, 0x6021, 0x6021, 0x6021,
    0x6021, 0x6021, 0x6020, 0x6021, 0x5821, 0x6021, 0x6021, 0x6021, 0x6021, 0x6021, 0x6041, 0x6041,
    0x6041, 0x5841, 0x6040, 0x6040, 0x6041, 0x6041, 0x6040, 0x5840, 0x5860, 0x6060, 0x6060, 0x6060,
    0x6060, 0x6060, 0x6060, 0x6060, 0x5860, 0x6060, 0x6080, 0x5880, 0x6080, 0x6080, 0x6080, 0x6080,
    0x60A0, 0x60A0, 0x60A0, 0x60A0, 0x60A0, 0x60A0, 0x58A0, 0x60A0, 0x60C0, 0x60C0, 0x60C0, 0x60C0,
    0x60C0, 0x60C0, 0x60C0, 0x60C0, 0x60A0, 0x60C0, 0x60C0, 0x60C0, 0x60C0, 0x60C0, 0x60C0, 0x60E0,
    0x60C0, 0x60C0, 0x60C0, 0x60C0, 0x60C0, 0x60C0, 0x60C0, 0x60C0, 0x60C0, 0x60C0, 0x60C0, 0x58C0,
    0x58A0, 0x58A0, 0x58A1, 0x58A1, 0x58A1, 0x58A1, 0x5880, 0x5880, 0x5880, 0x5080, 0x5081, 0x5081,
    0x5061, 0x5060, 0x4860, 0x4860, 0x4860, 0x4060, 0x4040, 0x4040, 0x4040, 0x3840, 0x3840, 0x3840,
    0x3820, 0x3020, 0x3020, 0x3020, 0x2820, 0x2820, 0x2820, 0x2820, 0x2020, 0x2000, 0x2000, 0x1800,
    0x1800, 0x1800, 0x1000, 0x1000, 0x1000, 0x1000, 0x0800, 0x0800, 0x0800, 0x0800, 0x0800, 0x0800,
    0x0000, 0x0000, 0x0000, 0x0000, 0x0000, 0x0000, 0x0000, 0x0000, 0x0000, 0x0000, 0x0000, 0x0000,
    0x0043, 0x0043, 0x0043, 0x0043, 0x0043, 0x0043, 0x0043, 0x0043, 0x0043, 0x0043, 0x0043, 0x0043,
    0x0823, 0x0823, 0x0823, 0x0823, 0x0822, 0x1022, 0x1002, 0x1002, 0x1002, 0x1802, 0x1802, 0x2002,
    0x2002, 0x2001, 0x2801, 0x2801, 0x2801, 0x3001, 0x3001, 0x3001, 0x3801, 0x3801, 0x3801, 0x3801,
    0x3801, 0x4001, 0x4001, 0x4001, 0x4001, 0x4001, 0x4001, 0x4801, 0x4001, 0x4001, 0x4801, 0x4801,
    0x4801, 0x4801, 0x4801, 0x4801, 0x4801, 0x4801, 0x5001, 0x5001, 0x5001, 0x5001, 0x5001, 0x5001,
    0x5001, 0x5001, 0x5001, 0x5001, 0x5001, 0x5001, 0x5001, 0x5001, 0x5001, 0x5001, 0x5001, 0x5001,
    0x5001, 0x5001, 0x5001, 0x5001, 0x5001, 0x5001, 0x5001, 0x5001, 0x5001, 0x5001, 0x5001, 0x5001,
    0x5001, 0x5001, 0x5001, 0x5001, 0x5001, 0x5001, 0x5001, 0x5001, 0x5001, 0x5001, 0x5001, 0x5001,
    0x5001, 0x5001, 0x5001, 0x5001, 0x5001, 0x5001, 0x5001, 0x5001, 0x5801, 0x5821, 0x5801, 0x5820,
    0x5020, 0x5020, 0x5820, 0x5820, 0x5821, 0x5821, 0x5821, 0x5820, 0x5820, 0x5820, 0x5820, 0x5820,
    0x5840, 0x5840, 0x5040, 0x5840, 0x5840, 0x5840, 0x5840, 0x5840, 0x5840, 0x5840, 0x5840, 0x5860,
    0x5860, 0x5860, 0x5860, 0x5860, 0x5860, 0x5860, 0x5860, 0x5080, 0x5880, 0x5880, 0x5880, 0x5880,
    0x5880, 0x5880, 0x5880, 0x58A0, 0x58A0, 0x58A0, 0x58A0, 0x58A0, 0x50A0, 0x58A0, 0x58A0, 0x58A0,
    0x58A0, 0x58A0, 0x58A0, 0x58A0, 0x58A0, 0x58A0, 0x58A0, 0x58C0, 0x58C0, 0x58C0, 0x58C0, 0x58C0,
    0x58C0, 0x58C0, 0x58C0, 0x58C0, 0x58C0, 0x50C0, 0x58A0, 0x58A0, 0x58A0, 0x58A0, 0x58A0, 0x58A0,
    0x50A0, 0x50A0, 0x50A0, 0x50A0, 0x5080, 0x5080, 0x5080, 0x5080, 0x5080, 0x4860, 0x4860, 0x4860,
    0x4860, 0x4860, 0x4060, 0x4060, 0x4040, 0x4040, 0x3840, 0x3840, 0x3840, 0x3840, 0x3040, 0x3020,
    0x3020, 0x3020, 0x2820, 0x2820, 0x2820, 0x2020, 0x2020, 0x2000, 0x2000, 0x2000, 0x1800, 0x1800,
    0x1800, 0x1000, 0x1000, 0x1000, 0x1000, 0x0800, 0x0800, 0x0800, 0x0800, 0x0800, 0x0800, 0x0000,
    0x0000, 0x0000, 0x0000, 0x0000, 0x0000, 0x0000, 0x0000, 0x0000, 0x0000, 0x0000, 0x0000, 0x0000,
    0x0043, 0x0043, 0x0043, 0x0043, 0x0043, 0x0043, 0x0023, 0x0043, 0x0043, 0x0023, 0x0023, 0x0023,
    0x0822, 0x0822, 0x0822, 0x0822, 0x0802, 0x1002, 0x1002, 0x1002, 0x1002, 0x1002, 0x1801, 0x1801,
    0x1801, 0x2001, 0x2001, 0x2001, 0x2801, 0x2801, 0x2801, 0x3001, 0x3001, 0x3001, 0x3001, 0x3001,
    0x3801, 0x3801, 0x3801, 0x3801, 0x3801, 0x4001, 0x4001, 0x4001, 0x4001, 0x4001, 0x4001, 0x4001,
    0x4001, 0x4001, 0x4001, 0x4001, 0x4001, 0x4801, 0x4801, 0x4801, 0x4801, 0x4801, 0x4801, 0x4801,
    0x4801, 0x4801, 0x4800, 0x4800, 0x4801, 0x4801, 0x4801, 0x4801, 0x4801, 0x4801, 0x4801, 0x4801,
    0x4801, 0x4801, 0x4801, 0x4801, 0x4801, 0x4801, 0x4801, 0x4801, 0x4801, 0x4801, 0x4801, 0x4801,
    0x4800, 0x4801, 0x4801, 0x4801, 0x4801, 0x4801, 0x4801, 0x4801, 0x4801, 0x4800, 0x4800, 0x4800,
    0x4800, 0x4800, 0x4800, 0x4801, 0x4800, 0x4800, 0x4800, 0x4800, 0x5000, 0x4800, 0x5000, 0x5000,
    0x5000, 0x4820, 0x5020, 0x5020, 0x5020, 0x5000, 0x5000, 0x5020, 0x5020, 0x5020, 0x5020, 0x5020,
    0x5040, 0x5020, 0x5040, 0x5040, 0x5040, 0x5040, 0x5020, 0x5040, 0x5040, 0x5040, 0x5040, 0x5040,
    0x5060, 0x5060, 0x5060, 0x5060, 0x5060, 0x5060, 0x5060, 0x5060, 0x5060, 0x5060, 0x5060, 0x5080,
    0x5080, 0x5080, 0x5080, 0x5080, 0x5080, 0x50A0, 0x5080, 0x5080, 0x5080, 0x50A0, 0x50A0, 0x50A0,
    0x50A0, 0x50A0, 0x50A0, 0x50A0, 0x50A0, 0x50A0, 0x50A0, 0x50A0, 0x50A0, 0x50A0, 0x50A0, 0x50A0,
    0x50A0, 0x50A0, 0x50A0, 0x50C0, 0x50A0, 0x50A0, 0x50A0, 0x50A0, 0x50A0, 0x50A0, 0x50A0, 0x50A0,
    0x5080, 0x4880, 0x4880, 0x4880, 0x4880, 0x4880, 0x4880, 0x4880, 0x4860, 0x4060, 0x4060, 0x4060,
    0x4060, 0x4040, 0x3840, 0x3840, 0x3840, 0x3840, 0x3840, 0x3840, 0x3040, 0x3020, 0x3020, 0x3020,
    0x2820, 0x2820, 0x2820, 0x2820, 0x2020, 0x2000, 0x2000, 0x2000, 0x1800, 0x1800, 0x1800, 0x1800,
    0x1000, 0x1000, 0x1000, 0x1000, 0x0800, 0x0800, 0x0800, 0x0800, 0x0000, 0x0800, 0x0000, 0x0000,
    0x0000, 0x0000, 0x0000, 0x0000, 0x0000, 0x0000, 0x0000, 0x0000, 0x0000, 0x0000, 0x0000, 0x0000,
    0x0022, 0x0022, 0x0022, 0x0022, 0x0022, 0x0042, 0x0043, 0x0043, 0x0022, 0x0022, 0x0022, 0x0022,
    0x0022, 0x0822, 0x0822, 0x0802, 0x0802, 0x0802, 0x1002, 0x1001, 0x1001, 0x1001, 0x1001, 0x1801,
    0x1801, 0x1801, 0x2001, 0x2001, 0x2001, 0x2801, 0x2801, 0x2801, 0x2801, 0x2801, 0x3001, 0x3001,
    0x3001, 0x3001, 0x3001, 0x3801, 0x3801, 0x3801, 0x3801, 0x3801, 0x3801, 0x3801, 0x3801, 0x3801,
    0x3801, 0x4001, 0x4001, 0x4001, 0x4001, 0x4001, 0x4001, 0x4001, 0x4000, 0x4001, 0x4001, 0x4001,
    0x4001, 0x4001, 0x4001, 0x4001, 0x4001, 0x4001, 0x4001, 0x4001, 0x4001, 0x4001, 0x4001, 0x4001,
    0x4001, 0x4001, 0x4001, 0x4001, 0x4001, 0x4001, 0x4001, 0x4001, 0x4001, 0x4001, 0x4001, 0x4001,
    0x4001, 0x4001, 0x4001, 0x4001, 0x4000, 0x4000, 0x4000, 0x4000, 0x4000, 0x4000, 0x4000, 0x4000,
    0x4000, 0x4000, 0x4000, 0x4000, 0x4800, 0x4800, 0x4800, 0x4800, 0x4800, 0x4000, 0x4000, 0x4000,
    0x4800, 0x4800, 0x4800, 0x4800, 0x4820, 0x4820, 0x4820, 0x4820, 0x4820, 0x4820, 0x4820, 0x4820,
    0x4820, 0x4820, 0x4820, 0x4820, 0x4820, 0x4840, 0x4840, 0x4840, 0x4840, 0x4840, 0x4840, 0x4840,
    0x4840, 0x4840, 0x4840, 0x4840, 0x4860, 0x4860, 0x4860, 0x4860, 0x4860, 0x4860, 0x4860, 0x4860,
    0x4860, 0x4880, 0x4880, 0x4880, 0x4880, 0x4880, 0x4880, 0x4880, 0x4880, 0x4880, 0x4080, 0x4080,
    0x4880, 0x4880, 0x4880, 0x4880, 0x4880, 0x48A0, 0x48A0, 0x48A0, 0x48A0, 0x48A0, 0x48A0, 0x48A0,
    0x48A0, 0x4880, 0x48A0, 0x48A0, 0x48A0, 0x4880, 0x4880, 0x4080, 0x4080, 0x4880, 0x4880, 0x4080,
    0x4880, 0x4880, 0x4880, 0x4080, 0x4060, 0x4060, 0x4060, 0x4060, 0x4060, 0x4060, 0x4060, 0x3860,
    0x3840, 0x3840, 0x3840, 0x3840, 0x3040, 0x3040, 0x3040, 0x3020, 0x3020, 0x3020, 0x2820, 0x2820,
    0x2820, 0x2820, 0x2020, 0x2020, 0x2000, 0x2000, 0x1800, 0x1800, 0x1800, 0x1800, 0x1000, 0x1000,
    0x1000, 0x0800, 0x0800, 0x0800, 0x0800, 0x0800, 0x0800, 0x0800, 0x0800, 0x0000, 0x0000, 0x0000,
    0x0000, 0x0000, 0x0000, 0x0000, 0x0000, 0x0000, 0x0000, 0x0000, 0x0000, 0x0000, 0x0000, 0x0000,
    0x0022, 0x0022, 0x0022, 0x0022, 0x0022, 0x0022, 0x0022, 0x0022, 0x0022, 0x0022, 0x0022, 0x0022,
    0x0022, 0x0022, 0x0802, 0x0802, 0x0802, 0x0801, 0x0801, 0x0801, 0x1001, 0x1001, 0x1001, 0x1001,
    0x1801, 0x1801, 0x1801, 0x1801, 0x2001, 0x2001, 0x2001, 0x2001, 0x2801, 0x2801, 0x2800, 0x2800,
    0x2800, 0x2800, 0x2800, 0x3000, 0x3000, 0x3000, 0x3000, 0x3000, 0x3000, 0x3000, 0x3801, 0x3800,
    0x3800, 0x3800, 0x3800, 0x3800, 0x3800, 0x3800, 0x3800, 0x3800, 0x3800, 0x3800, 0x3800, 0x3800,
    0x3800, 0x3800, 0x3800, 0x3800, 0x3800, 0x3800, 0x3800, 0x3800, 0x3800, 0x3800, 0x3800, 0x4000,
    0x4000, 0x4000, 0x4000, 0x4000, 0x3800, 0x3800, 0x4000, 0x4000, 0x4000, 0x4000, 0x4000, 0x4001,
    0x3800, 0x3800, 0x3800, 0x3800, 0x3800, 0x3800, 0x3800, 0x3800, 0x3800, 0x3800, 0x3800, 0x3800,
    0x3800, 0x3800, 0x3800, 0x4000, 0x4000, 0x4000, 0x4000, 0x4000, 0x4000, 0x4000, 0x4000, 0x4000,
    0x4000, 0x4000, 0x4000, 0x4000, 0x4000, 0x4020, 0x4020, 0x4020, 0x4020, 0x4020, 0x4020, 0x4020,
    0x4020, 0x4020, 0x4020, 0x4020, 0x4020, 0x4020, 0x4020, 0x4040, 0x4040, 0x4040, 0x4040, 0x4020,
    0x4040, 0x4040, 0x4040, 0x4040, 0x4040, 0x4040, 0x4040, 0x4040, 0x4060, 0x4060, 0x4060, 0x4060,
    0x4060, 0x4060, 0x4060, 0x4060, 0x4060, 0x4060, 0x4060, 0x4060, 0x4080, 0x4060, 0x4080, 0x4080,
    0x4080, 0x4080, 0x4080, 0x4080, 0x4080, 0x4080, 0x4080, 0x4080, 0x4080, 0x4080, 0x4080, 0x4080,
    0x4080, 0x4080, 0x4080, 0x4080, 0x4080, 0x4080, 0x4080, 0x4080, 0x4080, 0x4080, 0x4080, 0x4080,
    0x4080, 0x4060, 0x4060, 0x4060, 0x4060, 0x3860, 0x3860, 0x3860, 0x3840, 0x3840, 0x3840, 0x3840,
    0x3040, 0x3040, 0x3040, 0x3040, 0x3040, 0x3020, 0x2820, 0x2820, 0x2820, 0x2820, 0x2820, 0x2020,
    0x2020, 0x2020, 0x2000, 0x2000, 0x1800, 0x1800, 0x1800, 0x1800, 0x1000, 0x1000, 0x1000, 0x1000,
    0x1000, 0x0800, 0x0800, 0x0800, 0x0800, 0x0800, 0x0800, 0x0800, 0x0000, 0x0000, 0x0000, 0x0000,
    0x0000, 0x0000, 0x0000, 0x0000, 0x0000, 0x0000, 0x0000, 0x0000, 0x0000, 0x0000, 0x0000, 0x0000,
    0x0022, 0x0022, 0x0022, 0x0022, 0x0022, 0x0022, 0x0022, 0x0022, 0x0022, 0x0022, 0x0022, 0x0022,
    0x0022, 0x0002, 0x0802, 0x0001, 0x0801, 0x0801, 0x0801, 0x0801, 0x1001, 0x1001, 0x1001, 0x1001,
    0x1001, 0x1801, 0x1801, 0x1801, 0x1800, 0x2000, 0x2000, 0x2000, 0x2000, 0x2000, 0x2000, 0x2800,
    0x2800, 0x2800, 0x2800, 0x2800, 0x2800, 0x3000, 0x3000, 0x3000, 0x3000, 0x3000, 0x3000, 0x3000,
    0x3000, 0x3000, 0x3000, 0x3000, 0x3000, 0x3000, 0x3800, 0x3800, 0x3800, 0x3000, 0x3800, 0x3800,
    0x3800, 0x3800, 0x3800, 0x3800, 0x3800, 0x3800, 0x3800, 0x3800, 0x3800, 0x3000, 0x3800, 0x3800,
    0x3800, 0x3800, 0x3800, 0x3800, 0x3800, 0x3800, 0x3800, 0x3800, 0x3800, 0x3800, 0x3800, 0x3800,
    0x3800, 0x3000, 0x3800, 0x3800, 0x3800, 0x3800, 0x3800, 0x3800, 0x3800, 0x3000, 0x3800, 0x3800,
    0x3800, 0x3800, 0x3800, 0x3800, 0x3800, 0x3800, 0x3800, 0x3800, 0x3800, 0x3800, 0x3800, 0x3800,
    0x3800, 0x3800, 0x3800, 0x3800, 0x3800, 0x3800, 0x3800, 0x3800, 0x3820, 0x3820, 0x3820, 0x3820,
    0x3820, 0x3820, 0x3820, 0x3820, 0x3820, 0x3820, 0x3820, 0x4020, 0x4020, 0x4020, 0x3840, 0x3840,
    0x3840, 0x3840, 0x3840, 0x3840, 0x3820, 0x3840, 0x3840, 0x3840, 0x3840, 0x3840, 0x3840, 0x3840,
    0x3860, 0x3860, 0x3860, 0x3860, 0x3860, 0x3860, 0x3860, 0x3860, 0x3860, 0x3860, 0x3860, 0x3860,
    0x3860, 0x3860, 0x3860, 0x3860, 0x3860, 0x3860, 0x3860, 0x3880, 0x3880, 0x3880, 0x3880, 0x3880,
    0x3880, 0x3880, 0x3880, 0x3880, 0x3860, 0x3880, 0x3880, 0x3880, 0x3880, 0x3880, 0x3860, 0x3860,
    0x3860, 0x3860, 0x3860, 0x3860, 0x3860, 0x3860, 0x3840, 0x3040, 0x3040, 0x3040, 0x3040, 0x3040,
    0x3040, 0x3040, 0x3040, 0x3040, 0x2820, 0x2820, 0x2820, 0x2820, 0x2820, 0x2020, 0x2020, 0x2020,
    0x2020, 0x2000, 0x1800, 0x1800, 0x1800, 0x1800, 0x1800, 0x1000, 0x1000, 0x1000, 0x1000, 0x0800,
    0x0800, 0x0800, 0x0800, 0x0800, 0x0800, 0x0800, 0x0000, 0x0000, 0x0000, 0x0000, 0x0000, 0x0000,
    0x0000, 0x0000, 0x0000, 0x0000, 0x0000, 0x0000, 0x0000, 0x0000, 0x0000, 0x0000, 0x0000, 0x0000,
    0x0002, 0x0022, 0x0022, 0x0022, 0x0022, 0x0022, 0x0022, 0x0022, 0x0022, 0x0022, 0x0022, 0x0001,
    0x0001, 0x0001, 0x0001, 0x0801, 0x0801, 0x0801, 0x0801, 0x0801, 0x0801, 0x0801, 0x1001, 0x1001,
    0x1001, 0x1000, 0x1800, 0x1800, 0x1800, 0x1800, 0x1800, 0x1800, 0x1800, 0x2000, 0x2000, 0x2000,
    0x2000, 0x2000, 0x2000, 0x2800, 0x2800, 0x2800, 0x2800, 0x2800, 0x2800, 0x2800, 0x2800, 0x2800,
    0x2800, 0x3000, 0x2800, 0x2800, 0x3000, 0x2800, 0x3000, 0x3000, 0x3000, 0x3000, 0x3000, 0x3000,
    0x3000, 0x3000, 0x3000, 0x3000, 0x3000, 0x3000, 0x3000, 0x3000, 0x3000, 0x3000, 0x3000, 0x3000,
    0x3000, 0x3000, 0x3000, 0x3000, 0x3000, 0x3000, 0x3000, 0x3000, 0x3000, 0x3000, 0x3000, 0x3000,
    0x3000, 0x3000, 0x3000, 0x3000, 0x3000, 0x3000, 0x3000, 0x3000, 0x3000, 0x3000, 0x3000, 0x3000,
    0x3000, 0x3000, 0x3000, 0x3000, 0x3000, 0x3000, 0x3000, 0x3000, 0x3000, 0x3000, 0x3000, 0x3000,
    0x3000, 0x3000, 0x3000, 0x3800, 0x3800, 0x3800, 0x3800, 0x3800, 0x3800, 0x3800, 0x3800, 0x3820,
    0x3820, 0x3820, 0x3020, 0x3020, 0x3820, 0x3820, 0x3820, 0x3820, 0x3820, 0x3820, 0x3820, 0x3820,
    0x3820, 0x3840, 0x3840, 0x3840, 0x3840, 0x3840, 0x3840, 0x3840, 0x3840, 0x3840, 0x3840, 0x3040,
    0x3840, 0x3040, 0x3040, 0x3040, 0x3040, 0x3060, 0x3060, 0x3060, 0x3060, 0x3860, 0x3860, 0x3060,
    0x3060, 0x3860, 0x3860, 0x3860, 0x3860, 0x3860, 0x3860, 0x3860, 0x3860, 0x3860, 0x3860, 0x3860,
    0x3880, 0x3080, 0x3060, 0x3060, 0x3060, 0x3060, 0x3860, 0x3060, 0x3060, 0x3060, 0x3060, 0x3060,
    0x3060, 0x3060, 0x3060, 0x3060, 0x3040, 0x3040, 0x3040, 0x3040, 0x3040, 0x3040, 0x2840, 0x2840,
    0x2840, 0x2820, 0x2820, 0x2820, 0x2820, 0x2820, 0x2020, 0x2020, 0x2020, 0x2020, 0x2020, 0x2020,
    0x1800, 0x1800, 0x1800, 0x1800, 0x1800, 0x1000, 0x1000, 0x1000, 0x1000, 0x0800, 0x0800, 0x0800,
    0x0800, 0x0800, 0x0800, 0x0800, 0x0800, 0x0000, 0x0000, 0x0000, 0x0000, 0x0000, 0x0000, 0x0000,
    0x0000, 0x0000, 0x0000, 0x0000, 0x0000, 0x0000, 0x0000, 0x0000, 0x0000, 0x0000, 0x0000, 0x0000,
    0x0001, 0x0001, 0x0021, 0x0021, 0x0021, 0x0021, 0x0022, 0x0021, 0x0021, 0x0001, 0x0001, 0x0001,
    0x0001, 0x0001, 0x0001, 0x0001, 0x0801, 0x0801, 0x0801, 0x0801, 0x0801, 0x0801, 0x0801, 0x1000,
    0x1000, 0x1000, 0x1000, 0x1000, 0x1800, 0x1800, 0x1800, 0x1800, 0x1800, 0x1800, 0x1800, 0x2000,
    0x1800, 0x2000, 0x2000, 0x2000, 0x2000, 0x2000, 0x2000, 0x2000, 0x2000, 0x2000, 0x2000, 0x2800,
    0x2000, 0x2800, 0x2800, 0x2800, 0x2800, 0x2800, 0x2800, 0x2800, 0x2800, 0x2800, 0x2800, 0x2800,
    0x2800, 0x2800, 0x2800, 0x2800, 0x2800, 0x2800, 0x2800, 0x2800, 0x2800, 0x2800, 0x2800, 0x2800,
    0x2800, 0x2800, 0x2800, 0x2800, 0x2800, 0x2800, 0x2800, 0x2800, 0x2800, 0x2800, 0x2800, 0x2800,
    0x2800, 0x2800, 0x2800, 0x2800, 0x2800, 0x2800, 0x2800, 0x2800, 0x2800, 0x2800, 0x2800, 0x2800,
    0x2800, 0x2800, 0x2800, 0x2800, 0x2800, 0x2800, 0x2800, 0x2800, 0x2800, 0x2800, 0x2800, 0x3000,
    0x3000, 0x3000, 0x3000, 0x3000, 0x3000, 0x3000, 0x3000, 0x3000, 0x3000, 0x3000, 0x3000, 0x3000,
    0x3000, 0x3000, 0x3000, 0x3020, 0x3020, 0x3020, 0x3020, 0x3020, 0x3020, 0x3020, 0x3020, 0x3020,
    0x3020, 0x3020, 0x3020, 0x3020, 0x3040, 0x3020, 0x3020, 0x3040, 0x3040, 0x3040, 0x3040, 0x3040,
    0x3040, 0x3040, 0x3040, 0x3040, 0x3040, 0x3040, 0x3040, 0x3040, 0x3040, 0x3040, 0x3040, 0x3060,
    0x3060, 0x3060, 0x3060, 0x3060, 0x3060, 0x3040, 0x3060, 0x3060, 0x3060, 0x3060, 0x3060, 0x3060,
    0x3060, 0x3060, 0x3060, 0x3060, 0x3060, 0x3060, 0x3060, 0x3060, 0x3060, 0x3060, 0x2840, 0x3040,
    0x3060, 0x2840, 0x2840, 0x2840, 0x2840, 0x2840, 0x2840, 0x2840, 0x2840, 0x2840, 0x2840, 0x2840,
    0x2820, 0x2820, 0x2820, 0x2020, 0x2020, 0x2020, 0x2020, 0x2020, 0x2020, 0x1800, 0x1800, 0x1800,
    0x1800, 0x1800, 0x1800, 0x1000, 0x1000, 0x1000, 0x1000, 0x1000, 0x0800, 0x0800, 0x0800, 0x0800,
    0x0800, 0x0800, 0x0800, 0x0800, 0x0000, 0x0000, 0x0000, 0x0000, 0x0000, 0x0000, 0x0000, 0x0000,
    0x0000, 0x0000, 0x0000, 0x0000, 0x0000, 0x0000, 0x0000, 0x0000, 0x0000, 0x0000, 0x0000, 0x0000,
    0x0001, 0x0001, 0x0001, 0x0001, 0x0001, 0x0001, 0x0021, 0x0021, 0x0021, 0x0001, 0x0001, 0x0001,
    0x0001, 0x0001, 0x0001, 0x0001, 0x0001, 0x0801, 0x0801, 0x0800, 0x0800, 0x0800, 0x0800, 0x0800,
    0x1000, 0x0800, 0x1000, 0x1000, 0x1000, 0x1000, 0x1800, 0x1800, 0x1800, 0x1800, 0x1800, 0x1800,
    0x1800, 0x1800, 0x1800, 0x2000, 0x2000, 0x2000, 0x2000, 0x2000, 0x2000, 0x2000, 0x2000, 0x2000,
    0x2000, 0x2000, 0x2000, 0x2000, 0x2000, 0x2000, 0x2000, 0x2000, 0x2000, 0x2000, 0x2000, 0x2000,
    0x2000, 0x2000, 0x2000, 0x2000, 0x2000, 0x2800, 0x2800, 0x2800, 0x2800, 0x2800, 0x2800, 0x2800,
    0x2800, 0x2800, 0x2800, 0x2800, 0x2800, 0x2800, 0x2800, 0x2800, 0x2800, 0x2800, 0x2800, 0x2800,
    0x2800, 0x2000, 0x2800, 0x2800, 0x2800, 0x2800, 0x2800, 0x2800, 0x2800, 0x2800, 0x2800, 0x2800,
    0x2800, 0x2800, 0x2800, 0x2800, 0x2800, 0x2800, 0x2800, 0x2800, 0x2800, 0x2000, 0x2800, 0x2800,
    0x2800, 0x2800, 0x2800, 0x2800, 0x2800, 0x2800, 0x2800, 0x2800, 0x2800, 0x2800, 0x2800, 0x2800,
    0x2800, 0x2800, 0x2800, 0x2800, 0x2800, 0x2820, 0x2820, 0x2820, 0x2820, 0x2820, 0x3020, 0x2820,
    0x2820, 0x2820, 0x2820, 0x2820, 0x2820, 0x2820, 0x2820, 0x2820, 0x2820, 0x2820, 0x2840, 0x2840,
    0x2840, 0x2840, 0x2840, 0x2840, 0x2840, 0x2840, 0x2840, 0x2840, 0x2840, 0x2840, 0x2840, 0x2840,
    0x2840, 0x2840, 0x2840, 0x2840, 0x2860, 0x2860, 0x2860, 0x2840, 0x2860, 0x2860, 0x2840, 0x2860,
    0x2860, 0x2860, 0x2860, 0x2860, 0x2840, 0x2840, 0x2840, 0x2860, 0x2860, 0x2840, 0x2840, 0x2840,
    0x2840, 0x2840, 0x2840, 0x2840, 0x2840, 0x2040, 0x2840, 0x2020, 0x2020, 0x2020, 0x2020, 0x2020,
    0x2020, 0x2020, 0x2020, 0x2020, 0x2020, 0x2020, 0x2020, 0x1820, 0x1800, 0x1800, 0x1800, 0x1800,
    0x1800, 0x1000, 0x1000, 0x1000, 0x1000, 0x1000, 0x1000, 0x0800, 0x0800, 0x0800, 0x0800, 0x0800,
    0x0800, 0x0800, 0x0800, 0x0000, 0x0000, 0x0000, 0x0000, 0x0000, 0x0000, 0x0000, 0x0000, 0x0000,
    0x0000, 0x0000, 0x0000, 0x0000, 0x0000, 0x0000, 0x0000, 0x0000, 0x0000, 0x0000, 0x0000, 0x0000,
    0x0001, 0x0001, 0x0001, 0x0001, 0x0001, 0x0021, 0x0001, 0x0001, 0x0001, 0x0001, 0x0001, 0x0001,
    0x0001, 0x0001, 0x0001, 0x0001, 0x0001, 0x0001, 0x0000, 0x0800, 0x0800, 0x0800, 0x0800, 0x0800,
    0x0800, 0x0800, 0x1000, 0x1000, 0x1000, 0x1000, 0x1000, 0x1000, 0x1000, 0x1800, 0x1800, 0x1800,
    0x1800, 0x1800, 0x1800, 0x1800, 0x1800, 0x1800, 0x1800, 0x1800, 0x1800, 0x1800, 0x1800, 0x1800,
    0x1800, 0x2000, 0x2000, 0x2000, 0x2000, 0x2000, 0x2000, 0x2000, 0x2000, 0x2000, 0x2000, 0x2000,
    0x2000, 0x2000, 0x2000, 0x2000, 0x2000, 0x2000, 0x2000, 0x2000, 0x2000, 0x2000, 0x2000, 0x2000,
    0x2000, 0x2000, 0x2000, 0x2000, 0x2000, 0x2000, 0x2000, 0x2000, 0x2000, 0x2000, 0x2000, 0x2000,
    0x2000, 0x2000, 0x2000, 0x2000, 0x2000, 0x2000, 0x2000, 0x2000, 0x2000, 0x2000, 0x2000, 0x2000,
    0x2000, 0x2000, 0x2000, 0x2000, 0x2000, 0x2000, 0x2000, 0x2000, 0x2000, 0x2000, 0x2000, 0x2000,
    0x2000, 0x2000, 0x2000, 0x2800, 0x2800, 0x2800, 0x2800, 0x2800, 0x2800, 0x2800, 0x2800, 0x2800,
    0x2800, 0x2800, 0x2800, 0x2800, 0x2800, 0x2800, 0x2800, 0x2800, 0x2800, 0x2820, 0x2820, 0x2820,
    0x2820, 0x2820, 0x2820, 0x2820, 0x2820, 0x2820, 0x2820, 0x2820, 0x2820, 0x2820, 0x2820, 0x2820,
    0x2820, 0x2840, 0x2820, 0x2820, 0x2840, 0x2840, 0x2840, 0x2840, 0x2840, 0x2840, 0x2840, 0x2840,
    0x2840, 0x2840, 0x2840, 0x2840, 0x2840, 0x2840, 0x2840, 0x2840, 0x2840, 0x2840, 0x2840, 0x2840,
    0x2840, 0x2840, 0x2840, 0x2840, 0x2840, 0x2840, 0x2840, 0x2840, 0x2840, 0x2840, 0x2840, 0x2840,
    0x2840, 0x2040, 0x2040, 0x2040, 0x2040, 0x2020, 0x2020, 0x2020, 0x2020, 0x2020, 0x2020, 0x2020,
    0x2020, 0x2020, 0x2020, 0x1820, 0x1820, 0x1800, 0x1800, 0x1800, 0x1800, 0x1800, 0x1000, 0x1000,
    0x1000, 0x1000, 0x1000, 0x1000, 0x1000, 0x0800, 0x0800, 0x0800, 0x0800, 0x0800, 0x0800, 0x0800,
    0x0800, 0x0000, 0x0000, 0x0000, 0x0000, 0x0000, 0x0000, 0x0000, 0x0000, 0x0000, 0x0000, 0x0000,
    0x0000, 0x0000, 0x0000, 0x0000, 0x0000, 0x0000, 0x0000, 0x0000, 0x0000, 0x0000, 0x0000, 0x0000,
    0x0001, 0x0001, 0x0001, 0x0001, 0x0001, 0x0001, 0x0001, 0x0001, 0x0001, 0x0001, 0x0001, 0x0001,
    0x0001, 0x0001, 0x0000, 0x0000, 0x0000, 0x0000, 0x0000, 0x0000, 0x0800, 0x0800, 0x0800, 0x0800,
    0x0800, 0x0800, 0x0800, 0x1000, 0x1000, 0x1000, 0x1000, 0x1000, 0x1000, 0x1000, 0x1000, 0x1000,
    0x1000, 0x1000, 0x1800, 0x1800, 0x1800, 0x1800, 0x1800, 0x1800, 0x1800, 0x1800, 0x1800, 0x1800,
    0x1800, 0x1800, 0x1800, 0x1800, 0x1800, 0x1800, 0x1800, 0x1800, 0x1800, 0x1800, 0x1800, 0x1800,
    0x1800, 0x1800, 0x1800, 0x1800, 0x1800, 0x2000, 0x2000, 0x2000, 0x2000, 0x2000, 0x2000, 0x2000,
    0x2000, 0x2000, 0x1800, 0x2000, 0x2000, 0x2000, 0x2000, 0x2000, 0x2000, 0x2000, 0x2000, 0x2000,
    0x2000, 0x2000, 0x2000, 0x2000, 0x2000, 0x2000, 0x2000, 0x2000, 0x2000, 0x2000, 0x2000, 0x2000,
    0x1800, 0x2000, 0x2000, 0x2000, 0x2000, 0x2000, 0x2000, 0x2000, 0x2000, 0x2000, 0x2000, 0x2000,
    0x2000, 0x2000, 0x2000, 0x2000, 0x2000, 0x2000, 0x2000, 0x2000, 0x2000, 0x2000, 0x2000, 0x2000,
    0x2000, 0x2000, 0x2000, 0x2000, 0x2000, 0x2000, 0x2000, 0x2000, 0x2000, 0x2000, 0x2000, 0x2000,
    0x2020, 0x2020, 0x2020, 0x2020, 0x2020, 0x2020, 0x2020, 0x2020, 0x2020, 0x2020, 0x2020, 0x2020,
    0x2020, 0x2020, 0x2020, 0x2020, 0x2020, 0x2020, 0x2040, 0x2040, 0x2040, 0x2040, 0x2040, 0x2040,
    0x2040, 0x2040, 0x2040, 0x2040, 0x2040, 0x2040, 0x2040, 0x2040, 0x2040, 0x2040, 0x2040, 0x2040,
    0x2040, 0x2040, 0x2040, 0x2040, 0x2040, 0x2040, 0x2040, 0x2040, 0x2040, 0x2040, 0x2040, 0x2040,
    0x2040, 0x2040, 0x2040, 0x2040, 0x2020, 0x2020, 0x2020, 0x2020, 0x2020, 0x2020, 0x1820, 0x1820,
    0x1820, 0x1820, 0x1820, 0x1800, 0x1800, 0x1800, 0x1800, 0x1000, 0x1000, 0x1000, 0x1000, 0x1000,
    0x1000, 0x1000, 0x0800, 0x0800, 0x0800, 0x0800, 0x0800, 0x0800, 0x0800, 0x0800, 0x0800, 0x0000,
    0x0000, 0x0000, 0x0000, 0x0000, 0x0000, 0x0000, 0x0000, 0x0000, 0x0000, 0x0000, 0x0000, 0x0000,
    0x0000, 0x0000, 0x0000, 0x0000, 0x0000, 0x0000, 0x0000, 0x0000, 0x0000, 0x0000, 0x0000, 0x0000,
    0x0001, 0x0001, 0x0001, 0x0001, 0x0001, 0x0001, 0x0001, 0x0001, 0x0001, 0x0001, 0x0001, 0x0001,
    0x0001, 0x0000, 0x0000, 0x0000, 0x0000, 0x0000, 0x0000, 0x0000, 0x0000, 0x0800, 0x0800, 0x0800,
    0x0800, 0x0800, 0x0800, 0x0800, 0x0800, 0x0800, 0x0800, 0x1000, 0x1000, 0x1000, 0x1000, 0x1000,
    0x1000, 0x1000, 0x1000, 0x1000, 0x1000, 0x1000, 0x1000, 0x1000, 0x1000, 0x1800, 0x1800, 0x1800,
    0x1800, 0x1800, 0x1800, 0x1800, 0x1800, 0x1800, 0x1800, 0x1800, 0x1800, 0x1800, 0x1800, 0x1800,
    0x1800, 0x1800, 0x1800, 0x1800, 0x1800, 0x1800, 0x1800, 0x1800, 0x1800, 0x1800, 0x1800, 0x1800,
    0x1800, 0x1800, 0x1800, 0x1800, 0x1800, 0x1800, 0x1800, 0x1800, 0x1800, 0x1800, 0x1800, 0x1800,
    0x1800, 0x1800, 0x1800, 0x1800, 0x1800, 0x1800, 0x1800, 0x1800, 0x1800, 0x1800, 0x1800, 0x1800,
    0x1800, 0x1800, 0x1800, 0x1800, 0x1800, 0x1800, 0x1800, 0x1800, 0x1800, 0x1800, 0x1800, 0x1800,
    0x1800, 0x1800, 0x1800, 0x1800, 0x1800, 0x1800, 0x2000, 0x2000, 0x1800, 0x2000, 0x2000, 0x2000,
    0x2000, 0x2000, 0x1800, 0x1800, 0x1800, 0x1800, 0x1800, 0x1800, 0x1800, 0x2000, 0x2000, 0x2000,
    0x1800, 0x2020, 0x2020, 0x2020, 0x2020, 0x2020, 0x2020, 0x2020, 0x2020, 0x2020, 0x2020, 0x2020,
    0x2020, 0x2020, 0x2020, 0x2020, 0x2020, 0x2020, 0x2020, 0x2020, 0x2020, 0x2020, 0x2020, 0x2020,
    0x2020, 0x2020, 0x2020, 0x2040, 0x2040, 0x2020, 0x2020, 0x2040, 0x1840, 0x1820, 0x1820, 0x1820,
    0x2040, 0x2040, 0x2040, 0x2040, 0x2040, 0x2040, 0x2040, 0x2020, 0x1840, 0x1840, 0x1820, 0x1820,
    0x1820, 0x1820, 0x1820, 0x1820, 0x1820, 0x1820, 0x1820, 0x1820, 0x1820, 0x1820, 0x1820, 0x1820,
    0x1820, 0x1820, 0x1820, 0x1800, 0x1000, 0x1000, 0x1000, 0x1000, 0x1000, 0x1000, 0x1000, 0x1000,
    0x1000, 0x0800, 0x0800, 0x0800, 0x0800, 0x0800, 0x0800, 0x0800, 0x0800, 0x0000, 0x0000, 0x0000,
    0x0000, 0x0000, 0x0000, 0x0000, 0x0000, 0x0000, 0x0000, 0x0000, 0x0000, 0x0000, 0x0000, 0x0000,
    0x0000, 0x0000, 0x0000, 0x0000, 0x0000, 0x0000, 0x0000, 0x0000, 0x0000, 0x0000, 0x0000, 0x0000,
    0x0000, 0x0000, 0x0000, 0x0001, 0x0001, 0x0001, 0x0001, 0x0001, 0x0000, 0x0000, 0x0000, 0x0000,
    0x0000, 0x0000, 0x0000, 0x0000, 0x0000, 0x0000, 0x0000, 0x0000, 0x0000, 0x0000, 0x0000, 0x0800,
    0x0800, 0x0800, 0x0800, 0x0800, 0x0800, 0x0800, 0x0800, 0x0800, 0x0800, 0x1000, 0x1000, 0x1000,
    0x1000, 0x1000, 0x1000, 0x1000, 0x1000, 0x1000, 0x1000, 0x1000, 0x1000, 0x1000, 0x1000, 0x1000,
    0x1000, 0x1000, 0x1000, 0x1000, 0x1000, 0x1000, 0x1000, 0x1800, 0x1800, 0x1800, 0x1800, 0x1800,
    0x1800, 0x1800, 0x1800, 0x1800, 0x1800, 0x1800, 0x1800, 0x1000, 0x1800, 0x1800, 0x1800, 0x1000,
    0x1800, 0x1800, 0x1800, 0x1800, 0x1800, 0x1800, 0x1800, 0x1800, 0x1800, 0x1800, 0x1800, 0x1800,
    0x1800, 0x1800, 0x1800, 0x1800, 0x1800, 0x1800, 0x1800, 0x1800, 0x1800, 0x1800, 0x1800, 0x1800,
    0x1800, 0x1800, 0x1800, 0x1800, 0x1800, 0x1800, 0x1800, 0x1800, 0x1800, 0x1800, 0x1800, 0x1800,
    0x1800, 0x1800, 0x1800, 0x1800, 0x1800, 0x1800, 0x1800, 0x1800, 0x1800, 0x1800, 0x1800, 0x1800,
    0x1800, 0x1800, 0x1800, 0x1800, 0x1800, 0x1800, 0x1800, 0x1800, 0x1800, 0x1800, 0x1800, 0x1800,
    0x1800, 0x1800, 0x1800, 0x1800, 0x1800, 0x1800, 0x1820, 0x1820, 0x1820, 0x1820, 0x1820, 0x1820,
    0x1820, 0x1820, 0x1820, 0x1820, 0x1820, 0x1820, 0x1820, 0x1820, 0x1820, 0x1820, 0x1820, 0x1820,
    0x1820, 0x1820, 0x1820, 0x1820, 0x1820, 0x1820, 0x1820, 0x1820, 0x1820, 0x1820, 0x1820, 0x1820,
    0x1820, 0x1820, 0x1820, 0x1820, 0x1820, 0x1820, 0x1820, 0x1820, 0x1820, 0x1820, 0x1820, 0x1820,
    0x1820, 0x1820, 0x1820, 0x1820, 0x1820, 0x1820, 0x1820, 0x1820, 0x1820, 0x1820, 0x1800, 0x1020,
    0x1000, 0x1000, 0x1000, 0x1000, 0x1000, 0x1000, 0x1000, 0x1000, 0x1000, 0x1000, 0x0800, 0x0800,
    0x0800, 0x0800, 0x0800, 0x0800, 0x0800, 0x0800, 0x0800, 0x0800, 0x0000, 0x0000, 0x0000, 0x0000,
    0x0000, 0x0000, 0x0000, 0x0000, 0x0000, 0x0000, 0x0000, 0x0000, 0x0000, 0x0000, 0x0000, 0x0000,
    0x0000, 0x0000, 0x0000, 0x0000, 0x0000, 0x0000, 0x0000, 0x0000, 0x0000, 0x0000, 0x0000, 0x0000,
    0x0000, 0x0000, 0x0000, 0x0000, 0x0000, 0x0000, 0x0000, 0x0000, 0x0000, 0x0000, 0x0000, 0x0000,
    0x0000, 0x0000, 0x0000, 0x0000, 0x0000, 0x0000, 0x0000, 0x0000, 0x0000, 0x0000, 0x0000, 0x0000,
    0x0800, 0x0800, 0x0800, 0x0800, 0x0800, 0x0800, 0x0800, 0x0800, 0x0800, 0x0800, 0x0800, 0x0800,
    0x0800, 0x0800, 0x0800, 0x1000, 0x1000, 0x1000, 0x1000, 0x1000, 0x1000, 0x1000, 0x1000, 0x1000,
    0x1000, 0x1000, 0x1000, 0x1000, 0x1000, 0x1000, 0x1000, 0x1000, 0x1000, 0x1000, 0x1000, 0x1000,
    0x1000, 0x1000, 0x1000, 0x1000, 0x1000, 0x1000, 0x1000, 0x1000, 0x1000, 0x1000, 0x1000, 0x1000,
    0x1000, 0x1000, 0x1000, 0x1000, 0x1000, 0x1000, 0x1000, 0x1000, 0x1000, 0x1000, 0x1000, 0x1000,
    0x1000, 0x1000, 0x1000, 0x1000, 0x1000, 0x1000, 0x1000, 0x1000, 0x1000, 0x1000, 0x1000, 0x1000,
    0x1000, 0x1000, 0x1000, 0x1000, 0x1000, 0x1000, 0x1000, 0x1000, 0x1000, 0x1000, 0x1000, 0x1000,
    0x1000, 0x1000, 0x1000, 0x1000, 0x1000, 0x1000, 0x1800, 0x1800, 0x1800, 0x1000, 0x1000, 0x1800,
    0x1800, 0x1800, 0x1800, 0x1800, 0x1800, 0x1800, 0x1800, 0x1800, 0x1800, 0x1800, 0x1800, 0x1800,
    0x1800, 0x1800, 0x1800, 0x1800, 0x1800, 0x1800, 0x1800, 0x1800, 0x1800, 0x1820, 0x1820, 0x1820,
    0x1820, 0x1820, 0x1820, 0x1820, 0x1820, 0x1820, 0x1820, 0x1820, 0x1820, 0x1820, 0x1820, 0x1820,
    0x1820, 0x1820, 0x1820, 0x1820, 0x1820, 0x1820, 0x1820, 0x1820, 0x1820, 0x1820, 0x1820, 0x1820,
    0x1820, 0x1820, 0x1820, 0x1820, 0x1820, 0x1820, 0x1820, 0x1820, 0x1820, 0x1820, 0x1820, 0x1820,
    0x1820, 0x1820, 0x1020, 0x1020, 0x1020, 0x1020, 0x1020, 0x1020, 0x1020, 0x1000, 0x1000, 0x1000,
    0x1000, 0x1000, 0x1000, 0x1000, 0x1000, 0x1000, 0x0800, 0x0800, 0x0800, 0x0800, 0x0800, 0x0800,
    0x0800, 0x0800, 0x0800, 0x0800, 0x0800, 0x0800, 0x0000, 0x0000, 0x0000, 0x0000, 0x0000, 0x0000,
    0x0000, 0x0000, 0x0000, 0x0000, 0x0000, 0x0000, 0x0000, 0x0000, 0x0000, 0x0000, 0x0000, 0x0000,
    0x0000, 0x0000, 0x0000, 0x0000, 0x0000, 0x0000, 0x0000, 0x0000, 0x0000, 0x0000, 0x0000, 0x0000,
    0x0000, 0x0000, 0x0000, 0x0000, 0x0000, 0x0000, 0x0000, 0x0000, 0x0000, 0x0000, 0x0000, 0x0000,
    0x0000, 0x0000, 0x0000, 0x0000, 0x0000, 0x0000, 0x0000, 0x0000, 0x0000, 0x0000, 0x0000, 0x0000,
    0x0000, 0x0000, 0x0000, 0x0800, 0x0800, 0x0800, 0x0800, 0x0800, 0x0800, 0x0800, 0x0800, 0x0800,
    0x0800, 0x0800, 0x0800, 0x0800, 0x0800, 0x0800, 0x0800, 0x0800, 0x1000, 0x0800, 0x1000, 0x1000,
    0x1000, 0x1000, 0x1000, 0x1000, 0x1000, 0x1000, 0x1000, 0x1000, 0x1000, 0x1000, 0x1000, 0x1000,
    0x1000, 0x1000, 0x1000, 0x1000, 0x1000, 0x1000, 0x1000, 0x1000, 0x1000, 0x1000, 0x1000, 0x1000,
    0x1000, 0x1000, 0x1000, 0x1000, 0x1000, 0x1000, 0x1000, 0x1000, 0x1000, 0x1000, 0x1000, 0x1000,
    0x1000, 0x1000, 0x1000, 0x1000, 0x1000, 0x1000, 0x1000, 0x1000, 0x1000, 0x1000, 0x1000, 0x1000,
    0x1000, 0x1000, 0x1000, 0x1000, 0x1000, 0x1000, 0x1000, 0x1000, 0x1000, 0x1000, 0x1000, 0x1000,
    0x1000, 0x1000, 0x1000, 0x1000, 0x1000, 0x1000, 0x1000, 0x1000, 0x1000, 0x1000, 0x1000, 0x1000,
    0x1000, 0x1000, 0x1000, 0x1000, 0x1000, 0x1000, 0x1000, 0x1000, 0x1000, 0x1000, 0x1000, 0x1000,
    0x1000, 0x1000, 0x1000, 0x1000, 0x1000, 0x1000, 0x1000, 0x1000, 0x1000, 0x1000, 0x1000, 0x1000,
    0x1020, 0x1000, 0x1020, 0x1000, 0x1020, 0x1020, 0x1020, 0x1020, 0x1020, 0x1020, 0x1020, 0x1020,
    0x1020, 0x1020, 0x1020, 0x1020, 0x1020, 0x1000, 0x1020, 0x1020, 0x1020, 0x1020, 0x1020, 0x1020,
    0x1020, 0x1020, 0x1020, 0x1020, 0x1020, 0x1020, 0x1020, 0x1020, 0x1020, 0x1020, 0x1020, 0x1020,
    0x1020, 0x1020, 0x1020, 0x1020, 0x1000, 0x1020, 0x1020, 0x1000, 0x1000, 0x1000, 0x1000, 0x1000,
    0x1000, 0x1000, 0x1000, 0x0800, 0x0800, 0x0800, 0x0800, 0x0800, 0x0800, 0x0800, 0x0800, 0x0800,
    0x0800, 0x0800, 0x0000, 0x0000, 0x0000, 0x0000, 0x0000, 0x0000, 0x0000, 0x0000, 0x0000, 0x0000,
    0x0000, 0x0000, 0x0000, 0x0000, 0x0000, 0x0000, 0x0000, 0x0000, 0x0000, 0x0000, 0x0000, 0x0000,
    0x0000, 0x0000, 0x0000, 0x0000, 0x0000, 0x0000, 0x0000, 0x0000, 0x0000, 0x0000, 0x0000, 0x0000,
    0x0000, 0x0000, 0x0000, 0x0000, 0x0000, 0x0000, 0x0000, 0x0000, 0x0000, 0x0000, 0x0000, 0x0000,
    0x0000, 0x0000, 0x0000, 0x0000, 0x0000, 0x0000, 0x0000, 0x0000, 0x0000, 0x0000, 0x0000, 0x0000,
    0x0000, 0x0000, 0x0000, 0x0000, 0x0800, 0x0800, 0x0800, 0x0800, 0x0800, 0x0800, 0x0800, 0x0800,
    0x0800, 0x0800, 0x0800, 0x0800, 0x0800, 0x0800, 0x0800, 0x0800, 0x0800, 0x0800, 0x0800, 0x0800,
    0x0800, 0x0800, 0x0800, 0x0800, 0x0800, 0x0800, 0x0800, 0x0800, 0x0800, 0x1000, 0x1000, 0x1000,
    0x1000, 0x1000, 0x1000, 0x1000, 0x1000, 0x1000, 0x1000, 0x1000, 0x1000, 0x1000, 0x1000, 0x1000,
    0x1000, 0x1000, 0x1000, 0x1000, 0x1000, 0x1000, 0x1000, 0x1000, 0x1000, 0x1000, 0x1000, 0x1000,
    0x1000, 0x1000, 0x1000, 0x1000, 0x1000, 0x1000, 0x1000, 0x1000, 0x1000, 0x1000, 0x1000, 0x1000,
    0x1000, 0x1000, 0x1000, 0x1000, 0x1000, 0x1000, 0x1000, 0x1000, 0x1000, 0x1000, 0x1000, 0x1000,
    0x1000, 0x1000, 0x1000, 0x1000, 0x1000, 0x1000, 0x1000, 0x1000, 0x1000, 0x1000, 0x1000, 0x1000,
    0x1000, 0x1000, 0x1000, 0x1000, 0x1000, 0x1000, 0x1000, 0x1000, 0x1000, 0x1000, 0x1000, 0x1000,
    0x1000, 0x1000, 0x1000, 0x1000, 0x1000, 0x1000, 0x1000, 0x1000, 0x1000, 0x1000, 0x1000, 0x1000,
    0x1000, 0x1000, 0x1000, 0x1000, 0x1000, 0x1000, 0x1000, 0x1000, 0x1020, 0x1000, 0x1020, 0x1000,
    0x1000, 0x1000, 0x1020, 0x1020, 0x1020, 0x1020, 0x1020, 0x1020, 0x1020, 0x1020, 0x1020, 0x1020,
    0x1020, 0x1020, 0x1020, 0x1020, 0x1020, 0x1020, 0x1020, 0x1020, 0x1020, 0x1020, 0x1000, 0x1000,
    0x1000, 0x1000, 0x1020, 0x1000, 0x1000, 0x1000, 0x1000, 0x1000, 0x1000, 0x0800, 0x0800, 0x0800,
    0x0800, 0x0800, 0x0800, 0x0800, 0x0800, 0x0800, 0x0800, 0x0800, 0x0800, 0x0800, 0x0800, 0x0800,
    0x0000, 0x0000, 0x0000, 0x0000, 0x0000, 0x0000, 0x0000, 0x0000, 0x0000, 0x0000, 0x0000, 0x0000,
    0x0000, 0x0000, 0x0000, 0x0000, 0x0000, 0x0000, 0x0000, 0x0000, 0x0000, 0x0000, 0x0000, 0x0000,
    0x0000, 0x0000, 0x0000, 0x0000, 0x0000, 0x0000, 0x0000, 0x0000, 0x0000, 0x0000, 0x0000, 0x0000,
    0x0000, 0x0000, 0x0000, 0x0000, 0x0000, 0x0000, 0x0000, 0x0000, 0x0000, 0x0000, 0x0000, 0x0000,
    0x0000, 0x0000, 0x0000, 0x0000, 0x0000, 0x0000, 0x0000, 0x0000, 0x0000, 0x0000, 0x0000, 0x0000,
    0x0000, 0x0000, 0x0000, 0x0000, 0x0000, 0x0000, 0x0000, 0x0000, 0x0000, 0x0800, 0x0800, 0x0800,
    0x0800, 0x0800, 0x0800, 0x0800, 0x0800, 0x0800, 0x0800, 0x0800, 0x0800, 0x0800, 0x0800, 0x0800,
    0x0800, 0x0800, 0x0800, 0x0800, 0x0800, 0x0800, 0x0800, 0x0800, 0x0800, 0x0800, 0x0800, 0x0800,
    0x0800, 0x0800, 0x0800, 0x0800, 0x0800, 0x0800, 0x0800, 0x0800, 0x0800, 0x0800, 0x0800, 0x0800,
    0x0800, 0x0800, 0x0800, 0x0800, 0x0800, 0x0800, 0x0800, 0x0800, 0x0800, 0x0800, 0x0800, 0x0800,
    0x0800, 0x0800, 0x0800, 0x0800, 0x0800, 0x0800, 0x0800, 0x0800, 0x0800, 0x0800, 0x0800, 0x0800,
    0x0800, 0x0800, 0x0800, 0x0800, 0x0800, 0x0800, 0x0800, 0x0800, 0x0800, 0x0800, 0x0800, 0x0800,
    0x0800, 0x0800, 0x0800, 0x0800, 0x0800, 0x0800, 0x0800, 0x0800, 0x0800, 0x0800, 0x0800, 0x0800,
    0x0800, 0x0800, 0x0800, 0x0800, 0x0800, 0x0800, 0x0800, 0x0800, 0x0800, 0x0800, 0x0800, 0x0800,
    0x0800, 0x1000, 0x1000, 0x1000, 0x1000, 0x1000, 0x1000, 0x1000, 0x1000, 0x1000, 0x1000, 0x1000,
    0x1000, 0x1000, 0x1000, 0x1000, 0x1000, 0x0800, 0x1000, 0x1000, 0x1000, 0x1000, 0x1000, 0x1000,
    0x1000, 0x1000, 0x1000, 0x1000, 0x1000, 0x1000, 0x1000, 0x1000, 0x1000, 0x1000, 0x1000, 0x1000,
    0x1000, 0x1000, 0x1000, 0x1000, 0x1000, 0x1000, 0x1000, 0x1000, 0x1000, 0x1000, 0x1000, 0x0800,
    0x0800, 0x0800, 0x0800, 0x0800, 0x0800, 0x0800, 0x0800, 0x0800, 0x0800, 0x0800, 0x0800, 0x0800,
    0x0800, 0x0800, 0x0800, 0x0800, 0x0800, 0x0800, 0x0800, 0x0000, 0x0800, 0x0800, 0x0000, 0x0000,
    0x0000, 0x0000, 0x0000, 0x0000, 0x0000, 0x0000, 0x0000, 0x0000, 0x0000, 0x0000, 0x0000, 0x0000,
    0x0000, 0x0000, 0x0000, 0x0000, 0x0000, 0x0000, 0x0000, 0x0000, 0x0000, 0x0000, 0x0000, 0x0000,
    0x0000, 0x0000, 0x0000, 0x0000, 0x0000, 0x0000, 0x0000, 0x0000, 0x0000, 0x0000, 0x0000, 0x0000,
    0x0000, 0x0000, 0x0000, 0x0000, 0x0000, 0x0000, 0x0000, 0x0000, 0x0000, 0x0000, 0x0000, 0x0000,
    0x0000, 0x0000, 0x0000, 0x0000, 0x0000, 0x0000, 0x0000, 0x0000, 0x0000, 0x0000, 0x0000, 0x0000,
    0x0000, 0x0000, 0x0000, 0x0000, 0x0000, 0x0000, 0x0000, 0x0000, 0x0000, 0x0000, 0x0000, 0x0800,
    0x0800, 0x0800, 0x0800, 0x0800, 0x0800, 0x0800, 0x0800, 0x0800, 0x0800, 0x0800, 0x0800, 0x0800,
    0x0800, 0x0800, 0x0800, 0x0800, 0x0800, 0x0800, 0x0800, 0x0800, 0x0800, 0x0800, 0x0800, 0x0800,
    0x0800, 0x0800, 0x0800, 0x0800, 0x0800, 0x0800, 0x0800, 0x0800, 0x0800, 0x0800, 0x0800, 0x0800,
    0x0800, 0x0800, 0x0800, 0x0800, 0x0800, 0x0800, 0x0800, 0x0800, 0x0800, 0x0800, 0x0800, 0x0800,
    0x0800, 0x0800, 0x0800, 0x0800, 0x0800, 0x0800, 0x0800, 0x0800, 0x0800, 0x0800, 0x0800, 0x0800,
    0x0800, 0x0800, 0x0800, 0x0800, 0x0800, 0x0800, 0x0800, 0x0800, 0x0800, 0x0800, 0x0800, 0x0800,
    0x0800, 0x0800, 0x0800, 0x0800, 0x0800, 0x0800, 0x0800, 0x0800, 0x0800, 0x0800, 0x0800, 0x0800,
    0x0800, 0x0800, 0x0800, 0x0800, 0x0800, 0x0800, 0x0800, 0x0800, 0x0800, 0x0800, 0x0800, 0x0800,
    0x0800, 0x0800, 0x0800, 0x0800, 0x0800, 0x0800, 0x0800, 0x0800, 0x0800, 0x0800, 0x0800, 0x0800,
    0x0800, 0x0800, 0x0800, 0x0800, 0x0800, 0x0800, 0x0800, 0x0800, 0x0800, 0x0800, 0x0800, 0x0800,
    0x0800, 0x0800, 0x0800, 0x0800, 0x0800, 0x0800, 0x0800, 0x0800, 0x0800, 0x0800, 0x0800, 0x0800,
    0x0800, 0x0800, 0x0800, 0x0800, 0x0800, 0x0800, 0x0800, 0x0800, 0x0800, 0x0800, 0x0800, 0x0800,
    0x0800, 0x0800, 0x0800, 0x0800, 0x0800, 0x0800, 0x0800, 0x0800, 0x0800, 0x0800, 0x0800, 0x0800,
    0x0800, 0x0800, 0x0800, 0x0800, 0x0800, 0x0800, 0x0800, 0x0000, 0x0000, 0x0000, 0x0000, 0x0000,
    0x0000, 0x0000, 0x0000, 0x0000, 0x0000, 0x0000, 0x0000, 0x0000, 0x0000, 0x0000, 0x0000, 0x0000,
    0x0000, 0x0000, 0x0000, 0x0000, 0x0000, 0x0000, 0x0000, 0x0000, 0x0000, 0x0000, 0x0000, 0x0000,
    0x0000, 0x0000, 0x0000, 0x0000, 0x0000, 0x0000, 0x0000, 0x0000, 0x0000, 0x0000, 0x0000, 0x0000,
    0x0000, 0x0000, 0x0000, 0x0000, 0x0000, 0x0000, 0x0000, 0x0000, 0x0000, 0x0000, 0x0000, 0x0000,
    0x0000, 0x0000, 0x0000, 0x0000, 0x0000, 0x0000, 0x0000, 0x0000, 0x0000, 0x0000, 0x0000, 0x0000,
    0x0000, 0x0000, 0x0000, 0x0000, 0x0000, 0x0000, 0x0000, 0x0000, 0x0000, 0x0000, 0x0000, 0x0000,
    0x0000, 0x0000, 0x0000, 0x0000, 0x0000, 0x0800, 0x0800, 0x0800, 0x0800, 0x0800, 0x0800, 0x0800,
    0x0800, 0x0800, 0x0800, 0x0800, 0x0800, 0x0800, 0x0800, 0x0800, 0x0800, 0x0800, 0x0800, 0x0800,
    0x0800, 0x0800, 0x0800, 0x0800, 0x0800, 0x0800, 0x0800, 0x0800, 0x0800, 0x0800, 0x0800, 0x0800,
    0x0800, 0x0800, 0x0800, 0x0800, 0x0800, 0x0800, 0x0800, 0x0800, 0x0800, 0x0800, 0x0800, 0x0800,
    0x0800, 0x0800, 0x0800, 0x0800, 0x0800, 0x0800, 0x0800, 0x0800, 0x0800, 0x0800, 0x0800, 0x0800,
    0x0800, 0x0800, 0x0800, 0x0800, 0x0800, 0x0800, 0x0800, 0x0800, 0x0800, 0x0800, 0x0800, 0x0800,
    0x0800, 0x0800, 0x0800, 0x0800, 0x0800, 0x0800, 0x0800, 0x0800, 0x0800, 0x0800, 0x0800, 0x0800,
    0x0800, 0x0800, 0x0800, 0x0800, 0x0800, 0x0800, 0x0800, 0x0800, 0x0800, 0x0800, 0x0800, 0x0800,
    0x0800, 0x0800, 0x0800, 0x0800, 0x0800, 0x0800, 0x0800, 0x0800, 0x0800, 0x0800, 0x0800, 0x0800,
    0x0800, 0x0800, 0x0800, 0x0800, 0x0800, 0x0800, 0x0800, 0x0800, 0x0800, 0x0800, 0x0800, 0x0800,
    0x0800, 0x0800, 0x0800, 0x0800, 0x0800, 0x0800, 0x0800, 0x0800, 0x0800, 0x0800, 0x0800, 0x0800,
    0x0800, 0x0800, 0x0800, 0x0800, 0x0800, 0x0800, 0x0800, 0x0800, 0x0800, 0x0800, 0x0800, 0x0800,
    0x0800, 0x0800, 0x0800, 0x0800, 0x0800, 0x0800, 0x0800, 0x0800, 0x0800, 0x0800, 0x0000, 0x0800,
    0x0800, 0x0800, 0x0800, 0x0800, 0x0000, 0x0000, 0x0000, 0x0000, 0x0000, 0x0000, 0x0000, 0x0000,
    0x0000, 0x0000, 0x0000, 0x0000, 0x0000, 0x0000, 0x0000, 0x0000, 0x0000, 0x0000, 0x0000, 0x0000,
    0x0000, 0x0000, 0x0000, 0x0000, 0x0000, 0x0000, 0x0000, 0x0000, 0x0000, 0x0000, 0x0000, 0x0000,
    0x0000, 0x0000, 0x0000, 0x0000, 0x0000, 0x0000, 0x0000, 0x0000, 0x0000, 0x0000, 0x0000, 0x0000,
    0x0000, 0x0000, 0x0000, 0x0000, 0x0000, 0x0000, 0x0000, 0x0000, 0x0000, 0x0000, 0x0000, 0x0000,
    0x0000, 0x0000, 0x0000, 0x0000, 0x0000, 0x0000, 0x0000, 0x0000, 0x0000, 0x0000, 0x0000, 0x0000,
    0x0000, 0x0000, 0x0000, 0x0000, 0x0000, 0x0000, 0x0000, 0x0000, 0x0000, 0x0000, 0x0000, 0x0000,
    0x0000, 0x0000, 0x0000, 0x0000, 0x0000, 0x0000, 0x0000, 0x0000, 0x0000, 0x0000, 0x0000, 0x0000,
    0x0000, 0x0000, 0x0000, 0x0800, 0x0000, 0x0800, 0x0800, 0x0800, 0x0800, 0x0800, 0x0800, 0x0800,
    0x0800, 0x0800, 0x0800, 0x0800, 0x0800, 0x0800, 0x0800, 0x0800, 0x0800, 0x0000, 0x0800, 0x0800,
    0x0800, 0x0800, 0x0800, 0x0800, 0x0800, 0x0800, 0x0800, 0x0800, 0x0800, 0x0800, 0x0800, 0x0800,
    0x0800, 0x0800, 0x0800, 0x0800, 0x0800, 0x0800, 0x0800, 0x0800, 0x0800, 0x0800, 0x0800, 0x0800,
    0x0800, 0x0800, 0x0800, 0x0000, 0x0800, 0x0800, 0x0800, 0x0800, 0x0800, 0x0800, 0x0800, 0x0800,
    0x0800, 0x0800, 0x0800, 0x0800, 0x0800, 0x0800, 0x0800, 0x0800, 0x0800, 0x0800, 0x0800, 0x0800,
    0x0800, 0x0800, 0x0800, 0x0800, 0x0800, 0x0800, 0x0800, 0x0800, 0x0800, 0x0800, 0x0800, 0x0800,
    0x0800, 0x0800, 0x0800, 0x0800, 0x0800, 0x0800, 0x0800, 0x0800, 0x0800, 0x0800, 0x0800, 0x0800,
    0x0800, 0x0800, 0x0800, 0x0800, 0x0800, 0x0800, 0x0800, 0x0800, 0x0800, 0x0800, 0x0800, 0x0800,
    0x0800, 0x0800, 0x0800, 0x0800, 0x0800, 0x0800, 0x0800, 0x0800, 0x0800, 0x0800, 0x0800, 0x0800,
    0x0800, 0x0800, 0x0800, 0x0800, 0x0800, 0x0800, 0x0800, 0x0800, 0x0800, 0x0800, 0x0800, 0x0800,
    0x0800, 0x0800, 0x0800, 0x0800, 0x0800, 0x0800, 0x0800, 0x0000, 0x0800, 0x0000, 0x0000, 0x0000,
    0x0000, 0x0000, 0x0000, 0x0000, 0x0000, 0x0000, 0x0000, 0x0000, 0x0000, 0x0000, 0x0000, 0x0000,
    0x0000, 0x0000, 0x0000, 0x0000, 0x0000, 0x0000, 0x0000, 0x0000, 0x0000, 0x0000, 0x0000, 0x0000,
    0x0000, 0x0000, 0x0000, 0x0000, 0x0000, 0x0000, 0x0000, 0x0000, 0x0000, 0x0000, 0x0000, 0x0000,
    0x0000, 0x0000, 0x0000, 0x0000, 0x0000, 0x0000, 0x0000, 0x0000, 0x0000, 0x0000, 0x0000, 0x0000,
    0x0000, 0x0000, 0x0000, 0x0000, 0x0000, 0x0000, 0x0000, 0x0000, 0x0000, 0x0000, 0x0000, 0x0000,
    0x0000, 0x0000, 0x0000, 0x0000, 0x0000, 0x0000, 0x0000, 0x0000, 0x0000, 0x0000, 0x0000, 0x0000,
    0x0000, 0x0000, 0x0000, 0x0000, 0x0000, 0x0000, 0x0000, 0x0000, 0x0000, 0x0000, 0x0000, 0x0000,
    0x0000, 0x0000, 0x0000, 0x0000, 0x0000, 0x0000, 0x0000, 0x0000, 0x0000, 0x0000, 0x0000, 0x0000,
    0x0000, 0x0000, 0x0000, 0x0000, 0x0000, 0x0000, 0x0000, 0x0000, 0x0000, 0x0000, 0x0000, 0x0000,
    0x0000, 0x0000, 0x0000, 0x0000, 0x0000, 0x0000, 0x0000, 0x0000, 0x0000, 0x0000, 0x0000, 0x0000,
    0x0000, 0x0000, 0x0000, 0x0000, 0x0000, 0x0000, 0x0000, 0x0000, 0x0000, 0x0000, 0x0000, 0x0000,
    0x0000, 0x0000, 0x0000, 0x0000, 0x0000, 0x0000, 0x0000, 0x0000, 0x0000, 0x0000, 0x0000, 0x0000,
    0x0000, 0x0000, 0x0000, 0x0000, 0x0000, 0x0000, 0x0000, 0x0000, 0x0000, 0x0000, 0x0000, 0x0000,
    0x0000, 0x0000, 0x0800, 0x0800, 0x0000, 0x0800, 0x0800, 0x0800, 0x0000, 0x0800, 0x0800, 0x0800,
    0x0800, 0x0800, 0x0000, 0x0800, 0x0000, 0x0000, 0x0000, 0x0000, 0x0800, 0x0800, 0x0800, 0x0800,
    0x0000, 0x0000, 0x0000, 0x0000, 0x0000, 0x0000, 0x0000, 0x0000, 0x0000, 0x0000, 0x0000, 0x0000,
    0x0000, 0x0000, 0x0000, 0x0000, 0x0000, 0x0000, 0x0000, 0x0000, 0x0000, 0x0000, 0x0000, 0x0800,
    0x0800, 0x0800, 0x0800, 0x0800, 0x0800, 0x0800, 0x0800, 0x0800, 0x0000, 0x0800, 0x0800, 0x0800,
    0x0800, 0x0800, 0x0800, 0x0800, 0x0800, 0x0800, 0x0800, 0x0800, 0x0800, 0x0800, 0x0800, 0x0000,
    0x0800, 0x0000, 0x0000, 0x0000, 0x0000, 0x0000, 0x0000, 0x0000, 0x0000, 0x0000, 0x0000, 0x0000,
    0x0000, 0x0000, 0x0000, 0x0000, 0x0000, 0x0000, 0x0000, 0x0000, 0x0000, 0x0000, 0x0000, 0x0000,
    0x0000, 0x0000, 0x0000, 0x0000, 0x0000, 0x0000, 0x0000, 0x0000, 0x0000, 0x0000, 0x0000, 0x0000,
    0x0000, 0x0000, 0x0000, 0x0000, 0x0000, 0x0000, 0x0000, 0x0000, 0x0000, 0x0000, 0x0000, 0x0000,
    0x0000, 0x0000, 0x0000, 0x0000, 0x0000, 0x0000, 0x0000, 0x0000, 0x0000, 0x0000, 0x0000, 0x0000,
    0x0000, 0x0000, 0x0000, 0x0000, 0x0000, 0x0000, 0x0000, 0x0000, 0x0000, 0x0000, 0x0000, 0x0000,
    0x0000, 0x0000, 0x0000, 0x0000, 0x0000, 0x0000, 0x0000, 0x0000, 0x0000, 0x0000, 0x0000, 0x0000,
    0x0000, 0x0000, 0x0000, 0x0000, 0x0000, 0x0000, 0x0000, 0x0000, 0x0000, 0x0000, 0x0000, 0x0000,
    0x0000, 0x0000, 0x0000, 0x0000, 0x0000, 0x0000, 0x0000, 0x0000, 0x0000, 0x0000, 0x0000, 0x0000,
    0x0000, 0x0000, 0x0000, 0x0000, 0x0000, 0x0000, 0x0000, 0x0000, 0x0000, 0x0000, 0x0000, 0x0000,
    0x0000, 0x0000, 0x0000, 0x0000, 0x0000, 0x0000, 0x0000, 0x0000, 0x0000, 0x0000, 0x0000, 0x0000,
    0x0000, 0x0000, 0x0000, 0x0000, 0x0000, 0x0000, 0x0000, 0x0000, 0x0000, 0x0000, 0x0000, 0x0000,
    0x0000, 0x0000, 0x0000, 0x0000, 0x0000, 0x0000, 0x0000, 0x0000, 0x0000, 0x0000, 0x0000, 0x0000,
    0x0000, 0x0000, 0x0000, 0x0000, 0x0000, 0x0000, 0x0000, 0x0000, 0x0000, 0x0000, 0x0000, 0x0000,
    0x0000, 0x0000, 0x0000, 0x0000, 0x0000, 0x0000, 0x0000, 0x0000, 0x0000, 0x0000, 0x0000, 0x0000,
    0x0000, 0x0000, 0x0000, 0x0000, 0x0000, 0x0000, 0x0000, 0x0000, 0x0000, 0x0000, 0x0000, 0x0000,
    0x0000, 0x0000, 0x0000, 0x0000, 0x0000, 0x0000, 0x0000, 0x0000, 0x0000, 0x0000, 0x0000, 0x0000,
    0x0000, 0x0000, 0x0000, 0x0000, 0x0000, 0x0000, 0x0000, 0x0000, 0x0000, 0x0000, 0x0000, 0x0000,
    0x0000, 0x0000, 0x0000, 0x0000, 0x0000, 0x0000, 0x0000, 0x0000, 0x0000, 0x0000, 0x0000, 0x0000,
    0x0000, 0x0000, 0x0000, 0x0000, 0x0000, 0x0000, 0x0000, 0x0000, 0x0000, 0x0000, 0x0000, 0x0000,
    0x0000, 0x0000, 0x0000, 0x0000, 0x0000, 0x0000, 0x0000, 0x0000, 0x0000, 0x0000, 0x0000, 0x0000,
    0x0000, 0x0000, 0x0000, 0x0000, 0x0000, 0x0000, 0x0000, 0x0000, 0x0000, 0x0000, 0x0000, 0x0000,
    0x0000, 0x0000, 0x0000, 0x0000, 0x0000, 0x0000, 0x0000, 0x0000, 0x0000, 0x0000, 0x0000, 0x0000,
    0x0000, 0x0000, 0x0000, 0x0000, 0x0000, 0x0000, 0x0000, 0x0000, 0x0000, 0x0000, 0x0000, 0x0000,
    0x0000, 0x0000, 0x0000, 0x0000, 0x0000, 0x0000, 0x0000, 0x0000, 0x0000, 0x0000, 0x0000, 0x0000,
    0x0000, 0x0000, 0x0000, 0x0000, 0x0000, 0x0000, 0x0000, 0x0000, 0x0000, 0x0000, 0x0000, 0x0000,
    0x0000, 0x0000, 0x0000, 0x0000, 0x0000, 0x0000, 0x0000, 0x0000, 0x0000, 0x0000, 0x0000, 0x0000,
    0x0000, 0x0000, 0x0000, 0x0000, 0x0000, 0x0000, 0x0000, 0x0000, 0x0000, 0x0000, 0x0000, 0x0000,
    0x0000, 0x0000, 0x0000, 0x0000, 0x0000, 0x0000, 0x0000, 0x0000, 0x0000, 0x0000, 0x0000, 0x0000,
    0x0000, 0x0000, 0x0000, 0x0000, 0x0000, 0x0000, 0x0000, 0x0000, 0x0000, 0x0000, 0x0000, 0x0000,
    0x0000, 0x0000, 0x0000, 0x0000, 0x0000, 0x0000, 0x0000, 0x0000, 0x0000, 0x0000, 0x0000, 0x0000,
    0x0000, 0x0000, 0x0000, 0x0000, 0x0000, 0x0000, 0x0000, 0x0000, 0x0000, 0x0000, 0x0000, 0x0000,
    0x0000, 0x0000, 0x0000, 0x0000, 0x0000, 0x0000, 0x0000, 0x0000, 0x0000, 0x0000, 0x0000, 0x0000,
    0x0000, 0x0000, 0x0000, 0x0000, 0x0000, 0x0000, 0x0000, 0x0000, 0x0000, 0x0000, 0x0000, 0x0000,
    0x0000, 0x0000, 0x0000, 0x0000, 0x0000, 0x0000, 0x0000, 0x0000, 0x0000, 0x0000, 0x0000, 0x0000,
    0x0000, 0x0000, 0x0000, 0x0000, 0x0000, 0x0000, 0x0000, 0x0000, 0x0000, 0x0000, 0x0000, 0x0000,
    0x0000, 0x0000, 0x0000, 0x0000, 0x0000, 0x0000, 0x0000, 0x0000, 0x0000, 0x0000, 0x0000, 0x0000,
    0x0000, 0x0000, 0x0000, 0x0000, 0x0000, 0x0000, 0x0000, 0x0000, 0x0000, 0x0000, 0x0000, 0x0000,
    0x0000, 0x0000, 0x0000, 0x0000, 0x0000, 0x0000, 0x0000, 0x0000, 0x0000, 0x0000, 0x0000, 0x0000,
    0x0000, 0x0000, 0x0000, 0x0000, 0x0000, 0x0000, 0x0000, 0x0000, 0x0000, 0x0000, 0x0000, 0x0000,
    0x0000, 0x0000, 0x0000, 0x0000, 0x0000, 0x0000, 0x0000, 0x0000, 0x0000, 0x0000, 0x0000, 0x0000,
    0x0000, 0x0000, 0x0000, 0x0000, 0x0000, 0x0000, 0x0000, 0x0000, 0x0000, 0x0000, 0x0000, 0x0000,
    0x0000, 0x0000, 0x0000, 0x0000, 0x0000, 0x0000, 0x0000, 0x0000, 0x0000, 0x0000, 0x0000, 0x0000,
    0x0000, 0x0000, 0x0000, 0x0000, 0x0000, 0x0000, 0x0000, 0x0000, 0x0000, 0x0000, 0x0000, 0x0000,
    0x0000, 0x0000, 0x0000, 0x0000, 0x0000, 0x0000, 0x0000, 0x0000, 0x0000, 0x0000, 0x0000, 0x0000,
    0x0000, 0x0000, 0x0000, 0x0000, 0x0000, 0x0000, 0x0000, 0x0000, 0x0000, 0x0000, 0x0000, 0x0000,
    0x0000, 0x0000, 0x0000, 0x0000, 0x0000, 0x0000, 0x0000, 0x0000, 0x0000, 0x0000, 0x0000, 0x0000,
    0x0000, 0x0000, 0x0000, 0x0000, 0x0000, 0x0000, 0x0000, 0x0000, 0x0000, 0x0000, 0x0000, 0x0000,
    0x0000, 0x0000, 0x0000, 0x0000, 0x0000, 0x0000, 0x0000, 0x0000, 0x0000, 0x0000, 0x0000, 0x0000,
    0x0000, 0x0000, 0x0000, 0x0000, 0x0000, 0x0000, 0x0000, 0x0000, 0x0000, 0x0000, 0x0000, 0x0000,
    0x0000, 0x0000, 0x0000, 0x0000, 0x0000, 0x0000, 0x0000, 0x0000, 0x0000, 0x0000, 0x0000, 0x0000,
    0x0000, 0x0000, 0x0000, 0x0000, 0x0000, 0x0000, 0x0000, 0x0000, 0x0000, 0x0000, 0x0000, 0x0000,
    0x0000, 0x0000, 0x0000, 0x0000, 0x0000, 0x0000, 0x0000, 0x0000, 0x0000, 0x0000, 0x0000, 0x0000,
    0x0000, 0x0000, 0x0000, 0x0000, 0x0000, 0x0000, 0x0000, 0x0000, 0x0000, 0x0000, 0x0000, 0x0000,
    0x0000, 0x0000, 0x0000, 0x0000, 0x0000, 0x0000, 0x0000, 0x0000, 0x0000, 0x0000, 0x0000, 0x0000,
    0x0000, 0x0000, 0x0000, 0x0000, 0x0000, 0x0000, 0x0000, 0x0000, 0x0000, 0x0000, 0x0000, 0x0000,
    0x0000, 0x0000, 0x0000, 0x0000, 0x0000, 0x0000, 0x0000, 0x0000, 0x0000, 0x0000, 0x0000, 0x0000,
    0x0000, 0x0000, 0x0000, 0x0000, 0x0000, 0x0000, 0x0000, 0x0000, 0x0000, 0x0000, 0x0000, 0x0000,
    0x0000, 0x0000, 0x0000, 0x0000, 0x0000, 0x0000, 0x0000, 0x0000, 0x0000, 0x0000, 0x0000, 0x0000,
    0x0000, 0x0000, 0x0000, 0x0000, 0x0000, 0x0000, 0x0000, 0x0000, 0x0000, 0x0000, 0x0000, 0x0000,
    0x0000, 0x0000, 0x0000, 0x0000, 0x0000, 0x0000, 0x0000, 0x0000, 0x0000, 0x0000, 0x0000, 0x0000,
    0x0000, 0x0000, 0x0000, 0x0000, 0x0000, 0x0000, 0x0000, 0x0000, 0x0000, 0x0000, 0x0000, 0x0000,
    0x0000, 0x0000, 0x0000, 0x0000, 0x0000, 0x0000, 0x0000, 0x0000, 0x0000, 0x0000, 0x0000, 0x0000,
    0x0000, 0x0000, 0x0000, 0x0000, 0x0000, 0x0000, 0x0000, 0x0000, 0x0000, 0x0000, 0x0000, 0x0000,
    0x0000, 0x0000, 0x0000, 0x0000, 0x0000, 0x0000, 0x0000, 0x0000, 0x0000, 0x0000, 0x0000, 0x0000,
    0x0000, 0x0000, 0x0000, 0x0000, 0x0000, 0x0000, 0x0000, 0x0000, 0x0000, 0x0000, 0x0000, 0x0000,
    0x0000, 0x0000, 0x0000, 0x0000, 0x0000, 0x0000, 0x0000, 0x0000, 0x0000, 0x0000, 0x0000, 0x0000,
    0x0000, 0x0000, 0x0000, 0x0000, 0x0000, 0x0000, 0x0000, 0x0000, 0x0000, 0x0000, 0x0000, 0x0000,
    0x0000, 0x0000, 0x0000, 0x0000, 0x0000, 0x0000, 0x0000, 0x0000, 0x0000, 0x0000, 0x0000, 0x0000,
    0x0000, 0x0000, 0x0000, 0x0000, 0x0000, 0x0000, 0x0000, 0x0000, 0x0000, 0x0000, 0x0000, 0x0000,
    0x0000, 0x0000, 0x0000, 0x0000, 0x0000, 0x0000, 0x0000, 0x0000, 0x0000, 0x0000, 0x0000, 0x0000,
    0x0000, 0x0000, 0x0000, 0x0000, 0x0000, 0x0000, 0x0000, 0x0000, 0x0000, 0x0000, 0x0000, 0x0000,
    0x0000, 0x0000, 0x0000, 0x0000, 0x0000, 0x0000, 0x0000, 0x0000, 0x0000, 0x0000, 0x0000, 0x0000,
    0x0000, 0x0000, 0x0000, 0x0000, 0x0000, 0x0000, 0x0000, 0x0000, 0x0000, 0x0000, 0x0000, 0x0000,
    0x0000, 0x0000, 0x0000, 0x0000, 0x0000, 0x0000, 0x0000, 0x0000, 0x0000, 0x0000, 0x0000, 0x0000,
    0x0000, 0x0000, 0x0000, 0x0000, 0x0000, 0x0000, 0x0000, 0x0000, 0x0000, 0x0000, 0x0000, 0x0000,
    0x0000, 0x0000, 0x0000, 0x0000, 0x0000, 0x0000, 0x0000, 0x0000, 0x0000, 0x0000, 0x0000, 0x0000,
    0x0000, 0x0000, 0x0000, 0x0000, 0x0000, 0x0000, 0x0000, 0x0000, 0x0000, 0x0000, 0x0000, 0x0000,
    0x0000, 0x0000, 0x0000, 0x0000, 0x0000, 0x0000, 0x0000, 0x0000, 0x0000, 0x0000, 0x0000, 0x0000,
    0x0000, 0x0000, 0x0000, 0x0000, 0x0000, 0x0000, 0x0000, 0x0000, 0x0000, 0x0000, 0x0000, 0x0000,
    0x0000, 0x0000, 0x0000, 0x0000, 0x0000, 0x0000, 0x0000, 0x0000, 0x0000, 0x0000, 0x0000, 0x0000,
    0x0000, 0x0000, 0x0000, 0x0000, 0x0000, 0x0000, 0x0000, 0x0000, 0x0000, 0x0000, 0x0000, 0x0000,
    0x0000, 0x0000, 0x0000, 0x0000, 0x0000, 0x0000, 0x0000, 0x0000, 0x0000, 0x0000, 0x0000, 0x0000,
    0x0000, 0x0000, 0x0000, 0x0000, 0x0000, 0x0000, 0x0000, 0x0000, 0x0000, 0x0000, 0x0000, 0x0000,
    0x0000, 0x0000, 0x0000, 0x0000, 0x0000, 0x0000, 0x0000, 0x0000, 0x0000, 0x0000, 0x0000, 0x0000,
    0x0000, 0x0000, 0x0000, 0x0000, 0x0000, 0x0000, 0x0000, 0x0000, 0x0000, 0x0000, 0x0000, 0x0000,
    0x0000, 0x0000, 0x0000, 0x0000, 0x0000, 0x0000, 0x0000, 0x0000, 0x0000, 0x0000, 0x0000, 0x0000,
    0x0000, 0x0000, 0x0000, 0x0000, 0x0000, 0x0000, 0x0000, 0x0000, 0x0000, 0x0000, 0x0000, 0x0000,
    0x0000, 0x0000, 0x0000, 0x0000, 0x0000, 0x0000, 0x0000, 0x0000, 0x0000, 0x0000, 0x0000, 0x0000,
    0x0000, 0x0000, 0x0000, 0x0000, 0x0000, 0x0000, 0x0000, 0x0000, 0x0000, 0x0000, 0x0000, 0x0000,
    0x0000, 0x0000, 0x0000, 0x0000, 0x0000, 0x0000, 0x0000, 0x0000, 0x0000, 0x0000, 0x0000, 0x0000,
    0x0000, 0x0000, 0x0000, 0x0000, 0x0000, 0x0000, 0x0000, 0x0000, 0x0000, 0x0000, 0x0000, 0x0000,
    0x0000, 0x0000, 0x0000, 0x0000, 0x0000, 0x0000, 0x0000, 0x0000, 0x0000, 0x0000, 0x0000, 0x0000,
    0x0000, 0x0000, 0x0000, 0x0000, 0x0000, 0x0000, 0x0000, 0x0000, 0x0000, 0x0000, 0x0000, 0x0000,
    0x0000, 0x0000, 0x0000, 0x0000, 0x0000, 0x0000, 0x0000, 0x0000, 0x0000, 0x0000, 0x0000, 0x0000,
    0x0000, 0x0000, 0x0000, 0x0000, 0x0000, 0x0000, 0x0000, 0x0000, 0x0000, 0x0000, 0x0000, 0x0000,
    0x0000, 0x0000, 0x0000, 0x0000, 0x0000, 0x0000, 0x0000, 0x0000, 0x0000, 0x0000, 0x0000, 0x0000,
    0x0000, 0x0000, 0x0000, 0x0000, 0x0000, 0x0000, 0x0000, 0x0000, 0x0000, 0x0000, 0x0000, 0x0000,
    0x0000, 0x0000, 0x0000, 0x0000, 0x0000, 0x0000, 0x0000, 0x0000, 0x0000, 0x0000, 0x0000, 0x0000,
    0x0000, 0x0000, 0x0000, 0x0000, 0x0000, 0x0000, 0x0000, 0x0000, 0x0000, 0x0000, 0x0000, 0x0000,
    0x0000, 0x0000, 0x0000, 0x0000, 0x0000, 0x0000, 0x0000, 0x0000, 0x0000, 0x0000, 0x0000, 0x0000,
    0x0000, 0x0000, 0x0000, 0x0000, 0x0000, 0x0000, 0x0000, 0x0000, 0x0000, 0x0000, 0x0000, 0x0000,
    0x0000, 0x0000, 0x0000, 0x0000, 0x0000, 0x0000, 0x0000, 0x0000, 0x0000, 0x0000, 0x0000, 0x0000,
    0x0000, 0x0000, 0x0000, 0x0000, 0x0000, 0x0000, 0x0000, 0x0000, 0x0000, 0x0000, 0x0000, 0x0000,
    0x0000, 0x0000, 0x0000, 0x0000, 0x0000, 0x0000, 0x0000, 0x0000, 0x0000, 0x0000, 0x0000, 0x0000,
    0x0000, 0x0000, 0x0000, 0x0000, 0x0000, 0x0000, 0x0000, 0x0000, 0x0000, 0x0000, 0x0000, 0x0000,
    0x0000, 0x0000, 0x0000, 0x0000, 0x0000, 0x0000, 0x0000, 0x0000, 0x0000, 0x0000, 0x0000, 0x0000,
    0x0000, 0x0000, 0x0000, 0x0000, 0x0000, 0x0000, 0x0000, 0x0000, 0x0000, 0x0000, 0x0000, 0x0000,
    0x0000, 0x0000, 0x0000, 0x0000, 0x0000, 0x0000, 0x0000, 0x0000, 0x0000, 0x0000, 0x0000, 0x0000,
    0x0000, 0x0000, 0x0000, 0x0000, 0x0000, 0x0000, 0x0000, 0x0000, 0x0000, 0x0000, 0x0000, 0x0000,
    0x0000, 0x0000, 0x0000, 0x0000, 0x0000, 0x0000, 0x0000, 0x0000, 0x0000, 0x0000, 0x0000, 0x0000,
    0x0000, 0x0000, 0x0000, 0x0000, 0x0000, 0x0000, 0x0000, 0x0000, 0x0000, 0x0000, 0x0000, 0x0000,
    0x0000, 0x0000, 0x0000, 0x0000, 0x0000, 0x0000, 0x0000, 0x0000, 0x0000, 0x0000, 0x0000, 0x0000,
    0x0000, 0x0000, 0x0000, 0x0000, 0x0000, 0x0000, 0x0000, 0x0000, 0x0000, 0x0000, 0x0000, 0x0000,
    0x0000, 0x0000, 0x0000, 0x0000, 0x0000, 0x0000, 0x0000, 0x0000, 0x0000, 0x0000, 0x0000, 0x0000,
    0x0000, 0x0000, 0x0000, 0x0000, 0x0000, 0x0000, 0x0000, 0x0000, 0x0000, 0x0000, 0x0000, 0x0000,
    0x0000, 0x0000, 0x0000, 0x0000, 0x0000, 0x0000, 0x0000, 0x0000, 0x0000, 0x0000, 0x0000, 0x0000,
    0x0000, 0x0000, 0x0000, 0x0000, 0x0000, 0x0000, 0x0000, 0x0000, 0x0000, 0x0000, 0x0000, 0x0000,
    0x0000, 0x0000, 0x0000, 0x0000, 0x0000, 0x0000, 0x0000, 0x0000, 0x0000, 0x0000, 0x0000, 0x0000,
    0x0000, 0x0000, 0x0000, 0x0000, 0x0000, 0x0000, 0x0000, 0x0000, 0x0000, 0x0000, 0x0000, 0x0000,
    0x0000, 0x0000, 0x0000, 0x0000, 0x0000, 0x0000, 0x0000, 0x0000, 0x0000, 0x0000, 0x0000, 0x0000,
    0x0000, 0x0000, 0x0000, 0x0000, 0x0000, 0x0000, 0x0000, 0x0000, 0x0000, 0x0000, 0x0000, 0x0000,
    0x0000, 0x0000, 0x0000, 0x0000, 0x0000, 0x0000, 0x0000, 0x0000, 0x0000, 0x0000, 0x0000, 0x0000,
    0x0000, 0x0000, 0x0000, 0x0000, 0x0000, 0x0000, 0x0000, 0x0000, 0x0000, 0x0000, 0x0000, 0x0000,
    0x0000, 0x0000, 0x0000, 0x0000, 0x0000, 0x0000, 0x0000, 0x0000, 0x0000, 0x0000, 0x0000, 0x0000,
    0x0000, 0x0000, 0x0000, 0x0000, 0x0000, 0x0000, 0x0000, 0x0000, 0x0000, 0x0000, 0x0000, 0x0000,
    0x0000, 0x0000, 0x0000, 0x0000, 0x0000, 0x0000, 0x0000, 0x0000, 0x0000, 0x0000, 0x0000, 0x0000,
    0x0000, 0x0000, 0x0000, 0x0000, 0x0000, 0x0000, 0x0000, 0x0000, 0x0000, 0x0000, 0x0000, 0x0000,
    0x0000, 0x0000, 0x0000, 0x0000, 0x0000, 0x0000, 0x0000, 0x0000, 0x0000, 0x0000, 0x0000, 0x0000,
    0x0000, 0x0000, 0x0000, 0x0000, 0x0000, 0x0000, 0x0000, 0x0000, 0x0000, 0x0000, 0x0000, 0x0000,
    0x0000, 0x0000, 0x0000, 0x0000, 0x0000, 0x0000, 0x0000, 0x0000, 0x0000, 0x0000, 0x0000, 0x0000,
    0x0000, 0x0000, 0x0000, 0x0000, 0x0000, 0x0000, 0x0000, 0x0000, 0x0000, 0x0000, 0x0000, 0x0000,
    0x0000, 0x0000, 0x0000, 0x0000, 0x0000, 0x0000, 0x0000, 0x0000, 0x0000, 0x0000, 0x0000, 0x0000,
    0x0000, 0x0000, 0x0000, 0x0000, 0x0000, 0x0000, 0x0000, 0x0000, 0x0000, 0x0000, 0x0000, 0x0000,
    0x0000, 0x0000, 0x0000, 0x0000, 0x0000, 0x0000, 0x0000, 0x0000, 0x0000, 0x0000, 0x0000, 0x0000,
    0x0000, 0x0000, 0x0000, 0x0000, 0x0000, 0x0000, 0x0000, 0x0000, 0x0000, 0x0000, 0x0000, 0x0000,
    0x0000, 0x0000, 0x0000, 0x0000, 0x0000, 0x0000, 0x0000, 0x0000, 0x0000, 0x0000, 0x0000, 0x0000,
    0x0000, 0x0000, 0x0000, 0x0000, 0x0000, 0x0000, 0x0000, 0x0000, 0x0000, 0x0000, 0x0000, 0x0000,
    0x0000, 0x0000, 0x0000, 0x0000, 0x0000, 0x0000, 0x0000, 0x0000, 0x0000, 0x0000, 0x0000, 0x0000,
    0x0000, 0x0000, 0x0000, 0x0000, 0x0000, 0x0000, 0x0000, 0x0000, 0x0000, 0x0000, 0x0000, 0x0000,
    0x0000, 0x0000, 0x0000, 0x0000, 0x0000, 0x0000, 0x0000, 0x0000, 0x0000, 0x0000, 0x0000, 0x0000,
    0x0000, 0x0000, 0x0000, 0x0000, 0x0000, 0x0000, 0x0000, 0x0000, 0x0000, 0x0000, 0x0000, 0x0000,
    0x0000, 0x0000, 0x0000, 0x0000, 0x0000, 0x0000, 0x0000, 0x0000, 0x0000, 0x0000, 0x0000, 0x0000,
    0x0000, 0x0000, 0x0000, 0x0000, 0x0000, 0x0000, 0x0000, 0x0000, 0x0000, 0x0000, 0x0000, 0x0000,
    0x0000, 0x0000, 0x0000, 0x0000, 0x0000, 0x0000, 0x0000, 0x0000, 0x0000, 0x0000, 0x0000, 0x0000,
    0x0000, 0x0000, 0x0000, 0x0000, 0x0000, 0x0000, 0x0000, 0x0000, 0x0000, 0x0000, 0x0000, 0x0000,
    0x0000, 0x0000, 0x0000, 0x0000, 0x0000, 0x0000, 0x0000, 0x0000, 0x0000, 0x0000, 0x0000, 0x0000,
    0x0000, 0x0000, 0x0000, 0x0000, 0x0000, 0x0000, 0x0000, 0x0000, 0x0000, 0x0000, 0x0000, 0x0000,
    0x0000, 0x0000, 0x0000, 0x0000, 0x0000, 0x0000, 0x0000, 0x0000, 0x0000, 0x0000, 0x0000, 0x0000,
    0x0000, 0x0000, 0x0000, 0x0000, 0x0000, 0x0000, 0x0000, 0x0000, 0x0000, 0x0000, 0x0000, 0x0000,
    0x0000, 0x0000, 0x0000, 0x0000, 0x0000, 0x0000, 0x0000, 0x0000, 0x0000, 0x0000, 0x0000, 0x0000,
    0x0000, 0x0000, 0x0000, 0x0000, 0x0000, 0x0000, 0x0000, 0x0000, 0x0000, 0x0000, 0x0000, 0x0000,
    0x0000, 0x0000, 0x0000, 0x0000, 0x0000, 0x0000, 0x0000, 0x0000, 0x0000, 0x0000, 0x0000, 0x0000,
    0x0000, 0x0000, 0x0000, 0x0000, 0x0000, 0x0000, 0x0000, 0x0000, 0x0000, 0x0000, 0x0000, 0x0000,
    0x0000, 0x0000, 0x0000, 0x0000, 0x0000, 0x0000, 0x0000, 0x0000, 0x0000, 0x0000, 0x0000, 0x0000,
    0x0000, 0x0000, 0x0000, 0x0000, 0x0000, 0x0000, 0x0000, 0x0000, 0x0000, 0x0000, 0x0000, 0x0000,
    0x0000, 0x0000, 0x0000, 0x0000, 0x0000, 0x0000, 0x0000, 0x0000, 0x0000, 0x0000, 0x0000, 0x0000,
    0x0000, 0x0000, 0x0000, 0x0000, 0x0000, 0x0000, 0x0000, 0x0000, 0x0000, 0x0000, 0x0000, 0x0000,
    0x0000, 0x0000, 0x0000, 0x0000, 0x0000, 0x0000, 0x0000, 0x0000, 0x0000, 0x0000, 0x0000, 0x0000,
    0x0000, 0x0000, 0x0000, 0x0000, 0x0000, 0x0000, 0x0000, 0x0000, 0x0000, 0x0000, 0x0000, 0x0000,
    0x0000, 0x0000, 0x0000, 0x0000, 0x0000, 0x0000, 0x0000, 0x0000, 0x0000, 0x0000, 0x0000, 0x0000,
    0x0000, 0x0000, 0x0000, 0x0000, 0x0000, 0x0000, 0x0000, 0x0000, 0x0000, 0x0000, 0x0000, 0x0000,
    0x0000, 0x0000, 0x0000, 0x0000, 0x0000, 0x0000, 0x0000, 0x0000, 0x0000, 0x0000, 0x0000, 0x0000,
    0x0000, 0x0000, 0x0000, 0x0000, 0x0000, 0x0000, 0x0000, 0x0000, 0x0000, 0x0000, 0x0000, 0x0000,
    0x0000, 0x0000, 0x0000, 0x0000, 0x0000, 0x0000, 0x0000, 0x0000, 0x0000, 0x0000, 0x0000, 0x0000,
    0x0000, 0x0000, 0x0000, 0x0000, 0x0000, 0x0000, 0x0000, 0x0000, 0x0000, 0x0000, 0x0000, 0x0000,
    0x0000, 0x0000, 0x0000, 0x0000, 0x0000, 0x0000, 0x0000, 0x0000, 0x0000, 0x0000, 0x0000, 0x0000,
    0x0000, 0x0000, 0x0000, 0x0000, 0x0000, 0x0000, 0x0000, 0x0000, 0x0000, 0x0000, 0x0000, 0x0000,
    0x0000, 0x0000, 0x0000, 0x0000, 0x0000, 0x0000, 0x0000, 0x0000, 0x0000, 0x0000, 0x0000, 0x0000,
    0x0000, 0x0000, 0x0000, 0x0000, 0x0000, 0x0000, 0x0000, 0x0000, 0x0000, 0x0000, 0x0000, 0x0000,
    0x0000, 0x0000, 0x0000, 0x0000, 0x0000, 0x0000, 0x0000, 0x0000, 0x0000, 0x0000, 0x0000, 0x0000,
    0x0000, 0x0000, 0x0000, 0x0000, 0x0000, 0x0000, 0x0000, 0x0000, 0x0000, 0x0000, 0x0000, 0x0000,
    0x0000, 0x0000, 0x0000, 0x0000, 0x0000, 0x0000, 0x0000, 0x0000, 0x0000, 0x0000, 0x0000, 0x0000,
    0x0000, 0x0000, 0x0000, 0x0000, 0x0000, 0x0000, 0x0000, 0x0000, 0x0000, 0x0000, 0x0000, 0x0000,
    0x0000, 0x0000, 0x0000, 0x0000, 0x0000, 0x0000, 0x0000, 0x0000, 0x0000, 0x0000, 0x0000, 0x0000,
    0x0000, 0x0000, 0x0000, 0x0000, 0x0000, 0x0000, 0x0000, 0x0000, 0x0000, 0x0000, 0x0000, 0x0000,
    0x0000, 0x0000, 0x0000, 0x0000, 0x0000, 0x0000, 0x0000, 0x0000, 0x0000, 0x0000, 0x0000, 0x0000,
    0x0000, 0x0000, 0x0000, 0x0000, 0x0000, 0x0000, 0x0000, 0x0000, 0x0000, 0x0000, 0x0000, 0x0000,
    0x0000, 0x0000, 0x0000, 0x0000, 0x0000, 0x0000, 0x0000, 0x0000, 0x0000, 0x0000, 0x0000, 0x0000,
    0x0000, 0x0000, 0x0000, 0x0000, 0x0000, 0x0000, 0x0000, 0x0000, 0x0000, 0x0000, 0x0000, 0x0000,
    0x0000, 0x0000, 0x0000, 0x0000, 0x0000, 0x0000, 0x0000, 0x0000, 0x0000, 0x0000, 0x0000, 0x0000,
    0x0000, 0x0000, 0x0000, 0x0000, 0x0000, 0x0000, 0x0000, 0x0000, 0x0000, 0x0000, 0x0000, 0x0000,
    0x0000, 0x0000, 0x0000, 0x0000, 0x0000, 0x0000, 0x0000, 0x0000, 0x0000, 0x0000, 0x0000, 0x0000,
    0x0000, 0x0000, 0x0000, 0x0000, 0x0000, 0x0000, 0x0000, 0x0000, 0x0000, 0x0000, 0x0000, 0x0000,
    0x0000, 0x0000, 0x0000, 0x0000, 0x0000, 0x0000, 0x0000, 0x0000, 0x0000, 0x0000, 0x0000, 0x0000,
    0x0000, 0x0000, 0x0000, 0x0000, 0x0000, 0x0000, 0x0000, 0x0000, 0x0000, 0x0000, 0x0000, 0x0000,
    0x0000, 0x0000, 0x0000, 0x0000, 0x0000, 0x0000, 0x0000, 0x0000, 0x0000, 0x0000, 0x0000, 0x0000,
    0x0000, 0x0000, 0x0000, 0x0000, 0x0000, 0x0000, 0x0000, 0x0000, 0x0000, 0x0000, 0x0000, 0x0000,
    0x0000, 0x0000, 0x0000, 0x0000, 0x0000, 0x0000, 0x0000, 0x0000, 0x0000, 0x0000, 0x0000, 0x0000,
    0x0000, 0x0000, 0x0000, 0x0000, 0x0000, 0x0000, 0x0000, 0x0000, 0x0000, 0x0000, 0x0000, 0x0000,
    0x0000, 0x0000, 0x0000, 0x0000, 0x0000, 0x0000, 0x0000, 0x0000, 0x0000, 0x0000, 0x0000, 0x0000,
    0x0000, 0x0000, 0x0000, 0x0000, 0x0000, 0x0000, 0x0000, 0x0000, 0x0000, 0x0000, 0x0000, 0x0000,
    0x0000, 0x0000, 0x0000, 0x0000, 0x0000, 0x0000, 0x0000, 0x0000, 0x0000, 0x0000, 0x0000, 0x0000,
    0x0000, 0x0000, 0x0000, 0x0000, 0x0000, 0x0000, 0x0000, 0x0000, 0x0000, 0x0000, 0x0000, 0x0000,
    0x0000, 0x0000, 0x0000, 0x0000, 0x0000, 0x0000, 0x0000, 0x0000, 0x0000, 0x0000, 0x0000, 0x0000,
    0x0000, 0x0000, 0x0000, 0x0000, 0x0000, 0x0000, 0x0000, 0x0000, 0x0000, 0x0000, 0x0000, 0x0000,
    0x0000, 0x0000, 0x0000, 0x0000, 0x0000, 0x0000, 0x0000, 0x0000, 0x0000, 0x0000, 0x0000, 0x0000,
    0x0000, 0x0000, 0x0000, 0x0000, 0x0000, 0x0000, 0x0000, 0x0000, 0x0000, 0x0000, 0x0000, 0x0000,
    0x0000, 0x0000, 0x0000, 0x0000, 0x0000, 0x0000, 0x0000, 0x0000, 0x0000, 0x0000, 0x0000, 0x0000,
    0x0000, 0x0000, 0x0000, 0x0000, 0x0000, 0x0000, 0x0000, 0x0000, 0x0000, 0x0000, 0x0000, 0x0000,
    0x0000, 0x0000, 0x0000, 0x0000, 0x0000, 0x0000, 0x0000, 0x0000, 0x0000, 0x0000, 0x0000, 0x0000,
    0x0000, 0x0000, 0x0000, 0x0000, 0x0000, 0x0000, 0x0000, 0x0000, 0x0000, 0x0000, 0x0000, 0x0000,
    0x0000, 0x0000, 0x0000, 0x0000, 0x0000, 0x0000, 0x0000, 0x0000, 0x0000, 0x0000, 0x0000, 0x0000,
    0x0000, 0x0000, 0x0000, 0x0000, 0x0000, 0x0000, 0x0000, 0x0000, 0x0000, 0x0000, 0x0000, 0x0000,
    0x0000, 0x0000, 0x0000, 0x0000, 0x0000, 0x0000, 0x0000, 0x0000, 0x0000, 0x0000, 0x0000, 0x0000,
    0x0000, 0x0000, 0x0000, 0x0000, 0x0000, 0x0000, 0x0000, 0x0000, 0x0000, 0x0000, 0x0000, 0x0000,
    0x0000, 0x0000, 0x0000, 0x0000, 0x0000, 0x0000, 0x0000, 0x0000, 0x0000, 0x0000, 0x0000, 0x0000,
    0x0000, 0x0000, 0x0000, 0x0000, 0x0000, 0x0000, 0x0000, 0x0000, 0x0000, 0x0000, 0x0000, 0x0000,
    0x0000, 0x0000, 0x0000, 0x0000, 0x0000, 0x0000, 0x0000, 0x0000, 0x0000, 0x0000, 0x0000, 0x0000,
    0x0000, 0x0000, 0x0000, 0x0000, 0x0000, 0x0000, 0x0000, 0x0000, 0x0000, 0x0000, 0x0000, 0x0000,
    0x0000, 0x0000, 0x0000, 0x0000, 0x0000, 0x0000, 0x0000, 0x0000, 0x0000, 0x0000, 0x0000, 0x0000,
    0x0000, 0x0000, 0x0000, 0x0000, 0x0000, 0x0000, 0x0000, 0x0000, 0x0000, 0x0000, 0x0000, 0x0000,
    0x0000, 0x0000, 0x0000, 0x0000, 0x0000, 0x0000, 0x0000, 0x0000, 0x0000, 0x0000, 0x0000, 0x0000,
    0x0000, 0x0000, 0x0000, 0x0000, 0x0000, 0x0000, 0x0000, 0x0000, 0x0000, 0x0000, 0x0000, 0x0000,
    0x0000, 0x0000, 0x0000, 0x0000, 0x0000, 0x0000, 0x0000, 0x0000, 0x0000, 0x0000, 0x0000, 0x0000,
    0x0000, 0x0000, 0x0000, 0x0000, 0x0000, 0x0000, 0x0000, 0x0000, 0x0000, 0x0000, 0x0000, 0x0000,
    0x0000, 0x0000, 0x0000, 0x0000, 0x0000, 0x0000, 0x0000, 0x0000, 0x0000, 0x0000, 0x0000, 0x0000,
    0x0000, 0x0000, 0x0000, 0x0000, 0x0000, 0x0000, 0x0000, 0x0000, 0x0000, 0x0000, 0x0000, 0x0000,
    0x0000, 0x0000, 0x0000, 0x0000, 0x0000, 0x0000, 0x0000, 0x0000, 0x0000, 0x0000, 0x0000, 0x0000,
    0x0000, 0x0000, 0x0000, 0x0000, 0x0000, 0x0000, 0x0000, 0x0000, 0x0000, 0x0000, 0x0000, 0x0000,
    0x0000, 0x0000, 0x0000, 0x0000, 0x0000, 0x0000, 0x0000, 0x0000, 0x0000, 0x0000, 0x0000, 0x0000,
    0x0000, 0x0000, 0x0000, 0x0000, 0x0000, 0x0000, 0x0000, 0x0000, 0x0000, 0x0000, 0x0000, 0x0000,
    0x0000, 0x0000, 0x0000, 0x0000, 0x0000, 0x0000, 0x0000, 0x0000, 0x0000, 0x0000, 0x0000, 0x0000,
    0x0000, 0x0000, 0x0000, 0x0000, 0x0000, 0x0000, 0x0000, 0x0000, 0x0000, 0x0000, 0x0000, 0x0000,
    0x0000, 0x0000, 0x0000, 0x0000, 0x0000, 0x0000, 0x0000, 0x0000, 0x0000, 0x0000, 0x0000, 0x0000,
    0x0000, 0x0000, 0x0000, 0x0000, 0x0000, 0x0000, 0x0000, 0x0000, 0x0000, 0x0000, 0x0000, 0x0000,
    0x0000, 0x0000, 0x0000, 0x0000, 0x0000, 0x0000, 0x0000, 0x0000, 0x0000, 0x0000, 0x0000, 0x0000,
    0x0000, 0x0000, 0x0000, 0x0000, 0x0000, 0x0000, 0x0000, 0x0000, 0x0000, 0x0000, 0x0000, 0x0000,
    0x0000, 0x0000, 0x0000, 0x0000, 0x0000, 0x0000, 0x0000, 0x0000, 0x0000, 0x0000, 0x0000, 0x0000,
    0x0000, 0x0000, 0x0000, 0x0000, 0x0000, 0x0000, 0x0000, 0x0000, 0x0000, 0x0000, 0x0000, 0x0000,
    0x0000, 0x0000, 0x0000, 0x0000, 0x0000, 0x0000, 0x0000, 0x0000, 0x0000, 0x0000, 0x0000, 0x0000,
    0x0000, 0x0000, 0x0000, 0x0000, 0x0000, 0x0000, 0x0000, 0x0000, 0x0000, 0x0000, 0x0000, 0x0000,
    0x0000, 0x0000, 0x0000, 0x0000, 0x0000, 0x0000, 0x0000, 0x0000, 0x0000, 0x0000, 0x0000, 0x0000,
    0x0000, 0x0000, 0x0000, 0x0000, 0x0000, 0x0000, 0x0000, 0x0000, 0x0000, 0x0000, 0x0000, 0x0000,
    0x0000, 0x0000, 0x0000, 0x0000, 0x0000, 0x0000, 0x0000, 0x0000, 0x0000, 0x0000, 0x0000, 0x0000,
    0x0000, 0x0000, 0x0000, 0x0000, 0x0000, 0x0000, 0x0000, 0x0000, 0x0000, 0x0000, 0x0000, 0x0000,
    0x0000, 0x0000, 0x0000, 0x0000, 0x0000, 0x0000, 0x0000, 0x0000, 0x0000, 0x0000, 0x0000, 0x0000,
    0x0000, 0x0000, 0x0000, 0x0000, 0x0000, 0x0000, 0x0000, 0x0000, 0x0000, 0x0000, 0x0000, 0x0000,
    0x0000, 0x0000, 0x0000, 0x0000, 0x0000, 0x0000, 0x0000, 0x0000, 0x0000, 0x0000, 0x0000, 0x0000,
    0x0000, 0x0000, 0x0000, 0x0000, 0x0000, 0x0000, 0x0000, 0x0000, 0x0000, 0x0000, 0x0000, 0x0000,
    0x0000, 0x0000, 0x0000, 0x0000, 0x0000, 0x0000, 0x0000, 0x0000, 0x0000, 0x0000, 0x0000, 0x0000,
    0x0000, 0x0000, 0x0000, 0x0000, 0x0000, 0x0000, 0x0000, 0x0000, 0x0000, 0x0000, 0x0000, 0x0000,
    0x0000, 0x0000, 0x0000, 0x0000, 0x0000, 0x0000, 0x0000, 0x0000, 0x0000, 0x0000, 0x0000, 0x0000,
    0x0000, 0x0000, 0x0000, 0x0000, 0x0000, 0x0000, 0x0000, 0x0000, 0x0000, 0x0000, 0x0000, 0x0000,
    0x0000, 0x0000, 0x0000, 0x0000, 0x0000, 0x0000, 0x0000, 0x0000, 0x0000, 0x0000, 0x0000, 0x0000,
};
