#pragma once

#include <Arduino.h>

constexpr int kSupaChatSplashWidth = 240;
constexpr int kSupaChatSplashHeight = 135;
const uint16_t kSupaChatSplash[] PROGMEM = {
    0x0000, 0x0000, 0x0000, 0x0000, 0x0000, 0x0000, 0x0000, 0x0000, 0x0000, 0x0000, 0x0000, 0x0000,
    0x0000, 0x0000, 0x0000, 0x0000, 0x0000, 0x0000, 0x0000, 0x0000, 0x0000, 0x0000, 0x0000, 0x0000,
    0x0000, 0x0000, 0x0000, 0x0000, 0x0000, 0x0000, 0x0000, 0x0000, 0x0000, 0x0000, 0x0000, 0x0000,
    0x0000, 0x0000, 0x0000, 0x0000, 0x0000, 0x0000, 0x0000, 0x0000, 0x0000, 0x0000, 0x0000, 0x0000,
    0x0000, 0x0000, 0x0000, 0x0000, 0x0000, 0x0000, 0x0000, 0x0000, 0x0000, 0x0000, 0x0000, 0x0000,
    0x0000, 0x0000, 0x0000, 0x0000, 0x0000, 0x0000, 0x0000, 0x0000, 0x0000, 0x0000, 0x0000, 0x0000,
    0x0000, 0x0000, 0x0000, 0x0000, 0x0000, 0x0000, 0x0000, 0x0000, 0x0000, 0x0000, 0x0000, 0x0000,
    0x0000, 0x0000, 0x0000, 0x0000, 0x0000, 0x0000, 0x0000, 0x0000, 0x0000, 0x0000, 0x0000, 0x0000,
    0x0000, 0x0000, 0x0000, 0x0000, 0x0000, 0x0000, 0x0000, 0x0000, 0x0000, 0x0000, 0x0000, 0x0000,
    0x0000, 0x0000, 0x0000, 0x0000, 0x0000, 0x0000, 0x0000, 0x0000, 0x0000, 0x0000, 0x0000, 0x0000,
    0x0000, 0x0000, 0x0000, 0x0000, 0x0000, 0x0000, 0x0000, 0x0000, 0x0000, 0x0000, 0x0000, 0x0000,
    0x0000, 0x0000, 0x0000, 0x0000, 0x0000, 0x0000, 0x0000, 0x0000, 0x0000, 0x0000, 0x0000, 0x0000,
    0x0000, 0x0000, 0x0000, 0x0000, 0x0000, 0x0000, 0x0000, 0x0000, 0x0000, 0x0000, 0x0000, 0x0000,
    0x0000, 0x0000, 0x0000, 0x0000, 0x0000, 0x0000, 0x0000, 0x0000, 0x0000, 0x0000, 0x0000, 0x0000,
    0x0000, 0x0000, 0x0000, 0x0000, 0x0000, 0x0000, 0x0000, 0x0000, 0x0000, 0x0000, 0x0000, 0x0000,
    0x0000, 0x0000, 0x0000, 0x0000, 0x0000, 0x0000, 0x0000, 0x0000, 0x0000, 0x0000, 0x0000, 0x0000,
    0x0000, 0x0000, 0x0000, 0x0000, 0x0000, 0x0000, 0x0000, 0x0000, 0x0000, 0x0000, 0x0000, 0x0000,
    0x0000, 0x0000, 0x0000, 0x0000, 0x0000, 0x0000, 0x0000, 0x0000, 0x0000, 0x0000, 0x0000, 0x0000,
    0x0000, 0x0000, 0x0000, 0x0000, 0x0000, 0x0000, 0x0000, 0x0000, 0x0000, 0x0000, 0x0000, 0x0000,
    0x0000, 0x0000, 0x0000, 0x0000, 0x0000, 0x0000, 0x0000, 0x0000, 0x0000, 0x0000, 0x0000, 0x0000,
    0x0000, 0x0000, 0x0000, 0x0000, 0x0000, 0x0000, 0x0000, 0x0000, 0x0000, 0x0000, 0x0000, 0x0000,
    0x0000, 0x0000, 0x0000, 0x0000, 0x0000, 0x0000, 0x0000, 0x0000, 0x0000, 0x0000, 0x0000, 0x0000,
    0x0000, 0x0000, 0x0000, 0x0000, 0x0000, 0x0000, 0x0000, 0x0000, 0x0000, 0x0000, 0x0000, 0x0000,
    0x0000, 0x0000, 0x0000, 0x0000, 0x0000, 0x0000, 0x0000, 0x0000, 0x0000, 0x0000, 0x0000, 0x0000,
    0x0000, 0x0000, 0x0000, 0x0000, 0x0000, 0x0000, 0x0000, 0x0000, 0x0000, 0x0000, 0x0000, 0x0000,
    0x0000, 0x0000, 0x0000, 0x0000, 0x0000, 0x0000, 0x0000, 0x0000, 0x0000, 0x0000, 0x0000, 0x0000,
    0x0000, 0x0000, 0x0000, 0x0000, 0x0000, 0x0000, 0x0000, 0x0000, 0x0000, 0x0000, 0x0000, 0x0000,
    0x0000, 0x0000, 0x0000, 0x0000, 0x0000, 0x0000, 0x0000, 0x0000, 0x0000, 0x0000, 0x0000, 0x0000,
    0x0000, 0x0000, 0x0000, 0x0000, 0x0000, 0x0000, 0x0000, 0x0000, 0x0000, 0x0000, 0x0000, 0x0000,
    0x0000, 0x0000, 0x0000, 0x0000, 0x0000, 0x0000, 0x0000, 0x0000, 0x0000, 0x0000, 0x0000, 0x0000,
    0x0000, 0x0000, 0x0000, 0x0000, 0x0000, 0x0000, 0x0000, 0x0000, 0x0000, 0x0000, 0x0000, 0x0000,
    0x0000, 0x0000, 0x0000, 0x0000, 0x0000, 0x0000, 0x0000, 0x0000, 0x0000, 0x0000, 0x0000, 0x0000,
    0x0000, 0x0000, 0x0000, 0x0000, 0x0000, 0x0000, 0x0000, 0x0000, 0x0000, 0x0000, 0x0000, 0x0000,
    0x0000, 0x0000, 0x0000, 0x0000, 0x0000, 0x0000, 0x0000, 0x0000, 0x0000, 0x0000, 0x0000, 0x0000,
    0x0000, 0x0000, 0x0000, 0x0000, 0x0000, 0x0000, 0x0000, 0x0000, 0x0000, 0x0000, 0x0000, 0x0000,
    0x0000, 0x0000, 0x0000, 0x0000, 0x0000, 0x0000, 0x0000, 0x0000, 0x0000, 0x0000, 0x0000, 0x0000,
    0x0000, 0x0000, 0x0000, 0x0000, 0x0000, 0x0000, 0x0000, 0x0000, 0x0000, 0x0000, 0x0000, 0x0000,
    0x0000, 0x0000, 0x0000, 0x0000, 0x0000, 0x0000, 0x0000, 0x0000, 0x0000, 0x0000, 0x0000, 0x0000,
    0x0000, 0x0000, 0x0000, 0x0000, 0x0000, 0x0000, 0x0000, 0x0000, 0x0000, 0x0000, 0x0000, 0x0000,
    0x0000, 0x0000, 0x0000, 0x0000, 0x0000, 0x0000, 0x0000, 0x0000, 0x0000, 0x0000, 0x0000, 0x0000,
    0x0000, 0x0000, 0x0000, 0x0000, 0x0000, 0x0000, 0x0000, 0x0000, 0x0000, 0x0000, 0x0000, 0x0000,
    0x0000, 0x0000, 0x0000, 0x0000, 0x0000, 0x0000, 0x0000, 0x0000, 0x0000, 0x0000, 0x0000, 0x0000,
    0x0000, 0x0000, 0x0000, 0x0000, 0x0000, 0x0000, 0x0000, 0x0000, 0x0000, 0x0000, 0x0000, 0x0000,
    0x0000, 0x0000, 0x0000, 0x0000, 0x0000, 0x0000, 0x0000, 0x0000, 0x0000, 0x0000, 0x0000, 0x0000,
    0x0000, 0x0000, 0x0000, 0x0000, 0x0000, 0x0000, 0x0000, 0x0000, 0x0000, 0x0000, 0x0000, 0x0000,
    0x0000, 0x0000, 0x0000, 0x0000, 0x0000, 0x0000, 0x0000, 0x0000, 0x0000, 0x0000, 0x0000, 0x0000,
    0x0000, 0x0000, 0x0000, 0x0000, 0x0000, 0x0000, 0x0000, 0x0000, 0x0000, 0x0000, 0x0000, 0x0000,
    0x0000, 0x0000, 0x0000, 0x0000, 0x0000, 0x0000, 0x0000, 0x0000, 0x0000, 0x0000, 0x0000, 0x0000,
    0x0000, 0x0000, 0x0000, 0x0000, 0x0000, 0x0000, 0x0000, 0x0000, 0x0000, 0x0000, 0x0000, 0x0000,
    0x0000, 0x0000, 0x0000, 0x0000, 0x0000, 0x0000, 0x0000, 0x0000, 0x0000, 0x0000, 0x0000, 0x0000,
    0x0000, 0x0000, 0x0000, 0x0000, 0x0000, 0x0000, 0x0000, 0x0000, 0x0000, 0x0000, 0x0000, 0x0000,
    0x0000, 0x0000, 0x0000, 0x0000, 0x0000, 0x0000, 0x0000, 0x0000, 0x0000, 0x0000, 0x0000, 0x0000,
    0x0000, 0x0000, 0x0000, 0x0000, 0x0000, 0x0000, 0x0000, 0x0000, 0x0000, 0x0000, 0x0000, 0x0000,
    0x0000, 0x0000, 0x0000, 0x0000, 0x0000, 0x0000, 0x0000, 0x0000, 0x0000, 0x0000, 0x0000, 0x0000,
    0x0000, 0x0000, 0x0000, 0x0000, 0x0000, 0x0000, 0x0000, 0x0000, 0x0000, 0x0000, 0x0000, 0x0000,
    0x0000, 0x0000, 0x0000, 0x0000, 0x0000, 0x0000, 0x0000, 0x0000, 0x0000, 0x0000, 0x0000, 0x0000,
    0x0000, 0x0000, 0x0000, 0x0000, 0x0000, 0x0000, 0x0000, 0x0000, 0x0000, 0x0000, 0x0000, 0x0000,
    0x0000, 0x0000, 0x0000, 0x0000, 0x0000, 0x0000, 0x0000, 0x0000, 0x0000, 0x0000, 0x0000, 0x0000,
    0x0000, 0x0000, 0x0000, 0x0000, 0x0000, 0x0000, 0x0000, 0x0000, 0x0000, 0x0000, 0x0000, 0x0000,
    0x0000, 0x0000, 0x0000, 0x0000, 0x0000, 0x0000, 0x0000, 0x0000, 0x0000, 0x0000, 0x0000, 0x0000,
    0x0000, 0x0000, 0x0000, 0x0000, 0x0000, 0x0000, 0x0000, 0x0000, 0x0000, 0x0000, 0x0000, 0x0000,
    0x0000, 0x0000, 0x0000, 0x0000, 0x0000, 0x0000, 0x0000, 0x0000, 0x0000, 0x0000, 0x0000, 0x0000,
    0x0000, 0x0000, 0x0000, 0x0000, 0x0000, 0x0000, 0x0000, 0x0000, 0x0000, 0x0000, 0x0000, 0x0000,
    0x0000, 0x0000, 0x0000, 0x0000, 0x0000, 0x0000, 0x0000, 0x0000, 0x0000, 0x0000, 0x0000, 0x0000,
    0x0000, 0x0000, 0x0000, 0x0000, 0x0000, 0x0000, 0x0000, 0x0000, 0x0000, 0x0000, 0x0000, 0x0000,
    0x0000, 0x0000, 0x0000, 0x0000, 0x0000, 0x0000, 0x0000, 0x0000, 0x0000, 0x0000, 0x0000, 0x0000,
    0x0000, 0x0000, 0x0000, 0x0000, 0x0000, 0x0000, 0x0000, 0x0000, 0x0000, 0x0000, 0x0000, 0x0000,
    0x0000, 0x0000, 0x0000, 0x0000, 0x0000, 0x0000, 0x0000, 0x0000, 0x0000, 0x0000, 0x0000, 0x0000,
    0x0000, 0x0000, 0x0000, 0x0000, 0x0000, 0x0000, 0x0000, 0x0000, 0x0000, 0x0000, 0x0000, 0x0000,
    0x0000, 0x0000, 0x0000, 0x0000, 0x0000, 0x0000, 0x0000, 0x0000, 0x0000, 0x0000, 0x0000, 0x0000,
    0x0000, 0x0000, 0x0000, 0x0000, 0x0000, 0x0000, 0x0000, 0x0000, 0x0000, 0x0000, 0x0000, 0x0000,
    0x0000, 0x0000, 0x0000, 0x0000, 0x0000, 0x0000, 0x0000, 0x0000, 0x0000, 0x0000, 0x0000, 0x0000,
    0x0000, 0x0000, 0x0000, 0x0000, 0x0000, 0x0000, 0x0000, 0x0000, 0x0000, 0x0000, 0x0000, 0x0000,
    0x0000, 0x0000, 0x0000, 0x0000, 0x0000, 0x0000, 0x0000, 0x0000, 0x0000, 0x0000, 0x0000, 0x0000,
    0x0000, 0x0000, 0x0000, 0x0000, 0x0000, 0x0000, 0x0000, 0x0000, 0x0000, 0x0000, 0x0000, 0x0000,
    0x0000, 0x0000, 0x0000, 0x0000, 0x0000, 0x0000, 0x0000, 0x0000, 0x0000, 0x0000, 0x0000, 0x0000,
    0x0000, 0x0000, 0x0000, 0x0000, 0x0000, 0x0000, 0x0000, 0x0000, 0x0000, 0x0000, 0x0000, 0x0000,
    0x0000, 0x0000, 0x0000, 0x0000, 0x0000, 0x0000, 0x0000, 0x0000, 0x0000, 0x0000, 0x0000, 0x0000,
    0x0000, 0x0000, 0x0000, 0x0000, 0x0000, 0x0000, 0x0000, 0x0000, 0x0000, 0x0000, 0x0000, 0x0000,
    0x0000, 0x0000, 0x0000, 0x0000, 0x0000, 0x0000, 0x0000, 0x0000, 0x0000, 0x0000, 0x0000, 0x0000,
    0x0000, 0x0000, 0x0000, 0x0000, 0x0000, 0x0000, 0x0000, 0x0000, 0x0000, 0x0000, 0x0000, 0x0000,
    0x0000, 0x0000, 0x0000, 0x0000, 0x0000, 0x0000, 0x0000, 0x0000, 0x0000, 0x0000, 0x0000, 0x0000,
    0x0000, 0x0000, 0x0000, 0x0000, 0x0000, 0x0000, 0x0000, 0x0000, 0x0000, 0x0000, 0x0000, 0x0000,
    0x0000, 0x0000, 0x0000, 0x0000, 0x0000, 0x0000, 0x0000, 0x0000, 0x0000, 0x0000, 0x0000, 0x0000,
    0x0000, 0x0000, 0x0000, 0x0000, 0x0000, 0x0000, 0x0000, 0x0000, 0x0000, 0x0000, 0x0000, 0x0000,
    0x0000, 0x0000, 0x0000, 0x0000, 0x0000, 0x0000, 0x0000, 0x0000, 0x0000, 0x0000, 0x0000, 0x0000,
    0x0000, 0x0000, 0x0000, 0x0000, 0x0000, 0x0000, 0x0000, 0x0000, 0x0000, 0x0000, 0x0000, 0x0000,
    0x0000, 0x0000, 0x0000, 0x0000, 0x0000, 0x0000, 0x0000, 0x0000, 0x0000, 0x0000, 0x0000, 0x0000,
    0x0000, 0x0000, 0x0000, 0x0000, 0x0000, 0x0000, 0x0000, 0x0000, 0x0000, 0x0000, 0x0000, 0x0000,
    0x0000, 0x0000, 0x0000, 0x0000, 0x0000, 0x0000, 0x0000, 0x0000, 0x0000, 0x0000, 0x0000, 0x0000,
    0x0000, 0x0000, 0x0000, 0x0000, 0x0000, 0x0000, 0x0000, 0x0000, 0x0000, 0x0000, 0x0000, 0x0000,
    0x0000, 0x0000, 0x0000, 0x0000, 0x0000, 0x0000, 0x0000, 0x0000, 0x0000, 0x0000, 0x0000, 0x0000,
    0x0000, 0x0000, 0x0000, 0x0000, 0x0000, 0x0000, 0x0000, 0x0000, 0x0000, 0x0000, 0x0000, 0x0000,
    0x0000, 0x0000, 0x0000, 0x0000, 0x0000, 0x0000, 0x0000, 0x0000, 0x0000, 0x0000, 0x0000, 0x0000,
    0x0000, 0x0000, 0x0000, 0x0000, 0x0000, 0x0000, 0x0000, 0x0000, 0x0000, 0x0000, 0x0000, 0x0000,
    0x0000, 0x0000, 0x0000, 0x0000, 0x0000, 0x0000, 0x0000, 0x0000, 0x0000, 0x0000, 0x0000, 0x0000,
    0x0000, 0x0000, 0x0000, 0x0000, 0x0000, 0x0000, 0x0000, 0x0000, 0x0000, 0x0000, 0x0000, 0x0000,
    0x0000, 0x0000, 0x0000, 0x0000, 0x0000, 0x0000, 0x0000, 0x0000, 0x0000, 0x0000, 0x0000, 0x0000,
    0x0000, 0x0000, 0x0000, 0x0000, 0x0000, 0x0000, 0x0000, 0x0000, 0x0000, 0x0000, 0x0000, 0x0000,
    0x0000, 0x0000, 0x0000, 0x0000, 0x0000, 0x0000, 0x0000, 0x0000, 0x0000, 0x0000, 0x0000, 0x0000,
    0x0000, 0x0000, 0x0000, 0x0000, 0x0000, 0x0000, 0x0000, 0x0000, 0x0000, 0x0000, 0x0000, 0x0000,
    0x0000, 0x0000, 0x0000, 0x0000, 0x0000, 0x0000, 0x0000, 0x0000, 0x0000, 0x0000, 0x0000, 0x0000,
    0x0000, 0x0000, 0x0000, 0x0000, 0x0000, 0x0000, 0x0000, 0x0000, 0x0000, 0x0000, 0x0000, 0x0000,
    0x0000, 0x0000, 0x0000, 0x0000, 0x0000, 0x0000, 0x0000, 0x0000, 0x0000, 0x0000, 0x0000, 0x0000,
    0x0000, 0x0000, 0x0000, 0x0000, 0x0000, 0x0000, 0x0000, 0x0000, 0x0000, 0x0000, 0x0000, 0x0000,
    0x0000, 0x0000, 0x0000, 0x0000, 0x0000, 0x0000, 0x0000, 0x0000, 0x0000, 0x0000, 0x0000, 0x0000,
    0x0000, 0x0000, 0x0000, 0x0000, 0x0000, 0x0000, 0x0000, 0x0000, 0x0000, 0x0000, 0x0000, 0x0000,
    0x0000, 0x0000, 0x0000, 0x0000, 0x0000, 0x0000, 0x0000, 0x0000, 0x0000, 0x0000, 0x0000, 0x0000,
    0x0000, 0x0000, 0x0000, 0x0000, 0x0000, 0x0000, 0x0000, 0x0000, 0x0000, 0x0000, 0x0000, 0x0000,
    0x0000, 0x0000, 0x0000, 0x0000, 0x0000, 0x0000, 0x0000, 0x0000, 0x0000, 0x0000, 0x0000, 0x0000,
    0x0000, 0x0000, 0x0000, 0x0000, 0x0000, 0x0000, 0x0000, 0x0000, 0x0000, 0x0000, 0x0000, 0x0000,
    0x0000, 0x0000, 0x0000, 0x0000, 0x0000, 0x0000, 0x0000, 0x0000, 0x0000, 0x0000, 0x0000, 0x0000,
    0x0000, 0x0000, 0x0000, 0x0000, 0x0000, 0x0000, 0x0000, 0x0000, 0x0000, 0x0000, 0x0000, 0x0000,
    0x0000, 0x0000, 0x0000, 0x0000, 0x0000, 0x0000, 0x0000, 0x0000, 0x0000, 0x0000, 0x0000, 0x0000,
    0x0000, 0x0000, 0x0000, 0x0000, 0x0000, 0x0000, 0x0000, 0x0000, 0x0000, 0x0000, 0x0000, 0x0000,
    0x0000, 0x0000, 0x0000, 0x0000, 0x0000, 0x0000, 0x0000, 0x0000, 0x0000, 0x0000, 0x0000, 0x0000,
    0x0000, 0x0000, 0x0000, 0x0000, 0x0000, 0x0000, 0x0000, 0x0000, 0x0000, 0x0000, 0x0000, 0x0000,
    0x0000, 0x0000, 0x0000, 0x0000, 0x0000, 0x0000, 0x0000, 0x0000, 0x0000, 0x0000, 0x0000, 0x0000,
    0x0000, 0x0000, 0x0000, 0x0000, 0x0000, 0x0000, 0x0000, 0x0000, 0x0000, 0x0000, 0x0000, 0x0000,
    0x0000, 0x0000, 0x0000, 0x0000, 0x0000, 0x0000, 0x0000, 0x0000, 0x0000, 0x0000, 0x0000, 0x0000,
    0x0000, 0x0000, 0x0000, 0x0000, 0x0000, 0x0000, 0x0000, 0x0000, 0x0000, 0x0000, 0x0000, 0x0000,
    0x0000, 0x0000, 0x0000, 0x0000, 0x0000, 0x0000, 0x0000, 0x0000, 0x0000, 0x0000, 0x0000, 0x0000,
    0x0000, 0x0000, 0x0000, 0x0000, 0x0000, 0x0000, 0x0000, 0x0000, 0x0000, 0x0000, 0x0000, 0x0000,
    0x0000, 0x0000, 0x0000, 0x0000, 0x0000, 0x0000, 0x0000, 0x0000, 0x0000, 0x0000, 0x0000, 0x0000,
    0x0000, 0x0000, 0x0000, 0x0000, 0x0000, 0x0000, 0x0000, 0x0000, 0x0000, 0x0000, 0x0000, 0x0000,
    0x0000, 0x0000, 0x0000, 0x0000, 0x0000, 0x0000, 0x0000, 0x0000, 0x0000, 0x0000, 0x0000, 0x0000,
    0x0000, 0x0000, 0x0000, 0x0000, 0x0000, 0x0000, 0x0000, 0x0000, 0x0000, 0x0000, 0x0000, 0x0000,
    0x0000, 0x0000, 0x0000, 0x0000, 0x0000, 0x0000, 0x0000, 0x0000, 0x0000, 0x0000, 0x0000, 0x0000,
    0x0000, 0x0000, 0x0000, 0x0000, 0x0000, 0x0000, 0x0000, 0x0000, 0x0000, 0x0000, 0x0000, 0x0000,
    0x0000, 0x0000, 0x0000, 0x0000, 0x0000, 0x0000, 0x0000, 0x0000, 0x0000, 0x0000, 0x0000, 0x0000,
    0x0000, 0x0000, 0x0000, 0x0000, 0x0000, 0x0000, 0x0000, 0x0000, 0x0000, 0x0000, 0x0000, 0x0000,
    0x0000, 0x0000, 0x0000, 0x0000, 0x0000, 0x0000, 0x0000, 0x0000, 0x0000, 0x0000, 0x0000, 0x0000,
    0x0000, 0x0000, 0x0000, 0x0000, 0x0000, 0x0000, 0x0000, 0x0000, 0x0000, 0x0000, 0x0000, 0x0000,
    0x0000, 0x0000, 0x0000, 0x0000, 0x0000, 0x0000, 0x0000, 0x0000, 0x0000, 0x0000, 0x0000, 0x0000,
    0x0000, 0x0000, 0x0000, 0x0000, 0x0000, 0x0000, 0x0000, 0x0000, 0x0000, 0x0000, 0x0000, 0x0000,
    0x0000, 0x0000, 0x0000, 0x0000, 0x0000, 0x0000, 0x0000, 0x0000, 0x0000, 0x0000, 0x0000, 0x0000,
    0x0000, 0x0000, 0x0000, 0x0000, 0x0000, 0x0000, 0x0000, 0x0000, 0x0000, 0x0000, 0x0000, 0x0000,
    0x0000, 0x0000, 0x0000, 0x0000, 0x0000, 0x0000, 0x0000, 0x0000, 0x0000, 0x0000, 0x0000, 0x0000,
    0x0000, 0x0000, 0x0000, 0x0000, 0x0000, 0x0000, 0x0000, 0x0000, 0x0000, 0x0000, 0x0000, 0x0000,
    0x0000, 0x0000, 0x0000, 0x0000, 0x0000, 0x0000, 0x0000, 0x0000, 0x0000, 0x0000, 0x0000, 0x0000,
    0x0000, 0x0000, 0x0000, 0x0000, 0x0000, 0x0000, 0x0000, 0x0000, 0x0000, 0x0000, 0x0000, 0x0000,
    0x0000, 0x0000, 0x0000, 0x0000, 0x0000, 0x0000, 0x0000, 0x0000, 0x0000, 0x0000, 0x0000, 0x0000,
    0x0000, 0x0000, 0x0000, 0x0000, 0x0000, 0x0000, 0x0000, 0x0000, 0x0000, 0x0000, 0x0000, 0x0000,
    0x0000, 0x0000, 0x0000, 0x0000, 0x0000, 0x0000, 0x0000, 0x0000, 0x0000, 0x0000, 0x0000, 0x0000,
    0x0000, 0x0000, 0x0000, 0x0000, 0x0000, 0x0000, 0x0000, 0x0000, 0x0000, 0x0000, 0x0000, 0x0000,
    0x0000, 0x0000, 0x0000, 0x0000, 0x0000, 0x0000, 0x0000, 0x0000, 0x0000, 0x0000, 0x0000, 0x0000,
    0x0000, 0x0000, 0x0000, 0x0000, 0x0000, 0x0000, 0x0000, 0x0000, 0x0000, 0x0000, 0x0000, 0x0000,
    0x0000, 0x0000, 0x0000, 0x0000, 0x0000, 0x0000, 0x0000, 0x0000, 0x0000, 0x0000, 0x0000, 0x0000,
    0x0000, 0x0000, 0x0000, 0x0000, 0x0000, 0x0000, 0x0000, 0x0000, 0x0000, 0x0000, 0x0000, 0x0000,
    0x0000, 0x0000, 0x0000, 0x0000, 0x0000, 0x0000, 0x0000, 0x0000, 0x0000, 0x0000, 0x0000, 0x0000,
    0x0000, 0x0000, 0x0000, 0x0000, 0x0000, 0x0000, 0x0000, 0x0000, 0x0000, 0x0000, 0x0000, 0x0000,
    0x0000, 0x0000, 0x0000, 0x0000, 0x0000, 0x0000, 0x0000, 0x0000, 0x0000, 0x0000, 0x0000, 0x0000,
    0x0000, 0x0000, 0x0000, 0x0000, 0x0000, 0x0000, 0x0000, 0x0000, 0x0000, 0x0000, 0x0000, 0x0000,
    0x0000, 0x0000, 0x0000, 0x0000, 0x0000, 0x0000, 0x0000, 0x0000, 0x0000, 0x0000, 0x0000, 0x0000,
    0x0000, 0x0000, 0x0000, 0x0000, 0x0000, 0x0000, 0x0000, 0x0000, 0x0000, 0x0000, 0x0000, 0x0000,
    0x0000, 0x0000, 0x0000, 0x0000, 0x0000, 0x0000, 0x0000, 0x0000, 0x0000, 0x0000, 0x0000, 0x0000,
    0x0000, 0x0000, 0x0000, 0x0000, 0x0000, 0x0000, 0x0000, 0x0000, 0x0000, 0x0000, 0x0000, 0x0000,
    0x0000, 0x0000, 0x0000, 0x0000, 0x0000, 0x0000, 0x0000, 0x0000, 0x0000, 0x0000, 0x0000, 0x0000,
    0x0000, 0x0000, 0x0000, 0x0000, 0x0000, 0x0000, 0x0000, 0x0000, 0x0000, 0x0000, 0x0000, 0x0000,
    0x0000, 0x0000, 0x0000, 0x0000, 0x0000, 0x0000, 0x0000, 0x0000, 0x0000, 0x0000, 0x0000, 0x0000,
    0x0000, 0x0000, 0x0000, 0x0000, 0x0000, 0x0000, 0x0000, 0x0000, 0x0000, 0x0000, 0x0000, 0x0000,
    0x0000, 0x0000, 0x0000, 0x0000, 0x0000, 0x0000, 0x0000, 0x0000, 0x0000, 0x0000, 0x0000, 0x0000,
    0x0000, 0x0000, 0x0000, 0x0000, 0x0000, 0x0000, 0x0000, 0x0000, 0x0000, 0x0000, 0x0000, 0x0000,
    0x0000, 0x0000, 0x0000, 0x0000, 0x0000, 0x0000, 0x0000, 0x0000, 0x0000, 0x0000, 0x0000, 0x0000,
    0x0000, 0x0000, 0x0000, 0x0000, 0x0000, 0x0000, 0x0000, 0x0000, 0x0000, 0x0000, 0x0000, 0x0000,
    0x0000, 0x0000, 0x0000, 0x0000, 0x0000, 0x0000, 0x0000, 0x0000, 0x0000, 0x0000, 0x0000, 0x0000,
    0x0000, 0x0000, 0x0000, 0x0000, 0x0000, 0x0000, 0x0000, 0x0000, 0x0000, 0x0000, 0x0000, 0x0000,
    0x0000, 0x0000, 0x0000, 0x0000, 0x0000, 0x0000, 0x0000, 0x0000, 0x0000, 0x0000, 0x0000, 0x0000,
    0x0000, 0x0000, 0x0000, 0x0000, 0x0000, 0x0000, 0x0000, 0x0000, 0x0000, 0x0000, 0x0000, 0x0000,
    0x0000, 0x0000, 0x0000, 0x0000, 0x0000, 0x0000, 0x0000, 0x0000, 0x0000, 0x0000, 0x0000, 0x0000,
    0x0000, 0x0000, 0x0000, 0x0000, 0x0000, 0x0000, 0x0000, 0x0000, 0x0000, 0x0000, 0x0000, 0x0000,
    0x0000, 0x0000, 0x0000, 0x0000, 0x0000, 0x0000, 0x0000, 0x0000, 0x0000, 0x0000, 0x0000, 0x0000,
    0x0000, 0x0000, 0x0000, 0x0000, 0x0000, 0x0000, 0x0000, 0x0000, 0x0000, 0x0000, 0x0000, 0x0000,
    0x0000, 0x0000, 0x0000, 0x0000, 0x0000, 0x0000, 0x0000, 0x0000, 0x0000, 0x0000, 0x0000, 0x0000,
    0x0000, 0x0000, 0x0000, 0x0000, 0x0000, 0x0000, 0x0000, 0x0000, 0x0000, 0x0000, 0x0000, 0x0000,
    0x0000, 0x0000, 0x0000, 0x0000, 0x0000, 0x0000, 0x0000, 0x0000, 0x0000, 0x0000, 0x0000, 0x0000,
    0x0000, 0x0000, 0x0000, 0x0000, 0x0000, 0x0000, 0x0000, 0x0000, 0x0000, 0x0000, 0x0000, 0x0000,
    0x0000, 0x0000, 0x0000, 0x0000, 0x0000, 0x0000, 0x0000, 0x0000, 0x0000, 0x0000, 0x0000, 0x0000,
    0x0000, 0x0000, 0x0000, 0x0000, 0x0000, 0x0000, 0x0000, 0x0000, 0x0000, 0x0000, 0x0000, 0x0000,
    0x0000, 0x0000, 0x0000, 0x0000, 0x0000, 0x0000, 0x0000, 0x0000, 0x0000, 0x0000, 0x0000, 0x0000,
    0x0000, 0x0000, 0x0000, 0x0000, 0x0000, 0x0000, 0x0000, 0x0000, 0x0000, 0x0000, 0x0000, 0x0000,
    0x0000, 0x0000, 0x0000, 0x0000, 0x0000, 0x0000, 0x0000, 0x0000, 0x0000, 0x0000, 0x0000, 0x0000,
    0x0000, 0x0000, 0x0000, 0x0000, 0x0000, 0x0000, 0x0000, 0x0000, 0x0000, 0x0000, 0x0000, 0x0000,
    0x0000, 0x0000, 0x0000, 0x0000, 0x0000, 0x0000, 0x0000, 0x0000, 0x0000, 0x0000, 0x0000, 0x0000,
    0x0000, 0x0000, 0x0000, 0x0000, 0x0000, 0x0000, 0x0000, 0x0000, 0x0000, 0x0000, 0x0000, 0x0000,
    0x0000, 0x0000, 0x0000, 0x0000, 0x0000, 0x0000, 0x0000, 0x0000, 0x0000, 0x0000, 0x0000, 0x0000,
    0x0000, 0x0000, 0x0000, 0x0000, 0x0000, 0x0000, 0x0000, 0x0000, 0x0000, 0x0000, 0x0000, 0x0000,
    0x0000, 0x0000, 0x0000, 0x0000, 0x0000, 0x0000, 0x0000, 0x0000, 0x0000, 0x0000, 0x0000, 0x0000,
    0x0000, 0x0000, 0x0000, 0x0000, 0x0000, 0x0000, 0x0000, 0x0000, 0x0000, 0x0000, 0x0000, 0x0000,
    0x0000, 0x0000, 0x0000, 0x0000, 0x0000, 0x0000, 0x0000, 0x0000, 0x0000, 0x0000, 0x0000, 0x0000,
    0x0000, 0x0000, 0x0000, 0x0000, 0x0000, 0x0000, 0x0000, 0x0000, 0x0000, 0x0000, 0x0000, 0x0000,
    0x0000, 0x0000, 0x0000, 0x0000, 0x0000, 0x0000, 0x0000, 0x0000, 0x0000, 0x0000, 0x0000, 0x0000,
    0x0000, 0x0000, 0x0000, 0x0000, 0x0000, 0x0000, 0x0000, 0x0000, 0x0000, 0x0000, 0x0000, 0x0000,
    0x0000, 0x0000, 0x0000, 0x0000, 0x0000, 0x0000, 0x0000, 0x0000, 0x0000, 0x0000, 0x0000, 0x0000,
    0x0000, 0x0000, 0x0000, 0x0000, 0x0000, 0x0000, 0x0000, 0x0000, 0x0000, 0x0000, 0x0000, 0x0000,
    0x0000, 0x0000, 0x0000, 0x0000, 0x0000, 0x0000, 0x0000, 0x0000, 0x0000, 0x0000, 0x0000, 0x0000,
    0x0000, 0x0000, 0x0000, 0x0000, 0x0000, 0x0000, 0x0000, 0x0000, 0x0000, 0x0000, 0x0000, 0x0000,
    0x0000, 0x0000, 0x0000, 0x0000, 0x0000, 0x0000, 0x0000, 0x0000, 0x0000, 0x0000, 0x0000, 0x0000,
    0x0000, 0x0000, 0x0000, 0x0000, 0x0000, 0x0000, 0x0000, 0x0000, 0x0000, 0x0000, 0x0000, 0x0000,
    0x0000, 0x0000, 0x0000, 0x0000, 0x0000, 0x0000, 0x0000, 0x0000, 0x0000, 0x0000, 0x0000, 0x0000,
    0x0000, 0x0000, 0x0000, 0x0000, 0x0000, 0x0000, 0x0000, 0x0000, 0x0000, 0x0000, 0x0000, 0x0000,
    0x0000, 0x0000, 0x0000, 0x0000, 0x0000, 0x0000, 0x0000, 0x0000, 0x0000, 0x0000, 0x0000, 0x0000,
    0x0000, 0x0000, 0x0000, 0x0000, 0x0000, 0x0000, 0x0000, 0x0000, 0x0000, 0x0000, 0x0000, 0x0000,
    0x0000, 0x0000, 0x0000, 0x0000, 0x0000, 0x0000, 0x0000, 0x0000, 0x0000, 0x0000, 0x0000, 0x0000,
    0x0000, 0x0000, 0x0000, 0x0000, 0x0000, 0x0000, 0x0000, 0x0000, 0x0000, 0x0000, 0x0000, 0x0000,
    0x0000, 0x0000, 0x0000, 0x0000, 0x0000, 0x0000, 0x0000, 0x0000, 0x0000, 0x0000, 0x0000, 0x0000,
    0x0000, 0x0000, 0x0000, 0x0000, 0x0000, 0x0000, 0x0000, 0x0000, 0x0000, 0x0000, 0x0000, 0x0000,
    0x0000, 0x0000, 0x0000, 0x0000, 0x0000, 0x0000, 0x0000, 0x0000, 0x0000, 0x0000, 0x0000, 0x0000,
    0x0000, 0x0000, 0x0000, 0x0000, 0x0000, 0x0000, 0x0000, 0x0000, 0x0000, 0x0000, 0x0000, 0x0000,
    0x0000, 0x0000, 0x0000, 0x0000, 0x0000, 0x0000, 0x0000, 0x0000, 0x0000, 0x0000, 0x0000, 0x0000,
    0x0000, 0x0000, 0x0000, 0x0000, 0x0000, 0x0000, 0x0000, 0x0000, 0x0000, 0x0000, 0x0000, 0x0000,
    0x0000, 0x0000, 0x0000, 0x0000, 0x0000, 0x0000, 0x0000, 0x0000, 0x0000, 0x0000, 0x0000, 0x0000,
    0x0000, 0x0000, 0x0000, 0x0000, 0x0000, 0x0000, 0x0000, 0x0000, 0x0000, 0x0000, 0x0000, 0x0000,
    0x0000, 0x0000, 0x0000, 0x0000, 0x0000, 0x0000, 0x0000, 0x0000, 0x0000, 0x0000, 0x0000, 0x0000,
    0x0000, 0x0000, 0x0000, 0x0000, 0x0000, 0x0000, 0x0000, 0x0000, 0x0000, 0x0000, 0x0000, 0x0000,
    0x0000, 0x0000, 0x0000, 0x0000, 0x0000, 0x0000, 0x0000, 0x0000, 0x0000, 0x0000, 0x0000, 0x0000,
    0x0000, 0x0000, 0x0000, 0x0000, 0x0000, 0x0000, 0x0000, 0x0000, 0x0000, 0x0000, 0x0000, 0x0000,
    0x0000, 0x0000, 0x0000, 0x0000, 0x0000, 0x0000, 0x0000, 0x0000, 0x0000, 0x0000, 0x0000, 0x0000,
    0x0000, 0x0000, 0x0000, 0x0000, 0x0000, 0x0000, 0x0000, 0x0000, 0x0000, 0x0000, 0x0000, 0x0000,
    0x0000, 0x0000, 0x0000, 0x0000, 0x0000, 0x0000, 0x0000, 0x0000, 0x0000, 0x0000, 0x0000, 0x0000,
    0x0000, 0x0000, 0x0000, 0x0000, 0x0000, 0x0000, 0x0000, 0x0000, 0x0000, 0x0000, 0x0000, 0x0000,
    0x0000, 0x0000, 0x0000, 0x0000, 0x0000, 0x0000, 0x0000, 0x0000, 0x0000, 0x0000, 0x0000, 0x0000,
    0x0000, 0x0000, 0x0000, 0x0000, 0x0000, 0x0000, 0x0000, 0x0000, 0x0000, 0x0000, 0x0000, 0x0000,
    0x0000, 0x0000, 0x0000, 0x0000, 0x0000, 0x0000, 0x0000, 0x0000, 0x0000, 0x0000, 0x0000, 0x0000,
    0x0000, 0x0000, 0x0000, 0x0000, 0x0000, 0x0000, 0x0000, 0x0000, 0x0000, 0x0000, 0x0000, 0x0000,
    0x0000, 0x0000, 0x0000, 0x0000, 0x0000, 0x0000, 0x0000, 0x0000, 0x0000, 0x0000, 0x0000, 0x0000,
    0x0000, 0x0000, 0x0000, 0x0000, 0x0000, 0x0000, 0x0000, 0x0000, 0x0000, 0x0000, 0x0000, 0x0000,
    0x0000, 0x0000, 0x0000, 0x0000, 0x0000, 0x0000, 0x0000, 0x0000, 0x0000, 0x0000, 0x0000, 0x0000,
    0x0000, 0x0000, 0x0000, 0x0000, 0x0000, 0x0000, 0x0000, 0x0000, 0x0000, 0x0000, 0x0000, 0x0000,
    0x0000, 0x0000, 0x0000, 0x0000, 0x0000, 0x0000, 0x0000, 0x0000, 0x0000, 0x0000, 0x0000, 0x0000,
    0x0000, 0x0000, 0x0000, 0x0000, 0x0000, 0x0000, 0x0000, 0x0000, 0x0000, 0x0000, 0x0000, 0x0000,
    0x0000, 0x0000, 0x0000, 0x0000, 0x0000, 0x0000, 0x0000, 0x0000, 0x0000, 0x0000, 0x0000, 0x0000,
    0x0000, 0x0000, 0x0000, 0x0000, 0x0000, 0x0000, 0x0000, 0x0000, 0x0000, 0x0000, 0x0000, 0x0000,
    0x0000, 0x0000, 0x0000, 0x0000, 0x0000, 0x0000, 0x0000, 0x0000, 0x0000, 0x0000, 0x0000, 0x0000,
    0x0000, 0x0000, 0x0000, 0x0000, 0x0000, 0x0000, 0x0000, 0x0000, 0x0000, 0x0000, 0x0000, 0x0000,
    0x0000, 0x0000, 0x0000, 0x0000, 0x0000, 0x0000, 0x0000, 0x0000, 0x0000, 0x0000, 0x0000, 0x0000,
    0x0000, 0x0000, 0x0000, 0x0000, 0x0000, 0x0000, 0x0000, 0x0000, 0x0000, 0x0000, 0x0000, 0x0000,
    0x0000, 0x0000, 0x0000, 0x0000, 0x0000, 0x0000, 0x0000, 0x0000, 0x0000, 0x0000, 0x0000, 0x0000,
    0x0000, 0x0000, 0x0000, 0x0000, 0x0000, 0x0000, 0x0000, 0x0000, 0x0000, 0x0000, 0x0000, 0x0000,
    0x0000, 0x0000, 0x0000, 0x0000, 0x0000, 0x0000, 0x0000, 0x0000, 0x0000, 0x0000, 0x0000, 0x0000,
    0x0000, 0x0000, 0x0000, 0x0000, 0x0000, 0x0000, 0x0000, 0x0000, 0x0000, 0x0000, 0x0000, 0x0000,
    0x0000, 0x0000, 0x0000, 0x0000, 0x0000, 0x0000, 0x0000, 0x0000, 0x0000, 0x0000, 0x0000, 0x0000,
    0x0000, 0x0000, 0x0000, 0x0000, 0x0000, 0x0000, 0x0000, 0x0000, 0x0000, 0x0000, 0x0000, 0x0000,
    0x0000, 0x0000, 0x0000, 0x0000, 0x0000, 0x0000, 0x0000, 0x0000, 0x0000, 0x0000, 0x0000, 0x0000,
    0x0000, 0x0000, 0x0000, 0x0000, 0x0000, 0x0000, 0x0000, 0x0000, 0x0000, 0x0000, 0x0000, 0x0000,
    0x0000, 0x0000, 0x0000, 0x0000, 0x0000, 0x0000, 0x0000, 0x0000, 0x0000, 0x0000, 0x0000, 0x0000,
    0x0000, 0x0000, 0x0000, 0x0000, 0x0000, 0x0000, 0x0000, 0x0000, 0x0000, 0x0000, 0x0000, 0x0000,
    0x0000, 0x0000, 0x0000, 0x0000, 0x0000, 0x0000, 0x0000, 0x0000, 0x0000, 0x0000, 0x0000, 0x0000,
    0x0000, 0x0000, 0x0000, 0x0000, 0x0000, 0x0000, 0x0000, 0x0000, 0x0000, 0x0000, 0x0000, 0x0000,
    0x0000, 0x0000, 0x0000, 0x0000, 0x0000, 0x0000, 0x0000, 0x0000, 0x0000, 0x0000, 0x0000, 0x0000,
    0x0000, 0x0000, 0x0000, 0x0000, 0x0000, 0x0000, 0x0000, 0x0000, 0x0000, 0x0000, 0x0000, 0x0000,
    0x0000, 0x0000, 0x0000, 0x0000, 0x0000, 0x0000, 0x0000, 0x0000, 0x0000, 0x0000, 0x0000, 0x0000,
    0x0000, 0x0000, 0x0000, 0x0000, 0x0000, 0x0000, 0x0000, 0x0000, 0x0000, 0x0000, 0x0000, 0x0000,
    0x0000, 0x0000, 0x0000, 0x0000, 0x0000, 0x0000, 0x0000, 0x0000, 0x0000, 0x0000, 0x0000, 0x0000,
    0x0000, 0x0000, 0x0000, 0x0000, 0x0000, 0x0000, 0x0000, 0x0000, 0x0000, 0x0000, 0x0000, 0x0000,
    0x0000, 0x0000, 0x0000, 0x0000, 0x0000, 0x0000, 0x0000, 0x0000, 0x0000, 0x0000, 0x0000, 0x0000,
    0x0000, 0x0000, 0x0000, 0x0000, 0x0000, 0x0000, 0x0000, 0x0000, 0x0000, 0x0000, 0x0000, 0x0000,
    0x0000, 0x0000, 0x0000, 0x0000, 0x0000, 0x0000, 0x0000, 0x0000, 0x0000, 0x0000, 0x0000, 0x0000,
    0x0000, 0x0000, 0x0000, 0x0000, 0x0000, 0x0000, 0x0000, 0x0000, 0x0000, 0x0000, 0x0000, 0x0000,
    0x0000, 0x0000, 0x0000, 0x0000, 0x0000, 0x0000, 0x0000, 0x0000, 0x0000, 0x0000, 0x0000, 0x0000,
    0x0000, 0x0000, 0x0000, 0x0000, 0x0000, 0x0000, 0x0000, 0x0000, 0x0000, 0x0000, 0x0000, 0x0000,
    0x0000, 0x0000, 0x0000, 0x0000, 0x0000, 0x0000, 0x0000, 0x0000, 0x0000, 0x0000, 0x0000, 0x0000,
    0x0000, 0x0000, 0x0000, 0x0000, 0x0000, 0x0000, 0x0000, 0x0000, 0x0000, 0x0000, 0x0000, 0x0000,
    0x0000, 0x0000, 0x0000, 0x0000, 0x0000, 0x0000, 0x0000, 0x0000, 0x0000, 0x0000, 0x0000, 0x0000,
    0x0000, 0x0000, 0x0000, 0x0000, 0x0000, 0x0000, 0x0000, 0x0000, 0x0000, 0x0000, 0x0000, 0x0000,
    0x0000, 0x0000, 0x0000, 0x0000, 0x0000, 0x0000, 0x0000, 0x0000, 0x0000, 0x0000, 0x0000, 0x0000,
    0x0000, 0x0000, 0x0000, 0x0000, 0x0000, 0x0000, 0x0000, 0x0000, 0x0000, 0x0000, 0x0000, 0x0000,
    0x0000, 0x0000, 0x0000, 0x0000, 0x0000, 0x0000, 0x0000, 0x0000, 0x0000, 0x0000, 0x0000, 0x0000,
    0x0000, 0x0000, 0x0000, 0x0000, 0x0000, 0x0000, 0x0000, 0x0000, 0x0000, 0x0000, 0x0000, 0x0000,
    0x0000, 0x0000, 0x0000, 0x0000, 0x0000, 0x0000, 0x0000, 0x0000, 0x0000, 0x0000, 0x0000, 0x0000,
    0x0000, 0x0000, 0x0000, 0x0000, 0x0000, 0x0000, 0x0000, 0x0000, 0x0000, 0x0000, 0x0000, 0x0000,
    0x0000, 0x0000, 0x0000, 0x0000, 0x0000, 0x0000, 0x0000, 0x0000, 0x0000, 0x0000, 0x0000, 0x0000,
    0x0000, 0x0000, 0x0000, 0x0000, 0x0000, 0x0000, 0x0000, 0x0000, 0x0000, 0x0000, 0x0000, 0x0000,
    0x0000, 0x0000, 0x0000, 0x0000, 0x0000, 0x0000, 0x0000, 0x0000, 0x0000, 0x0000, 0x0000, 0x0000,
    0x0000, 0x0000, 0x0000, 0x0000, 0x0000, 0x0000, 0x0000, 0x0000, 0x0000, 0x0000, 0x0000, 0x0000,
    0x0000, 0x0000, 0x0000, 0x0000, 0x0000, 0x0000, 0x0000, 0x0000, 0x0000, 0x0000, 0x0000, 0x0000,
    0x0000, 0x0000, 0x0000, 0x0000, 0x0000, 0x0000, 0x0000, 0x0000, 0x0000, 0x0000, 0x0000, 0x0000,
    0x0000, 0x0000, 0x0000, 0x0000, 0x0000, 0x0000, 0x0000, 0x0000, 0x0000, 0x0000, 0x0000, 0x0000,
    0x0000, 0x0000, 0x0000, 0x0000, 0x0000, 0x0000, 0x0000, 0x0000, 0x0000, 0x0000, 0x0000, 0x0000,
    0x0000, 0x0000, 0x0000, 0x0000, 0x0000, 0x0000, 0x0000, 0x0000, 0x0000, 0x0000, 0x0000, 0x0000,
    0x0000, 0x0000, 0x0000, 0x0000, 0x0000, 0x0000, 0x0000, 0x0000, 0x0000, 0x0000, 0x0000, 0x0000,
    0x0000, 0x0000, 0x0000, 0x0000, 0x0000, 0x0000, 0x0000, 0x0000, 0x0000, 0x0000, 0x0000, 0x0000,
    0x0000, 0x0000, 0x0000, 0x0000, 0x0000, 0x0000, 0x0000, 0x0000, 0x0000, 0x0000, 0x0000, 0x0000,
    0x0000, 0x0000, 0x0000, 0x0000, 0x0000, 0x0000, 0x0000, 0x0000, 0x0000, 0x0000, 0x0000, 0x0000,
    0x0000, 0x0000, 0x0000, 0x0000, 0x0000, 0x0000, 0x0000, 0x0000, 0x0000, 0x0000, 0x0000, 0x0000,
    0x0000, 0x0000, 0x0000, 0x0000, 0x0000, 0x0000, 0x0000, 0x0000, 0x0000, 0x0000, 0x0000, 0x0000,
    0x0000, 0x0000, 0x0000, 0x0000, 0x0000, 0x0000, 0x0000, 0x0000, 0x0000, 0x0000, 0x0000, 0x0000,
    0x0000, 0x0000, 0x0000, 0x0000, 0x0000, 0x0000, 0x0000, 0x0000, 0x0000, 0x0000, 0x0000, 0x0000,
    0x0000, 0x0000, 0x0000, 0x0000, 0x0000, 0x0000, 0x0000, 0x0000, 0x0000, 0x0000, 0x0000, 0x0000,
    0x0000, 0x0000, 0x0000, 0x0000, 0x0000, 0x0000, 0x0000, 0x0000, 0x0000, 0x0000, 0x0000, 0x0000,
    0x0000, 0x0000, 0x0000, 0x0000, 0x0000, 0x0000, 0x0000, 0x0000, 0x0000, 0x0000, 0x0000, 0x0000,
    0x0000, 0x0000, 0x0000, 0x0000, 0x0000, 0x0000, 0x0000, 0x0000, 0x0000, 0x0000, 0x0000, 0x0000,
    0x0000, 0x0000, 0x0000, 0x0000, 0x0000, 0x0000, 0x0000, 0x0000, 0x0000, 0x0000, 0x0000, 0x0000,
    0x0000, 0x0000, 0x0000, 0x0000, 0x0000, 0x0000, 0x0000, 0x0000, 0x0000, 0x0000, 0x0000, 0x0000,
    0x0000, 0x0000, 0x0000, 0x0000, 0x0000, 0x0000, 0x0000, 0x0000, 0x0000, 0x0000, 0x0000, 0x0000,
    0x0000, 0x0000, 0x0000, 0x0000, 0x0000, 0x0000, 0x0000, 0x0000, 0x0000, 0x0000, 0x0000, 0x0000,
    0x0000, 0x0000, 0x0000, 0x0000, 0x0000, 0x0000, 0x0000, 0x0000, 0x0000, 0x0000, 0x0000, 0x0000,
    0x0000, 0x0000, 0x0000, 0x0000, 0x0000, 0x0000, 0x0000, 0x0000, 0x0000, 0x0000, 0x0000, 0x0000,
    0x0000, 0x0000, 0x0000, 0x0000, 0x0000, 0x0000, 0x0000, 0x0000, 0x0000, 0x0000, 0x0000, 0x0000,
    0x0000, 0x0000, 0x0000, 0x0000, 0x0000, 0x0000, 0x0000, 0x0000, 0x0000, 0x0000, 0x0000, 0x0000,
    0x0000, 0x0000, 0x0000, 0x0000, 0x0000, 0x0000, 0x0000, 0x0000, 0x0000, 0x0000, 0x0000, 0x0000,
    0x0000, 0x0000, 0x0000, 0x0000, 0x0000, 0x0000, 0x0000, 0x0000, 0x0000, 0x0000, 0x0000, 0x0000,
    0x0000, 0x0000, 0x0000, 0x0000, 0x0000, 0x0000, 0x0000, 0x0000, 0x0000, 0x0000, 0x0000, 0x0000,
    0x0000, 0x0000, 0x0000, 0x0000, 0x0000, 0x0000, 0x0000, 0x0000, 0x0000, 0x0000, 0x0000, 0x0000,
    0x0000, 0x0000, 0x0000, 0x0000, 0x0000, 0x0000, 0x0000, 0x0000, 0x0000, 0x0000, 0x0000, 0x0000,
    0x0000, 0x0000, 0x0000, 0x0000, 0x0000, 0x0000, 0x0000, 0x0000, 0x0000, 0x0000, 0x0000, 0x0000,
    0x0000, 0x0000, 0x0000, 0x0000, 0x0000, 0x0000, 0x0000, 0x0000, 0x0000, 0x0000, 0x0000, 0x0000,
    0x0000, 0x0000, 0x0000, 0x0000, 0x0000, 0x0000, 0x0000, 0x0000, 0x0000, 0x0000, 0x0000, 0x0000,
    0x0000, 0x0000, 0x0000, 0x0000, 0x0000, 0x0000, 0x0000, 0x0000, 0x0000, 0x0000, 0x0000, 0x0000,
    0x0000, 0x0000, 0x0000, 0x0000, 0x0000, 0x0000, 0x0000, 0x0000, 0x0000, 0x0000, 0x0000, 0x0000,
    0x0000, 0x0000, 0x0000, 0x0000, 0x0000, 0x0000, 0x0000, 0x0000, 0x0000, 0x0000, 0x0000, 0x0000,
    0x0000, 0x0000, 0x0000, 0x0000, 0x0000, 0x0000, 0x0000, 0x0000, 0x0000, 0x0000, 0x0000, 0x0000,
    0x0000, 0x0000, 0x0000, 0x0000, 0x0000, 0x0000, 0x0000, 0x0000, 0x0000, 0x0000, 0x0000, 0x0000,
    0x0000, 0x0000, 0x0000, 0x0000, 0x0000, 0x0000, 0x0000, 0x0000, 0x0000, 0x0000, 0x0000, 0x0000,
    0x0000, 0x0000, 0x0000, 0x0000, 0x0000, 0x0000, 0x0000, 0x0000, 0x0000, 0x0000, 0x0000, 0x0000,
    0x0000, 0x0000, 0x0000, 0x0000, 0x0000, 0x0000, 0x0000, 0x0000, 0x0000, 0x0000, 0x0000, 0x0000,
    0x0000, 0x0000, 0x0000, 0x0000, 0x0000, 0x0000, 0x0000, 0x0000, 0x0000, 0x0000, 0x0000, 0x0000,
    0x0000, 0x0000, 0x0000, 0x0000, 0x0000, 0x0000, 0x0000, 0x0000, 0x0000, 0x0000, 0x0000, 0x0000,
    0x0000, 0x0000, 0x0000, 0x0000, 0x0000, 0x0000, 0x0000, 0x0000, 0x0000, 0x0000, 0x0000, 0x0000,
    0x0000, 0x0000, 0x0000, 0x0000, 0x0000, 0x0000, 0x0000, 0x0000, 0x0000, 0x0000, 0x0000, 0x0000,
    0x0000, 0x0000, 0x0000, 0x0000, 0x0000, 0x0000, 0x0000, 0x0000, 0x0000, 0x0000, 0x0000, 0x0000,
    0x0000, 0x0000, 0x0000, 0x0000, 0x0000, 0x0000, 0x0000, 0x0000, 0x0000, 0x0000, 0x0000, 0x0000,
    0x0000, 0x0000, 0x0000, 0x0000, 0x0000, 0x0000, 0x0000, 0x0000, 0x0000, 0x0000, 0x0000, 0x0000,
    0x0000, 0x0000, 0x0000, 0x0000, 0x0000, 0x0000, 0x0000, 0x0000, 0x0000, 0x0000, 0x0000, 0x0000,
    0x0000, 0x0000, 0x0000, 0x0000, 0x0000, 0x0000, 0x0000, 0x0000, 0x0000, 0x0000, 0x0000, 0x0000,
    0x0000, 0x0000, 0x0000, 0x0000, 0x0000, 0x0000, 0x0000, 0x0000, 0x0000, 0x0000, 0x0000, 0x0000,
    0x0000, 0x0000, 0x0000, 0x0000, 0x0000, 0x0000, 0x0000, 0x0000, 0x0000, 0x0000, 0x0000, 0x0000,
    0x0000, 0x0000, 0x0000, 0x0000, 0x0000, 0x0000, 0x0000, 0x0000, 0x0000, 0x0000, 0x0000, 0x0000,
    0x0000, 0x0000, 0x0000, 0x0000, 0x0000, 0x0000, 0x0000, 0x0000, 0x0000, 0x0000, 0x0000, 0x0000,
    0x0000, 0x0000, 0x0000, 0x0000, 0x0000, 0x0000, 0x0000, 0x0000, 0x0000, 0x0000, 0x0000, 0x0000,
    0x0000, 0x0000, 0x0000, 0x0000, 0x0000, 0x0000, 0x0000, 0x0000, 0x0000, 0x0000, 0x0000, 0x0000,
    0x0000, 0x0000, 0x0000, 0x0000, 0x0000, 0x0000, 0x0000, 0x0000, 0x0000, 0x0000, 0x0000, 0x0000,
    0x0000, 0x0000, 0x0000, 0x0000, 0x0000, 0x0000, 0x0000, 0x0000, 0x0000, 0x0000, 0x0000, 0x0000,
    0x0000, 0x0000, 0x0000, 0x0000, 0x0000, 0x0000, 0x0000, 0x0000, 0x0000, 0x0000, 0x0000, 0x0000,
    0x0000, 0x0000, 0x0000, 0x0000, 0x0000, 0x0000, 0x0000, 0x0000, 0x0000, 0x0000, 0x0000, 0x0000,
    0x0000, 0x0000, 0x0000, 0x0000, 0x0000, 0x0000, 0x0000, 0x0000, 0x0000, 0x0000, 0x0000, 0x0000,
    0x0000, 0x0000, 0x0000, 0x0000, 0x0000, 0x0000, 0x0000, 0x0000, 0x0000, 0x0000, 0x0000, 0x0000,
    0x0000, 0x0000, 0x0000, 0x0000, 0x0000, 0x0000, 0x0000, 0x0000, 0x0000, 0x0000, 0x0000, 0x0000,
    0x0000, 0x0000, 0x0000, 0x0000, 0x0000, 0x0000, 0x0000, 0x0000, 0x0000, 0x0000, 0x0000, 0x0000,
    0x0000, 0x0000, 0x0000, 0x0000, 0x0000, 0x0000, 0x0000, 0x0000, 0x0000, 0x0000, 0x0000, 0x0000,
    0x0000, 0x0000, 0x0000, 0x0000, 0x0000, 0x0000, 0x0000, 0x0000, 0x0000, 0x0000, 0x0000, 0x0000,
    0x0000, 0x0000, 0x0000, 0x0000, 0x0000, 0x0000, 0x0000, 0x0000, 0x0000, 0x0000, 0x0000, 0x0000,
    0x0000, 0x0000, 0x0000, 0x0000, 0x0000, 0x0000, 0x0000, 0x0000, 0x0000, 0x0000, 0x0000, 0x0000,
    0x0000, 0x0000, 0x0000, 0x0000, 0x0000, 0x0000, 0x0000, 0x0000, 0x0000, 0x0000, 0x0000, 0x0000,
    0x0000, 0x0000, 0x0000, 0x0000, 0x0000, 0x0000, 0x0000, 0x0000, 0x0000, 0x0000, 0x0000, 0x0000,
    0x0000, 0x0000, 0x0000, 0x0000, 0x0000, 0x0000, 0x0000, 0x0000, 0x0000, 0x0000, 0x0000, 0x0000,
    0x0000, 0x0000, 0x0000, 0x0000, 0x0000, 0x0000, 0x0000, 0x0000, 0x0000, 0x0000, 0x0000, 0x0000,
    0x0000, 0x0000, 0x0000, 0x0000, 0x0000, 0x0000, 0x0000, 0x0000, 0x0000, 0x0000, 0x0000, 0x0000,
    0x0000, 0x0000, 0x0000, 0x0000, 0x0000, 0x0000, 0x0000, 0x0000, 0x0000, 0x0000, 0x0000, 0x0000,
    0x0000, 0x0000, 0x0000, 0x0000, 0x0000, 0x0000, 0x0000, 0x0000, 0x0000, 0x0000, 0x0000, 0x0000,
    0x0000, 0x0000, 0x0000, 0x0000, 0x0000, 0x0000, 0x0000, 0x0000, 0x0000, 0x0000, 0x0000, 0x0000,
    0x0000, 0x0000, 0x0000, 0x0000, 0x0000, 0x0000, 0x0000, 0x0000, 0x0000, 0x0000, 0x0000, 0x0000,
    0x0000, 0x0000, 0x0000, 0x0000, 0x0000, 0x0000, 0x0000, 0x0000, 0x0000, 0x0000, 0x0000, 0x0000,
    0x0000, 0x0000, 0x0000, 0x0000, 0x0000, 0x0000, 0x0000, 0x0000, 0x0000, 0x0000, 0x0000, 0x0000,
    0x0000, 0x0000, 0x0000, 0x0000, 0x0000, 0x0000, 0x0000, 0x0000, 0x0000, 0x0000, 0x0000, 0x0000,
    0x0000, 0x0000, 0x0000, 0x0000, 0x0000, 0x0000, 0x0000, 0x0000, 0x0000, 0x0000, 0x0000, 0x0000,
    0x0000, 0x0000, 0x0000, 0x0000, 0x0000, 0x0000, 0x0000, 0x0000, 0x0000, 0x0000, 0x0000, 0x0000,
    0x0000, 0x0000, 0x0000, 0x0000, 0x0000, 0x0000, 0x0000, 0x0000, 0x0000, 0x0000, 0x0000, 0x0000,
    0x0000, 0x0000, 0x0000, 0x0000, 0x0000, 0x0000, 0x0000, 0x0000, 0x0000, 0x0000, 0x0000, 0x0000,
    0x0000, 0x0000, 0x0000, 0x0000, 0x0000, 0x0000, 0x0000, 0x0000, 0x0000, 0x0000, 0x0000, 0x0000,
    0x0000, 0x0000, 0x0000, 0x0000, 0x0000, 0x0000, 0x0000, 0x0000, 0x0000, 0x0000, 0x0000, 0x0000,
    0x0000, 0x0000, 0x0000, 0x0000, 0x0000, 0x0000, 0x0000, 0x0000, 0x0000, 0x0000, 0x0000, 0x0000,
    0x0000, 0x0000, 0x0000, 0x0000, 0x0000, 0x0000, 0x0000, 0x0000, 0x0000, 0x0000, 0x0000, 0x0000,
    0x0000, 0x0000, 0x0000, 0x0000, 0x0000, 0x0000, 0x0000, 0x0000, 0x0000, 0x0000, 0x0000, 0x0000,
    0x0000, 0x0000, 0x0000, 0x0000, 0x0000, 0x0000, 0x0000, 0x0000, 0x0000, 0x0000, 0x0000, 0x0000,
    0x0000, 0x0000, 0x0000, 0x0000, 0x0000, 0x0000, 0x0000, 0x0000, 0x0000, 0x0000, 0x0000, 0x0000,
    0x0000, 0x0000, 0x0000, 0x0000, 0x0000, 0x0000, 0x0000, 0x0000, 0x0000, 0x0000, 0x0000, 0x0000,
    0x0000, 0x0000, 0x0000, 0x0000, 0x0000, 0x0000, 0x0000, 0x0000, 0x0000, 0x0000, 0x0000, 0x0000,
    0x0000, 0x0000, 0x0000, 0x0000, 0x0000, 0x0000, 0x0000, 0x0000, 0x0000, 0x0000, 0x0000, 0x0000,
    0x0000, 0x0000, 0x0000, 0x0000, 0x0000, 0x0000, 0x0000, 0x0000, 0x0000, 0x0000, 0x0000, 0x0000,
    0x0000, 0x0000, 0x0000, 0x0000, 0x0000, 0x0000, 0x0000, 0x0000, 0x0000, 0x0000, 0x0000, 0x0000,
    0x0000, 0x0000, 0x0000, 0x0000, 0x0000, 0x0000, 0x0000, 0x0000, 0x0000, 0x0000, 0x0000, 0x0000,
    0x0000, 0x0000, 0x0000, 0x0000, 0x0000, 0x0000, 0x0000, 0x0000, 0x0000, 0x0000, 0x0000, 0x0000,
    0x0000, 0x0000, 0x0000, 0x0000, 0x0000, 0x0000, 0x0000, 0x0000, 0x0000, 0x0000, 0x0000, 0x0000,
    0x0000, 0x0000, 0x0000, 0x0000, 0x0000, 0x0000, 0x0000, 0x0000, 0x0000, 0x0000, 0x0000, 0x0000,
    0x0000, 0x0000, 0x0000, 0x0000, 0x0000, 0x0000, 0x0000, 0x0000, 0x0000, 0x0000, 0x0000, 0x0000,
    0x0000, 0x0000, 0x0000, 0x0000, 0x0000, 0x0000, 0x0000, 0x0000, 0x0000, 0x0000, 0x0000, 0x0000,
    0x0000, 0x0000, 0x0000, 0x0000, 0x0000, 0x0000, 0x0000, 0x0000, 0x0000, 0x0000, 0x0000, 0x0000,
    0x0000, 0x0000, 0x0000, 0x0000, 0x0000, 0x0000, 0x0000, 0x0000, 0x0000, 0x0000, 0x0000, 0x0000,
    0x0000, 0x0000, 0x0000, 0x0000, 0x0000, 0x0000, 0x0000, 0x0000, 0x0000, 0x0000, 0x0000, 0x0000,
    0x0000, 0x0000, 0x0000, 0x0000, 0x0000, 0x0000, 0x0000, 0x0000, 0x0000, 0x0000, 0x0000, 0x0000,
    0x0000, 0x0000, 0x0000, 0x0000, 0x0000, 0x0000, 0x0000, 0x0000, 0x0000, 0x0000, 0x0000, 0x0000,
    0x0000, 0x0000, 0x0000, 0x0000, 0x0000, 0x0000, 0x0000, 0x0000, 0x0000, 0x0000, 0x0000, 0x0000,
    0x0000, 0x0000, 0x0000, 0x0000, 0x0000, 0x0000, 0x0000, 0x0000, 0x0000, 0x0000, 0x0000, 0x0000,
    0x0000, 0x0000, 0x0000, 0x0000, 0x0000, 0x0000, 0x0000, 0x0000, 0x0000, 0x0000, 0x0000, 0x0000,
    0x0000, 0x0000, 0x0000, 0x0000, 0x0000, 0x0000, 0x0000, 0x0000, 0x0000, 0x0000, 0x0000, 0x0000,
    0x0000, 0x0000, 0x0000, 0x0000, 0x0000, 0x0000, 0x0000, 0x0000, 0x0000, 0x0000, 0x0000, 0x0000,
    0x0000, 0x0000, 0x0000, 0x0000, 0x0000, 0x0000, 0x0000, 0x0000, 0x0000, 0x0000, 0x0000, 0x0000,
    0x0000, 0x0000, 0x0000, 0x0000, 0x0000, 0x0000, 0x0000, 0x0000, 0x0000, 0x0000, 0x0000, 0x0000,
    0x0000, 0x0000, 0x0000, 0x0000, 0x0000, 0x0000, 0x0000, 0x0000, 0x0000, 0x0000, 0x0000, 0x0000,
    0x0000, 0x0000, 0x0000, 0x0000, 0x0000, 0x0000, 0x0000, 0x0000, 0x0000, 0x0000, 0x0000, 0x0000,
    0x0000, 0x0000, 0x0000, 0x0000, 0x0000, 0x0000, 0x0000, 0x0000, 0x0000, 0x0000, 0x0000, 0x0000,
    0x0000, 0x0000, 0x0000, 0x0000, 0x0000, 0x0000, 0x0000, 0x0000, 0x0000, 0x0000, 0x0000, 0x0000,
    0x0000, 0x0000, 0x0000, 0x0000, 0x0000, 0x0000, 0x0000, 0x0000, 0x0000, 0x0000, 0x0000, 0x0000,
    0x0000, 0x0000, 0x0000, 0x0000, 0x0000, 0x0000, 0x0000, 0x0000, 0x0000, 0x0000, 0x0000, 0x0000,
    0x0000, 0x0000, 0x0000, 0x0000, 0x0000, 0x0000, 0x0000, 0x0000, 0x0000, 0x0000, 0x0000, 0x0000,
    0x0000, 0x0000, 0x0000, 0x0000, 0x0000, 0x0000, 0x0000, 0x0000, 0x0000, 0x0000, 0x0000, 0x0000,
    0x0000, 0x0000, 0x0000, 0x0000, 0x0000, 0x0000, 0x0000, 0x0000, 0x0000, 0x0000, 0x0000, 0x0000,
    0x0000, 0x0000, 0x0000, 0x0000, 0x0000, 0x0000, 0x0000, 0x0000, 0x0000, 0x0000, 0x0000, 0x0000,
    0x0000, 0x0000, 0x0000, 0x0000, 0x0000, 0x0000, 0x0000, 0x0000, 0x0000, 0x0000, 0x0000, 0x0000,
    0x0000, 0x0000, 0x0000, 0x0000, 0x0000, 0x0000, 0x0000, 0x0000, 0x0000, 0x0000, 0x0000, 0x0000,
    0x0000, 0x0000, 0x0000, 0x0000, 0x0000, 0x0000, 0x0000, 0x0000, 0x0000, 0x0000, 0x0000, 0x0000,
    0x0000, 0x0000, 0x0000, 0x0000, 0x0000, 0x0000, 0x0000, 0x0000, 0x0000, 0x0000, 0x0000, 0x0000,
    0x0000, 0x0000, 0x0000, 0x0000, 0x0000, 0x0000, 0x0000, 0x0000, 0x0000, 0x0000, 0x0000, 0x0000,
    0x0000, 0x0000, 0x0000, 0x0000, 0x0000, 0x0000, 0x0000, 0x0000, 0x0000, 0x0000, 0x0000, 0x0000,
    0x0000, 0x0000, 0x0000, 0x0000, 0x0000, 0x0000, 0x0000, 0x0000, 0x0000, 0x0000, 0x0000, 0x0000,
    0x0000, 0x0000, 0x0000, 0x0000, 0x0000, 0x0000, 0x0000, 0x0000, 0x0000, 0x0000, 0x0000, 0x0000,
    0x0000, 0x0000, 0x0000, 0x0000, 0x0000, 0x0000, 0x0000, 0x0000, 0x0000, 0x0000, 0x0000, 0x0000,
    0x0000, 0x0000, 0x0000, 0x0000, 0x0000, 0x0000, 0x0000, 0x0000, 0x0000, 0x0000, 0x0000, 0x0000,
    0x0000, 0x0000, 0x0000, 0x0000, 0x0000, 0x0000, 0x0000, 0x0000, 0x0000, 0x0000, 0x0000, 0x0000,
    0x0000, 0x0000, 0x0000, 0x0000, 0x0000, 0x0000, 0x0000, 0x0000, 0x0000, 0x0000, 0x0000, 0x0000,
    0x0000, 0x0000, 0x0000, 0x0000, 0x0000, 0x0000, 0x0000, 0x0000, 0x0000, 0x0000, 0x0000, 0x0000,
    0x0000, 0x0000, 0x0000, 0x0000, 0x0000, 0x0000, 0x0000, 0x0000, 0x0000, 0x0000, 0x0000, 0x0000,
    0x0000, 0x0000, 0x0000, 0x0000, 0x0000, 0x0000, 0x0000, 0x0000, 0x0000, 0x0000, 0x0000, 0x0000,
    0x0000, 0x0000, 0x0000, 0x0000, 0x0000, 0x0000, 0x0000, 0x0000, 0x0000, 0x0000, 0x0000, 0x0000,
    0x0000, 0x0000, 0x0000, 0x0000, 0x0000, 0x0000, 0x0000, 0x0000, 0x0000, 0x0000, 0x0000, 0x0000,
    0x0000, 0x0000, 0x0000, 0x0000, 0x0000, 0x0000, 0x0000, 0x0000, 0x0000, 0x0000, 0x0000, 0x0000,
    0x0000, 0x0000, 0x0000, 0x0000, 0x0000, 0x0000, 0x0000, 0x0000, 0x0000, 0x0000, 0x0000, 0x0000,
    0x0000, 0x0000, 0x0000, 0x0000, 0x0000, 0x0000, 0x0000, 0x0000, 0x0000, 0x0000, 0x0000, 0x0000,
    0x0000, 0x0000, 0x0000, 0x0000, 0x0000, 0x0000, 0x0000, 0x0000, 0x0000, 0x0000, 0x0000, 0x0000,
    0x0000, 0x0000, 0x0000, 0x0000, 0x0000, 0x0000, 0x0000, 0x0000, 0x0000, 0x0000, 0x0000, 0x0000,
    0x0000, 0x0000, 0x0000, 0x0000, 0x0000, 0x0000, 0x0000, 0x0000, 0x0000, 0x0000, 0x0000, 0x0000,
    0x0000, 0x0000, 0x0000, 0x0000, 0x0000, 0x0000, 0x0000, 0x0000, 0x0000, 0x0000, 0x0000, 0x0000,
    0x0000, 0x0000, 0x0000, 0x0000, 0x0000, 0x0000, 0x0000, 0x0000, 0x0000, 0x0000, 0x0000, 0x0000,
    0x0000, 0x0000, 0x0000, 0x0000, 0x0000, 0x0000, 0x0000, 0x0000, 0x0000, 0x0000, 0x0000, 0x0000,
    0x0000, 0x0000, 0x0000, 0x0000, 0x0000, 0x0000, 0x0000, 0x0000, 0x0000, 0x0000, 0x0000, 0x0000,
    0x0000, 0x0000, 0x0000, 0x0000, 0x0000, 0x0000, 0x0000, 0x0000, 0x0000, 0x0000, 0x0000, 0x0000,
    0x0000, 0x0000, 0x0000, 0x0000, 0x0000, 0x0000, 0x0000, 0x0000, 0x0000, 0x0000, 0x0000, 0x0000,
    0x0000, 0x0000, 0x0000, 0x0000, 0x0000, 0x0000, 0x0000, 0x0000, 0x0000, 0x0000, 0x0000, 0x0000,
    0x0000, 0x0000, 0x0000, 0x0000, 0x0000, 0x0000, 0x0000, 0x0000, 0x0000, 0x0000, 0x0000, 0x0000,
    0x0000, 0x0000, 0x0000, 0x0000, 0x0000, 0x0000, 0x0000, 0x0000, 0x0000, 0x0000, 0x0000, 0x0000,
    0x0000, 0x0000, 0x0000, 0x0000, 0x0000, 0x0000, 0x0000, 0x0000, 0x0000, 0x0000, 0x0000, 0x0000,
    0x0000, 0x0000, 0x0000, 0x0000, 0x0000, 0x0000, 0x0000, 0x0000, 0x0000, 0x0000, 0x0000, 0x0000,
    0x0000, 0x0000, 0x0000, 0x0000, 0x0000, 0x0000, 0x0000, 0x0000, 0x0000, 0x0000, 0x0000, 0x0000,
    0x0000, 0x0000, 0x0000, 0x0000, 0x0000, 0x0000, 0x0000, 0x0000, 0x0000, 0x0000, 0x0000, 0x0000,
    0x0000, 0x0000, 0x0000, 0x0000, 0x0000, 0x0000, 0x0000, 0x0000, 0x0000, 0x0000, 0x0000, 0x0000,
    0x0000, 0x0000, 0x0000, 0x0000, 0x0000, 0x0000, 0x0000, 0x0000, 0x0000, 0x0000, 0x0000, 0x0000,
    0x0000, 0x0000, 0x0000, 0x0000, 0x0000, 0x0000, 0x0000, 0x0000, 0x0000, 0x0000, 0x0000, 0x0000,
    0x0000, 0x0000, 0x0000, 0x0000, 0x0000, 0x0000, 0x0000, 0x0000, 0x0000, 0x0000, 0x0000, 0x0000,
    0x0000, 0x0000, 0x0000, 0x0000, 0x0000, 0x0000, 0x0000, 0x0000, 0x0000, 0x0000, 0x0000, 0x0000,
    0x0000, 0x0000, 0x0000, 0x0000, 0x0000, 0x0000, 0x0000, 0x0000, 0x0000, 0x0000, 0x0000, 0x0000,
    0x0000, 0x0000, 0x0000, 0x0000, 0x0000, 0x0000, 0x0000, 0x0000, 0x0000, 0x0000, 0x0000, 0x0000,
    0x0000, 0x0000, 0x0000, 0x0000, 0x0000, 0x0000, 0x0000, 0x0000, 0x0000, 0x0000, 0x0000, 0x0000,
    0x0000, 0x0000, 0x0000, 0x0000, 0x0000, 0x0000, 0x0000, 0x0000, 0x0000, 0x0000, 0x0000, 0x0000,
    0x0000, 0x0000, 0x0000, 0x0000, 0x0000, 0x0000, 0x0000, 0x0000, 0x0000, 0x0000, 0x0000, 0x0000,
    0x0000, 0x0000, 0x0000, 0x0000, 0x0000, 0x0000, 0x0000, 0x0000, 0x0000, 0x0000, 0x0000, 0x0000,
    0x0000, 0x0000, 0x0000, 0x0000, 0x0000, 0x0000, 0x0000, 0x0000, 0x0000, 0x0000, 0x0000, 0x0000,
    0x0000, 0x0000, 0x0000, 0x0000, 0x0000, 0x0000, 0x0000, 0x0000, 0x0000, 0x0000, 0x0000, 0x0000,
    0x0000, 0x0000, 0x0000, 0x0000, 0x0000, 0x0000, 0x0000, 0x0000, 0x0000, 0x0000, 0x0000, 0x0000,
    0x0000, 0x0000, 0x0000, 0x0000, 0x0000, 0x0000, 0x0000, 0x0000, 0x0000, 0x0000, 0x0000, 0x0000,
    0x0000, 0x0000, 0x0000, 0x0000, 0x0000, 0x0000, 0x0000, 0x0000, 0x0000, 0x0000, 0x0000, 0x0000,
    0x0000, 0x0000, 0x0000, 0x0000, 0x0000, 0x0000, 0x0000, 0x0000, 0x0000, 0x0000, 0x0000, 0x0000,
    0x0000, 0x0000, 0x0000, 0x0000, 0x0000, 0x0000, 0x0000, 0x0000, 0x0000, 0x0000, 0x0000, 0x0000,
    0x0000, 0x0000, 0x0000, 0x0000, 0x0000, 0x0000, 0x0000, 0x0000, 0x0000, 0x0000, 0x0000, 0x0000,
    0x0000, 0x0000, 0x0000, 0x0000, 0x0000, 0x0000, 0x0000, 0x0000, 0x0000, 0x0000, 0x0000, 0x0000,
    0x0000, 0x0000, 0x0000, 0x0000, 0x0000, 0x0000, 0x0000, 0x0000, 0x0000, 0x0000, 0x0000, 0x0000,
    0x0000, 0x0000, 0x0000, 0x0000, 0x0000, 0x0000, 0x0000, 0x0000, 0x0000, 0x0000, 0x0000, 0x0000,
    0x0000, 0x0000, 0x0000, 0x0000, 0x0000, 0x0000, 0x0000, 0x0000, 0x0000, 0x0000, 0x0000, 0x0000,
    0x0000, 0x0000, 0x0000, 0x0000, 0x0000, 0x0000, 0x0000, 0x0000, 0x0000, 0x0000, 0x0000, 0x0000,
    0x0000, 0x0000, 0x0000, 0x0000, 0x0000, 0x0000, 0x0000, 0x0000, 0x0000, 0x0000, 0x0000, 0x0000,
    0x0000, 0x0000, 0x0000, 0x0000, 0x0000, 0x0000, 0x0000, 0x0000, 0x0000, 0x0000, 0x0000, 0x0000,
    0x0000, 0x0000, 0x0000, 0x0000, 0x0000, 0x0000, 0x0000, 0x0000, 0x0000, 0x0000, 0x0000, 0x0000,
    0x0000, 0x0000, 0x0000, 0x0000, 0x0000, 0x0000, 0x0000, 0x0000, 0x0000, 0x0000, 0x0000, 0x0000,
    0x0000, 0x0000, 0x0000, 0x0000, 0x0000, 0x0000, 0x0000, 0x0000, 0x0000, 0x0000, 0x0000, 0x0000,
    0x0000, 0x0000, 0x0000, 0x0000, 0x0000, 0x0000, 0x0000, 0x0000, 0x0000, 0x0000, 0x0000, 0x0000,
    0x0000, 0x0000, 0x0000, 0x0000, 0x0000, 0x0000, 0x0000, 0x0000, 0x0000, 0x0000, 0x0000, 0x0000,
    0x0000, 0x0000, 0x0000, 0x0000, 0x0000, 0x0000, 0x0000, 0x0000, 0x0000, 0x0000, 0x0000, 0x0000,
    0x0000, 0x0000, 0x0000, 0x0000, 0x0000, 0x0000, 0x0000, 0x0000, 0x0000, 0x0000, 0x0000, 0x0000,
    0x0000, 0x0000, 0x0000, 0x0000, 0x0000, 0x0000, 0x0000, 0x0000, 0x0000, 0x0000, 0x0000, 0x0000,
    0x0000, 0x0000, 0x0000, 0x0000, 0x0000, 0x0000, 0x0000, 0x0000, 0x0000, 0x0000, 0x0000, 0x0000,
    0x0000, 0x0000, 0x0000, 0x0000, 0x0000, 0x0000, 0x0000, 0x0000, 0x0000, 0x0000, 0x0000, 0x0000,
    0x0000, 0x0000, 0x0000, 0x0000, 0x0000, 0x0000, 0x0000, 0x0000, 0x0000, 0x0000, 0x0000, 0x0000,
    0x0000, 0x0000, 0x0000, 0x0000, 0x0000, 0x0000, 0x0000, 0x0000, 0x0000, 0x0000, 0x0000, 0x0000,
    0x0000, 0x0000, 0x0000, 0x0000, 0x0000, 0x0000, 0x0000, 0x0000, 0x0000, 0x0000, 0x0000, 0x0000,
    0x0000, 0x0000, 0x0000, 0x0000, 0x0000, 0x0000, 0x0000, 0x0000, 0x0000, 0x0000, 0x0000, 0x0000,
    0x0000, 0x0000, 0x0000, 0x0000, 0x0000, 0x0000, 0x0000, 0x0000, 0x0000, 0x0000, 0x0000, 0x0000,
    0x0000, 0x0000, 0x0000, 0x0000, 0x0000, 0x0000, 0x0000, 0x0000, 0x0000, 0x0000, 0x0000, 0x0000,
    0x0000, 0x0000, 0x0000, 0x0000, 0x0000, 0x0000, 0x0000, 0x0000, 0x0000, 0x0000, 0x0000, 0x0000,
    0x0000, 0x0000, 0x0000, 0x0000, 0x0000, 0x0000, 0x0000, 0x0000, 0x0000, 0x0000, 0x0000, 0x0000,
    0x0000, 0x0000, 0x0000, 0x0000, 0x0000, 0x0000, 0x0000, 0x0000, 0x0000, 0x0000, 0x0000, 0x0000,
    0x0000, 0x0000, 0x0000, 0x0000, 0x0000, 0x0000, 0x0000, 0x0000, 0x0000, 0x0000, 0x0000, 0x0000,
    0x0000, 0x0000, 0x0000, 0x0000, 0x0000, 0x0000, 0x0000, 0x0000, 0x0000, 0x0000, 0x0000, 0x0000,
    0x0000, 0x0000, 0x0000, 0x0000, 0x0000, 0x0000, 0x0000, 0x0000, 0x0000, 0x0000, 0x0000, 0x0000,
    0x0000, 0x0000, 0x0000, 0x0000, 0x0000, 0x0000, 0x0000, 0x0000, 0x0000, 0x0000, 0x0000, 0x0000,
    0x0000, 0x0000, 0x0000, 0x0000, 0x0000, 0x0000, 0x0000, 0x0000, 0x0000, 0x0000, 0x0000, 0x0000,
    0x0000, 0x0000, 0x0000, 0x0000, 0x0000, 0x0000, 0x0000, 0x0000, 0x0000, 0x0000, 0x0000, 0x0000,
    0x0000, 0x0000, 0x0000, 0x0000, 0x0000, 0x0000, 0x0000, 0x0000, 0x0000, 0x0000, 0x0000, 0x0000,
    0x0000, 0x0000, 0x0000, 0x0000, 0x0000, 0x0000, 0x0000, 0x0000, 0x0000, 0x0000, 0x0000, 0x0000,
    0x0000, 0x0000, 0x0000, 0x0000, 0x0000, 0x0000, 0x0000, 0x0000, 0x0000, 0x0000, 0x0000, 0x0000,
    0x0000, 0x0000, 0x0000, 0x0000, 0x0000, 0x0000, 0x0000, 0x0000, 0x0000, 0x0000, 0x0000, 0x0000,
    0x0000, 0x0000, 0x0000, 0x0000, 0x0000, 0x0000, 0x0000, 0x0000, 0x0000, 0x0000, 0x0000, 0x0000,
    0x0000, 0x0000, 0x0000, 0x0000, 0x0000, 0x0000, 0x0000, 0x0000, 0x0000, 0x0000, 0x0000, 0x0000,
    0x0000, 0x0000, 0x0000, 0x0000, 0x0000, 0x0000, 0x0000, 0x0000, 0x0000, 0x0000, 0x0000, 0x0000,
    0x0000, 0x0000, 0x0000, 0x0000, 0x0000, 0x0000, 0x0000, 0x0000, 0x0000, 0x0000, 0x0000, 0x0000,
    0x0000, 0x0000, 0x0000, 0x0000, 0x0000, 0x0000, 0x0000, 0x0000, 0x0000, 0x0000, 0x0000, 0x0000,
    0x0000, 0x0000, 0x0000, 0x0000, 0x0000, 0x0000, 0x0000, 0x0000, 0x0000, 0x0000, 0x0000, 0x0000,
    0x0000, 0x0000, 0x0000, 0x0000, 0x0000, 0x0000, 0x0000, 0x0000, 0x0000, 0x0000, 0x0000, 0x0000,
    0x0000, 0x0000, 0x0000, 0x0000, 0x0000, 0x0000, 0x0000, 0x0000, 0x0000, 0x0000, 0x0000, 0x0000,
    0x0000, 0x0000, 0x0000, 0x0000, 0x0000, 0x0000, 0x0000, 0x0000, 0x0000, 0x0000, 0x0000, 0x0000,
    0x0000, 0x0000, 0x0000, 0x0000, 0x0000, 0x0000, 0x0000, 0x0000, 0x0000, 0x0000, 0x0000, 0x0000,
    0x0000, 0x0000, 0x0000, 0x0000, 0x0000, 0x0000, 0x0000, 0x0000, 0x0000, 0x0000, 0x0000, 0x0000,
    0x0000, 0x0000, 0x0000, 0x0000, 0x0000, 0x0000, 0x0000, 0x0000, 0x0000, 0x0000, 0x0000, 0x0000,
    0x0000, 0x0000, 0x0000, 0x0000, 0x0000, 0x0000, 0x0000, 0x0000, 0x0000, 0x0000, 0x0000, 0x0000,
    0x0000, 0x0000, 0x0000, 0x0000, 0x0000, 0x0000, 0x0000, 0x0000, 0x0000, 0x0000, 0x0000, 0x0000,
    0x0000, 0x0000, 0x0000, 0x0000, 0x0000, 0x0000, 0x0000, 0x0000, 0x0000, 0x0000, 0x0000, 0x0000,
    0x0000, 0x0000, 0x0000, 0x0000, 0x0000, 0x0000, 0x0000, 0x0000, 0x0000, 0x0000, 0x0000, 0x0000,
    0x0000, 0x0000, 0x0000, 0x0000, 0x0000, 0x0000, 0x0000, 0x0000, 0x0000, 0x0000, 0x0000, 0x0000,
    0x0000, 0x0000, 0x0000, 0x0000, 0x0000, 0x0000, 0x0000, 0x0000, 0x0000, 0x0000, 0x0000, 0x0000,
    0x0000, 0x0000, 0x0000, 0x0000, 0x0000, 0x0000, 0x0000, 0x0000, 0x0000, 0x0000, 0x0000, 0x0000,
    0x0000, 0x0000, 0x0000, 0x0000, 0x0000, 0x0000, 0x0000, 0x0000, 0x0000, 0x0000, 0x0000, 0x0000,
    0x0000, 0x0000, 0x0000, 0x0000, 0x0000, 0x0000, 0x0000, 0x0000, 0x0000, 0x0000, 0x0000, 0x0000,
    0x0000, 0x0000, 0x0000, 0x0000, 0x0000, 0x0000, 0x0000, 0x0000, 0x0000, 0x0000, 0x0000, 0x0000,
    0x0000, 0x0000, 0x0000, 0x0000, 0x0000, 0x0000, 0x0000, 0x0000, 0x0000, 0x0000, 0x0000, 0x0000,
    0x0000, 0x0000, 0x0000, 0x0000, 0x0000, 0x0000, 0x0000, 0x0000, 0x0000, 0x0000, 0x0000, 0x0000,
    0x0000, 0x0000, 0x0000, 0x0000, 0x0000, 0x0000, 0x0000, 0x0000, 0x0000, 0x0000, 0x0000, 0x0000,
    0x0000, 0x0000, 0x0000, 0x0000, 0x0000, 0x0000, 0x0000, 0x0000, 0x0000, 0x0000, 0x0000, 0x0000,
    0x0000, 0x0000, 0x0000, 0x0000, 0x0000, 0x0000, 0x0000, 0x0000, 0x0000, 0x0000, 0x0000, 0x0000,
    0x0000, 0x0000, 0x0000, 0x0000, 0x0000, 0x0000, 0x0000, 0x0000, 0x0000, 0x0000, 0x0000, 0x0000,
    0x0000, 0x0000, 0x0000, 0x0000, 0x0000, 0x0000, 0x0000, 0x0000, 0x0000, 0x0000, 0x0000, 0x0000,
    0x0000, 0x0000, 0x0000, 0x0000, 0x0000, 0x0000, 0x0000, 0x0000, 0x0000, 0x0000, 0x0000, 0x0000,
    0x0000, 0x0000, 0x0000, 0x0000, 0x0000, 0x0000, 0x0000, 0x0000, 0x0000, 0x0000, 0x0000, 0x0000,
    0x0000, 0x0000, 0x0000, 0x0000, 0x0000, 0x0000, 0x0000, 0x0000, 0x0000, 0x0000, 0x0000, 0x0000,
    0x0000, 0x0000, 0x0000, 0x0000, 0x0000, 0x00AA, 0x00CE, 0x00CD, 0x00ED, 0x00ED, 0x00ED, 0x00ED,
    0x00EE, 0x010E, 0x012E, 0x010E, 0x010E, 0x00ED, 0x00ED, 0x00ED, 0x00ED, 0x00CC, 0x00EC, 0x010D,
    0x010D, 0x010D, 0x012D, 0x010D, 0x010D, 0x010D, 0x010D, 0x00ED, 0x00ED, 0x00EC, 0x00EC, 0x00EC,
    0x00EC, 0x00CC, 0x00CC, 0x00EC, 0x012D, 0x010C, 0x0001, 0x0000, 0x0000, 0x0000, 0x0000, 0x0000,
    0x0000, 0x0000, 0x0000, 0x0000, 0x0000, 0x0000, 0x0000, 0x0000, 0x0000, 0x0000, 0x0000, 0x0000,
    0x0000, 0x0000, 0x0000, 0x0000, 0x0000, 0x0000, 0x0000, 0x0000, 0x0000, 0x0000, 0x0000, 0x0000,
    0x0000, 0x0000, 0x0000, 0x0000, 0x0000, 0x0000, 0x0000, 0x0000, 0x0000, 0x0000, 0x0000, 0x0000,
    0x0000, 0x0000, 0x0000, 0x0000, 0x0000, 0x0000, 0x0000, 0x0000, 0x0000, 0x0000, 0x0000, 0x0000,
    0x0000, 0x0000, 0x0000, 0x0000, 0x0000, 0x0000, 0x0000, 0x0000, 0x0000, 0x0000, 0x0000, 0x0000,
    0x0000, 0x0000, 0x0001, 0x010E, 0x00CD, 0x00CD, 0x00CD, 0x00CD, 0x00ED, 0x00ED, 0x00ED, 0x00ED,
    0x010D, 0x00ED, 0x00ED, 0x010D, 0x010D, 0x00ED, 0x00CD, 0x00CD, 0x00CD, 0x00CC, 0x00CC, 0x00ED,
    0x00ED, 0x00EC, 0x00EC, 0x00EC, 0x00EC, 0x010D, 0x00EC, 0x00EC, 0x00EC, 0x00ED, 0x00ED, 0x00ED,
    0x010D, 0x010C, 0x0001, 0x0000, 0x0000, 0x0000, 0x0000, 0x0000, 0x0000, 0x0000, 0x0000, 0x0000,
    0x0000, 0x0000, 0x0000, 0x0000, 0x0000, 0x0000, 0x0000, 0x0000, 0x0000, 0x0000, 0x0000, 0x0000,
    0x0000, 0x0000, 0x0000, 0x0000, 0x0000, 0x0000, 0x0000, 0x0000, 0x0000, 0x0000, 0x0000, 0x0000,
    0x0000, 0x0000, 0x0000, 0x0000, 0x0000, 0x0000, 0x0000, 0x0000, 0x0000, 0x0000, 0x0000, 0x0000,
    0x0000, 0x0000, 0x0000, 0x0000, 0x0000, 0x0000, 0x0000, 0x0000, 0x0000, 0x0000, 0x0000, 0x0000,
    0x0000, 0x0000, 0x0000, 0x0000, 0x0000, 0x0000, 0x0000, 0x0000, 0x0000, 0x0000, 0x0000, 0x0000,
    0x0000, 0x0000, 0x0000, 0x0000, 0x0000, 0x0000, 0x0000, 0x0000, 0x0000, 0x0000, 0x0000, 0x0000,
    0x0000, 0x0000, 0x0000, 0x0000, 0x0000, 0x0000, 0x0000, 0x0000, 0x0000, 0x0000, 0x0000, 0x0000,
    0x0000, 0x0000, 0x0000, 0x0000, 0x00CC, 0x006B, 0x18C2, 0x2101, 0x1861, 0x20A1, 0x2101, 0x2101,
    0x2101, 0x2121, 0x18C1, 0x20E1, 0x2101, 0x2121, 0x2101, 0x2102, 0x1903, 0x2125, 0x2125, 0x1925,
    0x2125, 0x1925, 0x1925, 0x2125, 0x1925, 0x2125, 0x2125, 0x2125, 0x2125, 0x2125, 0x2125, 0x2105,
    0x2105, 0x2125, 0x2125, 0x2125, 0x2123, 0x0000, 0x00E9, 0x0043, 0x0000, 0x0000, 0x0000, 0x0000,
    0x0000, 0x0000, 0x0000, 0x0000, 0x0000, 0x0000, 0x0000, 0x0000, 0x0000, 0x0000, 0x0000, 0x0000,
    0x0000, 0x0000, 0x0000, 0x0000, 0x0000, 0x0000, 0x0000, 0x0000, 0x0000, 0x0000, 0x0000, 0x0000,
    0x0000, 0x0000, 0x0000, 0x0000, 0x0000, 0x0000, 0x0000, 0x0000, 0x0000, 0x0000, 0x0000, 0x0000,
    0x0000, 0x0000, 0x0000, 0x0000, 0x0000, 0x0000, 0x0000, 0x0000, 0x0000, 0x0000, 0x0000, 0x0000,
    0x0000, 0x0000, 0x0000, 0x0000, 0x0000, 0x0000, 0x0000, 0x0000, 0x0000, 0x0000, 0x0000, 0x0000,
    0x0000, 0x0023, 0x010F, 0x0027, 0x1902, 0x2121, 0x2101, 0x2121, 0x2121, 0x2101, 0x2101, 0x2101,
    0x2101, 0x2101, 0x2122, 0x2101, 0x2101, 0x2121, 0x2101, 0x2102, 0x2102, 0x2122, 0x2122, 0x2123,
    0x2123, 0x2123, 0x2124, 0x2125, 0x2125, 0x2124, 0x2124, 0x2125, 0x2125, 0x2124, 0x2104, 0x2124,
    0x2943, 0x0000, 0x010B, 0x00A6, 0x0000, 0x0000, 0x0000, 0x0000, 0x0000, 0x0000, 0x0000, 0x0000,
    0x0000, 0x0000, 0x0000, 0x0000, 0x0000, 0x0000, 0x0000, 0x0000, 0x0000, 0x0000, 0x0000, 0x0000,
    0x0000, 0x0000, 0x0000, 0x0000, 0x0000, 0x0000, 0x0000, 0x0000, 0x0000, 0x0000, 0x0000, 0x0000,
    0x0000, 0x0000, 0x0000, 0x0000, 0x0000, 0x0000, 0x0000, 0x0000, 0x0000, 0x0000, 0x0000, 0x0000,
    0x0000, 0x0000, 0x0000, 0x0000, 0x0000, 0x0000, 0x0000, 0x0000, 0x0000, 0x0000, 0x0000, 0x0000,
    0x0000, 0x0000, 0x0000, 0x0000, 0x0000, 0x0000, 0x0000, 0x0000, 0x0000, 0x0000, 0x0000, 0x0000,
    0x0000, 0x0000, 0x0000, 0x0000, 0x0000, 0x0000, 0x0000, 0x0000, 0x0000, 0x0000, 0x0000, 0x0000,
    0x0000, 0x0000, 0x0000, 0x0000, 0x0000, 0x0000, 0x0000, 0x0000, 0x0000, 0x0000, 0x0000, 0x0000,
    0x0000, 0x0000, 0x0000, 0x0047, 0x0029, 0x3980, 0xD421, 0xCAA0, 0xDB20, 0xCAC0, 0xD3E0, 0xE480,
    0xF520, 0xC340, 0xE4C0, 0xF560, 0xFDA0, 0xF520, 0xECA0, 0xF520, 0xF522, 0xF5A5, 0xF5A5, 0xF5A5,
    0xF5C5, 0xF5C5, 0xF605, 0xF625, 0xF625, 0xF645, 0xF665, 0xF685, 0xFEA5, 0xF6C5, 0xF6E5, 0xFEE5,
    0xFEE5, 0xFEE5, 0xF6E6, 0xFF49, 0xB3E2, 0x0001, 0x027D, 0x014E, 0x0000, 0x0000, 0x0000, 0x0000,
    0x0000, 0x0000, 0x0000, 0x0000, 0x0000, 0x0000, 0x0000, 0x0000, 0x0000, 0x0000, 0x0000, 0x0000,
    0x0000, 0x0000, 0x0000, 0x0000, 0x0000, 0x0000, 0x0000, 0x0000, 0x0000, 0x0000, 0x0000, 0x0000,
    0x0000, 0x0000, 0x0000, 0x0000, 0x0000, 0x0000, 0x0000, 0x0000, 0x0000, 0x0000, 0x0000, 0x0000,
    0x0000, 0x0000, 0x0000, 0x0000, 0x0000, 0x0000, 0x0000, 0x0000, 0x0000, 0x0000, 0x0000, 0x0000,
    0x0000, 0x0000, 0x0000, 0x0000, 0x0000, 0x0000, 0x0000, 0x0000, 0x0000, 0x0000, 0x0000, 0x0000,
    0x0001, 0x0068, 0x0003, 0x6B45, 0xF523, 0xF3C0, 0xF440, 0xECA0, 0xF580, 0xF4C0, 0xFD40, 0xFD60,
    0xF580, 0xFDA0, 0xFDC0, 0xF520, 0xF520, 0xF520, 0xFD80, 0xFDA0, 0xFDE1, 0xFE01, 0xFE02, 0xFE22,
    0xFE43, 0xFE63, 0xFE84, 0xF6A4, 0xF6A4, 0xF6A4, 0xFEE4, 0xFF05, 0xFF06, 0xFEE5, 0xF6E6, 0xFF89,
    0xBC03, 0x0000, 0x023C, 0x01D3, 0x0000, 0x0000, 0x0000, 0x0000, 0x0000, 0x0000, 0x0000, 0x0000,
    0x0000, 0x0000, 0x0000, 0x0000, 0x0000, 0x0000, 0x0000, 0x0000, 0x0000, 0x0000, 0x0000, 0x0000,
    0x0000, 0x0000, 0x0000, 0x0000, 0x0000, 0x0000, 0x0000, 0x0000, 0x0000, 0x0000, 0x0000, 0x0000,
    0x0000, 0x0000, 0x0000, 0x0000, 0x0000, 0x0000, 0x0000, 0x0000, 0x0000, 0x0000, 0x0000, 0x0000,
    0x0000, 0x0000, 0x0000, 0x0000, 0x0000, 0x0000, 0x0000, 0x0000, 0x0000, 0x0000, 0x0000, 0x0000,
    0x0000, 0x0000, 0x0000, 0x0000, 0x0000, 0x0000, 0x0000, 0x0000, 0x0000, 0x0000, 0x0000, 0x0000,
    0x0000, 0x0000, 0x0000, 0x0000, 0x0000, 0x0000, 0x0000, 0x0000, 0x0000, 0x0000, 0x0000, 0x0000,
    0x0000, 0x0000, 0x0000, 0x0000, 0x0000, 0x0000, 0x0000, 0x0000, 0x0000, 0x0000, 0x0000, 0x0000,
    0x0000, 0x0000, 0x0045, 0x0007, 0x41A0, 0xF4C1, 0xCA60, 0xB1E0, 0xE380, 0xCA60, 0xE420, 0xDBC0,
    0xB220, 0xE480, 0xFD60, 0xFCE0, 0xFD00, 0xF460, 0xEC00, 0xF3E0, 0xFD20, 0xF4C0, 0xFD40, 0xFD60,
    0xFD80, 0xFDA0, 0xFDC0, 0xFDE0, 0xFE00, 0xFE00, 0xFE20, 0xFE20, 0xFE40, 0xFE60, 0xFE60, 0xFEA0,
    0xFEC0, 0xFEC0, 0xFF01, 0xFE20, 0x3060, 0x008C, 0x01FD, 0x01F9, 0x0000, 0x0000, 0x0000, 0x0000,
    0x0000, 0x0000, 0x0000, 0x0000, 0x0000, 0x0000, 0x0000, 0x0000, 0x0000, 0x0000, 0x0000, 0x0000,
    0x0000, 0x0000, 0x0000, 0x0000, 0x0000, 0x0000, 0x0000, 0x0000, 0x0000, 0x0000, 0x0000, 0x0000,
    0x0000, 0x0000, 0x0000, 0x0000, 0x0000, 0x0000, 0x0000, 0x0000, 0x0000, 0x0000, 0x0000, 0x0000,
    0x0000, 0x0000, 0x0000, 0x0000, 0x0000, 0x0000, 0x0000, 0x0000, 0x0000, 0x0000, 0x0000, 0x0000,
    0x0000, 0x0000, 0x0000, 0x0000, 0x0000, 0x0000, 0x0000, 0x0000, 0x0000, 0x0000, 0x0000, 0x0000,
    0x00CB, 0x0002, 0x83A4, 0xFDC3, 0xFBE0, 0xFC80, 0xF460, 0xF500, 0xFD80, 0xF480, 0xFD40, 0xFD40,
    0xFD20, 0xFDA0, 0xFD80, 0xFC80, 0xFCC0, 0xFD40, 0xFD80, 0xFDC0, 0xFDC0, 0xFDC0, 0xFDC0, 0xFDE0,
    0xFDE0, 0xFE00, 0xFE20, 0xFE40, 0xFE40, 0xFE60, 0xFE80, 0xFEA0, 0xFEA0, 0xFEA0, 0xFF22, 0xFE41,
    0x3040, 0x006A, 0x019A, 0x027E, 0x0064, 0x0000, 0x0000, 0x0000, 0x0000, 0x0000, 0x0000, 0x0000,
    0x0000, 0x0000, 0x0000, 0x0000, 0x0000, 0x0000, 0x0000, 0x0000, 0x0000, 0x0000, 0x0000, 0x0000,
    0x0000, 0x0000, 0x0000, 0x0000, 0x0000, 0x0000, 0x0000, 0x0000, 0x0000, 0x0000, 0x0000, 0x0000,
    0x0000, 0x0000, 0x0000, 0x0000, 0x0000, 0x0000, 0x0000, 0x0000, 0x0000, 0x0000, 0x0000, 0x0000,
    0x0000, 0x0000, 0x0000, 0x0000, 0x0000, 0x0000, 0x0000, 0x0000, 0x0000, 0x0000, 0x0000, 0x0000,
    0x0000, 0x0000, 0x0000, 0x0000, 0x0000, 0x0000, 0x0000, 0x0000, 0x0000, 0x0000, 0x0000, 0x0000,
    0x0000, 0x0000, 0x0000, 0x0000, 0x0000, 0x0000, 0x0000, 0x0000, 0x0000, 0x0000, 0x0000, 0x0000,
    0x0000, 0x0000, 0x0000, 0x0000, 0x0000, 0x0000, 0x0000, 0x0000, 0x0000, 0x0000, 0x0000, 0x0000,
    0x0000, 0x0000, 0x00CC, 0x0063, 0xCC80, 0xE300, 0xEBC0, 0xCA80, 0x9200, 0x91A0, 0xFD40, 0xF460,
    0xF460, 0xFDC0, 0xF4E0, 0xF520, 0xFD00, 0xFCE0, 0xFCA0, 0xF4E0, 0xF540, 0xF500, 0xFDA0, 0xFDA0,
    0xFDC0, 0xFDC0, 0xFDE0, 0xFDE0, 0xFDE0, 0xFE00, 0xFE00, 0xFE20, 0xFE20, 0xFE40, 0xFE60, 0xFE60,
    0xFE60, 0xFE40, 0xFF01, 0xAB80, 0x0002, 0x0133, 0x0155, 0x021D, 0x00CA, 0x0000, 0x0000, 0x0000,
    0x0000, 0x0000, 0x0000, 0x0000, 0x0000, 0x0000, 0x0000, 0x0000, 0x0000, 0x0000, 0x0000, 0x0000,
    0x0000, 0x0000, 0x0000, 0x0000, 0x0000, 0x0000, 0x0000, 0x0000, 0x0000, 0x0000, 0x0000, 0x0000,
    0x0000, 0x0000, 0x0000, 0x0000, 0x0000, 0x0000, 0x0000, 0x0000, 0x0000, 0x0000, 0x0000, 0x0000,
    0x0000, 0x0000, 0x0000, 0x0000, 0x0000, 0x0000, 0x0000, 0x0000, 0x0000, 0x0000, 0x0000, 0x0000,
    0x0000, 0x0000, 0x0000, 0x0000, 0x0000, 0x0000, 0x0000, 0x0000, 0x0000, 0x0000, 0x0000, 0x0042,
    0x008B, 0x31A4, 0xFE05, 0xF460, 0xFD40, 0xFD40, 0xE460, 0xFDC0, 0xF4C0, 0xFD40, 0xF500, 0xFDA0,
    0xF520, 0xFDE0, 0xF4E0, 0xFD60, 0xFDE0, 0xFDE0, 0xFDE0, 0xFDE0, 0xFDE0, 0xFDE0, 0xFDE0, 0xFDE0,
    0xFDE0, 0xFE00, 0xFE00, 0xFE20, 0xFE40, 0xFE40, 0xFE40, 0xFE40, 0xFE60, 0xFE60, 0xFF21, 0xAB40,
    0x0002, 0x0154, 0x0177, 0x025E, 0x01B3, 0x0000, 0x0000, 0x0000, 0x0000, 0x0000, 0x0000, 0x0000,
    0x0000, 0x0000, 0x0000, 0x0000, 0x0000, 0x0000, 0x0000, 0x0000, 0x0000, 0x0000, 0x0000, 0x0000,
    0x0000, 0x0000, 0x0000, 0x0000, 0x0000, 0x0000, 0x0000, 0x0000, 0x0000, 0x0000, 0x0000, 0x0000,
    0x0000, 0x0000, 0x0000, 0x0000, 0x0000, 0x0000, 0x0000, 0x0000, 0x0000, 0x0000, 0x0000, 0x0000,
    0x0000, 0x0000, 0x0000, 0x0000, 0x0000, 0x0000, 0x0000, 0x0000, 0x0000, 0x0000, 0x0000, 0x0000,
    0x0000, 0x0000, 0x0000, 0x0000, 0x0000, 0x0000, 0x0000, 0x0000, 0x0000, 0x0000, 0x0000, 0x0000,
    0x0000, 0x0000, 0x0000, 0x0000, 0x0000, 0x0000, 0x0000, 0x0000, 0x0000, 0x0000, 0x0000, 0x0000,
    0x0000, 0x0000, 0x0000, 0x0000, 0x0000, 0x0000, 0x0000, 0x0000, 0x0000, 0x0000, 0x0000, 0x0000,
    0x0000, 0x0043, 0x004B, 0x4A00, 0xFD21, 0xDB60, 0xD360, 0xC2A0, 0xB300, 0xC360, 0xFD20, 0xFD20,
    0xFD80, 0xFD60, 0xECC0, 0xFDE0, 0xF4E0, 0xF4C0, 0xFD80, 0xFDC0, 0xFDA0, 0xFDE0, 0xFDE0, 0xFDE0,
    0xFDE0, 0xFDE0, 0xFDE0, 0xFE00, 0xFE00, 0xFE00, 0xFE00, 0xFE20, 0xFE20, 0xFE20, 0xFE20, 0xFE40,
    0xFE20, 0xFE80, 0xFDE0, 0x2860, 0x008C, 0x0155, 0x0154, 0x01BB, 0x00CC, 0x0000, 0x0000, 0x0000,
    0x0000, 0x0000, 0x0000, 0x0000, 0x0000, 0x0000, 0x0000, 0x0000, 0x0000, 0x0000, 0x0000, 0x0000,
    0x0000, 0x0000, 0x0000, 0x0000, 0x0000, 0x0000, 0x0000, 0x0000, 0x0000, 0x0000, 0x0000, 0x0000,
    0x0000, 0x0000, 0x0000, 0x0000, 0x0000, 0x0000, 0x0000, 0x0000, 0x0000, 0x0000, 0x0000, 0x0000,
    0x0000, 0x0000, 0x0000, 0x0000, 0x0000, 0x0000, 0x0000, 0x0000, 0x0000, 0x0000, 0x0000, 0x0000,
    0x0000, 0x0000, 0x0000, 0x0000, 0x0000, 0x0000, 0x0000, 0x0000, 0x0000, 0x0000, 0x0000, 0x00CA,
    0x0007, 0x8364, 0xFDA0, 0xF560, 0xFDE0, 0xFDE0, 0xECE0, 0xFDE0, 0xE4C0, 0xFDA0, 0xF5A0, 0xFDE0,
    0xFDE0, 0xFDE0, 0xFDE0, 0xFDE0, 0xFDE0, 0xFDE0, 0xFDE0, 0xFE00, 0xFE00, 0xFE00, 0xFE00, 0xFE00,
    0xFE00, 0xFE00, 0xFE20, 0xFE20, 0xFE20, 0xFE20, 0xFE40, 0xFE60, 0xFE40, 0xFE80, 0xFDE1, 0x2860,
    0x008B, 0x0155, 0x0155, 0x01DA, 0x0174, 0x0000, 0x0000, 0x0000, 0x0000, 0x0000, 0x0000, 0x0000,
    0x0000, 0x0000, 0x0000, 0x0000, 0x0000, 0x0000, 0x0000, 0x0000, 0x0000, 0x0000, 0x0000, 0x0000,
    0x0000, 0x0000, 0x0000, 0x0000, 0x0000, 0x0000, 0x0000, 0x0000, 0x0000, 0x0000, 0x0000, 0x0000,
    0x0000, 0x0000, 0x0000, 0x0000, 0x0000, 0x0000, 0x0000, 0x0000, 0x0000, 0x0000, 0x0000, 0x0000,
    0x0000, 0x0000, 0x0000, 0x0000, 0x0000, 0x0000, 0x0000, 0x0000, 0x0000, 0x0000, 0x0000, 0x0000,
    0x0000, 0x0000, 0x0000, 0x0000, 0x0000, 0x0000, 0x0000, 0x0000, 0x0000, 0x0000, 0x0000, 0x0000,
    0x0000, 0x0000, 0x0000, 0x0000, 0x0000, 0x0000, 0x0000, 0x0000, 0x0000, 0x0000, 0x0000, 0x0000,
    0x0000, 0x0000, 0x0000, 0x0000, 0x0000, 0x0000, 0x0000, 0x0000, 0x0000, 0x0000, 0x0000, 0x0000,
    0x0000, 0x00CA, 0x0046, 0xB440, 0xEBE0, 0xCB20, 0xD3A0, 0x9180, 0xE460, 0xFD80, 0xFD80, 0xECC0,
    0xE480, 0xFDA0, 0xFE20, 0xFE00, 0xD420, 0xF520, 0xFE00, 0xFDC0, 0xFDE0, 0xFDE0, 0xFE00, 0xFE00,
    0xFE00, 0xFE20, 0xFE00, 0xFE00, 0xFE00, 0xFE20, 0xFE20, 0xFE40, 0xFE40, 0xFE40, 0xFE40, 0xFE60,
    0xFE20, 0xFEE0, 0xA2E0, 0x0003, 0x0111, 0x0112, 0x0154, 0x0112, 0x0000, 0x0000, 0x0000, 0x0000,
    0x0000, 0x0000, 0x0000, 0x0000, 0x0000, 0x0000, 0x0000, 0x0000, 0x0000, 0x0000, 0x0000, 0x0000,
    0x0000, 0x0000, 0x0000, 0x0000, 0x0000, 0x0000, 0x0000, 0x0000, 0x0000, 0x0000, 0x0000, 0x0000,
    0x0000, 0x0000, 0x0000, 0x0000, 0x0000, 0x0000, 0x0000, 0x0000, 0x0000, 0x0000, 0x0000, 0x0000,
    0x0000, 0x0000, 0x0000, 0x0000, 0x0000, 0x0000, 0x0000, 0x0000, 0x0000, 0x0000, 0x0000, 0x0000,
    0x0000, 0x0000, 0x0000, 0x0000, 0x0000, 0x0000, 0x0000, 0x0000, 0x0000, 0x0000, 0x0000, 0x00EE,
    0x08A4, 0xDD64, 0xFD40, 0xFD80, 0xFDA0, 0xFD60, 0xFDA0, 0xFDE0, 0xF580, 0xFE20, 0xFDE0, 0xFDE0,
    0xFE00, 0xFE00, 0xFE00, 0xFE00, 0xFE00, 0xFE00, 0xFE00, 0xFE00, 0xFE20, 0xFE20, 0xFE00, 0xFE20,
    0xFE20, 0xFE20, 0xFE20, 0xFE20, 0xFE20, 0xFE20, 0xFE40, 0xFE60, 0xFE40, 0xFEE1, 0x9AE0, 0x0002,
    0x0132, 0x0133, 0x0154, 0x0198, 0x0044, 0x0000, 0x0000, 0x0000, 0x0000, 0x0000, 0x0000, 0x0000,
    0x0000, 0x0000, 0x0000, 0x0000, 0x0000, 0x0000, 0x0000, 0x0000, 0x0000, 0x0000, 0x0000, 0x0000,
    0x0000, 0x0000, 0x0000, 0x0000, 0x0000, 0x0000, 0x0000, 0x0000, 0x0000, 0x0000, 0x0000, 0x0000,
    0x0000, 0x0000, 0x0000, 0x0000, 0x0000, 0x0000, 0x0000, 0x0000, 0x0000, 0x0000, 0x0000, 0x0000,
    0x0000, 0x0000, 0x0000, 0x0000, 0x0000, 0x0000, 0x0000, 0x0000, 0x0000, 0x0000, 0x0000, 0x0000,
    0x0000, 0x0000, 0x0000, 0x0000, 0x0000, 0x0000, 0x0000, 0x0000, 0x0000, 0x0000, 0x0000, 0x0000,
    0x0000, 0x0000, 0x0000, 0x0000, 0x0000, 0x0000, 0x0000, 0x0000, 0x0000, 0x0000, 0x0000, 0x0000,
    0x0000, 0x0000, 0x0000, 0x0000, 0x0000, 0x0000, 0x0000, 0x0000, 0x0000, 0x0000, 0x0000, 0x0000,
    0x0001, 0x008D, 0x2120, 0xEC80, 0xE400, 0xE480, 0xECC0, 0xAA60, 0xF5C0, 0xED80, 0xED40, 0xFD80,
    0xED20, 0xE4E0, 0xF5E0, 0xE540, 0xD4A0, 0xFE20, 0xFE20, 0xFE40, 0xFE20, 0xFE40, 0xFE40, 0xFE40,
    0xFE40, 0xFE40, 0xFE40, 0xFE40, 0xFE40, 0xFE40, 0xFE60, 0xFE60, 0xFE60, 0xFE60, 0xFE80, 0xFE60,
    0xFEA0, 0xF5C0, 0x2040, 0x006A, 0x0111, 0x00F0, 0x0133, 0x0067, 0x0000, 0x0000, 0x0000, 0x0000,
    0x0000, 0x0000, 0x0000, 0x0000, 0x0000, 0x0000, 0x0000, 0x0000, 0x0000, 0x0000, 0x0000, 0x0000,
    0x0000, 0x0000, 0x0000, 0x0000, 0x0000, 0x0000, 0x0000, 0x0000, 0x0000, 0x0000, 0x0000, 0x0000,
    0x0000, 0x0000, 0x0000, 0x0000, 0x0000, 0x0000, 0x0000, 0x0000, 0x0000, 0x0000, 0x0000, 0x0000,
    0x0000, 0x0000, 0x0000, 0x0000, 0x0000, 0x0000, 0x0000, 0x0000, 0x0000, 0x0000, 0x0000, 0x0000,
    0x0000, 0x0000, 0x0000, 0x0000, 0x0000, 0x0000, 0x0000, 0x0000, 0x0000, 0x0000, 0x0064, 0x004A,
    0x4A44, 0xFEA3, 0xFE00, 0xFDE0, 0xFDC0, 0xFDA0, 0xFE20, 0xFE20, 0xFE20, 0xFE40, 0xFE20, 0xFE40,
    0xFE40, 0xFE40, 0xFE20, 0xFE20, 0xFE20, 0xFE40, 0xFE40, 0xFE40, 0xFE40, 0xFE40, 0xFE40, 0xFE40,
    0xFE40, 0xFE40, 0xFE60, 0xFE40, 0xFE60, 0xFE60, 0xFE60, 0xFE60, 0xFEA0, 0xF5C0, 0x2040, 0x008B,
    0x0111, 0x0110, 0x0154, 0x00EE, 0x0000, 0x0000, 0x0000, 0x0000, 0x0000, 0x0000, 0x0000, 0x0000,
    0x0000, 0x0000, 0x0000, 0x0000, 0x0000, 0x0000, 0x0000, 0x0000, 0x0000, 0x0000, 0x0000, 0x0000,
    0x0000, 0x0000, 0x0000, 0x0000, 0x0000, 0x0000, 0x0000, 0x0000, 0x0000, 0x0000, 0x0000, 0x0000,
    0x0000, 0x0000, 0x0000, 0x0000, 0x0000, 0x0000, 0x0000, 0x0000, 0x0000, 0x0000, 0x0000, 0x0000,
    0x0000, 0x0000, 0x0000, 0x0000, 0x0000, 0x0000, 0x0000, 0x0000, 0x0000, 0x0000, 0x0000, 0x0000,
    0x0000, 0x0000, 0x0000, 0x0000, 0x0000, 0x0000, 0x0000, 0x0000, 0x0000, 0x0000, 0x0000, 0x0000,
    0x0000, 0x0000, 0x0000, 0x0000, 0x0000, 0x0000, 0x0000, 0x0000, 0x0000, 0x0000, 0x0000, 0x0000,
    0x0000, 0x0000, 0x0000, 0x0000, 0x0000, 0x0000, 0x0000, 0x0000, 0x0000, 0x0000, 0x0000, 0x0000,
    0x0088, 0x0029, 0x7B20, 0xFDA1, 0xFD40, 0xFDC0, 0xECA0, 0xC380, 0xFE40, 0xE500, 0xED60, 0xFE00,
    0xFE00, 0xE520, 0xF5A0, 0xCCC0, 0xCCE0, 0xFEC0, 0xFE40, 0xFE40, 0xFE40, 0xFE80, 0xFE80, 0xFE80,
    0xFE80, 0xFE80, 0xFE80, 0xFE60, 0xFE60, 0xFE60, 0xFE60, 0xFE60, 0xFE80, 0xFE80, 0xFE80, 0xFE80,
    0xFF00, 0x8A80, 0x0003, 0x00CE, 0x00CE, 0x0110, 0x00CE, 0x0000, 0x0000, 0x0000, 0x0000, 0x0000,
    0x0000, 0x0000, 0x0000, 0x0000, 0x0000, 0x0000, 0x0000, 0x0000, 0x0000, 0x0000, 0x0000, 0x0000,
    0x0000, 0x0000, 0x0000, 0x0000, 0x0000, 0x0000, 0x0000, 0x0000, 0x0000, 0x0000, 0x0000, 0x0000,
    0x0000, 0x0000, 0x0000, 0x0000, 0x0000, 0x0000, 0x0000, 0x0000, 0x0000, 0x0000, 0x0000, 0x0000,
    0x0000, 0x0000, 0x0000, 0x0000, 0x0000, 0x0000, 0x0000, 0x0000, 0x0000, 0x0000, 0x0000, 0x0000,
    0x0000, 0x0000, 0x0000, 0x0000, 0x0000, 0x0000, 0x0000, 0x0000, 0x0000, 0x0000, 0x00CA, 0x0005,
    0xACC6, 0xFE80, 0xFE40, 0xFE40, 0xFE20, 0xFE40, 0xFE80, 0xFE60, 0xFE60, 0xFE60, 0xFE60, 0xFE80,
    0xFE60, 0xFE60, 0xFE60, 0xFE60, 0xFE60, 0xFE60, 0xFE60, 0xFE60, 0xFE60, 0xFE60, 0xFE60, 0xFE60,
    0xFE60, 0xFE60, 0xFE60, 0xFE60, 0xFE60, 0xFE60, 0xFE60, 0xFE60, 0xFF00, 0x8AA0, 0x0003, 0x0110,
    0x00F0, 0x0111, 0x0132, 0x0023, 0x0000, 0x0000, 0x0000, 0x0000, 0x0000, 0x0000, 0x0000, 0x0000,
    0x0000, 0x0000, 0x0000, 0x0000, 0x0000, 0x0000, 0x0000, 0x0000, 0x0000, 0x0000, 0x0000, 0x0000,
    0x0000, 0x0000, 0x0000, 0x0000, 0x0000, 0x0000, 0x0000, 0x0000, 0x0000, 0x0000, 0x0000, 0x0000,
    0x0000, 0x0000, 0x0000, 0x0000, 0x0000, 0x0000, 0x0000, 0x0000, 0x0000, 0x0000, 0x0000, 0x0000,
    0x0000, 0x0000, 0x0000, 0x0000, 0x0000, 0x0000, 0x0000, 0x0000, 0x0000, 0x0000, 0x0000, 0x0000,
    0x0000, 0x0000, 0x0000, 0x0000, 0x0000, 0x0000, 0x0000, 0x0000, 0x0000, 0x0000, 0x0000, 0x0000,
    0x0000, 0x0000, 0x0000, 0x0000, 0x0000, 0x0000, 0x0000, 0x0000, 0x0000, 0x0000, 0x0000, 0x0000,
    0x0000, 0x0000, 0x0000, 0x0000, 0x0000, 0x0000, 0x0000, 0x0000, 0x0000, 0x0000, 0x0000, 0x0000,
    0x00CD, 0x08A2, 0xDD80, 0xFDC0, 0xFDA0, 0xF540, 0xE4A0, 0xE4C0, 0xED80, 0xDCC0, 0xFE20, 0xFE60,
    0xFE60, 0xE560, 0xEDC0, 0xA340, 0xF620, 0xFEA0, 0xFE80, 0xF620, 0xFE80, 0xFE60, 0xFEC0, 0xFEA0,
    0xFE80, 0xFE80, 0xFE80, 0xFE80, 0xFE80, 0xFE80, 0xFE80, 0xFE80, 0xFE80, 0xFE80, 0xFE80, 0xFEE0,
    0xED80, 0x1020, 0x0069, 0x00CD, 0x00AD, 0x00EF, 0x0044, 0x0000, 0x0000, 0x0000, 0x0000, 0x0000,
    0x0000, 0x0000, 0x0000, 0x0000, 0x0000, 0x0000, 0x0000, 0x0000, 0x0000, 0x0000, 0x0000, 0x0000,
    0x0000, 0x0000, 0x0000, 0x0000, 0x0000, 0x0000, 0x0000, 0x0000, 0x0000, 0x0000, 0x0000, 0x0000,
    0x0000, 0x0000, 0x0000, 0x0000, 0x0000, 0x0000, 0x0000, 0x0000, 0x0000, 0x0000, 0x0000, 0x0000,
    0x0000, 0x0000, 0x0000, 0x0000, 0x0000, 0x0000, 0x0000, 0x0000, 0x0000, 0x0000, 0x0000, 0x0000,
    0x0000, 0x0000, 0x0000, 0x0000, 0x0000, 0x0000, 0x0000, 0x0000, 0x0000, 0x0001, 0x00CD, 0x2124,
    0xF646, 0xFE40, 0xFE80, 0xFE80, 0xFE60, 0xFE80, 0xFE80, 0xFE80, 0xFE80, 0xFE80, 0xFE80, 0xFE80,
    0xFE60, 0xFE40, 0xFE60, 0xFE40, 0xFE60, 0xFE60, 0xFE60, 0xFE60, 0xFE60, 0xFE80, 0xFE60, 0xFE60,
    0xFE80, 0xFE80, 0xFE80, 0xFE80, 0xFE80, 0xFE80, 0xFE60, 0xFEC0, 0xED80, 0x1020, 0x008A, 0x00EF,
    0x00CF, 0x0111, 0x00AA, 0x0000, 0x0000, 0x0000, 0x0000, 0x0000, 0x0000, 0x0000, 0x0000, 0x0000,
    0x0000, 0x0000, 0x0000, 0x0000, 0x0000, 0x0000, 0x0000, 0x0000, 0x0000, 0x0000, 0x0000, 0x0000,
    0x0000, 0x0000, 0x0000, 0x0000, 0x0000, 0x0000, 0x0000, 0x0000, 0x0000, 0x0000, 0x0000, 0x0000,
    0x0000, 0x0000, 0x0000, 0x0000, 0x0000, 0x0000, 0x0000, 0x0000, 0x0000, 0x0000, 0x0000, 0x0000,
    0x0000, 0x0000, 0x0000, 0x0000, 0x0000, 0x0000, 0x0000, 0x0000, 0x0000, 0x0000, 0x0000, 0x0000,
    0x0000, 0x0000, 0x0000, 0x0000, 0x0000, 0x0000, 0x0000, 0x0000, 0x0000, 0x0000, 0x0000, 0x0000,
    0x0000, 0x0000, 0x0000, 0x0000, 0x0000, 0x0000, 0x0000, 0x0000, 0x0000, 0x0000, 0x0000, 0x0000,
    0x0000, 0x0000, 0x0000, 0x0000, 0x0000, 0x0000, 0x0000, 0x0000, 0x0000, 0x0000, 0x0000, 0x0064,
    0x002B, 0x5AC1, 0xFEC2, 0xFDE0, 0xED20, 0xF560, 0xECE0, 0xFDA0, 0xFDC0, 0xED00, 0xFE60, 0xFE60,
    0xF5E0, 0xFE80, 0xD4E0, 0xBC40, 0xFF00, 0xFEA0, 0xF620, 0xED80, 0xF640, 0xF600, 0xF640, 0xF640,
    0xF620, 0xF680, 0xFE80, 0xFE80, 0xFE80, 0xFE80, 0xFE80, 0xFE80, 0xFE80, 0xFE80, 0xF680, 0xFEC0,
    0x8220, 0x0003, 0x00AC, 0x008B, 0x00CD, 0x008A, 0x0000, 0x0000, 0x0000, 0x0000, 0x0000, 0x0000,
    0x0000, 0x0000, 0x0000, 0x0000, 0x0000, 0x0000, 0x0000, 0x0000, 0x0000, 0x0000, 0x0000, 0x0000,
    0x0000, 0x0000, 0x0000, 0x0000, 0x0000, 0x0000, 0x0000, 0x0000, 0x0000, 0x0000, 0x0000, 0x0000,
    0x0000, 0x0000, 0x0000, 0x0000, 0x0000, 0x0000, 0x0000, 0x0000, 0x0000, 0x0000, 0x0000, 0x0000,
    0x0000, 0x0000, 0x0000, 0x0000, 0x0000, 0x0000, 0x0000, 0x0000, 0x0000, 0x0000, 0x0000, 0x0000,
    0x0000, 0x0000, 0x0000, 0x0000, 0x0000, 0x0000, 0x0000, 0x0000, 0x0000, 0x00A7, 0x006A, 0x6B05,
    0xFE22, 0xF5C0, 0xEDC0, 0xDCE0, 0xFE40, 0xFEA0, 0xFE60, 0xFE60, 0xFEA0, 0xFEA0, 0xFEE0, 0xFF00,
    0xFE60, 0xFEC0, 0xFEC0, 0xFEC0, 0xFEE0, 0xFEE0, 0xFEE0, 0xFEE0, 0xFE80, 0xFE60, 0xFE20, 0xFE80,
    0xFE80, 0xFE80, 0xFE80, 0xFE80, 0xFE80, 0xFE80, 0xFE80, 0xFEE0, 0x8240, 0x0004, 0x00EF, 0x00CE,
    0x00EF, 0x00EF, 0x0002, 0x0000, 0x0000, 0x0000, 0x0000, 0x0000, 0x0000, 0x0000, 0x0000, 0x0000,
    0x0000, 0x0000, 0x0000, 0x0000, 0x0000, 0x0000, 0x0000, 0x0000, 0x0000, 0x0000, 0x0000, 0x0000,
    0x0000, 0x0000, 0x0000, 0x0000, 0x0000, 0x0000, 0x0000, 0x0000, 0x0000, 0x0000, 0x0000, 0x0000,
    0x0000, 0x0000, 0x0000, 0x0000, 0x0000, 0x0000, 0x0000, 0x0000, 0x0000, 0x0000, 0x0000, 0x0000,
    0x0000, 0x0000, 0x0000, 0x0000, 0x0000, 0x0000, 0x0000, 0x0000, 0x0000, 0x0000, 0x0000, 0x0000,
    0x0000, 0x0000, 0x0000, 0x0000, 0x0000, 0x0000, 0x0000, 0x0000, 0x0000, 0x0000, 0x0000, 0x0000,
    0x0000, 0x0000, 0x0000, 0x0000, 0x0000, 0x0000, 0x0000, 0x0000, 0x0000, 0x0000, 0x0000, 0x0000,
    0x0000, 0x0000, 0x0000, 0x0000, 0x0000, 0x0000, 0x0000, 0x0000, 0x0000, 0x0000, 0x0000, 0x00CC,
    0x0024, 0xB4A0, 0xF5A0, 0xF540, 0xDC00, 0xC300, 0xDCC0, 0xFE80, 0xF5E0, 0xF5E0, 0xF5C0, 0xFE20,
    0xF5E0, 0xFEC0, 0xF540, 0xFE60, 0xFEC0, 0xFEE0, 0xFE20, 0xFE40, 0xFF00, 0xFD40, 0xFD00, 0xFE60,
    0xFDC0, 0xFE40, 0xFEC0, 0xFEA0, 0xFEC0, 0xFEE0, 0xFEE0, 0xFEE0, 0xFEE0, 0xFEC0, 0xFF20, 0xE4C0,
    0x0800, 0x0068, 0x008A, 0x00AB, 0x00AD, 0x0023, 0x0000, 0x0000, 0x0000, 0x0000, 0x0000, 0x0000,
    0x0000, 0x0000, 0x0000, 0x0000, 0x0000, 0x0000, 0x0000, 0x0000, 0x0000, 0x0000, 0x0000, 0x0000,
    0x0000, 0x0000, 0x0000, 0x0000, 0x0000, 0x0000, 0x0000, 0x0000, 0x0000, 0x0000, 0x0000, 0x0000,
    0x0000, 0x0000, 0x0000, 0x0000, 0x0000, 0x0000, 0x0000, 0x0000, 0x0000, 0x0000, 0x0000, 0x0000,
    0x0000, 0x0000, 0x0000, 0x0000, 0x0000, 0x0000, 0x0000, 0x0000, 0x0000, 0x0000, 0x0000, 0x0000,
    0x0000, 0x0000, 0x0000, 0x0000, 0x0000, 0x0000, 0x0000, 0x0000, 0x0000, 0x00ED, 0x0066, 0xC4C4,
    0xFDE0, 0xFE20, 0xF5C0, 0xBA80, 0xE520, 0xFEC0, 0xFE80, 0xFEA0, 0xFEC0, 0xFF00, 0xFD60, 0xE4A0,
    0xECA0, 0xE4C0, 0xE4C0, 0xE4E0, 0xE4E0, 0xE4E0, 0xE4E0, 0xED40, 0xFEA0, 0xFE80, 0xFE80, 0xFE80,
    0xFE80, 0xFE80, 0xFE80, 0xFE80, 0xFE80, 0xFE80, 0xFEE0, 0xED20, 0x1000, 0x008B, 0x00CD, 0x00AD,
    0x00EF, 0x0088, 0x0000, 0x0000, 0x0000, 0x0000, 0x0000, 0x0000, 0x0000, 0x0000, 0x0000, 0x0000,
    0x0000, 0x0000, 0x0000, 0x0000, 0x0000, 0x0000, 0x0000, 0x0000, 0x0000, 0x0000, 0x0000, 0x0000,
    0x0000, 0x0000, 0x0000, 0x0000, 0x0000, 0x0000, 0x0000, 0x0000, 0x0000, 0x0000, 0x0000, 0x0000,
    0x0000, 0x0000, 0x0000, 0x0000, 0x0000, 0x0000, 0x0000, 0x0000, 0x0000, 0x0000, 0x0000, 0x0000,
    0x0000, 0x0000, 0x0000, 0x0000, 0x0000, 0x0000, 0x0000, 0x0000, 0x0000, 0x0000, 0x0000, 0x0000,
    0x0000, 0x0000, 0x0000, 0x0000, 0x0000, 0x0000, 0x0000, 0x0000, 0x0000, 0x0000, 0x0000, 0x0000,
    0x0000, 0x0000, 0x0000, 0x0000, 0x0000, 0x0000, 0x0000, 0x0000, 0x0000, 0x0000, 0x0000, 0x0000,
    0x0000, 0x0000, 0x0000, 0x0000, 0x0000, 0x0000, 0x0000, 0x0000, 0x0000, 0x0000, 0x0022, 0x00CD,
    0x3180, 0xFE20, 0xFD80, 0xFDE0, 0xFDA0, 0xE4A0, 0xEDC0, 0xF640, 0xFE40, 0xFE80, 0xF600, 0xF5C0,
    0xFE20, 0xE480, 0x7180, 0x69A0, 0x7180, 0x69A0, 0x71A0, 0x71E0, 0x71C0, 0x7180, 0x71A0, 0x71E0,
    0x6960, 0x6980, 0x69A0, 0x6980, 0x6980, 0x69C0, 0x69C0, 0x69C0, 0x69C0, 0x69A0, 0x6A20, 0x38E0,
    0x0024, 0x00AB, 0x0089, 0x00AB, 0x0068, 0x0000, 0x0000, 0x0000, 0x0000, 0x0000, 0x0000, 0x0000,
    0x0000, 0x0000, 0x0000, 0x0000, 0x0000, 0x0000, 0x0000, 0x0000, 0x0000, 0x0000, 0x0000, 0x0000,
    0x0000, 0x0000, 0x0000, 0x0000, 0x0000, 0x0000, 0x0000, 0x0000, 0x0000, 0x0000, 0x0000, 0x0000,
    0x0000, 0x0000, 0x0000, 0x0000, 0x0000, 0x0000, 0x0000, 0x0000, 0x0000, 0x0000, 0x0000, 0x0000,
    0x0000, 0x0000, 0x0000, 0x0000, 0x0000, 0x0000, 0x0000, 0x0000, 0x0000, 0x0000, 0x0000, 0x0000,
    0x0000, 0x0000, 0x0000, 0x0000, 0x0000, 0x0000, 0x0000, 0x0000, 0x0022, 0x008C, 0x3164, 0xEDC4,
    0xF580, 0xFE00, 0xFE00, 0xE520, 0xFEA0, 0xF600, 0xEDC0, 0xEDE0, 0xE5C0, 0xF5A0, 0x58A0, 0x0800,
    0x1000, 0x0800, 0x0800, 0x0800, 0x0800, 0x1000, 0x0000, 0x8322, 0xFF00, 0xFE60, 0xFEA0, 0xFEA0,
    0xFEA0, 0xFE80, 0xFE80, 0xFEA0, 0xFEA0, 0xFEA0, 0xFEC0, 0x71C0, 0x0004, 0x00CD, 0x00AC, 0x00CD,
    0x00CE, 0x0001, 0x0000, 0x0000, 0x0000, 0x0000, 0x0000, 0x0000, 0x0000, 0x0000, 0x0000, 0x0000,
    0x0000, 0x0000, 0x0000, 0x0000, 0x0000, 0x0000, 0x0000, 0x0000, 0x0000, 0x0000, 0x0000, 0x0000,
    0x0000, 0x0000, 0x0000, 0x0000, 0x0000, 0x0000, 0x0000, 0x0000, 0x0000, 0x0000, 0x0000, 0x0000,
    0x0000, 0x0000, 0x0000, 0x0000, 0x0000, 0x0000, 0x0000, 0x0000, 0x0000, 0x0000, 0x0000, 0x0000,
    0x0000, 0x0000, 0x0000, 0x0000, 0x0000, 0x0000, 0x0000, 0x0000, 0x0000, 0x0000, 0x0000, 0x0000,
    0x0000, 0x0000, 0x0000, 0x0000, 0x0000, 0x0000, 0x0000, 0x0000, 0x0000, 0x0000, 0x0000, 0x0000,
    0x0000, 0x0000, 0x0000, 0x0000, 0x0000, 0x0000, 0x0000, 0x0000, 0x0000, 0x0000, 0x0000, 0x0000,
    0x0000, 0x0000, 0x0000, 0x0000, 0x0000, 0x0000, 0x0000, 0x0000, 0x0000, 0x0000, 0x00C9, 0x0048,
    0x93C0, 0xFDE0, 0xF600, 0xFE00, 0xFE20, 0xFDE0, 0xFE60, 0xE520, 0xF5E0, 0xFE60, 0xFE40, 0xFE40,
    0xFE40, 0x7100, 0x0001, 0x0002, 0x0001, 0x0001, 0x0001, 0x0001, 0x0001, 0x0001, 0x0001, 0x0001,
    0x0001, 0x0001, 0x0001, 0x0001, 0x0001, 0x0001, 0x0001, 0x0001, 0x0001, 0x0001, 0x0001, 0x0000,
    0x0068, 0x008B, 0x008A, 0x00AB, 0x0022, 0x0000, 0x0000, 0x0000, 0x0000, 0x0000, 0x0000, 0x0000,
    0x0000, 0x0000, 0x0000, 0x0000, 0x0000, 0x0000, 0x0000, 0x0000, 0x0000, 0x0000, 0x0000, 0x0000,
    0x0000, 0x0000, 0x0000, 0x0000, 0x0000, 0x0000, 0x0000, 0x0000, 0x0000, 0x0000, 0x0000, 0x0000,
    0x0000, 0x0000, 0x0000, 0x0000, 0x0000, 0x0000, 0x0000, 0x0000, 0x0000, 0x0000, 0x0000, 0x0000,
    0x0000, 0x0000, 0x0000, 0x0000, 0x0000, 0x0000, 0x0000, 0x0000, 0x0000, 0x0000, 0x0000, 0x0000,
    0x0000, 0x0000, 0x0000, 0x0000, 0x0000, 0x0000, 0x0000, 0x0000, 0x00C8, 0x0007, 0x8BC6, 0xFEA0,
    0xFE00, 0xF5C0, 0xDD20, 0xEDA0, 0xFEA0, 0xFE80, 0xF620, 0xEDC0, 0xE5E0, 0xB2C0, 0x0002, 0x0066,
    0x0003, 0x0003, 0x0002, 0x0002, 0x0022, 0x0001, 0x0862, 0xDDE3, 0xFEA0, 0xFE80, 0xFEA0, 0xFEA0,
    0xFEA0, 0xFEA0, 0xFEA0, 0xFEA0, 0xFE80, 0xFF00, 0xDCA0, 0x0800, 0x008A, 0x00AC, 0x00AC, 0x00CD,
    0x0067, 0x0000, 0x0000, 0x0000, 0x0000, 0x0000, 0x0000, 0x0000, 0x0000, 0x0000, 0x0000, 0x0000,
    0x0000, 0x0000, 0x0000, 0x0000, 0x0000, 0x0000, 0x0000, 0x0000, 0x0000, 0x0000, 0x0000, 0x0000,
    0x0000, 0x0000, 0x0000, 0x0000, 0x0000, 0x0000, 0x0000, 0x0000, 0x0000, 0x0000, 0x0000, 0x0000,
    0x0000, 0x0000, 0x0000, 0x0000, 0x0000, 0x0000, 0x0000, 0x0000, 0x0000, 0x0000, 0x0000, 0x0000,
    0x0000, 0x0000, 0x0000, 0x0000, 0x0000, 0x0000, 0x0000, 0x0000, 0x0000, 0x0000, 0x0000, 0x0000,
    0x0000, 0x0000, 0x0000, 0x0000, 0x0000, 0x0000, 0x0000, 0x0000, 0x0000, 0x0000, 0x0000, 0x0000,
    0x0000, 0x0000, 0x0000, 0x0000, 0x0000, 0x0000, 0x0000, 0x0000, 0x0000, 0x0000, 0x0000, 0x0000,
    0x0000, 0x0000, 0x0000, 0x0000, 0x0000, 0x0000, 0x0000, 0x0000, 0x0000, 0x0000, 0x00EE, 0x10C2,
    0xEDC2, 0xFE20, 0xFE40, 0xFE40, 0xED80, 0xF5A0, 0xFE00, 0xED60, 0xFE40, 0xFE20, 0xFE60, 0xFEA0,
    0xECC0, 0x1000, 0x0110, 0x0046, 0x0002, 0x0022, 0x0023, 0x0023, 0x0023, 0x0023, 0x0023, 0x0023,
    0x0023, 0x0023, 0x0023, 0x0023, 0x0023, 0x0023, 0x0023, 0x0022, 0x0022, 0x0023, 0x0023, 0x0002,
    0x0047, 0x00AB, 0x008A, 0x0046, 0x0000, 0x0000, 0x0000, 0x0000, 0x0000, 0x0000, 0x0000, 0x0000,
    0x0000, 0x0000, 0x0000, 0x0000, 0x0000, 0x0000, 0x0000, 0x0000, 0x0000, 0x0000, 0x0000, 0x0000,
    0x0000, 0x0000, 0x0000, 0x0000, 0x0000, 0x0000, 0x0000, 0x0000, 0x0000, 0x0000, 0x0000, 0x0000,
    0x0000, 0x0000, 0x0000, 0x0000, 0x0000, 0x0000, 0x0000, 0x0000, 0x0000, 0x0000, 0x0000, 0x0000,
    0x0000, 0x0000, 0x0000, 0x0000, 0x0000, 0x0000, 0x0000, 0x0000, 0x0000, 0x0000, 0x0000, 0x0000,
    0x0000, 0x0000, 0x0000, 0x0000, 0x0000, 0x0000, 0x0000, 0x0000, 0x00AB, 0x08A4, 0xDDE6, 0xF5A0,
    0xFDC0, 0xF5A0, 0xC400, 0xF620, 0xFEA0, 0xFEA0, 0xFEE0, 0xFEC0, 0xFF00, 0x81A0, 0x0006, 0x00F0,
    0x0003, 0x0004, 0x0024, 0x0004, 0x0024, 0x0000, 0x5AC5, 0xFF22, 0xFE80, 0xFEA0, 0xFEA0, 0xFEA0,
    0xFEA0, 0xFEA0, 0xFEA0, 0xFEA0, 0xFEA0, 0xFEC1, 0x6980, 0x0004, 0x00AB, 0x006A, 0x008B, 0x008A,
    0x0001, 0x0000, 0x0000, 0x0000, 0x0000, 0x0000, 0x0000, 0x0000, 0x0000, 0x0000, 0x0000, 0x0000,
    0x0000, 0x0000, 0x0000, 0x0000, 0x0000, 0x0000, 0x0000, 0x0000, 0x0000, 0x0000, 0x0000, 0x0000,
    0x0000, 0x0000, 0x0000, 0x0000, 0x0000, 0x0000, 0x0000, 0x0000, 0x0000, 0x0000, 0x0000, 0x0000,
    0x0000, 0x0000, 0x0000, 0x0000, 0x0000, 0x0000, 0x0000, 0x0000, 0x0000, 0x0000, 0x0000, 0x0000,
    0x0000, 0x0000, 0x0000, 0x0000, 0x0000, 0x0000, 0x0000, 0x0000, 0x0000, 0x0000, 0x0000, 0x0000,
    0x0000, 0x0000, 0x0000, 0x0000, 0x0000, 0x0000, 0x0000, 0x0000, 0x0000, 0x0000, 0x0000, 0x0000,
    0x0000, 0x0000, 0x0000, 0x0000, 0x0000, 0x0000, 0x0000, 0x0000, 0x0000, 0x0000, 0x0000, 0x0000,
    0x0000, 0x0000, 0x0000, 0x0000, 0x0000, 0x0000, 0x0000, 0x0000, 0x0000, 0x0086, 0x006A, 0x6AE0,
    0xFE61, 0xFE60, 0xFE60, 0xFE40, 0xF580, 0xFE40, 0xF5C0, 0xFE20, 0xFE40, 0xEDA0, 0xFE40, 0xFE80,
    0x9220, 0x0005, 0x0134, 0x00AB, 0x0001, 0x0024, 0x0023, 0x0003, 0x0003, 0x0003, 0x0003, 0x0003,
    0x0003, 0x0003, 0x0003, 0x0003, 0x0003, 0x0003, 0x0003, 0x0003, 0x0002, 0x0002, 0x0003, 0x0003,
    0x0004, 0x00AC, 0x008B, 0x0001, 0x0000, 0x0000, 0x0000, 0x0000, 0x0000, 0x0000, 0x0000, 0x0000,
    0x0000, 0x0000, 0x0000, 0x0000, 0x0000, 0x0000, 0x0000, 0x0000, 0x0000, 0x0000, 0x0000, 0x0000,
    0x0000, 0x0000, 0x0000, 0x0000, 0x0000, 0x0000, 0x0000, 0x0000, 0x0000, 0x0000, 0x0000, 0x0000,
    0x0000, 0x0000, 0x0000, 0x0000, 0x0000, 0x0000, 0x0000, 0x0000, 0x0000, 0x0000, 0x0000, 0x0000,
    0x0000, 0x0000, 0x0000, 0x0000, 0x0000, 0x0000, 0x0000, 0x0000, 0x0000, 0x0000, 0x0000, 0x0000,
    0x0000, 0x0000, 0x0000, 0x0000, 0x0000, 0x0000, 0x0000, 0x0064, 0x004A, 0x5A84, 0xFEC3, 0xF5A0,
    0xF580, 0xD420, 0xC420, 0xFF20, 0xFEA0, 0xFE60, 0xFEA0, 0xDD40, 0xECA0, 0x2000, 0x008B, 0x0112,
    0x0048, 0x0003, 0x0025, 0x0026, 0x0026, 0x0001, 0xB506, 0xFEA0, 0xF660, 0xFEA0, 0xFEA0, 0xFEA0,
    0xFEA0, 0xFEA0, 0xFE80, 0xFE60, 0xFEE0, 0xDC40, 0x0800, 0x0047, 0x0069, 0x0069, 0x008B, 0x0046,
    0x0000, 0x0000, 0x0000, 0x0000, 0x0000, 0x0000, 0x0000, 0x0000, 0x0000, 0x0000, 0x0000, 0x0000,
    0x0000, 0x0000, 0x0000, 0x0000, 0x0000, 0x0000, 0x0000, 0x0000, 0x0000, 0x0000, 0x0000, 0x0000,
    0x0000, 0x0000, 0x0000, 0x0000, 0x0000, 0x0000, 0x0000, 0x0000, 0x0000, 0x0000, 0x0000, 0x0000,
    0x0000, 0x0000, 0x0000, 0x0000, 0x0000, 0x0000, 0x0000, 0x0000, 0x0000, 0x0000, 0x0000, 0x0000,
    0x0000, 0x0000, 0x0000, 0x0000, 0x0000, 0x0000, 0x0000, 0x0000, 0x0000, 0x0000, 0x0000, 0x0000,
    0x0000, 0x0000, 0x0000, 0x0000, 0x0000, 0x0000, 0x0000, 0x0000, 0x0000, 0x0000, 0x0000, 0x0000,
    0x0000, 0x0000, 0x0000, 0x0000, 0x0000, 0x0000, 0x0000, 0x0000, 0x0000, 0x0000, 0x0000, 0x0000,
    0x0000, 0x0000, 0x0000, 0x0000, 0x0000, 0x0000, 0x0000, 0x0000, 0x0000, 0x00ED, 0x0084, 0xD5C1,
    0xFE80, 0xF620, 0xFE40, 0xFE00, 0xF5E0, 0xFE60, 0xF5E0, 0xFE80, 0xFE80, 0xFE80, 0xFEA0, 0xFD60,
    0x2820, 0x0068, 0x00CE, 0x0112, 0x008B, 0x0003, 0x0002, 0x0002, 0x0002, 0x0002, 0x0002, 0x0002,
    0x0002, 0x0002, 0x0002, 0x0002, 0x0002, 0x0002, 0x0002, 0x0002, 0x0003, 0x0003, 0x0002, 0x0023,
    0x0003, 0x0068, 0x0088, 0x0000, 0x0001, 0x0021, 0x0021, 0x0000, 0x0000, 0x0000, 0x0000, 0x0000,
    0x0001, 0x0021, 0x0021, 0x0021, 0x0001, 0x0001, 0x0021, 0x0021, 0x0001, 0x0000, 0x0000, 0x0021,
    0x0021, 0x0021, 0x0001, 0x0001, 0x0001, 0x0021, 0x0021, 0x0021, 0x0021, 0x0021, 0x0021, 0x0021,
    0x0001, 0x0021, 0x0021, 0x0021, 0x0021, 0x0021, 0x0001, 0x0000, 0x0000, 0x0000, 0x0000, 0x0000,
    0x0000, 0x0000, 0x0001, 0x0021, 0x0021, 0x0021, 0x0021, 0x0021, 0x0021, 0x0021, 0x0021, 0x0021,
    0x0021, 0x0021, 0x0021, 0x0021, 0x0001, 0x0000, 0x0000, 0x010A, 0x0066, 0xA404, 0xF5C0, 0xFE60,
    0xFE00, 0xC3C0, 0xDD20, 0xFEC0, 0xE560, 0xF5C0, 0xFEA0, 0xF560, 0xB9E0, 0x0003, 0x00F0, 0x00F1,
    0x00F1, 0x0026, 0x0026, 0x0047, 0x0004, 0x2985, 0xFEA5, 0xFE20, 0xF640, 0xF640, 0xFE80, 0xFE80,
    0xFE80, 0xFEA0, 0xFEC0, 0xFF20, 0xFEC0, 0x5900, 0x0003, 0x008A, 0x008A, 0x008A, 0x008A, 0x0043,
    0x0043, 0x0043, 0x0042, 0x0042, 0x0000, 0x0000, 0x0000, 0x0000, 0x0001, 0x0043, 0x0043, 0x0043,
    0x0043, 0x0043, 0x0043, 0x0043, 0x0063, 0x0042, 0x0000, 0x0000, 0x0000, 0x0000, 0x0000, 0x0000,
    0x0000, 0x0021, 0x0043, 0x0043, 0x0043, 0x0043, 0x0043, 0x0043, 0x0043, 0x0042, 0x0043, 0x0022,
    0x0000, 0x0000, 0x0000, 0x0043, 0x0043, 0x0043, 0x0043, 0x0043, 0x0043, 0x0043, 0x0043, 0x0043,
    0x0043, 0x0043, 0x0043, 0x0043, 0x0043, 0x0043, 0x0043, 0x0043, 0x0043, 0x0043, 0x0043, 0x0043,
    0x0043, 0x0043, 0x0043, 0x0063, 0x0043, 0x0022, 0x0000, 0x0000, 0x0000, 0x0000, 0x0000, 0x0000,
    0x0000, 0x0000, 0x0000, 0x0000, 0x0000, 0x0000, 0x0000, 0x0000, 0x0000, 0x0000, 0x0000, 0x0000,
    0x0000, 0x0000, 0x0000, 0x0000, 0x0000, 0x0000, 0x0000, 0x0000, 0x0063, 0x00AD, 0x41E0, 0xFE41,
    0xFE40, 0xFE60, 0xFE60, 0xFE20, 0xFE80, 0xF620, 0xFE60, 0xFE80, 0xFE60, 0xFE40, 0xFEC0, 0xB2E0,
    0x0001, 0x0087, 0x008A, 0x00CE, 0x00F0, 0x00AA, 0x00CC, 0x00EE, 0x00EE, 0x00ED, 0x00ED, 0x010E,
    0x010E, 0x00EE, 0x00ED, 0x00CC, 0x00AB, 0x00AA, 0x00AB, 0x00AC, 0x0025, 0x0002, 0x0048, 0x0028,
    0x0005, 0x008A, 0x00CD, 0x008C, 0x010F, 0x012F, 0x012F, 0x00A8, 0x0000, 0x0000, 0x0000, 0x0045,
    0x00CE, 0x010F, 0x010E, 0x00ED, 0x010E, 0x010E, 0x010E, 0x012F, 0x00A8, 0x0066, 0x010F, 0x010E,
    0x010F, 0x010F, 0x010F, 0x00EE, 0x00CE, 0x00EE, 0x012F, 0x012F, 0x010F, 0x010E, 0x010F, 0x010F,
    0x010E, 0x010E, 0x010F, 0x010F, 0x012F, 0x0150, 0x00EA, 0x0000, 0x0000, 0x0000, 0x0000, 0x0000,
    0x0000, 0x00ED, 0x00EE, 0x008C, 0x00ED, 0x010E, 0x010E, 0x00ED, 0x00ED, 0x00ED, 0x00ED, 0x010E,
    0x010E, 0x010D, 0x00ED, 0x010E, 0x00A9, 0x0000, 0x0000, 0x00CA, 0x1904, 0xEE05, 0xFE60, 0xFE80,
    0xF600, 0xDCE0, 0xFEC0, 0xFE40, 0xE500, 0xEDA0, 0xFEA0, 0xFD40, 0x6820, 0x0047, 0x00CF, 0x00CE,
    0x0111, 0x0067, 0x0002, 0x00A9, 0x0004, 0x8C29, 0xFEE1, 0xFEA0, 0xFEC0, 0xFE80, 0xFDE0, 0xFEC0,
    0xFEA0, 0xFE40, 0xF560, 0xDC80, 0x9AC0, 0x0001, 0x0069, 0x0048, 0x0029, 0x0028, 0x008C, 0x00AD,
    0x010E, 0x012E, 0x00ED, 0x010D, 0x0022, 0x0000, 0x0000, 0x0086, 0x0151, 0x00CD, 0x00EE, 0x00CD,
    0x00CD, 0x00ED, 0x010E, 0x00EE, 0x012E, 0x010C, 0x0000, 0x0000, 0x0000, 0x0000, 0x0000, 0x0000,
    0x00A8, 0x010F, 0x00CD, 0x010E, 0x010E, 0x00EE, 0x00EE, 0x010E, 0x010E, 0x00CD, 0x00CE, 0x00A9,
    0x0000, 0x0000, 0x00EC, 0x00EF, 0x00AD, 0x00CD, 0x00CD, 0x00CD, 0x00EE, 0x00EE, 0x00CD, 0x00CD,
    0x00AD, 0x00AD, 0x00CD, 0x00ED, 0x00CD, 0x00AD, 0x00AD, 0x00AD, 0x00CD, 0x00CD, 0x00CD, 0x00ED,
    0x00ED, 0x00ED, 0x00CD, 0x00ED, 0x016F, 0x00A8, 0x0000, 0x0000, 0x0000, 0x0000, 0x0000, 0x0000,
    0x0000, 0x0000, 0x0000, 0x0000, 0x0000, 0x0000, 0x0000, 0x0000, 0x0000, 0x0000, 0x0000, 0x0000,
    0x0000, 0x0000, 0x0000, 0x0000, 0x0000, 0x0000, 0x0000, 0x0000, 0x00EB, 0x0047, 0xAC82, 0xFEA0,
    0xFE80, 0xFEA0, 0xFE80, 0xF620, 0xFEA0, 0xFE80, 0xFEC0, 0xFEA0, 0xFEA0, 0xFE80, 0xFE00, 0x40E0,
    0x0022, 0x0883, 0x0043, 0x0021, 0x0043, 0x0885, 0x08C6, 0x0065, 0x0065, 0x0085, 0x0885, 0x08A6,
    0x00A6, 0x0885, 0x0885, 0x0885, 0x0884, 0x0063, 0x0883, 0x0042, 0x0000, 0x0044, 0x008B, 0x1880,
    0x30E0, 0x28C0, 0x28A0, 0x3100, 0x30E0, 0x3940, 0x3100, 0x0000, 0x0022, 0x0000, 0x0086, 0x0045,
    0x2921, 0x3162, 0x3162, 0x3183, 0x3185, 0x3142, 0x3140, 0x3140, 0x0800, 0x00AB, 0x1082, 0x3161,
    0x3141, 0x3961, 0x3920, 0x3120, 0x3100, 0x3100, 0x3120, 0x3120, 0x3120, 0x3940, 0x3940, 0x3920,
    0x3120, 0x3940, 0x3960, 0x3940, 0x3140, 0x3980, 0x1060, 0x0001, 0x0000, 0x0000, 0x0000, 0x0000,
    0x00AA, 0x0069, 0x2923, 0x39A5, 0x39A4, 0x3983, 0x3163, 0x3183, 0x3184, 0x39A5, 0x39A5, 0x31A5,
    0x31A5, 0x39A4, 0x39C5, 0x3984, 0x0000, 0x0000, 0x0065, 0x0006, 0x7325, 0xFEE1, 0xF640, 0xFE80,
    0xED80, 0xE520, 0xFEE0, 0xFE60, 0xF620, 0xEDC0, 0xF5C0, 0xD360, 0x0800, 0x00CC, 0x00EF, 0x00EF,
    0x00F0, 0x0001, 0x0000, 0x00AA, 0x2125, 0xFEC7, 0xFE40, 0xF540, 0xE4C0, 0xCC00, 0xAAE0, 0x8200,
    0x6140, 0x40E0, 0x2040, 0x0000, 0x0000, 0x0046, 0x0047, 0x1081, 0x3961, 0x3962, 0x41E4, 0x3961,
    0x3962, 0x30E1, 0x41A1, 0x28A0, 0x0001, 0x0022, 0x0000, 0x012E, 0x08A4, 0x4A05, 0x41C4, 0x41C4,
    0x41C4, 0x4A05, 0x4A05, 0x4A05, 0x51C2, 0x1000, 0x0066, 0x0001, 0x0000, 0x0000, 0x0000, 0x0065,
    0x00EF, 0x18C3, 0x4A05, 0x41C4, 0x4A05, 0x5205, 0x4A05, 0x41E4, 0x41E4, 0x4A25, 0x5245, 0x2060,
    0x0002, 0x0086, 0x00AA, 0x3163, 0x4A26, 0x41E5, 0x4A05, 0x4A05, 0x4A05, 0x41E5, 0x49E4, 0x4A05,
    0x4A25, 0x4205, 0x41E5, 0x41E5, 0x4205, 0x4A05, 0x4A25, 0x4A25, 0x4205, 0x4A05, 0x4A05, 0x4205,
    0x4205, 0x4205, 0x4226, 0x5224, 0x2820, 0x0001, 0x010D, 0x0000, 0x0000, 0x0000, 0x0000, 0x0000,
    0x0000, 0x0000, 0x0000, 0x0000, 0x0000, 0x0000, 0x0000, 0x0000, 0x0000, 0x0000, 0x0000, 0x0000,
    0x0000, 0x0000, 0x0000, 0x0000, 0x0000, 0x0000, 0x0000, 0x0021, 0x00CD, 0x2122, 0xFEC4, 0xFE80,
    0xFEA0, 0xF620, 0xFE80, 0xFEC0, 0xFEA0, 0xFE40, 0xFE80, 0xFEC0, 0xFE40, 0xFE80, 0xF620, 0xD561,
    0xD583, 0xDDA5, 0xDDA5, 0xDDA3, 0xD564, 0xDD64, 0xDD65, 0xD544, 0xDDC4, 0xDDC4, 0xDDA4, 0xD524,
    0xD564, 0xD544, 0xDDE3, 0xDDA3, 0xDD63, 0xDD61, 0xE620, 0x9B20, 0x0000, 0x010D, 0x0065, 0xC445,
    0xFCC0, 0xEC60, 0xEC40, 0xFD20, 0xF4A0, 0xFCC0, 0xB300, 0x0003, 0x00CC, 0x0000, 0x00AA, 0x1904,
    0xF605, 0xFDE1, 0xFDC2, 0xFDA2, 0xFDC3, 0xFD61, 0xFE21, 0xCBA0, 0x0003, 0x0004, 0xA3E3, 0xFE41,
    0xFDC0, 0xFD80, 0xFD60, 0xFD80, 0xFD80, 0xFD80, 0xFD80, 0xFDA0, 0xFDC0, 0xFDE0, 0xFDE0, 0xFDC0,
    0xFDA0, 0xFDC0, 0xFDC0, 0xFDC0, 0xFDA0, 0xFE01, 0x6180, 0x0005, 0x0043, 0x0000, 0x0000, 0x0088,
    0x006D, 0x3960, 0xF624, 0xFE04, 0xFDE3, 0xFD82, 0xFD62, 0xFDC3, 0xFDE3, 0xFDC3, 0xFE24, 0xFE04,
    0xFE44, 0xFE83, 0xFEE4, 0xFE03, 0x2820, 0x0089, 0x008A, 0x0024, 0xCD46, 0xF5E0, 0xEDC0, 0xFE80,
    0xFE40, 0xFEA0, 0xFEA0, 0xFEA0, 0xCC60, 0xE5E0, 0xFDC0, 0x8960, 0x0003, 0x00CD, 0x00AD, 0x00EF,
    0x008A, 0x0000, 0x0022, 0x0004, 0x3100, 0x7A40, 0x5120, 0x2040, 0x0800, 0x0000, 0x0001, 0x0002,
    0x0001, 0x0002, 0x0023, 0x0024, 0x0002, 0x0046, 0x0002, 0x9C4A, 0xFD82, 0xECA2, 0xFDC3, 0xEC61,
    0xE442, 0xF541, 0xFD42, 0x7940, 0x004A, 0x00A9, 0x0021, 0x0026, 0x62C6, 0xFE65, 0xFDA2, 0xFDE3,
    0xFE03, 0xFE24, 0xFE23, 0xFE44, 0xDBE2, 0x0800, 0x0175, 0x0088, 0x0000, 0x0000, 0x0001, 0x00EF,
    0x0023, 0xCD29, 0xFE64, 0xFE23, 0xFE23, 0xFE04, 0xFE23, 0xFE63, 0xFE83, 0xFE84, 0xFDE4, 0x60A0,
    0x008B, 0x010F, 0x0025, 0xBD09, 0xFE84, 0xFE64, 0xFE64, 0xFE64, 0xFE43, 0xFE43, 0xFE63, 0xFE83,
    0xFE84, 0xFE84, 0xFE84, 0xFE83, 0xFEA3, 0xFEC3, 0xFEE3, 0xFF03, 0xFF23, 0xFF23, 0xFF44, 0xFF24,
    0xFF23, 0xFF24, 0xFFE4, 0xFD03, 0x2820, 0x00CD, 0x023E, 0x0023, 0x0000, 0x0000, 0x0000, 0x0000,
    0x0000, 0x0000, 0x0000, 0x0000, 0x0000, 0x0000, 0x0000, 0x0000, 0x0000, 0x0000, 0x0000, 0x0000,
    0x0000, 0x0000, 0x0000, 0x0000, 0x0000, 0x0000, 0x0000, 0x00C9, 0x0049, 0x7B84, 0xFF21, 0xF640,
    0xFEA0, 0xFE80, 0xFEC0, 0xFE80, 0xFE60, 0xFE80, 0xFEA0, 0xF600, 0xF5E0, 0xFEA0, 0xFE80, 0xFEC0,
    0xFE80, 0xFE60, 0xFE80, 0xFEA0, 0xFE60, 0xFE60, 0xFE40, 0xFE80, 0xFEA0, 0xFEA0, 0xFEA0, 0xFE80,
    0xF5E0, 0xED80, 0xFEC0, 0xFE00, 0xFDE0, 0xFE80, 0xFEC0, 0x9A00, 0x0005, 0x0049, 0x3183, 0xFD64,
    0xFCC0, 0xFD00, 0xF460, 0xFCC0, 0xF4A0, 0xEC00, 0x4060, 0x0048, 0x0113, 0x0065, 0x0003, 0x7347,
    0xFE41, 0xF580, 0xFD60, 0xF520, 0xFDA0, 0xFDA0, 0xFD40, 0x58E0, 0x0005, 0x18E3, 0xEDA2, 0xFD80,
    0xFD80, 0xF560, 0xFDA0, 0xFDA0, 0xFDA0, 0xFDA0, 0xFDA0, 0xFDA0, 0xFDC0, 0xFDE0, 0xFDC0, 0xFDE0,
    0xFDE0, 0xFDC0, 0xFDC0, 0xFDA0, 0xFDE0, 0xF4E0, 0x2020, 0x008C, 0x0089, 0x0000, 0x0022, 0x00CF,
    0x0882, 0xE5C4, 0xFDE0, 0xFD60, 0xFD80, 0xFD80, 0xFD40, 0xFD40, 0xECA0, 0xFD80, 0xFDA0, 0xFD60,
    0xFDC0, 0xFDA0, 0xFE20, 0xD3C0, 0x0002, 0x00F0, 0x0027, 0x3184, 0xF644, 0xFE60, 0xF620, 0xFE80,
    0xFE40, 0xFEC0, 0xF620, 0xFE00, 0xD500, 0xED60, 0xFD20, 0x3000, 0x0048, 0x00AC, 0x00AC, 0x00AD,
    0x0023, 0x0000, 0x0000, 0x0000, 0x0001, 0x0001, 0x0003, 0x0004, 0x0024, 0x0024, 0x0024, 0x0025,
    0x0024, 0x0003, 0x0023, 0x0024, 0x0025, 0x0005, 0x0862, 0xD4C6, 0xFD40, 0xFD60, 0xDC20, 0xC320,
    0xECE0, 0xFD20, 0xCA40, 0x1000, 0x00CE, 0x00EE, 0x0002, 0x0002, 0xBCA6, 0xFDC0, 0xFD80, 0xFD80,
    0xFD80, 0xFD80, 0xF560, 0xEC60, 0x5860, 0x0025, 0x0114, 0x00CE, 0x0000, 0x0000, 0x00EC, 0x0006,
    0x83A8, 0xFE42, 0xFDA0, 0xFDC0, 0xFDA0, 0xF580, 0xFDC0, 0xFDE0, 0xFDC0, 0xF5A0, 0xFCA0, 0x3800,
    0x00AB, 0x00F0, 0x0043, 0xD567, 0xFE00, 0xFDE0, 0xFDC0, 0xFDE0, 0xFDE0, 0xFE00, 0xFE20, 0xE4C0,
    0xED20, 0xFE00, 0xFE00, 0xFE00, 0xFE00, 0xFE00, 0xFDE0, 0xFE00, 0xFE20, 0xFE20, 0xFE40, 0xFE60,
    0xFE40, 0xFEA0, 0xFD80, 0x5040, 0x0024, 0x00CF, 0x0178, 0x00EE, 0x0000, 0x0000, 0x0000, 0x0000,
    0x0000, 0x0000, 0x0000, 0x0000, 0x0000, 0x0000, 0x0000, 0x0000, 0x0000, 0x0000, 0x0000, 0x0000,
    0x0000, 0x0000, 0x0000, 0x0000, 0x0000, 0x0000, 0x0000, 0x00ED, 0x0864, 0xDE25, 0xFEE0, 0xF640,
    0xFE80, 0xFEC0, 0xFEC0, 0xFE60, 0xFE20, 0xF600, 0xFE80, 0xFE60, 0xFE80, 0xFEC0, 0xFEA0, 0xFE80,
    0xFE80, 0xFE80, 0xFE60, 0xFE60, 0xFE60, 0xFE80, 0xFE60, 0xFE80, 0xFE80, 0xFE80, 0xFE80, 0xFE80,
    0xFEA0, 0xF5E0, 0xF5C0, 0xFEA0, 0xF600, 0xFE60, 0xF500, 0x2800, 0x008A, 0x0004, 0x93A5, 0xFD80,
    0xF520, 0xF4C0, 0xFCC0, 0xF480, 0xFCA0, 0xD300, 0x0000, 0x008B, 0x00CF, 0x0048, 0x0041, 0xCD03,
    0xFD80, 0xFDE0, 0xFDC0, 0xFE00, 0xFDE0, 0xFE20, 0xDBC0, 0x0801, 0x0026, 0x7325, 0xFE41, 0xF560,
    0xFD80, 0xFDE0, 0xFE20, 0xFDE0, 0xFDE0, 0xFDE0, 0xFE00, 0xFE00, 0xFE00, 0xFE00, 0xFE00, 0xFE20,
    0xFE20, 0xFE20, 0xFE00, 0xFDE0, 0xFE40, 0xAB20, 0x0002, 0x00CE, 0x00AC, 0x0020, 0x00EF, 0x0003,
    0xAC60, 0xFDA0, 0xDCA0, 0xFDE0, 0xFDC0, 0xFDE0, 0xFDE0, 0xFD60, 0xE4A0, 0xFE00, 0xFE00, 0xFE20,
    0xFDE0, 0xFDC0, 0xFDE1, 0x7160, 0x0004, 0x00CC, 0x0002, 0x9409, 0xFE81, 0xFE80, 0xFE20, 0xFE20,
    0xF600, 0xFEA0, 0xF5E0, 0xED80, 0xEDA0, 0xFDC0, 0xC2A0, 0x0001, 0x008B, 0x00AB, 0x00CD, 0x008B,
    0x0000, 0x0000, 0x0000, 0x0001, 0x0046, 0x0046, 0x0045, 0x0045, 0x0046, 0x0025, 0x0025, 0x0024,
    0x0025, 0x0024, 0x0004, 0x0003, 0x0045, 0x0005, 0x5A87, 0xFD02, 0xE3E0, 0xECC0, 0xCB80, 0xDC00,
    0xD3C0, 0xEBA0, 0x8160, 0x0002, 0x00AC, 0x00EF, 0x0005, 0x2985, 0xFE24, 0xFDA0, 0xFDE0, 0xFDE0,
    0xFDC0, 0xFDC0, 0xFE00, 0xF460, 0x2000, 0x0089, 0x00CE, 0x00F0, 0x0001, 0x0086, 0x006B, 0x39A4,
    0xFE65, 0xFDC0, 0xFE00, 0xFE00, 0xFE20, 0xFE40, 0xFE00, 0xFDE0, 0xFDC0, 0xFE20, 0xFD60, 0x3020,
    0x0067, 0x0028, 0x18E4, 0xF686, 0xFE60, 0xFE40, 0xFE40, 0xFE40, 0xFE40, 0xFE60, 0xFE00, 0xF580,
    0xFDE0, 0xFE40, 0xFE40, 0xFE40, 0xFE20, 0xFE00, 0xFE40, 0xFE40, 0xFE40, 0xFE40, 0xFE60, 0xFE60,
    0xFE60, 0xFEE0, 0x9A00, 0x0001, 0x0089, 0x008B, 0x0112, 0x0198, 0x0022, 0x0000, 0x0000, 0x0000,
    0x0000, 0x0000, 0x0000, 0x0000, 0x0000, 0x0000, 0x0000, 0x0000, 0x0000, 0x0000, 0x0000, 0x0000,
    0x0000, 0x0000, 0x0000, 0x0000, 0x0000, 0x0000, 0x0065, 0x004A, 0x5AA4, 0xFF42, 0xFEA0, 0xFE60,
    0xFEA0, 0xFEC0, 0xFEC0, 0xF660, 0xF640, 0xF5A0, 0xFE80, 0xFEE1, 0xFEC0, 0xFE40, 0xFE60, 0xFEC0,
    0xFEA0, 0xFEA0, 0xFEA0, 0xFEA0, 0xFEA0, 0xFEA0, 0xFEA0, 0xFEA0, 0xFEA0, 0xFEC0, 0xFEA0, 0xFEA0,
    0xFEA0, 0xFE40, 0xF5E0, 0xF5A0, 0xF5A0, 0xFE40, 0xB2C0, 0x0002, 0x0048, 0x10C2, 0xEE65, 0xFE80,
    0xED40, 0xE460, 0xF5A0, 0xF560, 0xFD60, 0x6920, 0x0004, 0x008A, 0x008A, 0x0004, 0x39A0, 0xF5C0,
    0xFD60, 0xFDA0, 0xFE00, 0xFE60, 0xFE40, 0xFE60, 0x8A20, 0x0004, 0x0022, 0xCD23, 0xFE60, 0xFE60,
    0xED60, 0xED80, 0xFE40, 0xFE20, 0xFE40, 0xFE40, 0xFE40, 0xFE40, 0xFE40, 0xFE40, 0xFE40, 0xFE40,
    0xFE40, 0xFE40, 0xFE40, 0xFE40, 0xFE60, 0x4920, 0x0005, 0x008B, 0x0046, 0x00AB, 0x0008, 0x72E0,
    0xFEE1, 0xDCA0, 0xE540, 0xFE40, 0xFE40, 0xFE60, 0xFE00, 0xF600, 0xFE20, 0xF5C0, 0xF5C0, 0xED20,
    0xFDA0, 0xFE00, 0xF4E0, 0x2020, 0x0046, 0x0026, 0x1083, 0xEE67, 0xFEA0, 0xEDA0, 0xED80, 0xF600,
    0xFE80, 0xFE60, 0xFE80, 0xFE20, 0xE540, 0xFD80, 0x60A0, 0x0005, 0x00AC, 0x008B, 0x00AD, 0x0045,
    0x0000, 0x0000, 0x0000, 0x0000, 0x0046, 0x0068, 0x0047, 0x0046, 0x0046, 0x0046, 0x0026, 0x0025,
    0x0025, 0x0025, 0x0026, 0x0024, 0x0025, 0x0002, 0xB4C9, 0xFE60, 0xEDA0, 0xBB60, 0xB2E0, 0xE4A0,
    0xE4A0, 0xEBE0, 0x3040, 0x0025, 0x0069, 0x00AA, 0x0003, 0x7B68, 0xFE21, 0xF5C0, 0xF560, 0xFDA0,
    0xFE00, 0xFE00, 0xFE40, 0xAA20, 0x0002, 0x008A, 0x0069, 0x0089, 0x0023, 0x00EE, 0x0842, 0xD565,
    0xFE20, 0xFE40, 0xFE60, 0xFE60, 0xFE80, 0xFE60, 0xFE20, 0xFE00, 0xFE40, 0xFE80, 0xECA0, 0x1800,
    0x0067, 0x0003, 0x3184, 0xFEE4, 0xFE80, 0xFE80, 0xFE80, 0xFE80, 0xFE80, 0xFEC0, 0xE520, 0xEDA0,
    0xFEC0, 0xFE40, 0xFE60, 0xFE80, 0xFE40, 0xF620, 0xFE80, 0xFE60, 0xFE60, 0xFE60, 0xFE60, 0xFE60,
    0xFF00, 0xDBE0, 0x0800, 0x0046, 0x0048, 0x006A, 0x00CE, 0x00F2, 0x0022, 0x0000, 0x0000, 0x0000,
    0x0000, 0x0000, 0x0000, 0x0000, 0x0000, 0x0000, 0x0000, 0x0000, 0x0000, 0x0000, 0x0000, 0x0000,
    0x0000, 0x0000, 0x0000, 0x0000, 0x0000, 0x0000, 0x00ED, 0x0045, 0xC5A4, 0xFF00, 0xF680, 0xFEA0,
    0xFEA0, 0xFE60, 0xFE80, 0xFE40, 0xFE20, 0xFE60, 0xFEA0, 0xFEA0, 0xFEC0, 0xF600, 0xF640, 0xFEC0,
    0xFEC0, 0xFEA0, 0xFEC0, 0xFEC0, 0xFEC0, 0xFEC0, 0xFEC0, 0xFEC0, 0xFEC0, 0xFEC0, 0xFEC0, 0xFEC0,
    0xFEC0, 0xFE80, 0xFEC0, 0xF620, 0xED80, 0xFE40, 0x58C0, 0x0026, 0x0004, 0x62E3, 0xFF21, 0xFE80,
    0xF620, 0xE520, 0xF600, 0xFDA0, 0xECC0, 0x1820, 0x0025, 0x0048, 0x0047, 0x0001, 0x9C22, 0xFEC0,
    0xFE80, 0xFDC0, 0xF580, 0xFE80, 0xFE60, 0xFDA0, 0x2880, 0x0006, 0x39C2, 0xF601, 0xF5E0, 0xFE20,
    0xF5E0, 0xED80, 0xF620, 0xFE60, 0xF600, 0xFE60, 0xFE60, 0xFE40, 0xFE60, 0xFE60, 0xFE80, 0xFE80,
    0xFE80, 0xFE80, 0xFE60, 0xFEC0, 0xD4C0, 0x0000, 0x0068, 0x0047, 0x008A, 0x002A, 0x3960, 0xFEA1,
    0xEDC0, 0xF620, 0xF600, 0xF600, 0xFE60, 0xFE80, 0xFE60, 0xFEA0, 0xFEA0, 0xFEA0, 0xF600, 0xEDA0,
    0xF620, 0xFEC0, 0xB2E0, 0x0002, 0x00AB, 0x0003, 0x5A84, 0xFEA1, 0xEDC0, 0xED80, 0xE560, 0xF600,
    0xFEC0, 0xFE40, 0xFEE0, 0xF620, 0xF600, 0xCB00, 0x0800, 0x0088, 0x008B, 0x008B, 0x008A, 0x0000,
    0x0000, 0x0000, 0x0000, 0x0000, 0x0002, 0x006A, 0x0069, 0x0069, 0x0068, 0x0047, 0x0047, 0x0046,
    0x0024, 0x0023, 0x0022, 0x0043, 0x0069, 0x1904, 0xE565, 0xF5A0, 0xF580, 0xC360, 0xC400, 0xE540,
    0xFDC0, 0xB940, 0x0001, 0x0047, 0x0068, 0x0025, 0x0882, 0xD4E7, 0xFDC0, 0xFE60, 0xED80, 0xF5A0,
    0xFE80, 0xFE80, 0xFDE0, 0x4040, 0x0025, 0x0069, 0x0069, 0x0003, 0x00EC, 0x0005, 0x8BC3, 0xFE40,
    0xF600, 0xFE80, 0xFE80, 0xFE80, 0xFE80, 0xFE80, 0xFE80, 0xFEA0, 0xFE80, 0xFEA0, 0xD3A0, 0x0800,
    0x0087, 0x0004, 0x5283, 0xFEE1, 0xF680, 0xFE80, 0xFE80, 0xF660, 0xFE80, 0xFEC0, 0xFE20, 0xFE80,
    0xF660, 0xF5E0, 0xFEC0, 0xFEA0, 0xFEA0, 0xFE80, 0xFE60, 0xFE60, 0xFE60, 0xFE60, 0xFE60, 0xFEC0,
    0xFD60, 0x3020, 0x0025, 0x0068, 0x0026, 0x0048, 0x008B, 0x0022, 0x0000, 0x0000, 0x0000, 0x0000,
    0x0000, 0x0000, 0x0000, 0x0000, 0x0000, 0x0000, 0x0000, 0x0000, 0x0000, 0x0000, 0x0000, 0x0000,
    0x0000, 0x0000, 0x0000, 0x0000, 0x0000, 0x0043, 0x00AD, 0x31A2, 0xFEE2, 0xFE60, 0xFEA0, 0xFEE0,
    0xFE60, 0xF600, 0xFEC0, 0xFEA0, 0xFE60, 0xFEC0, 0xFEA0, 0xF660, 0xFE60, 0xFEA0, 0xFEE0, 0xFEC0,
    0xFEC0, 0xFEC0, 0xFEC0, 0xFEC0, 0xFEC0, 0xFEC0, 0xFEC0, 0xFEC0, 0xFEC0, 0xFEC0, 0xFEC0, 0xFEE0,
    0xFE80, 0xFE40, 0xFEA0, 0xFEA0, 0xFF00, 0xE4C0, 0x1000, 0x0068, 0x0002, 0xC562, 0xFEC0, 0xFE80,
    0xFE80, 0xFEC0, 0xFE80, 0xFEA0, 0xA320, 0x0001, 0x0047, 0x0047, 0x0004, 0x18C3, 0xEE64, 0xFE80,
    0xFE60, 0xFE80, 0xFEA0, 0xFEC1, 0xFEC0, 0xAB60, 0x0004, 0x0025, 0x9C65, 0xFEE0, 0xF620, 0xF5C0,
    0xEDA0, 0xFE60, 0xEDC0, 0xFEA0, 0xFE60, 0xFF20, 0xFEE0, 0xFEC0, 0xFEC0, 0xFE80, 0xFEA0, 0xFEA0,
    0xFE80, 0xFEA0, 0xFE80, 0xFEE0, 0x7240, 0x0003, 0x0068, 0x0068, 0x00AD, 0x1060, 0xDE20, 0xFE20,
    0xF600, 0xE5A0, 0xF620, 0xFEC0, 0xFE80, 0xFEA0, 0xFEA0, 0xFEA0, 0xFEA0, 0xFEA0, 0xFEC0, 0xFEE0,
    0xFEC0, 0xFEA0, 0x5120, 0x0027, 0x00AB, 0x0001, 0xB4C4, 0xFE40, 0xEDC0, 0xFE40, 0xE560, 0xF660,
    0xFEC0, 0xFEE0, 0xFE20, 0xED40, 0xFE20, 0x99A0, 0x0003, 0x00AC, 0x008B, 0x00AC, 0x0046, 0x0000,
    0x0000, 0x0000, 0x0000, 0x0000, 0x0000, 0x0047, 0x0067, 0x0045, 0x0023, 0x0002, 0x0001, 0x0000,
    0x0000, 0x0000, 0x0000, 0x0065, 0x0029, 0x7B85, 0xFE81, 0xE540, 0xED20, 0xDCE0, 0xFE80, 0xED80,
    0xFD40, 0x60C0, 0x0002, 0x0025, 0x0046, 0x0002, 0x5266, 0xFEA2, 0xFE20, 0xFE80, 0xFE00, 0xFE80,
    0xFE80, 0xFF00, 0xD3E0, 0x0000, 0x0067, 0x0068, 0x0047, 0x00CB, 0x006A, 0x4A22, 0xDCA2, 0xCC00,
    0xFE60, 0xFE60, 0xFEA0, 0xFEA0, 0xFEA0, 0xFEA0, 0xFEA0, 0xFEA0, 0xFE60, 0xFF00, 0xCBC0, 0x0000,
    0x0067, 0x0003, 0x8C26, 0xFFA1, 0xFF00, 0xFF20, 0xFF20, 0xFEE0, 0xFEE0, 0xFEA0, 0xFEA0, 0xFEE0,
    0xEDE0, 0xE5A0, 0xFEE0, 0xFE80, 0xFEA0, 0xFF00, 0xFF00, 0xFF00, 0xFF20, 0xFF20, 0xFF20, 0xFEA0,
    0x7940, 0x0002, 0x0068, 0x0047, 0x0047, 0x0048, 0x0024, 0x0000, 0x0000, 0x0000, 0x0000, 0x0000,
    0x0000, 0x0000, 0x0000, 0x0000, 0x0000, 0x0000, 0x0000, 0x0000, 0x0000, 0x0000, 0x0000, 0x0000,
    0x0000, 0x0000, 0x0000, 0x0000, 0x0000, 0x00CA, 0x0007, 0x9C24, 0xFEC0, 0xFEE0, 0xFEC0, 0xFEC0,
    0xF620, 0xFEA0, 0xFE80, 0xF600, 0xF640, 0xFEA0, 0xFE80, 0xFEC0, 0xEDC0, 0xF620, 0xFEC0, 0xFEC0,
    0xFEC0, 0xFEC0, 0xFEC0, 0xFEC0, 0xFEE0, 0xFEE0, 0xFEC0, 0xFEC0, 0xFEC0, 0xFEC0, 0xFEC0, 0xFEE0,
    0xFEC0, 0xFEC0, 0xFEC0, 0xFE80, 0xFEE0, 0x81E0, 0x0003, 0x0004, 0x31A3, 0xFEE2, 0xFEC0, 0xFEC0,
    0xFE80, 0xFEA0, 0xFEA0, 0xFE40, 0x38C0, 0x0004, 0x0047, 0x0067, 0x0001, 0x7345, 0xFF01, 0xFE80,
    0xFE80, 0xFEA0, 0xFEA0, 0xFE80, 0xFEA0, 0x5140, 0x0026, 0x10C4, 0xEE64, 0xFEC0, 0xFE80, 0xED60,
    0xF600, 0xFE40, 0xF580, 0xB3A0, 0x8A80, 0x9300, 0x8AA0, 0x8AA0, 0xDD81, 0xFEC0, 0xFE80, 0xFEA0,
    0xFEA0, 0xFE80, 0xFEE0, 0xF5E0, 0x1840, 0x0026, 0x0069, 0x008B, 0x0002, 0xACA0, 0xFEC0, 0xEDA0,
    0xDD20, 0xD500, 0xFEC0, 0xFEA0, 0xFEC0, 0xFEC0, 0xFE80, 0xFE80, 0xFEC0, 0xFEC0, 0xFEC0, 0xFEA0,
    0xFF20, 0xDCC0, 0x0000, 0x0089, 0x0006, 0x2122, 0xF663, 0xFE80, 0xFE80, 0xFE60, 0xF600, 0xFEC0,
    0xFE80, 0xFEE0, 0xEDA0, 0xF620, 0xFD60, 0x4860, 0x0026, 0x008A, 0x008A, 0x008B, 0x0002, 0x0000,
    0x0000, 0x0000, 0x0000, 0x0000, 0x0000, 0x0000, 0x0000, 0x0000, 0x0000, 0x0000, 0x0000, 0x0000,
    0x0000, 0x0000, 0x0000, 0x00AB, 0x0065, 0xCD25, 0xFDE0, 0xEDE0, 0xE520, 0xED60, 0xFE80, 0xED60,
    0xE3C0, 0x1800, 0x0024, 0x0025, 0x0025, 0x0002, 0xB509, 0xFEE0, 0xFE80, 0xFE60, 0xFE80, 0xFEA0,
    0xFEA0, 0xFEC0, 0x7140, 0x0004, 0x0068, 0x0047, 0x0068, 0x00AB, 0x0841, 0xD543, 0xE540, 0xDD00,
    0xFEA0, 0xFE40, 0xFEA0, 0xFEA0, 0xFEA0, 0xFEA0, 0xFEA0, 0xFEA0, 0xFE60, 0xFF00, 0xBB60, 0x0001,
    0x0046, 0x0001, 0x5A42, 0x9B20, 0x9300, 0x92E0, 0x92E0, 0x92A0, 0x9B61, 0xF682, 0xFE80, 0xFEE0,
    0xF600, 0xFE60, 0xFEC0, 0xFEA0, 0xFE80, 0xBB20, 0x9280, 0x9280, 0x92A0, 0x92C0, 0x9B00, 0x89E0,
    0x0002, 0x008B, 0x006A, 0x0048, 0x0047, 0x0024, 0x0000, 0x0000, 0x0000, 0x0000, 0x0000, 0x0000,
    0x0000, 0x0000, 0x0000, 0x0000, 0x0000, 0x0000, 0x0000, 0x0000, 0x0000, 0x0000, 0x0000, 0x0000,
    0x0000, 0x0000, 0x0000, 0x0000, 0x0021, 0x00ED, 0x1903, 0xEE84, 0xFE80, 0xFEC0, 0xF620, 0xFE60,
    0xF660, 0xFEC0, 0xF600, 0xF640, 0xFF00, 0xFEE0, 0xFEC0, 0xFEC0, 0xFEA0, 0xFEA0, 0xF660, 0xFEE0,
    0xFEE0, 0xFEC0, 0xFEC0, 0xFEC0, 0xFEC0, 0xFEE0, 0xFEC0, 0xFEC0, 0xFEE0, 0xFEC0, 0xFEE0, 0xFEE0,
    0xFEC0, 0xFEE0, 0xFEA0, 0xFEE0, 0xFDA0, 0x2820, 0x0047, 0x0002, 0x9C64, 0xFF20, 0xFEC0, 0xFEC0,
    0xFEA0, 0xFEA0, 0xFEE0, 0xC460, 0x0000, 0x0025, 0x0026, 0x0004, 0x0021, 0xD5E4, 0xFEE0, 0xFEC0,
    0xFEC0, 0xFEA0, 0xFE80, 0xFEE0, 0xE500, 0x1001, 0x0003, 0x62E3, 0xFF00, 0xFE80, 0xFE80, 0xFE20,
    0xFE60, 0xFE60, 0xECE0, 0x1000, 0x0001, 0x0002, 0x0001, 0x0001, 0xDDE3, 0xFEA0, 0xFE80, 0xFE80,
    0xFEA0, 0xFE80, 0xFF00, 0xA320, 0x0001, 0x0047, 0x0047, 0x0002, 0x7300, 0xFF00, 0xF640, 0xFE80,
    0xD4C0, 0xFE60, 0xFE80, 0xFEA0, 0xFEC0, 0xC520, 0xFEA0, 0xFEA0, 0xFEC0, 0xFEC0, 0xFEA0, 0xF6A0,
    0xFF00, 0x8240, 0x0003, 0x08CB, 0x0004, 0x7B83, 0xFF00, 0xF660, 0xF660, 0xFE60, 0xFE40, 0xFE80,
    0xFEE0, 0xF600, 0xED40, 0xFEC0, 0xD340, 0x0000, 0x0088, 0x0069, 0x008A, 0x0068, 0x0000, 0x0000,
    0x0000, 0x0000, 0x0000, 0x0000, 0x0000, 0x0000, 0x0000, 0x0000, 0x0000, 0x0000, 0x0000, 0x0000,
    0x0000, 0x0000, 0x0043, 0x008D, 0x4223, 0xF602, 0xF5E0, 0xFE40, 0xF580, 0xFE60, 0xFE80, 0xFDE0,
    0x9200, 0x0001, 0x0024, 0x0024, 0x0002, 0x2124, 0xF686, 0xFE80, 0xFE80, 0xF600, 0xFEA0, 0xFE80,
    0xFEC0, 0xECE0, 0x1800, 0x0046, 0x0047, 0x0047, 0x010F, 0x0023, 0xA463, 0xFEA0, 0xF5C0, 0xFE60,
    0xFE80, 0xFE80, 0xFEC0, 0xFEC0, 0xFEC0, 0xFEC0, 0xFEA0, 0xFEA0, 0xFE80, 0xFF20, 0xA2A0, 0x0002,
    0x0046, 0x0003, 0x0001, 0x0001, 0x0001, 0x0001, 0x0001, 0x0000, 0x5287, 0xFF23, 0xFE80, 0xFEA0,
    0xF660, 0xFEA0, 0xFE80, 0xFEE0, 0xED00, 0x1000, 0x0002, 0x0001, 0x0001, 0x0001, 0x0002, 0x0001,
    0x0089, 0x00AD, 0x00AB, 0x008B, 0x0047, 0x0000, 0x0000, 0x0000, 0x0000, 0x0000, 0x0000, 0x0000,
    0x0000, 0x0000, 0x0000, 0x0000, 0x0000, 0x0000, 0x0000, 0x0000, 0x0000, 0x0000, 0x0000, 0x0000,
    0x0000, 0x0000, 0x0000, 0x0000, 0x0043, 0x0026, 0x7B81, 0xFE41, 0xFC60, 0xFC40, 0xFD40, 0xFCC0,
    0xFD40, 0xFD20, 0xFC40, 0xFDE0, 0xFD80, 0xFD60, 0xFE20, 0xFD20, 0xFD00, 0xFCE0, 0xFCA0, 0xFDA0,
    0xFD80, 0xFDE0, 0xFDA0, 0xFDE0, 0xFE20, 0xFE20, 0xFE20, 0xFE40, 0xFE20, 0xFE20, 0xFE40, 0xFE20,
    0xFE20, 0xFE40, 0xFDE0, 0xFE40, 0xB300, 0x0001, 0x0025, 0x10A0, 0xEDC1, 0xFE00, 0xFDE0, 0xFDE0,
    0xFDE0, 0xFDE0, 0xFE00, 0x61A0, 0x0002, 0x0045, 0x0046, 0x0002, 0x4A00, 0xFE40, 0xFDE0, 0xFE20,
    0xFE00, 0xFE00, 0xFDE0, 0xFE00, 0x81E0, 0x0002, 0x0021, 0xCD41, 0xFE20, 0xFDE0, 0xFDC0, 0xFE00,
    0xFE00, 0xFE40, 0xAAE0, 0x0004, 0x0887, 0x0822, 0x0002, 0x62C4, 0xFE21, 0xFDA0, 0xFD80, 0xFD60,
    0xFD80, 0xFD80, 0xFD40, 0x40C0, 0x0003, 0x0047, 0x0003, 0x3980, 0xFDE0, 0xFDA0, 0xFD80, 0xE4E0,
    0xF560, 0xFE00, 0xFDC0, 0xFE40, 0x9300, 0x93E0, 0xFE60, 0xF580, 0xFDE0, 0xFDE0, 0xFE00, 0xFE00,
    0xFD60, 0x3060, 0x0049, 0x006A, 0x0063, 0xD545, 0xFDC0, 0xF560, 0xFDA0, 0xFDA0, 0xFDE0, 0xFDE0,
    0xFE40, 0xF500, 0xECA0, 0xFD80, 0x7920, 0x0003, 0x008A, 0x0068, 0x008A, 0x0023, 0x0000, 0x0000,
    0x0000, 0x0000, 0x0000, 0x0000, 0x0000, 0x0000, 0x0000, 0x0000, 0x0000, 0x0000, 0x0000, 0x0000,
    0x0000, 0x0000, 0x00A9, 0x0027, 0x9BA2, 0xFD40, 0xF560, 0xF500, 0xF4C0, 0xFDA0, 0xFDA0, 0xFC80,
    0x3820, 0x0003, 0x0005, 0x0005, 0x0000, 0x7B47, 0xFDC0, 0xFDA0, 0xFD60, 0xF4C0, 0xFD80, 0xFD40,
    0xFDC0, 0x99E0, 0x0002, 0x0067, 0x0025, 0x008A, 0x0027, 0x4980, 0xF501, 0xC360, 0xBB40, 0xED20,
    0xE4A0, 0xFD60, 0xE4C1, 0xDCE5, 0xFD80, 0xFDA0, 0xFD60, 0xFD60, 0xFD40, 0xFD40, 0x8960, 0x0002,
    0x0047, 0x0025, 0x0025, 0x0024, 0x0024, 0x0024, 0x0023, 0x0022, 0xCD67, 0xFE40, 0xFDE0, 0xFDC0,
    0xFD80, 0xFE00, 0xFDA0, 0xFDE0, 0x89C0, 0x0004, 0x008A, 0x0024, 0x0024, 0x0024, 0x0045, 0x0003,
    0x0069, 0x00CE, 0x00AD, 0x008B, 0x0002, 0x0000, 0x0000, 0x0000, 0x0000, 0x0000, 0x0000, 0x0000,
    0x0000, 0x0000, 0x0000, 0x0000, 0x0000, 0x0000, 0x0000, 0x0000, 0x0000, 0x0000, 0x0000, 0x0000,
    0x0000, 0x0000, 0x0000, 0x0000, 0x0001, 0x0000, 0x20A0, 0x6180, 0x5920, 0x60E0, 0x6120, 0x58A0,
    0x6100, 0x58A0, 0x58C0, 0x6120, 0x60E0, 0x58C0, 0x6120, 0x5080, 0x58C0, 0x58A0, 0x58C0, 0x58E0,
    0x60C0, 0x6100, 0x58E0, 0x69C1, 0xF602, 0xFDE0, 0xFE00, 0xFE20, 0xFE00, 0xFE20, 0xFE00, 0xFE00,
    0xFE20, 0xFE20, 0xFE20, 0xFDC0, 0x48A0, 0x0025, 0x0003, 0x6AE1, 0xFE60, 0xFDC0, 0xFDC0, 0xFDC0,
    0xFDC0, 0xFE20, 0xECC0, 0x1000, 0x0004, 0x0025, 0x0025, 0x0000, 0xA460, 0xFE40, 0xFE00, 0xFE20,
    0xFE00, 0xFDE0, 0xFE00, 0xFD20, 0x2840, 0x0002, 0x39C1, 0xFE41, 0xFDC0, 0xFDE0, 0xFDC0, 0xFDE0,
    0xFDE0, 0xFDC0, 0x3880, 0x0005, 0x0029, 0x0002, 0x0000, 0xBC82, 0xFD60, 0xFD60, 0xFD60, 0xFD60,
    0xFD60, 0xFDC0, 0xD3E0, 0x0000, 0x0024, 0x0003, 0x1060, 0xDD20, 0xFDE0, 0xFD80, 0xEC80, 0xF560,
    0xFDA0, 0xF560, 0xFDA0, 0xDC40, 0x1880, 0xE5E0, 0xFE20, 0xFDE0, 0xFE20, 0xFE00, 0xFDE0, 0xFE60,
    0xC340, 0x0001, 0x00AA, 0x0005, 0x4A45, 0xFE43, 0xFDA0, 0xFDA0, 0xFD80, 0xFDA0, 0xFDA0, 0xFDE0,
    0xFDE0, 0xFD60, 0xFDC0, 0xFC80, 0x2000, 0x0025, 0x0068, 0x0068, 0x0068, 0x0000, 0x0000, 0x0000,
    0x0000, 0x0000, 0x0000, 0x0000, 0x0000, 0x0000, 0x0000, 0x0000, 0x0000, 0x0000, 0x0000, 0x0000,
    0x0000, 0x0000, 0x00AC, 0x10A4, 0xE506, 0xFCE0, 0xFD40, 0xFD00, 0xFD60, 0xFD80, 0xFDA0, 0xCB20,
    0x0820, 0x10A0, 0x20C0, 0x18C1, 0x2922, 0xDD27, 0xFD80, 0xFD60, 0xFD60, 0xFD20, 0xFD40, 0xFD80,
    0xFD00, 0x3840, 0x0003, 0x0046, 0x0047, 0x0026, 0x20E0, 0xD400, 0xE460, 0xBAE0, 0xE4C0, 0xF520,
    0xDC40, 0xFCE0, 0x59C3, 0xCCE7, 0xFD00, 0xFD00, 0xFD60, 0xFD20, 0xF4E0, 0xFCC0, 0x7100, 0x0003,
    0x0047, 0x0024, 0x0024, 0x0025, 0x0004, 0x0024, 0x0000, 0x4204, 0xFE42, 0xFDC0, 0xFE20, 0xFE00,
    0xFDE0, 0xFDC0, 0xFE00, 0xFD00, 0x3000, 0x008A, 0x00AD, 0x0003, 0x0004, 0x0004, 0x0025, 0x0004,
    0x0048, 0x00EF, 0x00CF, 0x0024, 0x0000, 0x0000, 0x0000, 0x0000, 0x0000, 0x0000, 0x0000, 0x0000,
    0x0000, 0x0000, 0x0000, 0x0000, 0x0000, 0x0000, 0x0000, 0x0000, 0x0000, 0x0000, 0x0000, 0x0000,
    0x0000, 0x0000, 0x0000, 0x0000, 0x0000, 0x0023, 0x004A, 0x0007, 0x0006, 0x0004, 0x0002, 0x0002,
    0x0003, 0x0003, 0x0002, 0x0002, 0x0002, 0x0002, 0x0002, 0x0002, 0x0002, 0x0002, 0x0002, 0x0002,
    0x0002, 0x0001, 0x0000, 0x4A82, 0xFEA1, 0xFE00, 0xFE20, 0xFE20, 0xFE40, 0xFE60, 0xFE40, 0xFE20,
    0xFE20, 0xFE20, 0xFE60, 0xD3C0, 0x0000, 0x0046, 0x0021, 0xCD21, 0xFE00, 0xFDE0, 0xFDE0, 0xFE00,
    0xFDE0, 0xFE60, 0x9AE0, 0x0001, 0x0045, 0x0026, 0x0004, 0x18E0, 0xF600, 0xFE00, 0xFE00, 0xFE20,
    0xFE00, 0xFDE0, 0xFE40, 0xAB20, 0x0001, 0x0001, 0x93E0, 0xFE40, 0xFDE0, 0xFDE0, 0xFDE0, 0xFDC0,
    0xFE00, 0xD460, 0x1880, 0x2123, 0x2125, 0x18C1, 0x4A01, 0xFDE1, 0xFD80, 0xFDA0, 0xFDA0, 0xFDA0,
    0xFD80, 0xFDC0, 0x69C0, 0x0002, 0x0025, 0x0000, 0xB460, 0xFE20, 0xFDA0, 0xE4C0, 0xE4A0, 0xFDE0,
    0xFDA0, 0xFDE0, 0xFD80, 0x38A0, 0x4A20, 0xFEA0, 0xFE20, 0xFE60, 0xFE40, 0xFE20, 0xFE20, 0xFE00,
    0x6120, 0x0004, 0x00AB, 0x0003, 0xA465, 0xFE20, 0xF580, 0xFDC0, 0xFE00, 0xFE20, 0xFE20, 0xFE20,
    0xFDA0, 0xFD80, 0xFE00, 0xBA80, 0x0001, 0x0067, 0x0067, 0x0069, 0x0045, 0x0000, 0x0000, 0x0000,
    0x0000, 0x0000, 0x0000, 0x0000, 0x0000, 0x0000, 0x0000, 0x0000, 0x0000, 0x0000, 0x0000, 0x0000,
    0x0000, 0x0064, 0x0049, 0x5A65, 0xFE02, 0xFD60, 0xFDA0, 0xF560, 0xFDE0, 0xFDC0, 0xFE00, 0xE4C0,
    0xD4C0, 0xEDA0, 0xF5E0, 0xF5C0, 0xFDE0, 0xFDC0, 0xFDA0, 0xFDA0, 0xFD80, 0xFDA0, 0xFD60, 0xFDE0,
    0xCB40, 0x0000, 0x0046, 0x0046, 0x0047, 0x0002, 0xA422, 0xFDC0, 0xED40, 0xCB80, 0xF520, 0xE440,
    0xF4C0, 0xA220, 0x18E3, 0xFDE4, 0xFD20, 0xFCE0, 0xFD40, 0xFD20, 0xF520, 0xFCC0, 0x58A0, 0x0003,
    0x0046, 0x0024, 0x0002, 0x0025, 0x0025, 0x0025, 0x0001, 0xAC85, 0xFE60, 0xFE20, 0xFE20, 0xFDE0,
    0xFDE0, 0xFDE0, 0xFE40, 0xBAC0, 0x0002, 0x00EF, 0x00EF, 0x0048, 0x0004, 0x0025, 0x0025, 0x0026,
    0x0027, 0x00F1, 0x0089, 0x0000, 0x0000, 0x0000, 0x0000, 0x0000, 0x0000, 0x0000, 0x0000, 0x0000,
    0x0000, 0x0000, 0x0000, 0x0000, 0x0000, 0x0000, 0x0000, 0x0000, 0x0000, 0x0000, 0x0000, 0x0000,
    0x0000, 0x0000, 0x0000, 0x0000, 0x0000, 0x0001, 0x00F0, 0x00AC, 0x0068, 0x0046, 0x0046, 0x0046,
    0x0046, 0x0025, 0x0025, 0x0025, 0x0025, 0x0025, 0x0025, 0x0024, 0x0045, 0x0024, 0x0024, 0x0024,
    0x0024, 0x0003, 0x0020, 0xC501, 0xFE40, 0xFDE0, 0xFE20, 0xFE20, 0xFE60, 0xFE60, 0xFE00, 0xFDC0,
    0xFDE0, 0xFDC0, 0xFDC0, 0x6900, 0x0004, 0x0005, 0x41E0, 0xFE00, 0xFD80, 0xFDA0, 0xFDA0, 0xFDA0,
    0xFDC0, 0xFD40, 0x30A0, 0x0003, 0x0025, 0x0025, 0x0001, 0x72E0, 0xFDE0, 0xFD80, 0xFDA0, 0xFDA0,
    0xFDA0, 0xFDA0, 0xFD80, 0x48E0, 0x0002, 0x10A0, 0xED60, 0xFD80, 0xFD80, 0xFD60, 0xFD80, 0xFD80,
    0xFDA0, 0xED00, 0xED00, 0xF5C3, 0xF5A6, 0xF542, 0xF560, 0xFE00, 0xFDC0, 0xFDE0, 0xFDC0, 0xFDA0,
    0xFDE0, 0xF500, 0x1840, 0x0024, 0x0001, 0x72C0, 0xFE00, 0xFD40, 0xFD20, 0xECC0, 0xFDC0, 0xED00,
    0xF540, 0xF460, 0x7160, 0x0000, 0xAC81, 0xFE40, 0xFDC0, 0xFDC0, 0xFDA0, 0xFD80, 0xFDE0, 0xEC80,
    0x1000, 0x008A, 0x006B, 0x1903, 0xF5E4, 0xFDE0, 0xF5A0, 0xF5E0, 0xFE40, 0xFE40, 0xFE40, 0xFE20,
    0xFDE0, 0xF5E0, 0xFD80, 0x58A0, 0x0003, 0x0047, 0x0046, 0x0068, 0x0001, 0x0000, 0x0000, 0x0000,
    0x0000, 0x0000, 0x0000, 0x0000, 0x0000, 0x0000, 0x0000, 0x0000, 0x0000, 0x0000, 0x0000, 0x0000,
    0x0000, 0x00A9, 0x0046, 0xC4E6, 0xFE00, 0xFE00, 0xF5A0, 0xF560, 0xFE00, 0xFE00, 0xFE40, 0xED00,
    0xF4C0, 0xFDC0, 0xFE00, 0xFDE0, 0xFDE0, 0xFDC0, 0xFDE0, 0xFDE0, 0xFDC0, 0xFDE0, 0xFDC0, 0xFDE0,
    0x6920, 0x0002, 0x0025, 0x0025, 0x0000, 0x62A2, 0xF541, 0xD3C0, 0xD3C0, 0xC2E0, 0xE3C0, 0xCAC0,
    0xDA60, 0x2000, 0x3183, 0xFCE1, 0xFCE0, 0xFCE0, 0xF4A0, 0xFD20, 0xFD40, 0xFC80, 0x4040, 0x0003,
    0x0026, 0x0024, 0x0000, 0x0023, 0x0024, 0x0004, 0x18E2, 0xF5E3, 0xFDC0, 0xFDE0, 0xFD60, 0xFD80,
    0xFD80, 0xFDC0, 0xFD40, 0x4860, 0x0048, 0x00EF, 0x00EF, 0x00AD, 0x0024, 0x0024, 0x0024, 0x0023,
    0x0003, 0x0067, 0x0001, 0x0000, 0x0000, 0x0000, 0x0000, 0x0000, 0x0000, 0x0000, 0x0000, 0x0000,
    0x0000, 0x0000, 0x0000, 0x0000, 0x0000, 0x0000, 0x0000, 0x0000, 0x0000, 0x0000, 0x0000, 0x0000,
    0x0000, 0x0000, 0x0000, 0x0000, 0x0000, 0x0000, 0x0069, 0x00AD, 0x0047, 0x0047, 0x0047, 0x0046,
    0x0026, 0x0026, 0x0026, 0x0025, 0x0025, 0x0025, 0x0025, 0x0025, 0x0025, 0x0025, 0x0024, 0x0004,
    0x0024, 0x0003, 0x41E0, 0xFE00, 0xFD80, 0xFDE0, 0xFE00, 0xFE20, 0xFE60, 0xFDC0, 0xFDE0, 0xFDE0,
    0xFDC0, 0xFE00, 0xEC20, 0x1000, 0x0067, 0x0002, 0xA420, 0xFDE0, 0xFD80, 0xFDA0, 0xFDA0, 0xFD80,
    0xFDE0, 0xBB80, 0x0000, 0x0024, 0x0024, 0x0003, 0x0840, 0xD520, 0xFDA0, 0xFD80, 0xFD80, 0xFDA0,
    0xFDA0, 0xFDE0, 0xD3C0, 0x0800, 0x0001, 0x6260, 0xFDE0, 0xFD40, 0xFD60, 0xFD60, 0xFDA0, 0xFD80,
    0xFD80, 0xFDC0, 0xFDA0, 0xFD60, 0xFD40, 0xFD40, 0xFDA0, 0xFDC0, 0xFE00, 0xFE00, 0xFDE0, 0xFDC0,
    0xFE60, 0xA300, 0x0000, 0x0002, 0x39C0, 0xFDE0, 0xFD60, 0xFD60, 0xF500, 0xFD60, 0xFDC0, 0xF520,
    0xFDA0, 0xB2E0, 0x0000, 0x1080, 0xE5A0, 0xFDE0, 0xFDE0, 0xFDC0, 0xFDA0, 0xF5A0, 0xFE00, 0x9A20,
    0x0002, 0x00CC, 0x0004, 0x7304, 0xFE41, 0xFDC0, 0xFDC0, 0xFE00, 0xFE00, 0xFE40, 0xFE00, 0xFE00,
    0xFDC0, 0xFDE0, 0xE3E0, 0x0800, 0x0025, 0x0025, 0x0047, 0x0046, 0x0000, 0x0000, 0x0000, 0x0000,
    0x0000, 0x0000, 0x0000, 0x0000, 0x0000, 0x0000, 0x0000, 0x0000, 0x0000, 0x0000, 0x0000, 0x0000,
    0x0021, 0x00AC, 0x2984, 0xFE44, 0xFDA0, 0xFDC0, 0xED20, 0xFDC0, 0xFDE0, 0xFE20, 0xED40, 0xDBE0,
    0xF500, 0xFDC0, 0xF5A0, 0xFDC0, 0xFE00, 0xFE00, 0xFE00, 0xFDE0, 0xFDE0, 0xFDC0, 0xFE20, 0xEC80,
    0x1000, 0x0004, 0x0025, 0x0001, 0x2123, 0xEDA4, 0xFD80, 0xF500, 0xDBC0, 0xFCE0, 0xEC80, 0xE300,
    0x5060, 0x0000, 0x6AC3, 0xFD81, 0xFD20, 0xFD20, 0xFCE0, 0xFD20, 0xFD60, 0xFC80, 0x2800, 0x0003,
    0x0026, 0x0024, 0x0000, 0x0000, 0x0043, 0x0005, 0x7B63, 0xFE20, 0xFDA0, 0xFDA0, 0xFDA0, 0xFDA0,
    0xFD60, 0xFDA0, 0xD300, 0x0801, 0x00CD, 0x00CF, 0x00EF, 0x008A, 0x0000, 0x0000, 0x0000, 0x0000,
    0x0000, 0x0000, 0x0000, 0x0000, 0x0000, 0x0000, 0x0000, 0x0000, 0x0000, 0x0000, 0x0000, 0x0000,
    0x0000, 0x0000, 0x0000, 0x0000, 0x0000, 0x0000, 0x0000, 0x0000, 0x0000, 0x0000, 0x0000, 0x0000,
    0x0000, 0x0000, 0x0000, 0x0000, 0x0000, 0x0000, 0x0022, 0x00F0, 0x008B, 0x0069, 0x0069, 0x0068,
    0x0068, 0x0068, 0x0068, 0x0068, 0x0047, 0x0047, 0x0047, 0x0047, 0x0026, 0x0026, 0x0046, 0x0025,
    0x0004, 0x0000, 0xA3A0, 0xFCC0, 0xF400, 0xF400, 0xEC00, 0xF480, 0xFCE0, 0xFC60, 0xFCC0, 0xFC80,
    0xF480, 0xFC80, 0x9140, 0x0003, 0x0028, 0x2100, 0xF4C0, 0xFC20, 0xFC20, 0xFC40, 0xFC60, 0xFC40,
    0xFC60, 0x5100, 0x0002, 0x0025, 0x0025, 0x0002, 0x4980, 0xFC80, 0xFC20, 0xFC40, 0xFC40, 0xFC80,
    0xF460, 0xFC40, 0x7140, 0x0002, 0x0021, 0xC3E0, 0xFC60, 0xFC40, 0xFC40, 0xFC60, 0xFCA0, 0xFCA0,
    0xFCA0, 0xF4A0, 0xFC60, 0xFC60, 0xFC60, 0xFC40, 0xFC40, 0xFC40, 0xFC80, 0xFC80, 0xFC40, 0xFC40,
    0xFC20, 0x40A0, 0x0001, 0x0860, 0xDC60, 0xFC60, 0xF420, 0xF400, 0xE3C0, 0xFC80, 0xFC80, 0xFC60,
    0xE340, 0x2020, 0x0003, 0x49E0, 0xFD00, 0xFCA0, 0xFCC0, 0xFCC0, 0xFCC0, 0xFCE0, 0xFC80, 0x3840,
    0x0048, 0x008B, 0x0022, 0xCBE3, 0xFC60, 0xFC80, 0xFC60, 0xFC80, 0xFD80, 0xFD40, 0xFC60, 0xFCA0,
    0xFCA0, 0xFC80, 0x9140, 0x0001, 0x0025, 0x0025, 0x0046, 0x0023, 0x0000, 0x0000, 0x0000, 0x0000,
    0x0000, 0x0000, 0x0000, 0x0000, 0x0000, 0x0000, 0x0000, 0x0000, 0x0000, 0x0000, 0x0000, 0x0000,
    0x00A7, 0x0069, 0x8B45, 0xFCE1, 0xF440, 0xF440, 0xEC00, 0xFCC0, 0xFCA0, 0xFCC0, 0xE3A0, 0xEC20,
    0xFCC0, 0xFC80, 0xF460, 0xFC60, 0xFCA0, 0xFCA0, 0xFC80, 0xFC60, 0xFC60, 0xF440, 0xFCA0, 0x99A0,
    0x0001, 0x0025, 0x0003, 0x0000, 0xB323, 0xFC21, 0xFC40, 0xDB20, 0xE300, 0xDB00, 0xEB20, 0xC9C0,
    0x0001, 0x0002, 0x8261, 0xF340, 0xF360, 0xFBC0, 0xFB80, 0xFBE0, 0xFC00, 0xEAA0, 0x2000, 0x0024,
    0x0026, 0x0002, 0x0000, 0x0000, 0x008A, 0x0885, 0xDCA5, 0xFC80, 0xFC80, 0xFC80, 0xFC60, 0xFC60,
    0xFC40, 0xFC60, 0x70A0, 0x0025, 0x00CE, 0x00AD, 0x00CE, 0x0024, 0x0000, 0x0000, 0x0000, 0x0000,
    0x0000, 0x0000, 0x0000, 0x0000, 0x0000, 0x0000, 0x0000, 0x0000, 0x0000, 0x0000, 0x0000, 0x0000,
    0x0000, 0x0000, 0x0000, 0x0000, 0x0000, 0x0000, 0x0000, 0x0000, 0x0000, 0x0000, 0x0000, 0x0000,
    0x0000, 0x0000, 0x0000, 0x0000, 0x0000, 0x0000, 0x0000, 0x0024, 0x0025, 0x0003, 0x0002, 0x0003,
    0x0003, 0x0002, 0x0002, 0x0002, 0x0002, 0x0002, 0x0002, 0x0002, 0x0001, 0x0001, 0x0001, 0x0024,
    0x0048, 0x18E0, 0xF440, 0xFBE0, 0xFC00, 0xFC00, 0xEB80, 0xFC80, 0xFCC0, 0xFC60, 0xFC60, 0xFC40,
    0xFCA0, 0xFBE0, 0x2800, 0x0047, 0x0003, 0x72A0, 0xFC80, 0xFC00, 0xFC00, 0xFC00, 0xFC00, 0xFC60,
    0xE380, 0x0800, 0x0003, 0x0004, 0x0004, 0x0000, 0xAB80, 0xFC40, 0xFC20, 0xFC20, 0xFC20, 0xFC20,
    0xFC40, 0xF380, 0x1820, 0x0002, 0x3140, 0xFC80, 0xFBE0, 0xFC20, 0xFC40, 0xFC60, 0xFC60, 0xFC60,
    0xFC80, 0xFC20, 0xFC00, 0xFC20, 0xFC20, 0xFC00, 0xFC00, 0xFC20, 0xFC20, 0xFC00, 0xFC20, 0xFC80,
    0xD2C0, 0x0800, 0x0000, 0xAB60, 0xFC20, 0xFBE0, 0xFC20, 0xEB80, 0xFC60, 0xFC60, 0xFC60, 0xF380,
    0x3020, 0x0002, 0x0002, 0x9B60, 0xFD00, 0xFCA0, 0xFCC0, 0xFCA0, 0xFC80, 0xFCE0, 0xCAC0, 0x0001,
    0x00CD, 0x0007, 0x3981, 0xFC81, 0xFC00, 0xFC60, 0xFC60, 0xFC80, 0xFC80, 0xFC60, 0xFC60, 0xFC60,
    0xFCA0, 0xFC00, 0x3820, 0x0003, 0x0004, 0x0004, 0x0003, 0x0000, 0x0000, 0x0000, 0x0000, 0x0000,
    0x0000, 0x0000, 0x0000, 0x0000, 0x0000, 0x0000, 0x0000, 0x0000, 0x0000, 0x0000, 0x0000, 0x0000,
    0x00EC, 0x0883, 0xDC63, 0xFC40, 0xFC20, 0xF440, 0xF460, 0xFC80, 0xFC60, 0xFC80, 0xFC80, 0xFC80,
    0xF440, 0xFC40, 0xFC80, 0xFC80, 0xFC60, 0xFC40, 0xFC40, 0xFC40, 0xFC40, 0xFC80, 0xFBC0, 0x3820,
    0x0002, 0x0024, 0x0001, 0x7303, 0xFC40, 0xCA40, 0xEB40, 0xDB20, 0xFBC0, 0xE300, 0xE180, 0x4000,
    0x0001, 0x0000, 0x92A3, 0xF2E0, 0xFBC0, 0xEB20, 0xEB00, 0xFBE0, 0xFB80, 0xE260, 0x1800, 0x0024,
    0x0025, 0x0002, 0x0000, 0x0043, 0x0029, 0x5246, 0xFD23, 0xFC60, 0xFCA0, 0xFC60, 0xFC20, 0xFC20,
    0xFCA0, 0xF320, 0x1800, 0x008A, 0x00AD, 0x00CD, 0x00AB, 0x0000, 0x0000, 0x0000, 0x0000, 0x0000,
    0x0000, 0x0000, 0x0000, 0x0000, 0x0000, 0x0000, 0x0000, 0x0000, 0x0000, 0x0000, 0x0000, 0x0000,
    0x0000, 0x0000, 0x0000, 0x0000, 0x0000, 0x0000, 0x0000, 0x0000, 0x0000, 0x0000, 0x0000, 0x0000,
    0x0000, 0x0000, 0x0000, 0x0000, 0x0065, 0x0086, 0x0066, 0x0044, 0x0065, 0x0065, 0x0065, 0x0065,
    0x0065, 0x0065, 0x0065, 0x0065, 0x0065, 0x0065, 0x0065, 0x0065, 0x0065, 0x0065, 0x0065, 0x08EA,
    0x0049, 0x82E0, 0xFC80, 0xF3E0, 0xFC00, 0xFC20, 0xF3E0, 0xFCC0, 0xFCA0, 0xFC80, 0xFCA0, 0xFC80,
    0xFCE0, 0xB220, 0x0001, 0x0048, 0x0040, 0xD400, 0xFC40, 0xFC60, 0xFC60, 0xFC40, 0xF420, 0xFC60,
    0x81C0, 0x0001, 0x0024, 0x0024, 0x0002, 0x20E0, 0xF4A0, 0xFC40, 0xFC60, 0xFC40, 0xFC60, 0xFC60,
    0xFCA0, 0xA200, 0x0002, 0x0001, 0x8AE0, 0xFC60, 0xFC40, 0xFC60, 0xFC80, 0xFC80, 0xFCA0, 0xF420,
    0xEBE0, 0xFC60, 0xFC20, 0xFC20, 0xF440, 0xFC40, 0xFC40, 0xFC20, 0xFC20, 0xFC00, 0xF420, 0xFC60,
    0x7940, 0x0000, 0x7280, 0xFCC0, 0xFBE0, 0xF3E0, 0xE380, 0xFC60, 0xFCA0, 0xFC80, 0xFCC0, 0x81E0,
    0x0880, 0x1080, 0x10A0, 0xDCC0, 0xFD00, 0xFCC0, 0xFCE0, 0xFCC0, 0xFCC0, 0xFCE0, 0x7120, 0x0004,
    0x00AC, 0x0003, 0x9BA3, 0xFCC0, 0xFC80, 0xFC80, 0xFCA0, 0xFCA0, 0xFCC0, 0xFCA0, 0xFCC0, 0xFCA0,
    0xFD00, 0xC260, 0x0000, 0x0024, 0x0024, 0x0047, 0x0089, 0x0086, 0x0087, 0x0066, 0x0066, 0x0087,
    0x00A8, 0x00C8, 0x00C8, 0x00C8, 0x00C8, 0x00C8, 0x00A8, 0x00A8, 0x00A8, 0x0087, 0x0001, 0x0063,
    0x008C, 0x5201, 0xFD01, 0xFC40, 0xEBE0, 0xE3E0, 0xFCE0, 0xFCE0, 0xFCE0, 0xFC80, 0xFC60, 0xFCC0,
    0xFCC0, 0xFCC0, 0xFCA0, 0xFC80, 0xFC80, 0xFC80, 0xFC80, 0xFC80, 0xFC60, 0xFCC0, 0xD280, 0x0000,
    0x0023, 0x0001, 0x2940, 0xF502, 0xFC60, 0xEC00, 0xBAC0, 0xDB60, 0xE340, 0xCAC0, 0x91E0, 0x0860,
    0x1080, 0x10C2, 0xB345, 0xFB80, 0xFBE0, 0xEB40, 0xCA40, 0xE320, 0xFC80, 0xDAC0, 0x0000, 0x0003,
    0x0004, 0x0001, 0x0000, 0x00A9, 0x0046, 0xBC25, 0xFCE0, 0xFCC0, 0xFCC0, 0xFC80, 0xFC80, 0xFCA0,
    0xFCA0, 0x9960, 0x0004, 0x00CD, 0x00AC, 0x00CE, 0x0045, 0x0000, 0x0000, 0x0000, 0x0000, 0x0000,
    0x0000, 0x0000, 0x0000, 0x0000, 0x0000, 0x0000, 0x0000, 0x0000, 0x0000, 0x0000, 0x0000, 0x0000,
    0x0000, 0x0000, 0x0000, 0x0000, 0x0000, 0x0000, 0x0000, 0x0000, 0x0000, 0x0000, 0x0000, 0x0000,
    0x0000, 0x0000, 0x0000, 0x00ED, 0x00ED, 0x00AB, 0x00AB, 0x0069, 0x008A, 0x00AC, 0x00CC, 0x00AB,
    0x008B, 0x008A, 0x006A, 0x008A, 0x00AB, 0x008B, 0x008B, 0x008B, 0x008A, 0x006A, 0x008B, 0x0069,
    0x0040, 0xD3E0, 0xFBC0, 0xFBE0, 0xFBC0, 0xF3A0, 0xF3C0, 0xFC40, 0xFC40, 0xFC00, 0xFC40, 0xFC20,
    0xFBC0, 0x4040, 0x0024, 0x0004, 0x49E1, 0xFC81, 0xFBE0, 0xFBE0, 0xFBC0, 0xFBE0, 0xFC00, 0xFB80,
    0x2860, 0x0003, 0x0024, 0x0024, 0x0001, 0x7A80, 0xFC20, 0xFBC0, 0xFC00, 0xFC00, 0xFC00, 0xFC00,
    0xFBA0, 0x3860, 0x0003, 0x10C1, 0xE481, 0xFC00, 0xFC40, 0xFC20, 0xFC40, 0xFC40, 0xFC60, 0xFC60,
    0xFBE0, 0xFC60, 0xFC40, 0xFC60, 0xFC40, 0xFC20, 0xFC20, 0xFC00, 0xFC00, 0xFC40, 0xFC40, 0xFB20,
    0x1800, 0x3160, 0xFC40, 0xFBE0, 0xFBE0, 0xE320, 0xE360, 0xFC00, 0xF400, 0xF420, 0xFC00, 0xEC20,
    0xEC60, 0xE440, 0xCBA0, 0xDBE0, 0xFCA0, 0xFC80, 0xF460, 0xF460, 0xFCA0, 0xF3C0, 0x1800, 0x0089,
    0x0027, 0x10C1, 0xECE2, 0xFC80, 0xFC60, 0xFC20, 0xFC20, 0xF440, 0xF420, 0xFC60, 0xFC60, 0xFC60,
    0xFC60, 0x5080, 0x0000, 0x0001, 0x0003, 0x0006, 0x0069, 0x008A, 0x0069, 0x0069, 0x0069, 0x00AB,
    0x00AB, 0x00CB, 0x00CB, 0x00CB, 0x00CB, 0x00CB, 0x00CB, 0x00AA, 0x00AB, 0x00AA, 0x0001, 0x0087,
    0x0025, 0xA361, 0xFC20, 0xFC00, 0xEBC0, 0xDB80, 0xFC40, 0xFC20, 0xF420, 0xB260, 0xC2C0, 0xC2E0,
    0xCB60, 0xCB60, 0xF400, 0xFC00, 0xFC20, 0xFC60, 0xFC20, 0xFC20, 0xFC00, 0xFBE0, 0x68C0, 0x0002,
    0x0024, 0x0860, 0xCBE0, 0xFBC0, 0xF3A0, 0xCAA0, 0xBA00, 0xFC00, 0xEB40, 0xA120, 0x78C0, 0xC2A0,
    0xEB60, 0xAA02, 0xA1C0, 0xB9E0, 0xEAC0, 0xFB60, 0xE2C0, 0xE300, 0xFB40, 0xA960, 0x0000, 0x0003,
    0x0004, 0x0000, 0x0001, 0x006B, 0x3163, 0xFC62, 0xFC00, 0xFC40, 0xEBE0, 0xF3C0, 0xFBE0, 0xFC00,
    0xFB20, 0x2800, 0x0048, 0x00AD, 0x00AD, 0x00AD, 0x0001, 0x0000, 0x0000, 0x0000, 0x0000, 0x0000,
    0x0000, 0x0000, 0x0000, 0x0000, 0x0000, 0x0000, 0x0000, 0x0000, 0x0000, 0x0000, 0x0000, 0x0000,
    0x0000, 0x0000, 0x0000, 0x0000, 0x0000, 0x0000, 0x0000, 0x0000, 0x0000, 0x0000, 0x0000, 0x0000,
    0x0000, 0x0000, 0x0065, 0x00AB, 0x40A0, 0x8900, 0x78A0, 0x68A0, 0x8100, 0x8920, 0x88E0, 0x78C0,
    0x78C0, 0x8920, 0x8960, 0x7920, 0x6880, 0x8900, 0x8900, 0x78E0, 0x8100, 0x8920, 0x8940, 0x8940,
    0xAA00, 0xFA80, 0xF1E0, 0xF9E0, 0xF1E0, 0xF240, 0xFAA0, 0xFA80, 0xFAA0, 0xFA80, 0xFA40, 0xFA60,
    0xD160, 0x0000, 0x0048, 0x0001, 0xAA60, 0xFA80, 0xFA60, 0xFA60, 0xFA60, 0xFA60, 0xFAC0, 0xB9A0,
    0x0001, 0x0025, 0x0003, 0x0003, 0x0860, 0xDB21, 0xFA80, 0xFA80, 0xFAA0, 0xFAA0, 0xFA80, 0xFAC0,
    0xD1A0, 0x0001, 0x0002, 0x5980, 0xFB40, 0xFAE0, 0xFAE0, 0xF2C0, 0xFAE0, 0xFAC0, 0xEA80, 0xC200,
    0xC220, 0xC200, 0xBA00, 0xBA00, 0xBA20, 0xBA00, 0xBA00, 0xC220, 0xBA00, 0xBA00, 0xB9C0, 0x5060,
    0x0020, 0xDAC0, 0xFA80, 0xFAA0, 0xE260, 0xEA60, 0xFA80, 0xFA60, 0xF280, 0xFA80, 0xFA80, 0xFAA0,
    0xFAC0, 0xFB00, 0xFB00, 0xEAC0, 0xFAE0, 0xFAE0, 0xFB00, 0xF2E0, 0xFB00, 0xA140, 0x0003, 0x00CD,
    0x0004, 0x61A0, 0xFB20, 0xFAC0, 0xFAE0, 0xF2E0, 0xFAA0, 0xE2C1, 0xF2A0, 0xFAA0, 0xFAA0, 0xFAA0,
    0xFA80, 0x9980, 0x8160, 0x8960, 0x8980, 0x8960, 0x8940, 0x9140, 0x8920, 0x8100, 0x8120, 0x8940,
    0x8920, 0x8920, 0x8920, 0x8920, 0x8920, 0x8920, 0x8920, 0x8920, 0x9180, 0x5060, 0x0023, 0x006C,
    0x2120, 0xEAE0, 0xFA20, 0xFA80, 0xFA80, 0xFAE0, 0xFAC0, 0xFAE0, 0x9940, 0x0000, 0x0000, 0x0000,
    0x0000, 0x1081, 0xE2E1, 0xFA80, 0xFAC0, 0xFAC0, 0xFAA0, 0xFAA0, 0xFAE0, 0xF1E0, 0x1000, 0x0023,
    0x0001, 0x82C3, 0xFB40, 0xFA60, 0xE200, 0xC980, 0xEA00, 0xFA40, 0xFA80, 0xB940, 0xC900, 0xF1C0,
    0xC940, 0xB0E0, 0x98E0, 0xB980, 0xF280, 0xEA41, 0xE9C0, 0xFA60, 0xD980, 0x8880, 0x0000, 0x0003,
    0x0024, 0x0000, 0x0087, 0x0047, 0x9261, 0xFAA0, 0xFA60, 0xFA80, 0xF240, 0xFA20, 0xF220, 0xFA60,
    0xB900, 0x0001, 0x008B, 0x008B, 0x00AD, 0x0068, 0x0000, 0x0000, 0x0000, 0x0000, 0x0000, 0x0000,
    0x0000, 0x0000, 0x0000, 0x0000, 0x0000, 0x0000, 0x0000, 0x0000, 0x0000, 0x0000, 0x0000, 0x0000,
    0x0000, 0x0000, 0x0000, 0x0000, 0x0000, 0x0000, 0x0000, 0x0000, 0x0000, 0x0000, 0x0000, 0x0000,
    0x0000, 0x0000, 0x00CC, 0x0063, 0xC240, 0xF9E0, 0xF9E0, 0xD9A0, 0xFA61, 0xF200, 0xFA20, 0xFA40,
    0xFA20, 0xFAA0, 0xFAE0, 0xEA20, 0xD1A0, 0xFA80, 0xFA80, 0xF220, 0xFA60, 0xFA80, 0xFAA1, 0xFAA1,
    0xFA40, 0xFA00, 0xFA20, 0xF9E0, 0xF200, 0xF260, 0xFAC0, 0xFAA0, 0xFA60, 0xFA20, 0xFA40, 0xFA80,
    0x7080, 0x0004, 0x0006, 0x20E0, 0xF2E0, 0xFA20, 0xFA60, 0xFA60, 0xFA80, 0xFAA0, 0xFAA0, 0x5080,
    0x0002, 0x0025, 0x0025, 0x0002, 0x51C0, 0xFB00, 0xFA40, 0xFA80, 0xFA80, 0xFA80, 0xFA80, 0xFAA0,
    0x70A0, 0x0002, 0x0001, 0xB240, 0xFA00, 0xF220, 0xFA20, 0xFA60, 0xFA60, 0xFAA0, 0xC160, 0x0000,
    0x0000, 0x0000, 0x0000, 0x0000, 0x0000, 0x0000, 0x0000, 0x0000, 0x0000, 0x0000, 0x0000, 0x0000,
    0x9A60, 0xFAC0, 0xFAA0, 0xF280, 0xDA20, 0xFAC0, 0xFAA0, 0xFAA0, 0xFAA0, 0xFAA0, 0xFAA0, 0xFAC0,
    0xFAE0, 0xFAE0, 0xF300, 0xEAE0, 0xFAE0, 0xFB00, 0xFB00, 0xFB00, 0xFAC0, 0x4020, 0x0046, 0x008D,
    0x0042, 0xBA60, 0xFA40, 0xFA60, 0xFAC0, 0xFAE0, 0xFAA0, 0xFAA0, 0xFA80, 0xFA40, 0xFA60, 0xFA60,
    0xFA60, 0xFAA0, 0xFAE0, 0xFAE0, 0xFAE0, 0xFAC0, 0xFAA0, 0xFAA0, 0xFAA0, 0xFAA0, 0xFAC0, 0xFAA0,
    0xFAA0, 0xFAA0, 0xFAC0, 0xFAC0, 0xFAC0, 0xFAC0, 0xFAA0, 0xFAA0, 0xFA81, 0x6040, 0x0068, 0x0007,
    0x7262, 0xFB01, 0xFA60, 0xF260, 0xF2A0, 0xFAC0, 0xFAE0, 0xFA80, 0x4040, 0x0003, 0x0003, 0x0023,
    0x0001, 0x6A42, 0xFB21, 0xF260, 0xFAA0, 0xFAA0, 0xFAA0, 0xFAA0, 0xFAC0, 0x98C0, 0x0001, 0x0003,
    0x3980, 0xF321, 0xF240, 0xFAA0, 0xDA00, 0xF260, 0xFA60, 0xFA60, 0xE1A0, 0xA900, 0xE1A0, 0xD940,
    0xB920, 0xB920, 0x8880, 0xD9E0, 0xFAC0, 0xE200, 0xD940, 0xF1C0, 0xC900, 0x8040, 0x0001, 0x0024,
    0x0024, 0x0000, 0x0069, 0x10C2, 0xEAE1, 0xFA40, 0xFAA0, 0xFAA0, 0xFA60, 0xFA60, 0xFA60, 0xFA20,
    0x4820, 0x0046, 0x008C, 0x008A, 0x008B, 0x0002, 0x0000, 0x0000, 0x0000, 0x0000, 0x0000, 0x0000,
    0x0000, 0x0000, 0x0000, 0x0000, 0x0000, 0x0000, 0x0000, 0x0000, 0x0000, 0x0000, 0x0000, 0x0000,
    0x0000, 0x0000, 0x0000, 0x0000, 0x0000, 0x0000, 0x0000, 0x0000, 0x0000, 0x0000, 0x0000, 0x0000,
    0x0000, 0x0023, 0x00AD, 0x4120, 0xF240, 0xE980, 0xD980, 0xD1C0, 0xD9E0, 0xA920, 0xFA20, 0xFA20,
    0xF240, 0xF260, 0xEA20, 0xA940, 0xD9E0, 0xEA20, 0xF260, 0xEA00, 0xFA40, 0xF220, 0xF220, 0xFA20,
    0xFA20, 0xFA20, 0xFA00, 0xF240, 0xFA60, 0xFA80, 0xFAA0, 0xFA40, 0xFA60, 0xFA80, 0xFAA0, 0xF1E0,
    0x1800, 0x0067, 0x0002, 0x8240, 0xFAA0, 0xFA60, 0xFA80, 0xFA80, 0xFA80, 0xFAC0, 0xDA00, 0x0000,
    0x0002, 0x0002, 0x0003, 0x0001, 0xB2E2, 0xFAA0, 0xFA80, 0xFA80, 0xFA80, 0xFA80, 0xFAA0, 0xEA20,
    0x1800, 0x0002, 0x2900, 0xF2E0, 0xFA20, 0xFA60, 0xFA40, 0xFA60, 0xFA80, 0xFAA0, 0x68A0, 0x0046,
    0x0025, 0x0002, 0x0023, 0x0024, 0x0023, 0x0023, 0x0023, 0x0023, 0x0023, 0x0024, 0x0001, 0x6A00,
    0xFB40, 0xFA80, 0xF2A0, 0xE240, 0xFA60, 0xFAA0, 0xFAA0, 0xFAC0, 0xF2C0, 0xF2A0, 0xFAA0, 0xFAC0,
    0xFAA0, 0xFAA0, 0xFAE0, 0xFAE0, 0xFB00, 0xFB00, 0xFB00, 0xFB40, 0xD200, 0x0000, 0x0089, 0x0027,
    0x3120, 0xFB20, 0xFA60, 0xFA80, 0xFAA0, 0xFAA0, 0xFAC0, 0xFAA0, 0xFAA0, 0xFA80, 0xFA60, 0xFA80,
    0xFA60, 0xF280, 0xF2C0, 0xF2A0, 0xF2A0, 0xF280, 0xF260, 0xF260, 0xFA80, 0xFA80, 0xFA80, 0xF260,
    0xFA60, 0xFA60, 0xFA60, 0xF260, 0xFA60, 0xFA80, 0xF280, 0xFAC0, 0xD9A0, 0x0000, 0x0026, 0x0041,
    0xCB03, 0xFA80, 0xFAC0, 0xF280, 0xFAA0, 0xFAA0, 0xFB00, 0xD1C0, 0x0000, 0x0068, 0x0004, 0x0003,
    0x0041, 0xC363, 0xFAA0, 0xFAC0, 0xFAC0, 0xFA80, 0xF2A0, 0xFAC0, 0xFA60, 0x3820, 0x0001, 0x0040,
    0xD340, 0xFA80, 0xFAA0, 0xEA60, 0xE280, 0xF2A0, 0xE9E0, 0xE1E0, 0xB920, 0xA900, 0xF1A0, 0xB900,
    0x98C0, 0xD940, 0xC920, 0xB100, 0xFA20, 0xB960, 0xB0E0, 0xF1A0, 0xE960, 0x8060, 0x0002, 0x0004,
    0x0002, 0x0043, 0x0027, 0x6A21, 0xFB00, 0xF280, 0xFAC0, 0xFAA0, 0xFA40, 0xFA60, 0xFA80, 0xD140,
    0x0000, 0x008A, 0x008B, 0x008B, 0x0068, 0x0000, 0x0000, 0x0000, 0x0000, 0x0000, 0x0000, 0x0000,
    0x0000, 0x0000, 0x0000, 0x0000, 0x0000, 0x0000, 0x0000, 0x0000, 0x0000, 0x0000, 0x0000, 0x0000,
    0x0000, 0x0000, 0x0000, 0x0000, 0x0000, 0x0000, 0x0000, 0x0000, 0x0000, 0x0000, 0x0000, 0x0000,
    0x0000, 0x00CB, 0x0066, 0xA9E0, 0xE9C0, 0xF1A0, 0xB920, 0xE200, 0xE1C0, 0xD1A0, 0xE1E0, 0xE9E0,
    0xFA20, 0xFA60, 0xB160, 0xA940, 0xFA80, 0xFA80, 0xF2A1, 0xF240, 0xFA20, 0xFA20, 0xFA20, 0xFA20,
    0xFA20, 0xFA40, 0xFA60, 0xFA60, 0xFA40, 0xFA60, 0xF280, 0xFA40, 0xFA40, 0xFA80, 0xFAC0, 0x98E0,
    0x0002, 0x0027, 0x0860, 0xDAE0, 0xFA40, 0xFA80, 0xFA80, 0xFAA0, 0xFAC0, 0xFAC0, 0xA180, 0x30E0,
    0x4160, 0x4160, 0x3920, 0x59A1, 0xFB42, 0xFA60, 0xFA80, 0xFA80, 0xFAA0, 0xFA80, 0xFAE0, 0x9940,
    0x0001, 0x0001, 0x8220, 0xFA80, 0xFA60, 0xFA80, 0xFA80, 0xFA60, 0xFA80, 0xE9E0, 0x1000, 0x008B,
    0x008A, 0x0024, 0x0004, 0x0003, 0x0024, 0x0024, 0x0004, 0x0024, 0x0004, 0x0002, 0x2900, 0xF2E0,
    0xFA40, 0xFA80, 0xEA80, 0xFAA0, 0xFAA0, 0xFA80, 0xFAA0, 0xFA80, 0xFAC0, 0xFAC0, 0xFAA0, 0xFA80,
    0xFAC0, 0xFAC0, 0xF2C0, 0xFAC0, 0xFB00, 0xFB20, 0xFAE0, 0xFB00, 0x78C0, 0x0004, 0x008B, 0x0002,
    0x8A40, 0xFAE0, 0xFAC0, 0xFAA0, 0xEA60, 0xF280, 0xFAC0, 0xF2C0, 0xFAA0, 0xFA80, 0xFAA0, 0xFAA0,
    0xFA80, 0xFAA0, 0xF2A0, 0xF2A0, 0xFAA0, 0xF2A0, 0xFAA0, 0xFAA0, 0xFAA0, 0xFA80, 0xFA80, 0xFA80,
    0xFA80, 0xFA80, 0xFA80, 0xFA60, 0xFA80, 0xFA80, 0xFAA0, 0xFAC0, 0x90C0, 0x0003, 0x0004, 0x3920,
    0xFAC0, 0xFA60, 0xFAA0, 0xF280, 0xFAC0, 0xF2C0, 0xFAC0, 0x70A0, 0x0003, 0x0069, 0x0046, 0x0001,
    0x3182, 0xFB61, 0xFA80, 0xFAA0, 0xE280, 0xF2C0, 0xF2C0, 0xFAE0, 0xC140, 0x0801, 0x0001, 0x8240,
    0xFAA0, 0xF260, 0xFAC0, 0xDA40, 0xFA80, 0xF260, 0xB140, 0xC160, 0xC160, 0xD980, 0xE1A0, 0xA8E0,
    0x8080, 0x90A0, 0xC940, 0xC160, 0xF180, 0xA0E0, 0xB100, 0xE1C0, 0xE960, 0x7860, 0x0002, 0x0003,
    0x0000, 0x0024, 0x0083, 0xD362, 0xFA80, 0xFAE0, 0xFAC0, 0xF260, 0xFA20, 0xF260, 0xFA80, 0x7860,
    0x0024, 0x008A, 0x008A, 0x008B, 0x0023, 0x0000, 0x0000, 0x0000, 0x0000, 0x0000, 0x0000, 0x0000,
    0x0000, 0x0000, 0x0000, 0x0000, 0x0000, 0x0000, 0x0000, 0x0000, 0x0000, 0x0000, 0x0000, 0x0000,
    0x0000, 0x0000, 0x0000, 0x0000, 0x0000, 0x0000, 0x0000, 0x0000, 0x0000, 0x0000, 0x0000, 0x0000,
    0x0001, 0x010F, 0x2060, 0xE9A0, 0xF9C0, 0xE960, 0xB920, 0xEA00, 0xFA20, 0xFA40, 0xDA00, 0xDA00,
    0xFAA0, 0xFAC0, 0xB980, 0xE200, 0xFA80, 0xFA60, 0xF260, 0xFA60, 0xFA40, 0xFA20, 0xFA40, 0xFA40,
    0xFA60, 0xFA60, 0xFA60, 0xFA60, 0xFA40, 0xF260, 0xF260, 0xFA80, 0xFA60, 0xFA80, 0xFA41, 0x3000,
    0x0046, 0x0005, 0x51C0, 0xFAE0, 0xFA60, 0xFAA0, 0xFA80, 0xFAA0, 0xFAA0, 0xFA80, 0xF2C0, 0xFB00,
    0xFB20, 0xFB00, 0xFAE0, 0xFAA0, 0xFA80, 0xFAA0, 0xFAC0, 0xFAC0, 0xFAA0, 0xFAA0, 0xFA80, 0x3840,
    0x0002, 0x0881, 0xDB21, 0xFA40, 0xFA60, 0xFA60, 0xFAA0, 0xFAA0, 0xFAA0, 0x88E0, 0x0002, 0x008B,
    0x00AC, 0x0047, 0x0025, 0x0025, 0x0024, 0x0024, 0x0004, 0x0024, 0x0003, 0x0880, 0xD320, 0xFAA0,
    0xFA80, 0xEA60, 0xF2C0, 0xFAE0, 0xFAA0, 0xFAA0, 0xFA80, 0xFAA0, 0xFA80, 0xFA60, 0xFA60, 0xFAA0,
    0xFA80, 0xFAA0, 0xFAC0, 0xFAE0, 0xFAC0, 0xFAC0, 0xFAE0, 0xF240, 0x2000, 0x0067, 0x0049, 0x0881,
    0xE340, 0xFAA0, 0xFAA0, 0xFAC0, 0xF2A0, 0xFAA0, 0xF2A0, 0xF2A0, 0xFAA0, 0xFAA0, 0xFAA0, 0xFAA0,
    0xFAA0, 0xFAA0, 0xF2A0, 0xFAA0, 0xFAA0, 0xFAA0, 0xFAE0, 0xFAE0, 0xFAA0, 0xFA80, 0xFAA0, 0xFAA0,
    0xFAC0, 0xFAA0, 0xFA80, 0xFA80, 0xFA80, 0xFA80, 0xFAA0, 0xFA00, 0x3000, 0x0046, 0x0003, 0xA2C1,
    0xFA60, 0xFA60, 0xFA80, 0xF2C0, 0xFAC0, 0xFAE0, 0xEA00, 0x1800, 0x0047, 0x0068, 0x0068, 0x0001,
    0x9B03, 0xFAC0, 0xF280, 0xFA80, 0xEAC0, 0xFAC0, 0xFAC0, 0xFA80, 0x6040, 0x0000, 0x3960, 0xFB61,
    0xF260, 0xF260, 0xE280, 0xE280, 0xFA60, 0xFA40, 0xE1A0, 0xE160, 0xF1C0, 0xD160, 0xF1A0, 0xE940,
    0xC0C0, 0x98C0, 0xB900, 0xFA20, 0xFA20, 0xE9A0, 0xE1C0, 0xB120, 0xE920, 0x4820, 0x0002, 0x0003,
    0x0023, 0x0005, 0x4161, 0xFA81, 0xF220, 0xF280, 0xEA60, 0xEA40, 0xFA00, 0xFA60, 0xE9C0, 0x1800,
    0x0068, 0x0069, 0x008A, 0x0089, 0x0000, 0x0000, 0x0000, 0x0000, 0x0000, 0x0000, 0x0000, 0x0000,
    0x0000, 0x0000, 0x0000, 0x0000, 0x0000, 0x0000, 0x0000, 0x0000, 0x0000, 0x0000, 0x0000, 0x0000,
    0x0000, 0x0000, 0x0000, 0x0000, 0x0000, 0x0000, 0x0000, 0x0000, 0x0000, 0x0000, 0x0000, 0x0000,
    0x0088, 0x0088, 0x8000, 0xF040, 0xF061, 0xC840, 0xD081, 0xE081, 0xF060, 0xF860, 0xD880, 0xE860,
    0xF880, 0xF080, 0xE860, 0xF881, 0xF061, 0xF061, 0xF061, 0xF881, 0xF881, 0xF881, 0xF860, 0xF061,
    0xF881, 0xF861, 0xF861, 0xF861, 0xF880, 0xF881, 0xF881, 0xF0A1, 0xF081, 0xF881, 0xB840, 0x0001,
    0x0048, 0x0022, 0xB9C2, 0xF8A1, 0xF0A1, 0xF8C1, 0xF8A1, 0xF881, 0xF8A1, 0xF0C1, 0xF0C1, 0xF8A1,
    0xF880, 0xF880, 0xF081, 0xF0A1, 0xF8C1, 0xF8C1, 0xF8C1, 0xF8A1, 0xF0A1, 0xF8C1, 0xC881, 0x0000,
    0x0002, 0x50E1, 0xF8E2, 0xF061, 0xF061, 0xF061, 0xF881, 0xF8A1, 0xF8A1, 0x3000, 0x0046, 0x008A,
    0x008B, 0x0069, 0x0024, 0x0024, 0x0023, 0x0003, 0x0004, 0x0048, 0x0001, 0x98C1, 0xF8A1, 0xF061,
    0xF061, 0xD880, 0xF861, 0xF061, 0xF881, 0xF8A1, 0x5060, 0x3040, 0x3860, 0x3040, 0x3020, 0x3040,
    0xA162, 0xF8A1, 0xF881, 0xF8C1, 0xF8E1, 0xF0C1, 0xF8A0, 0xA840, 0x0001, 0x008B, 0x0026, 0x58C1,
    0xF8C2, 0xF061, 0xF881, 0xF881, 0xF0A1, 0xF881, 0xF881, 0xF881, 0xF881, 0xF8A1, 0xF8A1, 0xF8A1,
    0xF081, 0xF881, 0xF881, 0xF081, 0xF881, 0xF8A1, 0xF8A1, 0xF0C1, 0xF8A1, 0xF881, 0xF8A1, 0xF8A1,
    0xF8A1, 0xF8A1, 0xF8A1, 0xF8A1, 0xF881, 0xF081, 0xF8A1, 0xB840, 0x0001, 0x0004, 0x1060, 0xE9A4,
    0xF8C1, 0xF8A1, 0xF881, 0xF881, 0xF0A0, 0xF8A1, 0xA840, 0x0001, 0x0068, 0x0068, 0x0027, 0x1061,
    0xE922, 0xF840, 0xF8A0, 0xF8E0, 0xF0E0, 0xF0A0, 0xF8C0, 0xE0A1, 0x1000, 0x0820, 0xD101, 0xF8A0,
    0xF8E1, 0xF101, 0xE8E0, 0xF080, 0xF081, 0xF861, 0x8040, 0x3020, 0x3020, 0x3020, 0x3840, 0x3820,
    0x3020, 0x9880, 0xE060, 0xF860, 0xF080, 0xD080, 0xF060, 0xE020, 0xB820, 0x4000, 0x0002, 0x0004,
    0x0047, 0x0044, 0xA901, 0xE021, 0xD861, 0xE861, 0xD061, 0xD861, 0xE061, 0xF861, 0x8800, 0x0002,
    0x0068, 0x0068, 0x008A, 0x0025, 0x0000, 0x0000, 0x0000, 0x0000, 0x0000, 0x0000, 0x0000, 0x0000,
    0x0000, 0x0000, 0x0000, 0x0000, 0x0000, 0x0000, 0x0000, 0x0000, 0x0000, 0x0000, 0x0000, 0x0000,
    0x0000, 0x0000, 0x0000, 0x0000, 0x0000, 0x0000, 0x0000, 0x0000, 0x0000, 0x0000, 0x0000, 0x0000,
    0x00CC, 0x0801, 0xC800, 0xF001, 0xE801, 0xC000, 0xE841, 0xF801, 0xE801, 0xF001, 0xE801, 0xF801,
    0xF801, 0xF801, 0xF801, 0xF801, 0xF801, 0xF801, 0xF801, 0xF821, 0xF821, 0xF821, 0xF801, 0xF801,
    0xF801, 0xF801, 0xF801, 0xF801, 0xF821, 0xF841, 0xF841, 0xF821, 0xF021, 0xF801, 0x5000, 0x0024,
    0x0005, 0x28E1, 0xF8C2, 0xF801, 0xF841, 0xF821, 0xF821, 0xF841, 0xF861, 0xE021, 0xE800, 0xF821,
    0xF821, 0xF841, 0xF841, 0xF861, 0xF861, 0xF841, 0xF841, 0xF841, 0xF041, 0xF862, 0x6800, 0x0001,
    0x0021, 0xB0E2, 0xF801, 0xF001, 0xF801, 0xF801, 0xF001, 0xF821, 0xB800, 0x0001, 0x008A, 0x008A,
    0x008B, 0x0045, 0x0000, 0x0000, 0x0000, 0x0000, 0x00AB, 0x0068, 0x5860, 0xF802, 0xF001, 0xF801,
    0xF001, 0xF021, 0xF821, 0xF001, 0xF801, 0x7000, 0x0001, 0x0003, 0x0001, 0x0001, 0x0001, 0x0040,
    0xD102, 0xF801, 0xF021, 0xF821, 0xF841, 0xF841, 0xF862, 0x4800, 0x0003, 0x006A, 0x0042, 0xB8A1,
    0xF801, 0xF001, 0xF801, 0xF001, 0xE801, 0xF801, 0xF821, 0xF801, 0xF821, 0xF821, 0xF821, 0xF821,
    0xF821, 0xF821, 0xF801, 0xF822, 0xF822, 0xF821, 0xF821, 0xF821, 0xF821, 0xF821, 0xF822, 0xF822,
    0xF822, 0xF842, 0xF842, 0xF842, 0xF822, 0xF821, 0xF842, 0x5800, 0x0023, 0x0002, 0x58E1, 0xF842,
    0xF021, 0xF841, 0xF821, 0xF801, 0xF821, 0xF822, 0x4800, 0x0045, 0x0048, 0x0048, 0x0003, 0x60A0,
    0xF821, 0xF041, 0xF881, 0xF081, 0xF041, 0xF041, 0xF841, 0x9000, 0x0000, 0x98E1, 0xF861, 0xF020,
    0xF841, 0xF061, 0xF881, 0xE041, 0xF001, 0xB000, 0x0000, 0x0002, 0x0001, 0x0002, 0x0002, 0x0001,
    0x0061, 0xC103, 0xE020, 0xF801, 0xF001, 0xE801, 0xE001, 0xD000, 0xC800, 0x3000, 0x0003, 0x0005,
    0x0028, 0x20A1, 0xD081, 0xC801, 0xC801, 0x7001, 0x2800, 0xA801, 0xD801, 0xE001, 0x2000, 0x0045,
    0x0069, 0x0069, 0x0069, 0x0021, 0x0000, 0x0000, 0x0000, 0x0000, 0x0000, 0x0000, 0x0000, 0x0000,
    0x0000, 0x0000, 0x0000, 0x0000, 0x0000, 0x0000, 0x0000, 0x0000, 0x0000, 0x0000, 0x0000, 0x0000,
    0x0000, 0x0000, 0x0000, 0x0000, 0x0000, 0x0000, 0x0000, 0x0000, 0x0000, 0x0000, 0x0000, 0x0065,
    0x00AA, 0x6800, 0xE801, 0xE001, 0xF001, 0xD841, 0xF041, 0xF020, 0xE001, 0xE021, 0xF041, 0xF000,
    0xE821, 0xE821, 0xF821, 0xF821, 0xF821, 0xF841, 0xF841, 0xF841, 0xF841, 0xF021, 0xF821, 0xF821,
    0xF821, 0xF841, 0xF041, 0xF841, 0xF041, 0xF841, 0xF841, 0xF041, 0xF861, 0xD841, 0x0800, 0x0046,
    0x0001, 0x9143, 0xF842, 0xF021, 0xF841, 0xF841, 0xF841, 0xF841, 0xF841, 0xE021, 0xE801, 0xF021,
    0xF841, 0xF861, 0xF841, 0xF841, 0xF841, 0xF841, 0xF841, 0xF861, 0xF861, 0xE021, 0x1000, 0x0002,
    0x2881, 0xF083, 0xF801, 0xF821, 0xF821, 0xF821, 0xF842, 0xF842, 0x5800, 0x0045, 0x008B, 0x008A,
    0x008A, 0x0000, 0x0000, 0x0000, 0x0000, 0x0066, 0x00CD, 0x2040, 0xF082, 0xF801, 0xF821, 0xF021,
    0xE821, 0xF801, 0xF021, 0xF821, 0xA800, 0x0000, 0x0025, 0x0024, 0x0003, 0x0003, 0x0001, 0x48E2,
    0xF882, 0xF801, 0xF841, 0xF841, 0xF821, 0xF841, 0xD842, 0x0801, 0x0047, 0x0005, 0x2860, 0xF063,
    0xF801, 0xF021, 0xF821, 0xF021, 0xF021, 0xF821, 0xF841, 0xF841, 0xF841, 0xF841, 0xF841, 0xF841,
    0xF841, 0xF842, 0xF842, 0xF842, 0xF841, 0xF841, 0xF841, 0xF841, 0xF841, 0xF841, 0xF841, 0xF862,
    0xF842, 0xF842, 0xF842, 0xF841, 0xF842, 0xF842, 0xE021, 0x1000, 0x0047, 0x0021, 0xB922, 0xF801,
    0xF021, 0xF821, 0xF841, 0xF041, 0xF862, 0xD821, 0x0821, 0x0068, 0x0048, 0x0026, 0x0020, 0xC102,
    0xF821, 0xF061, 0xF861, 0xE861, 0xF040, 0xF840, 0xF861, 0x2000, 0x3820, 0xF080, 0xF040, 0xF841,
    0xF840, 0xF001, 0xF021, 0xE821, 0xE000, 0x1800, 0x0024, 0x0025, 0x0003, 0x0003, 0x0003, 0x0002,
    0x2041, 0xE861, 0xD000, 0xF001, 0xD820, 0xE021, 0xE801, 0xD800, 0xD000, 0x2800, 0x0023, 0x0025,
    0x0023, 0x78E0, 0xE821, 0x8000, 0x2800, 0x3140, 0x4240, 0x4800, 0xE001, 0xA000, 0x0022, 0x0069,
    0x0028, 0x0005, 0x0004, 0x0000, 0x0000, 0x0000, 0x0840, 0x20C0, 0x3980, 0x62A0, 0x6AE0, 0x7B40,
    0x5200, 0x2900, 0x20E0, 0x1020, 0x0000, 0x0000, 0x0000, 0x0000, 0x0000, 0x0000, 0x0000, 0x0000,
    0x0000, 0x0000, 0x0000, 0x0000, 0x0000, 0x0000, 0x0000, 0x0000, 0x0000, 0x0000, 0x0000, 0x00ED,
    0x0043, 0xC000, 0xE801, 0xE001, 0xD001, 0xE021, 0xD800, 0xF801, 0xF001, 0xE021, 0xF801, 0xF001,
    0xE001, 0xF021, 0xF821, 0xF821, 0xF021, 0xF841, 0xF841, 0xF821, 0xF821, 0xF021, 0xF021, 0xF021,
    0xF841, 0xF841, 0xF841, 0xF841, 0xF021, 0xF801, 0xF801, 0xF041, 0xF862, 0x8820, 0x0023, 0x0006,
    0x1060, 0xE0E3, 0xF801, 0xF001, 0xF001, 0xF021, 0xF021, 0xF821, 0xF001, 0xF001, 0xF821, 0xF821,
    0xF021, 0xF021, 0xF021, 0xF821, 0xF821, 0xF821, 0xF821, 0xF021, 0xF842, 0x9000, 0x0001, 0x0002,
    0x80E2, 0xF802, 0xF001, 0xF801, 0xF801, 0xF021, 0xF842, 0xE042, 0x0800, 0x0068, 0x0089, 0x008A,
    0x0046, 0x0000, 0x0000, 0x0000, 0x0002, 0x00EF, 0x0021, 0xC0C3, 0xF801, 0xF001, 0xF801, 0xE821,
    0xF821, 0xF001, 0xF842, 0xE042, 0x1000, 0x0003, 0x0046, 0x0025, 0x0003, 0x0004, 0x0021, 0xA903,
    0xF801, 0xF021, 0xF001, 0xF821, 0xF041, 0xF821, 0x7800, 0x0023, 0x006A, 0x0002, 0x8061, 0xF801,
    0xF001, 0xF821, 0xF001, 0xF021, 0xF821, 0xF821, 0xF021, 0xF021, 0xF021, 0xF021, 0xF021, 0xF021,
    0xF021, 0xF021, 0xF042, 0xF041, 0xF042, 0xF042, 0xF042, 0xF042, 0xF022, 0xF021, 0xF041, 0xF042,
    0xF842, 0xF842, 0xF842, 0xF822, 0xF042, 0xF842, 0x9000, 0x0022, 0x0005, 0x28C1, 0xF0C3, 0xF801,
    0xF001, 0xF821, 0xF821, 0xF021, 0xF841, 0x7800, 0x0023, 0x0069, 0x0069, 0x0005, 0x28E1, 0xF8C2,
    0xF001, 0xF821, 0xF041, 0xF040, 0xF040, 0xF841, 0xB821, 0x0800, 0xD021, 0xD801, 0xE021, 0xE820,
    0xF000, 0xF801, 0xF021, 0xD801, 0x3800, 0x0002, 0x0047, 0x0026, 0x0004, 0x0004, 0x0003, 0x0002,
    0x3841, 0xE821, 0xD001, 0xE821, 0xE021, 0xE001, 0xE001, 0xB000, 0x7800, 0x1000, 0x0003, 0x0004,
    0x0821, 0xA880, 0x6000, 0x1060, 0x7B60, 0xEE00, 0x9C00, 0x0000, 0x9021, 0x4000, 0x0001, 0x0002,
    0x2900, 0x39A0, 0x28E0, 0x6260, 0x9400, 0xBCC0, 0xDD80, 0xF620, 0xFEA0, 0xFEC0, 0xF660, 0xC520,
    0x8BC0, 0x49A0, 0x1080, 0x0000, 0x0000, 0x0000, 0x0000, 0x0000, 0x0000, 0x0000, 0x0000, 0x0000,
    0x0000, 0x0000, 0x0000, 0x0000, 0x0000, 0x0000, 0x0000, 0x0000, 0x0000, 0x0000, 0x0043, 0x00EC,
    0x5000, 0xF822, 0xE001, 0xC801, 0xD000, 0xF001, 0xD000, 0xE001, 0xF883, 0xF801, 0xF021, 0xE801,
    0xE021, 0xF821, 0xF021, 0xF001, 0xF821, 0xF821, 0xF821, 0xF021, 0xF021, 0xF021, 0xF841, 0xF841,
    0xF021, 0xF021, 0xF821, 0xF021, 0xF001, 0xF821, 0xF021, 0xF821, 0xF821, 0x2000, 0x0068, 0x0003,
    0x60E1, 0xF842, 0xF801, 0xF801, 0xF801, 0xF821, 0xF801, 0xF821, 0xF021, 0xF821, 0xF821, 0xF821,
    0xF821, 0xF821, 0xF821, 0xF821, 0xF821, 0xF821, 0xF821, 0xF821, 0xF842, 0x3020, 0x0003, 0x0861,
    0xD8C2, 0xF801, 0xF821, 0xF821, 0xF821, 0xF841, 0xF842, 0x8800, 0x0022, 0x0069, 0x0068, 0x0089,
    0x0002, 0x0000, 0x0000, 0x0001, 0x00EF, 0x0044, 0x9102, 0xF822, 0xF801, 0xF801, 0xF001, 0xF801,
    0xF821, 0xF821, 0xF801, 0x4000, 0x0023, 0x0048, 0x0026, 0x0047, 0x0025, 0x0003, 0x2081, 0xF8A3,
    0xF801, 0xF821, 0xF821, 0xF821, 0xF821, 0xF021, 0x2000, 0x0025, 0x0026, 0x1062, 0xE0C3, 0xF801,
    0xF021, 0xF821, 0xF041, 0xF021, 0xF801, 0xF841, 0xF841, 0xF821, 0xF821, 0xF821, 0xF821, 0xF821,
    0xF842, 0xF842, 0xF842, 0xF842, 0xF842, 0xF842, 0xF842, 0xF842, 0xF842, 0xF842, 0xF841, 0xF842,
    0xF842, 0xF842, 0xF842, 0xF842, 0xF842, 0xF822, 0x3000, 0x0025, 0x0002, 0x8922, 0xF822, 0xF001,
    0xF821, 0xF821, 0xF841, 0xF821, 0xF021, 0x1800, 0x0046, 0x0068, 0x0069, 0x0022, 0x8982, 0xF821,
    0xF021, 0xF821, 0xF821, 0xF801, 0xF021, 0xF801, 0x5000, 0x7800, 0xF821, 0xE821, 0xC820, 0xC800,
    0xE801, 0xF021, 0xF821, 0xA800, 0x0000, 0x0046, 0x0047, 0x0026, 0x0801, 0x0822, 0x0025, 0x0002,
    0x5061, 0xE821, 0xD800, 0xF001, 0xD800, 0xE800, 0x6000, 0x0000, 0x20C0, 0x0820, 0x49E0, 0x1080,
    0x6001, 0x7001, 0x00A0, 0xAC60, 0xFF00, 0xFEE0, 0x9C00, 0x2100, 0x3000, 0x0000, 0x3980, 0xC520,
    0xFE40, 0xF620, 0xF600, 0xFEA0, 0xFEE0, 0xFEA0, 0xFE60, 0xFE40, 0xFE20, 0xF5C0, 0xDD80, 0x93E0,
    0x41A0, 0x1020, 0x2000, 0x0800, 0x0000, 0x0000, 0x0000, 0x0000, 0x0000, 0x0000, 0x0000, 0x0000,
    0x0000, 0x0000, 0x0000, 0x0000, 0x0000, 0x0000, 0x0000, 0x0000, 0x0000, 0x0000, 0x00AB, 0x0065,
    0xA000, 0xF801, 0xF001, 0xC000, 0xE801, 0xE021, 0xD801, 0xE801, 0xE841, 0xF821, 0xF821, 0xE001,
    0xF821, 0xF821, 0xF801, 0xF801, 0xF821, 0xF801, 0xF801, 0xF801, 0xF822, 0xF822, 0xF821, 0xF821,
    0xF821, 0xF801, 0xF001, 0xF801, 0xF821, 0xF822, 0xF821, 0xF001, 0x4800, 0x0002, 0x0048, 0x0000,
    0xA082, 0xF801, 0xF001, 0xF001, 0xF001, 0xF001, 0xF001, 0xF021, 0xF021, 0xF001, 0xF021, 0xF021,
    0xF021, 0xF001, 0xF001, 0xF001, 0xF021, 0xF021, 0xF021, 0xE801, 0x6800, 0x0001, 0x0004, 0x58A2,
    0xF862, 0xF001, 0xF001, 0xF021, 0xF021, 0xF021, 0xF001, 0x2000, 0x0025, 0x0069, 0x0089, 0x0068,
    0x0000, 0x0000, 0x0000, 0x0045, 0x0066, 0x5840, 0xF862, 0xF001, 0xF021, 0xE801, 0xE801, 0xF001,
    0xF001, 0xF801, 0x7800, 0x0001, 0x0069, 0x0069, 0x0068, 0x0068, 0x0046, 0x0023, 0x6861, 0xF802,
    0xE801, 0xF021, 0xF021, 0xF021, 0xF822, 0xA801, 0x0000, 0x0047, 0x0003, 0x3040, 0xF862, 0xF801,
    0xF001, 0xE021, 0xE042, 0xF822, 0xF821, 0xF021, 0xF021, 0xF021, 0xF001, 0xF021, 0xF021, 0xF822,
    0xF021, 0xF022, 0xF022, 0xF022, 0xF022, 0xF022, 0xF021, 0xF021, 0xF021, 0xF021, 0xF021, 0xF021,
    0xF821, 0xF022, 0xF021, 0xF021, 0xF822, 0xC001, 0x0000, 0x0025, 0x0020, 0xD082, 0xF801, 0xF021,
    0xF021, 0xE801, 0xE001, 0xF801, 0xA800, 0x0022, 0x0069, 0x0068, 0x0027, 0x1040, 0xE0C3, 0xF801,
    0xF001, 0xF001, 0xF001, 0xF801, 0xF801, 0xB001, 0x5820, 0xC000, 0x9800, 0x9800, 0xC021, 0xD000,
    0xE800, 0xE801, 0xD801, 0x1800, 0x0045, 0x0069, 0x0068, 0x0003, 0x4A00, 0x0840, 0x0002, 0x0001,
    0x7061, 0xE021, 0xE001, 0xE001, 0xC020, 0x4000, 0x41E0, 0x9C00, 0xD560, 0x7B00, 0xA480, 0x20E0,
    0x3000, 0x1820, 0xA420, 0xFEC0, 0xFE40, 0xF620, 0xDD80, 0x5A80, 0x0000, 0x93C0, 0xF660, 0xFEA0,
    0xFE40, 0xFE60, 0xFE60, 0xFE20, 0xFE00, 0xFE20, 0xFE20, 0xFE20, 0xFE20, 0xF600, 0x8340, 0x2920,
    0x0840, 0x4800, 0x7001, 0x1000, 0x0000, 0x0000, 0x0000, 0x0000, 0x0000, 0x0000, 0x0000, 0x0000,
    0x0000, 0x0000, 0x0000, 0x0000, 0x0000, 0x0000, 0x0000, 0x0000, 0x0000, 0x0001, 0x00ED, 0x2800,
    0xD001, 0xF001, 0xE801, 0xE001, 0xF801, 0xF001, 0xF001, 0xD000, 0xD800, 0xF021, 0xF821, 0xD801,
    0x8800, 0x3800, 0x3000, 0x3000, 0x2800, 0x3000, 0x3000, 0x3000, 0x3000, 0x3000, 0x3000, 0x3000,
    0x3000, 0x3000, 0x2800, 0x3000, 0x3000, 0x3000, 0x3000, 0x2000, 0x0023, 0x008B, 0x008A, 0x0023,
    0x1000, 0x2000, 0x2000, 0x2000, 0x2000, 0x2000, 0x2000, 0x2000, 0x2000, 0x2000, 0x2000, 0x1800,
    0x2000, 0x2000, 0x2000, 0x2000, 0x2000, 0x2000, 0x2000, 0x1800, 0x0021, 0x0047, 0x0001, 0x1800,
    0x2800, 0x2000, 0x2000, 0x2000, 0x2000, 0x2000, 0x1800, 0x0002, 0x008A, 0x0069, 0x006A, 0x0024,
    0x0000, 0x0000, 0x0000, 0x0000, 0x0000, 0x2000, 0x2000, 0x2000, 0x1800, 0x1800, 0x2000, 0x2000,
    0x2000, 0x1800, 0x0000, 0x0046, 0x0069, 0x0069, 0x006A, 0x0047, 0x0000, 0x0000, 0x1800, 0x1800,
    0x2000, 0x2000, 0x2000, 0x2000, 0x2000, 0x0800, 0x0045, 0x0048, 0x0025, 0x0000, 0x2000, 0x2800,
    0x2000, 0x1800, 0x1800, 0x2000, 0x2000, 0x2000, 0x2000, 0x2000, 0x2000, 0x2000, 0x2000, 0x2000,
    0x2000, 0x2000, 0x2000, 0x2000, 0x2000, 0x2000, 0x2000, 0x2000, 0x2000, 0x2000, 0x1800, 0x2000,
    0x2000, 0x2000, 0x2000, 0x2000, 0x2000, 0x1000, 0x0045, 0x0004, 0x0000, 0x1800, 0x2000, 0x2000,
    0x2000, 0x2000, 0x1800, 0x1800, 0x1000, 0x0067, 0x00AC, 0x006A, 0x0045, 0x0800, 0x2800, 0x2000,
    0x1800, 0x1800, 0x2000, 0x2800, 0x2000, 0x0800, 0x0800, 0x0800, 0x18A0, 0x1080, 0x1000, 0x1800,
    0x1800, 0x2000, 0x1000, 0x0024, 0x0069, 0x0047, 0x0002, 0x18A0, 0xB4C0, 0x1860, 0x3940, 0x1880,
    0x1000, 0x2800, 0x2000, 0x1800, 0x1800, 0x1880, 0xDDC0, 0xFE80, 0xFE60, 0xFE60, 0xE5E0, 0x49E0,
    0x0000, 0x5200, 0xFEE0, 0xFE60, 0xFE60, 0xF600, 0xE5C0, 0x3140, 0x3140, 0xEE00, 0xFE80, 0xF600,
    0xFE20, 0xFE40, 0xFE60, 0xFE60, 0xFE20, 0xFE20, 0xFE40, 0xFE20, 0xFE60, 0xFE40, 0x72E0, 0x18A0,
    0x1800, 0x7001, 0x4000, 0x3000, 0x0800, 0x0000, 0x0000, 0x0000, 0x0000, 0x0000, 0x0000, 0x0000,
    0x0000, 0x0000, 0x0000, 0x0000, 0x0000, 0x0000, 0x0000, 0x0000, 0x0000, 0x0088, 0x0087, 0x8800,
    0xF001, 0xF001, 0xE821, 0xF021, 0xF001, 0xF801, 0xD800, 0xD000, 0xE821, 0xF821, 0xC800, 0x3000,
    0x0002, 0x0024, 0x0003, 0x0003, 0x0023, 0x0023, 0x0024, 0x0024, 0x0023, 0x0024, 0x0024, 0x0024,
    0x0023, 0x0024, 0x0024, 0x0024, 0x0024, 0x0023, 0x0023, 0x0023, 0x008A, 0x00AC, 0x008B, 0x0026,
    0x0003, 0x0024, 0x0024, 0x0023, 0x0023, 0x0023, 0x0003, 0x0003, 0x0003, 0x0003, 0x0003, 0x0003,
    0x0023, 0x0023, 0x0023, 0x0023, 0x0023, 0x0023, 0x0023, 0x0002, 0x0046, 0x0048, 0x0025, 0x0025,
    0x0025, 0x0024, 0x0003, 0x0023, 0x0003, 0x0003, 0x0002, 0x0024, 0x008B, 0x008A, 0x0069, 0x0000,
    0x0000, 0x0000, 0x0000, 0x0000, 0x0066, 0x0047, 0x0046, 0x0046, 0x0024, 0x0023, 0x0023, 0x0023,
    0x0003, 0x0003, 0x0046, 0x008B, 0x0069, 0x0069, 0x0069, 0x0001, 0x0000, 0x0000, 0x0024, 0x0024,
    0x0023, 0x0003, 0x0003, 0x0003, 0x0003, 0x0004, 0x008A, 0x008A, 0x0068, 0x0003, 0x0002, 0x0003,
    0x0024, 0x0024, 0x0024, 0x0024, 0x0024, 0x0024, 0x0024, 0x0024, 0x0024, 0x0024, 0x0024, 0x0024,
    0x0023, 0x0023, 0x0023, 0x0023, 0x0024, 0x0024, 0x0024, 0x0024, 0x0023, 0x0023, 0x0024, 0x0024,
    0x0023, 0x0023, 0x0024, 0x0024, 0x0024, 0x0025, 0x0024, 0x3140, 0x0800, 0x0003, 0x0023, 0x0003,
    0x0002, 0x0003, 0x0024, 0x0025, 0x0003, 0x0003, 0x0003, 0x0822, 0x0026, 0x0024, 0x0002, 0x0002,
    0x0002, 0x0003, 0x0003, 0x0023, 0x0001, 0x0000, 0x4A00, 0xBD00, 0xF640, 0xDD80, 0x8B60, 0x7300,
    0x0840, 0x0002, 0x0023, 0x0068, 0x006B, 0x0863, 0x3960, 0x93C0, 0xFEE0, 0x7B00, 0xA440, 0x28C0,
    0x0002, 0x0002, 0x0002, 0x0002, 0x0000, 0x9BC0, 0xFEE0, 0xFE20, 0xF620, 0xFE20, 0xEE20, 0x28E1,
    0x0003, 0x9C20, 0xFE80, 0xF640, 0xFE60, 0xFE40, 0xDDC0, 0x20C0, 0xCD40, 0xFEC0, 0xFE40, 0xFE20,
    0xFE40, 0xFE60, 0xFE60, 0xFE40, 0xFE40, 0xFE60, 0xFEA0, 0xFEC0, 0xFE40, 0xD5A0, 0x5260, 0x1840,
    0x5800, 0x4800, 0x3000, 0x1000, 0x0000, 0x0000, 0x0000, 0x0000, 0x0000, 0x0000, 0x0000, 0x0000,
    0x0000, 0x0000, 0x0000, 0x0000, 0x0000, 0x0000, 0x0000, 0x0000, 0x0000, 0x00CD, 0x1821, 0xE021,
    0xE801, 0xF001, 0xE801, 0xF001, 0xF001, 0xE801, 0xF001, 0xF801, 0xF821, 0x7800, 0x0001, 0x0045,
    0x0026, 0x0004, 0x0004, 0x0024, 0x0025, 0x0025, 0x0025, 0x0025, 0x0025, 0x0025, 0x0025, 0x0026,
    0x0046, 0x0026, 0x0025, 0x0025, 0x0026, 0x0026, 0x0046, 0x0026, 0x0069, 0x008C, 0x00AC, 0x0066,
    0x0003, 0x0026, 0x0005, 0x0025, 0x0025, 0x0025, 0x0025, 0x0025, 0x0025, 0x0025, 0x0025, 0x0025,
    0x0025, 0x0025, 0x0025, 0x0004, 0x0025, 0x0025, 0x0025, 0x0024, 0x0025, 0x0069, 0x0026, 0x0026,
    0x0047, 0x0026, 0x0025, 0x0025, 0x0005, 0x0025, 0x0025, 0x0025, 0x008A, 0x008B, 0x0025, 0x0000,
    0x0000, 0x0000, 0x0000, 0x0000, 0x0067, 0x008B, 0x0048, 0x0046, 0x0025, 0x0025, 0x0025, 0x0025,
    0x0025, 0x0025, 0x0026, 0x008B, 0x008A, 0x008A, 0x0023, 0x0000, 0x0000, 0x0000, 0x0026, 0x0027,
    0x0025, 0x0005, 0x0024, 0x0024, 0x0025, 0x0004, 0x0069, 0x00AC, 0x0068, 0x0000, 0x0024, 0x0025,
    0x0025, 0x0026, 0x0026, 0x0026, 0x0025, 0x0025, 0x0026, 0x0026, 0x0026, 0x0026, 0x0026, 0x0025,
    0x0025, 0x0025, 0x0025, 0x0025, 0x0026, 0x0046, 0x0026, 0x0005, 0x0002, 0x0025, 0x0026, 0x0025,
    0x0025, 0x0025, 0x0026, 0x0046, 0x0005, 0x0002, 0x6260, 0xAC80, 0x0840, 0x0840, 0x0023, 0x0025,
    0x0025, 0x0025, 0x0005, 0x0001, 0x3940, 0x7B00, 0x72C0, 0x8340, 0x0000, 0x0002, 0x0003, 0x0003,
    0x0024, 0x0024, 0x0025, 0x0003, 0x4180, 0xB4A0, 0xFEC0, 0xFEA0, 0xFE60, 0xFE60, 0xFE40, 0xFEE0,
    0xB4A0, 0x0801, 0x0004, 0x0045, 0x0008, 0x2900, 0xDDC0, 0xFE60, 0xFE80, 0xE5C0, 0xD560, 0x1880,
    0x0002, 0x0023, 0x0024, 0x0002, 0x6240, 0xFE40, 0xFE40, 0xFE60, 0xFE40, 0xFEA0, 0xB480, 0x0800,
    0x2060, 0xE5E0, 0xFE80, 0xFE40, 0xFE40, 0xFEA0, 0xBCA0, 0x0000, 0x9C00, 0xFE60, 0xFE20, 0xFE60,
    0xFE40, 0xFE60, 0xFE60, 0xFEE0, 0xFEE0, 0xFE60, 0xC500, 0x7B20, 0x2100, 0x1000, 0x2800, 0x5800,
    0x6000, 0x5800, 0x3000, 0x0000, 0x0000, 0x0000, 0x0000, 0x0000, 0x0000, 0x0000, 0x0000, 0x0000,
    0x0000, 0x0000, 0x0000, 0x0000, 0x0000, 0x0000, 0x0000, 0x0000, 0x0066, 0x00A9, 0x7820, 0xF822,
    0xF001, 0xF001, 0xF021, 0xF022, 0xE801, 0xF021, 0xF801, 0xB800, 0x2800, 0x0044, 0x0046, 0x0025,
    0x0003, 0x0003, 0x0024, 0x0024, 0x0024, 0x0025, 0x0025, 0x0025, 0x0025, 0x0025, 0x0025, 0x0045,
    0x0046, 0x0046, 0x0046, 0x0026, 0x0046, 0x0046, 0x0026, 0x0026, 0x0026, 0x00AD, 0x00CF, 0x0023,
    0x0000, 0x0025, 0x0025, 0x0026, 0x0046, 0x0046, 0x0045, 0x0045, 0x0025, 0x0026, 0x0026, 0x0025,
    0x0025, 0x0025, 0x0025, 0x0025, 0x0025, 0x0025, 0x0025, 0x0025, 0x0026, 0x008C, 0x0047, 0x0002,
    0x0047, 0x0026, 0x0026, 0x0026, 0x0025, 0x0025, 0x0025, 0x0025, 0x008B, 0x00AC, 0x0001, 0x0000,
    0x0000, 0x0000, 0x0000, 0x0000, 0x0001, 0x006A, 0x0047, 0x0026, 0x0046, 0x0046, 0x0025, 0x0025,
    0x0025, 0x0025, 0x0025, 0x0068, 0x00AD, 0x0047, 0x0000, 0x0000, 0x0000, 0x0000, 0x0023, 0x0047,
    0x0026, 0x0025, 0x0025, 0x0025, 0x0025, 0x0025, 0x0026, 0x008C, 0x0045, 0x0800, 0x0024, 0x0047,
    0x0046, 0x0026, 0x0026, 0x0026, 0x0046, 0x0046, 0x0046, 0x0046, 0x0046, 0x0026, 0x0025, 0x0025,
    0x0025, 0x0026, 0x0026, 0x0046, 0x0046, 0x0026, 0x0027, 0x0843, 0x3920, 0x0003, 0x0047, 0x0046,
    0x0025, 0x0025, 0x0046, 0x0005, 0x18A0, 0x51E0, 0xEE00, 0xBCE0, 0x5200, 0x41E0, 0x0004, 0x0045,
    0x0025, 0x0046, 0x0002, 0x8B60, 0xFE60, 0xFEA0, 0xFF00, 0xC500, 0x49E0, 0x0000, 0x0002, 0x0004,
    0x0025, 0x0025, 0x0002, 0x72E0, 0xFE80, 0xFEA0, 0xFE60, 0xFE60, 0xFE60, 0xFE20, 0xFE20, 0xFE40,
    0xF600, 0x41A0, 0x0003, 0x0067, 0x0006, 0x6A80, 0xFEC0, 0xFE40, 0xFE60, 0xFE80, 0xEE00, 0x4160,
    0x2801, 0x0044, 0x0003, 0x20C0, 0xEE20, 0xFE60, 0xFE60, 0xFE60, 0xF620, 0xFEC0, 0x72E0, 0x0800,
    0x41A0, 0xFEA0, 0xFE60, 0xFE60, 0xFE20, 0xFEC0, 0x72C0, 0x0000, 0x8B80, 0xFEA0, 0xFE40, 0xFE60,
    0xFE40, 0xFE80, 0xF640, 0xA440, 0x6AC0, 0x3120, 0x0800, 0x1800, 0x2800, 0x4000, 0x5800, 0x5800,
    0x6000, 0x7801, 0x5000, 0x0000, 0x0000, 0x0000, 0x0000, 0x0000, 0x0000, 0x0000, 0x0000, 0x0000,
    0x0000, 0x0000, 0x0000, 0x0000, 0x0000, 0x0000, 0x0000, 0x0000, 0x00CC, 0x0822, 0xD001, 0xF801,
    0xF001, 0xF821, 0xF021, 0xF021, 0xF801, 0xE000, 0x6000, 0x0022, 0x0067, 0x0046, 0x0003, 0x0003,
    0x0004, 0x0024, 0x0025, 0x0025, 0x0025, 0x0026, 0x0046, 0x0046, 0x0046, 0x0046, 0x0047, 0x0047,
    0x0047, 0x0047, 0x0048, 0x0068, 0x0048, 0x0047, 0x0047, 0x0047, 0x0047, 0x00AD, 0x0068, 0x0000,
    0x0000, 0x0024, 0x0048, 0x0046, 0x0047, 0x0047, 0x0067, 0x0047, 0x0047, 0x0047, 0x0047, 0x0047,
    0x0047, 0x0047, 0x0047, 0x0047, 0x0046, 0x0046, 0x0046, 0x0046, 0x0046, 0x006A, 0x0024, 0x0000,
    0x0048, 0x0047, 0x0047, 0x0047, 0x0047, 0x0047, 0x0047, 0x0047, 0x0069, 0x0069, 0x0000, 0x0000,
    0x0000, 0x0000, 0x0000, 0x0000, 0x0000, 0x0047, 0x006A, 0x0048, 0x0048, 0x0047, 0x0047, 0x0047,
    0x0047, 0x0047, 0x0047, 0x006A, 0x00AB, 0x0000, 0x0000, 0x0000, 0x0000, 0x0000, 0x0000, 0x0046,
    0x0047, 0x0047, 0x0047, 0x0047, 0x0047, 0x0047, 0x0046, 0x006A, 0x0001, 0x0000, 0x0022, 0x0068,
    0x0048, 0x0047, 0x0047, 0x0047, 0x0047, 0x0048, 0x0048, 0x0047, 0x0047, 0x0047, 0x0047, 0x0047,
    0x0047, 0x0048, 0x0048, 0x0047, 0x0047, 0x0046, 0x0004, 0x28E0, 0x8360, 0x0800, 0x0822, 0x0047,
    0x0048, 0x0048, 0x0048, 0x0002, 0x9C00, 0xE5E0, 0xFEC0, 0xD520, 0xA440, 0x20A0, 0x1006, 0x0048,
    0x0025, 0x0002, 0x3160, 0xFEE1, 0xFE60, 0xFE40, 0xFE40, 0xDD80, 0x93E0, 0x0000, 0x0022, 0x0026,
    0x0046, 0x0003, 0x6AC0, 0xFF00, 0xFE60, 0xFE40, 0xFE80, 0xFE80, 0xFE60, 0xFE20, 0xFE20, 0xFE40,
    0xFEA0, 0x8B60, 0x0001, 0x0047, 0x0001, 0xBCA0, 0xFEA0, 0xFE40, 0xFE60, 0xFE40, 0xFE60, 0x5200,
    0x3800, 0x1024, 0x0001, 0xB4A0, 0xFEC0, 0xFE40, 0xFE60, 0xFE60, 0xFE40, 0xF640, 0x3920, 0x1000,
    0x8380, 0xFEC0, 0xFE40, 0xFE40, 0xFE60, 0xFE60, 0x20E0, 0x2920, 0xEE20, 0xFE80, 0xFE60, 0xFE60,
    0xFE40, 0xFEE0, 0x8380, 0x0000, 0x2000, 0x3800, 0x4800, 0x5020, 0x5000, 0x4800, 0x4800, 0x5000,
    0x5000, 0x3000, 0x0000, 0x0000, 0x0000, 0x0000, 0x0000, 0x0000, 0x0000, 0x0000, 0x0000, 0x0000,
    0x0000, 0x0000, 0x0000, 0x0000, 0x0000, 0x0000, 0x0000, 0x0044, 0x00CC, 0x5000, 0xF802, 0xE801,
    0xF001, 0xF021, 0xF821, 0xF821, 0xA000, 0x1800, 0x0044, 0x0067, 0x0025, 0x0004, 0x0024, 0x0024,
    0x0024, 0x0025, 0x0024, 0x0001, 0x0001, 0x0002, 0x0002, 0x0002, 0x0002, 0x0022, 0x0022, 0x0002,
    0x0022, 0x0002, 0x0002, 0x0002, 0x0002, 0x0002, 0x0002, 0x0002, 0x0002, 0x0023, 0x0000, 0x0000,
    0x0000, 0x0000, 0x0002, 0x0002, 0x0002, 0x0002, 0x0002, 0x0002, 0x0002, 0x0022, 0x0002, 0x0022,
    0x0002, 0x0022, 0x0022, 0x0002, 0x0002, 0x0002, 0x0002, 0x0001, 0x0002, 0x0002, 0x0000, 0x0000,
    0x0002, 0x0022, 0x0002, 0x0002, 0x0002, 0x0002, 0x0022, 0x0002, 0x0002, 0x0001, 0x0000, 0x0000,
    0x0000, 0x0000, 0x0000, 0x0000, 0x0000, 0x0001, 0x0023, 0x0002, 0x0002, 0x0002, 0x0002, 0x0002,
    0x0022, 0x0022, 0x0002, 0x0003, 0x0001, 0x0000, 0x0000, 0x0000, 0x0000, 0x0000, 0x0000, 0x0001,
    0x0002, 0x0002, 0x0022, 0x0002, 0x0022, 0x0022, 0x0002, 0x0001, 0x0000, 0x0000, 0x0000, 0x0022,
    0x0022, 0x0002, 0x0002, 0x0002, 0x0002, 0x0022, 0x0002, 0x0002, 0x0002, 0x0022, 0x0022, 0x0002,
    0x0002, 0x0002, 0x0002, 0x0002, 0x0002, 0x0001, 0x0840, 0x93C0, 0xD560, 0x5A60, 0x28E0, 0x0002,
    0x0023, 0x0023, 0x0002, 0x41A0, 0xF620, 0xFE40, 0xFE60, 0xFEA0, 0xA420, 0x0800, 0x3801, 0x0023,
    0x0001, 0x5A20, 0xDD80, 0xFE60, 0xFE40, 0xFE60, 0xFE40, 0xFE60, 0x7320, 0x3000, 0x1820, 0x0023,
    0x0003, 0x3140, 0xEDE0, 0xFE40, 0xFE20, 0xFE40, 0xFE60, 0xFE60, 0xFE20, 0xFE00, 0xFE40, 0xFE40,
    0xFEA0, 0xC4E0, 0x1000, 0x0802, 0x18A0, 0xEE20, 0xFE80, 0xFE60, 0xFE60, 0xFE40, 0xFE80, 0x5220,
    0x2800, 0x0801, 0x5240, 0xFEC0, 0xFE40, 0xFE60, 0xFE60, 0xFE60, 0xFEA0, 0xCD60, 0x1800, 0x1800,
    0xC540, 0xFEA0, 0xFE40, 0xFE60, 0xFEA0, 0xD560, 0x1000, 0x0800, 0x8B80, 0xFEE0, 0xFE40, 0xFE60,
    0xFE80, 0xF640, 0x2900, 0x3820, 0x6040, 0x5020, 0x4800, 0x4800, 0x4800, 0x5000, 0x5000, 0x4800,
    0x2800, 0x0000, 0x0000, 0x0000, 0x0000, 0x0000, 0x0000, 0x0000, 0x0000, 0x0000, 0x0000, 0x0000,
    0x0000, 0x0000, 0x0000, 0x0000, 0x0000, 0x0000, 0x0000, 0x00CB, 0x0065, 0xB800, 0xF801, 0xE801,
    0xF001, 0xF802, 0xD801, 0x5000, 0x0022, 0x0067, 0x0046, 0x0004, 0x0024, 0x0025, 0x0024, 0x0025,
    0x0025, 0x0022, 0x0000, 0x0000, 0x0000, 0x0000, 0x0000, 0x0000, 0x0000, 0x0000, 0x0000, 0x0000,
    0x0000, 0x0000, 0x0000, 0x0000, 0x0000, 0x0000, 0x0000, 0x0000, 0x0000, 0x0000, 0x0000, 0x0000,
    0x0000, 0x0000, 0x0000, 0x0000, 0x0000, 0x0000, 0x0000, 0x0000, 0x0000, 0x0000, 0x0000, 0x0000,
    0x0000, 0x0000, 0x0000, 0x0000, 0x0000, 0x0000, 0x0000, 0x0000, 0x0000, 0x0000, 0x0000, 0x0000,
    0x0000, 0x0000, 0x0000, 0x0000, 0x0000, 0x0000, 0x0000, 0x0000, 0x0000, 0x0000, 0x0000, 0x0000,
    0x0000, 0x0000, 0x0000, 0x0000, 0x0000, 0x0000, 0x0000, 0x0000, 0x0000, 0x0000, 0x0000, 0x0000,
    0x0000, 0x0000, 0x0000, 0x0000, 0x0000, 0x0000, 0x0000, 0x0000, 0x0000, 0x0000, 0x0000, 0x0000,
    0x0000, 0x0000, 0x0000, 0x0000, 0x0000, 0x0000, 0x0000, 0x0000, 0x0000, 0x0000, 0x0000, 0x0000,
    0x0000, 0x0000, 0x0000, 0x0000, 0x0000, 0x0000, 0x0000, 0x0000, 0x0000, 0x0000, 0x0000, 0x0000,
    0x0000, 0x0000, 0x0000, 0x0000, 0x0000, 0x6260, 0xB4A0, 0xFEA0, 0xEDC0, 0xC4C0, 0x2900, 0x0000,
    0x0000, 0x0000, 0x0000, 0xBCA0, 0xFE80, 0xFE40, 0xFE40, 0xFE80, 0x8360, 0x1800, 0x5020, 0x0000,
    0x3960, 0xFEC0, 0xFE60, 0xFE40, 0xFE60, 0xFE60, 0xFE40, 0xFEE0, 0x5240, 0x3000, 0x3020, 0x0000,
    0x0000, 0xB480, 0xFE20, 0xFE20, 0xFE40, 0xFE20, 0xFE80, 0xFE40, 0xFE20, 0xFE40, 0xFE60, 0xFE40,
    0xFE40, 0xE5C0, 0x2860, 0x1800, 0x5A60, 0xFEC0, 0xFE40, 0xFE40, 0xFE60, 0xFE40, 0xFEA0, 0x5A40,
    0x2000, 0x1860, 0xDDC0, 0xFE80, 0xFE40, 0xFE40, 0xFE60, 0xFE60, 0xFEE0, 0x93E0, 0x0800, 0x28E0,
    0xF640, 0xFE60, 0xFE60, 0xFE60, 0xFF00, 0x8BC0, 0x1800, 0x2020, 0xD580, 0xFEC0, 0xFE60, 0xFE60,
    0xFEC0, 0xBCE0, 0x0000, 0x3000, 0x1000, 0x0000, 0x1000, 0x1840, 0x1020, 0x2000, 0x1000, 0x0000,
    0x0000, 0x0000, 0x0000, 0x0000, 0x0000, 0x0000, 0x0000, 0x0000, 0x0000, 0x0000, 0x0000, 0x0000,
    0x0000, 0x0000, 0x0000, 0x0000, 0x0000, 0x0000, 0x0001, 0x00CC, 0x3000, 0xF802, 0xF001, 0xF821,
    0xF822, 0x9800, 0x1000, 0x0045, 0x0067, 0x0025, 0x0004, 0x0025, 0x0025, 0x0025, 0x0025, 0x0024,
    0x0001, 0x0000, 0x0000, 0x0000, 0x0800, 0x1000, 0x1800, 0x2000, 0x2800, 0x2800, 0x2800, 0x2800,
    0x2800, 0x3000, 0x3000, 0x3000, 0x3800, 0x4000, 0x4001, 0x4001, 0x4801, 0x4801, 0x4800, 0x5800,
    0x6001, 0x5800, 0x5001, 0x5801, 0x5001, 0x4801, 0x5001, 0x5001, 0x5000, 0x5001, 0x5001, 0x5001,
    0x5801, 0x5801, 0x5801, 0x5801, 0x6001, 0x6001, 0x6001, 0x6001, 0x6001, 0x6001, 0x7001, 0x7801,
    0x6801, 0x6801, 0x7001, 0x6801, 0x6001, 0x6801, 0x6001, 0x6001, 0x6801, 0x7001, 0x7801, 0x7801,
    0x7801, 0x8001, 0x8001, 0x9001, 0x9001, 0x8801, 0x8001, 0x7801, 0x6801, 0x6001, 0x6001, 0x6001,
    0x6001, 0x6801, 0x7001, 0x6801, 0x7001, 0x8001, 0x8801, 0x9001, 0x9801, 0x9801, 0x9801, 0x8801,
    0x7001, 0x6001, 0x6001, 0x5801, 0x6001, 0x7001, 0x7801, 0x7801, 0x8801, 0x8801, 0x8801, 0x8801,
    0x8001, 0x7001, 0x6801, 0x6001, 0x6001, 0x6001, 0x6001, 0x6001, 0x6801, 0x6001, 0x6001, 0x6001,
    0x6801, 0x6801, 0x6001, 0x6001, 0x1000, 0xC520, 0xFE40, 0xFE40, 0xFE40, 0xF620, 0x41C0, 0x2000,
    0x3020, 0x1800, 0x2900, 0xF640, 0xFE40, 0xFE60, 0xFE60, 0xFE60, 0x5240, 0x2800, 0x4020, 0x0000,
    0xB4A0, 0xFEA0, 0xF620, 0xFE60, 0xFE60, 0xFE60, 0xFE60, 0xFE80, 0x3140, 0x3000, 0x3020, 0x0000,
    0x72E0, 0xFEC0, 0xFE20, 0xFE40, 0xFE40, 0xFE80, 0xEE20, 0x39A0, 0x8B80, 0xFEC0, 0xFE20, 0xFE40,
    0xFE60, 0xEDE0, 0x28A0, 0x0000, 0xA420, 0xFEC0, 0xFE40, 0xFE60, 0xFE60, 0xFE40, 0xFEC0, 0x5A40,
    0x0000, 0x8BA0, 0xFEC0, 0xFE20, 0xFE60, 0xFE60, 0xFE60, 0xFE60, 0xFEE0, 0x5A60, 0x0000, 0x5A60,
    0xFEC0, 0xFE40, 0xFE80, 0xFE60, 0xFEC0, 0x4A00, 0x1800, 0x3960, 0xFEA0, 0xFE80, 0xFE80, 0xFE60,
    0xFEE0, 0x7300, 0x10A0, 0x4A00, 0x6AE0, 0x9C20, 0xCD40, 0xB4E0, 0x5260, 0x1080, 0x0000, 0x0000,
    0x0000, 0x0000, 0x0000, 0x0000, 0x0000, 0x0000, 0x0000, 0x0000, 0x0000, 0x0000, 0x0000, 0x0000,
    0x0000, 0x0000, 0x0000, 0x0000, 0x0000, 0x0000, 0x00A9, 0x0087, 0x9800, 0xF802, 0xF802, 0xC801,
    0x4000, 0x0043, 0x0067, 0x0046, 0x0025, 0x0025, 0x0025, 0x0025, 0x0046, 0x0025, 0x0002, 0x0000,
    0x0000, 0x0000, 0x0000, 0x0000, 0x0000, 0x0000, 0x0000, 0x0000, 0x0000, 0x0000, 0x0000, 0x0000,
    0x0000, 0x0000, 0x0000, 0x0800, 0x0800, 0x0800, 0x0800, 0x0800, 0x0800, 0x0800, 0x0800, 0x1000,
    0x1000, 0x0800, 0x1000, 0x1000, 0x1000, 0x1000, 0x1000, 0x1000, 0x1000, 0x1000, 0x1000, 0x1000,
    0x1000, 0x1800, 0x1800, 0x1800, 0x1800, 0x1800, 0x1800, 0x1800, 0x1800, 0x2000, 0x2000, 0x2000,
    0x2000, 0x2000, 0x2000, 0x2000, 0x2000, 0x2000, 0x2000, 0x2000, 0x2000, 0x2800, 0x2800, 0x2800,
    0x2800, 0x2800, 0x2800, 0x3000, 0x3000, 0x3000, 0x3000, 0x2800, 0x2000, 0x2000, 0x2000, 0x2000,
    0x2000, 0x2000, 0x2000, 0x2000, 0x2800, 0x2800, 0x3000, 0x3000, 0x3800, 0x3000, 0x3000, 0x3000,
    0x2800, 0x2000, 0x2000, 0x2000, 0x2000, 0x2800, 0x2800, 0x2800, 0x2800, 0x2800, 0x2800, 0x2800,
    0x2800, 0x2800, 0x2000, 0x2000, 0x2000, 0x2000, 0x2000, 0x2000, 0x2000, 0x2000, 0x1800, 0x1800,
    0x1800, 0x1800, 0x1820, 0x1800, 0x3920, 0xFE60, 0xFE00, 0xFE20, 0xFE40, 0xFE40, 0x6280, 0x3000,
    0x1020, 0x0000, 0x8340, 0xFEC0, 0xFE20, 0xFE40, 0xFE60, 0xEE00, 0x20A0, 0x4000, 0x2000, 0x41E0,
    0xFEA0, 0xFE40, 0xFE40, 0xFE60, 0xFE60, 0xFE60, 0xFE80, 0xEE00, 0x20A0, 0x4800, 0x2000, 0x20C0,
    0xEDE0, 0xFE60, 0xFE40, 0xFE20, 0xFE40, 0xFE80, 0x6260, 0x0000, 0x5220, 0xFEC0, 0xFE40, 0xFE60,
    0xFE80, 0xDD80, 0x1860, 0x1020, 0xE5C0, 0xFEA0, 0xFE60, 0xFE60, 0xFE60, 0xFE60, 0xFEE0, 0x5200,
    0x20E0, 0xFEA0, 0xFE60, 0xFE60, 0xFE60, 0xFE60, 0xFE60, 0xFE80, 0xF660, 0x30E0, 0x0800, 0x9C20,
    0xFEE0, 0xFE60, 0xFE80, 0xFEA0, 0xE5E0, 0x2880, 0x2000, 0x6AC0, 0xFEE0, 0xFE60, 0xFE80, 0xFE80,
    0xFE80, 0xDDA0, 0xF640, 0xFEE0, 0xFEC0, 0xFEC0, 0xE5E0, 0x5A60, 0x0000, 0x0800, 0x0000, 0x0000,
    0x0000, 0x0000, 0x0000, 0x0000, 0x0000, 0x0000, 0x0000, 0x0000, 0x0000, 0x0000, 0x0000, 0x0000,
    0x0000, 0x0000, 0x0000, 0x0000, 0x0000, 0x0000, 0x00ED, 0x1801, 0xF802, 0xF801, 0x8000, 0x0000,
    0x0045, 0x0047, 0x0025, 0x0025, 0x0026, 0x0025, 0x0046, 0x0046, 0x0024, 0x0000, 0x0000, 0x0000,
    0x0000, 0x0000, 0x0000, 0x0000, 0x0000, 0x0000, 0x0000, 0x0000, 0x0000, 0x0000, 0x0000, 0x0000,
    0x0000, 0x0000, 0x0000, 0x0000, 0x0000, 0x0000, 0x0000, 0x0000, 0x0000, 0x0000, 0x0000, 0x0000,
    0x0000, 0x0000, 0x0800, 0x0000, 0x0000, 0x0800, 0x0800, 0x0800, 0x0800, 0x1000, 0x1000, 0x1000,
    0x0800, 0x0800, 0x1000, 0x1000, 0x1000, 0x1000, 0x1000, 0x1000, 0x1000, 0x1000, 0x1800, 0x1000,
    0x1000, 0x1000, 0x1000, 0x1000, 0x1000, 0x1000, 0x1000, 0x1000, 0x1000, 0x1000, 0x1000, 0x1000,
    0x1000, 0x1000, 0x1000, 0x1000, 0x1000, 0x1000, 0x1000, 0x1000, 0x1000, 0x1800, 0x1000, 0x1000,
    0x1000, 0x1000, 0x1000, 0x1000, 0x1000, 0x1000, 0x1000, 0x1000, 0x1000, 0x1000, 0x1000, 0x1800,
    0x1000, 0x1000, 0x1800, 0x1000, 0x1000, 0x1000, 0x1000, 0x1000, 0x1000, 0x1000, 0x1000, 0x1000,
    0x1000, 0x1000, 0x1000, 0x1000, 0x1000, 0x1000, 0x1000, 0x1000, 0x1000, 0x1000, 0x1000, 0x1000,
    0x1000, 0x1000, 0x1800, 0x0000, 0x8BA0, 0xFEA0, 0xFE20, 0xFE60, 0xFE40, 0xFE80, 0x6AE0, 0x3000,
    0x2000, 0x0020, 0xD560, 0xFE60, 0xFE40, 0xFE40, 0xFEC0, 0xA460, 0x1000, 0x5000, 0x0820, 0xC500,
    0xFEA0, 0xFE40, 0xFE40, 0xFE60, 0xFE60, 0xFE60, 0xFEA0, 0xCD00, 0x1000, 0x4000, 0x0800, 0x7B20,
    0xFE80, 0xFE40, 0xFE40, 0xFE20, 0xFEC0, 0xB4A0, 0x1020, 0x2800, 0x41A0, 0xFE80, 0xFE40, 0xFE40,
    0xFEA0, 0xCD00, 0x0000, 0x3980, 0xFE80, 0xFE60, 0xFE60, 0xFE60, 0xFE80, 0xFE60, 0xFEC0, 0x5A60,
    0xAC40, 0xFEC0, 0xFE40, 0xFE60, 0xFE60, 0xFE60, 0xFE60, 0xFEC0, 0xCD60, 0x1000, 0x1840, 0xDDC0,
    0xFEA0, 0xFE60, 0xFE60, 0xFEE0, 0xAC80, 0x1000, 0x0800, 0xAC60, 0xFEA0, 0xFE60, 0xFE80, 0xFE80,
    0xFEA0, 0xFEC0, 0xFE80, 0xFE20, 0xF620, 0xFE40, 0xDDC0, 0xA460, 0x39A0, 0x1000, 0x0000, 0x0000,
    0x0000, 0x0000, 0x0000, 0x0000, 0x0000, 0x0000, 0x0000, 0x0000, 0x0000, 0x0000, 0x0000, 0x0000,
    0x0000, 0x0000, 0x0000, 0x0000, 0x0000, 0x00A8, 0x00CA, 0x8800, 0xB801, 0x2800, 0x0002, 0x0046,
    0x0047, 0x0026, 0x0026, 0x0046, 0x0047, 0x0047, 0x0025, 0x0001, 0x0000, 0x0000, 0x0000, 0x0800,
    0x1800, 0x2000, 0x3000, 0x3800, 0x4000, 0x4800, 0x5000, 0x5000, 0x5801, 0x6001, 0x6001, 0x7801,
    0x8001, 0x8801, 0x8801, 0x8801, 0x8801, 0x9801, 0x9801, 0xA002, 0xA002, 0xA002, 0xA002, 0xA802,
    0xA001, 0xA002, 0xA802, 0xA002, 0xA802, 0xA802, 0xA802, 0xB022, 0xB022, 0xB822, 0xB822, 0xB022,
    0xB002, 0xB022, 0xB822, 0xB822, 0xB822, 0xB822, 0xC022, 0xC022, 0xC002, 0xC802, 0xD802, 0xD002,
    0xD002, 0xD002, 0xD002, 0xD002, 0xD002, 0xD002, 0xD002, 0xD002, 0xD002, 0xD002, 0xD002, 0xD802,
    0xD802, 0xD802, 0xD802, 0xD802, 0xD802, 0xD802, 0xD802, 0xD802, 0xD802, 0xD802, 0xD002, 0xD802,
    0xE002, 0xD802, 0xD802, 0xE002, 0xE002, 0xE002, 0xE002, 0xE002, 0xE802, 0xE802, 0xE802, 0xE802,
    0xE002, 0xD802, 0xD802, 0xD802, 0xD802, 0xD802, 0xD802, 0xD802, 0xD802, 0xD802, 0xD802, 0xE002,
    0xE002, 0xD802, 0xD802, 0xD802, 0xD802, 0xD002, 0xD002, 0xD002, 0xD802, 0xD802, 0xD022, 0xD822,
    0xD022, 0xC822, 0x9802, 0x28E0, 0xF600, 0xFE60, 0xFE40, 0xFE40, 0xFE20, 0xFEC0, 0x7B60, 0x3000,
    0x4800, 0x3140, 0xF620, 0xFE40, 0xFE40, 0xFE40, 0xFEA0, 0x41E0, 0x3000, 0x2800, 0x3140, 0xFE60,
    0xFE60, 0xFE40, 0xFE40, 0xFE60, 0xFE60, 0xFE60, 0xFEC0, 0xA440, 0x1000, 0x3800, 0x1060, 0xDD80,
    0xFE80, 0xFE40, 0xFE40, 0xFE60, 0xEE20, 0x18C0, 0x3000, 0x2000, 0x41C0, 0xFE80, 0xFE40, 0xFE40,
    0xFEA0, 0xCD00, 0x0000, 0x8360, 0xFEC0, 0xFE40, 0xFE60, 0xFE80, 0xFE80, 0xFE80, 0xFE60, 0xCD20,
    0xFE40, 0xFE60, 0xFE80, 0xFE60, 0xFE60, 0xFE60, 0xFE60, 0xFF00, 0x93E0, 0x0800, 0x3960, 0xFEA0,
    0xFE80, 0xFE80, 0xFE60, 0xFF00, 0x72E0, 0x0000, 0x72E0, 0xFE80, 0xFE60, 0xFE80, 0xFE80, 0xFE80,
    0xFE80, 0xFE80, 0xFE40, 0xFE20, 0xFE40, 0xFE80, 0xFEE0, 0x8BC0, 0x0860, 0x4000, 0x3800, 0x0800,
    0x0000, 0x0000, 0x0000, 0x0000, 0x0000, 0x0000, 0x0000, 0x0000, 0x0000, 0x0000, 0x0000, 0x0000,
    0x0000, 0x0000, 0x0000, 0x0000, 0x0000, 0x0066, 0x0001, 0x4000, 0x0000, 0x0045, 0x0068, 0x0047,
    0x0047, 0x0047, 0x0047, 0x0047, 0x0047, 0x0023, 0x0000, 0x0000, 0x0000, 0x0000, 0x0000, 0x0000,
    0x0000, 0x0000, 0x0000, 0x0000, 0x0000, 0x0000, 0x0800, 0x0800, 0x0800, 0x0800, 0x0800, 0x0800,
    0x0800, 0x0800, 0x0800, 0x0800, 0x1000, 0x1000, 0x1000, 0x1000, 0x1000, 0x1800, 0x1800, 0x1800,
    0x1800, 0x1800, 0x1800, 0x1800, 0x2000, 0x2000, 0x2000, 0x2800, 0x2800, 0x2800, 0x2800, 0x2800,
    0x2800, 0x3000, 0x2800, 0x2800, 0x2800, 0x2800, 0x3000, 0x3000, 0x3000, 0x3000, 0x3800, 0x3800,
    0x3800, 0x4000, 0x4000, 0x4000, 0x4000, 0x4000, 0x4000, 0x4000, 0x4000, 0x4000, 0x4800, 0x4800,
    0x4000, 0x4000, 0x4800, 0x4800, 0x4800, 0x4800, 0x4800, 0x4800, 0x4800, 0x4800, 0x4800, 0x4800,
    0x4800, 0x4800, 0x4800, 0x5000, 0x4800, 0x4800, 0x4800, 0x5000, 0x4800, 0x4800, 0x4800, 0x4800,
    0x4000, 0x4000, 0x4000, 0x4800, 0x4800, 0x4800, 0x4800, 0x4800, 0x4800, 0x4000, 0x4800, 0x4800,
    0x4800, 0x4800, 0x4800, 0x4800, 0x4800, 0x4000, 0x4000, 0x4800, 0x4800, 0x4800, 0x4000, 0x4000,
    0x3800, 0x3820, 0x1000, 0x6AC0, 0xFEC0, 0xFE20, 0xFE60, 0xFE60, 0xFE40, 0xFEC0, 0x7B40, 0x2800,
    0x1800, 0x49E0, 0xFE80, 0xFE60, 0xFE40, 0xFE80, 0xD560, 0x0800, 0x5000, 0x0000, 0x8BA0, 0xFEC0,
    0xFE40, 0xFE40, 0xFE40, 0xFE60, 0xFE60, 0xFE40, 0xFEE0, 0x7B40, 0x1800, 0x1800, 0x62A0, 0xFEC0,
    0xFE40, 0xFE40, 0xFE40, 0xFEE0, 0x6AE0, 0x1800, 0x5840, 0x1800, 0x6AA0, 0xFEC0, 0xFE40, 0xFE40,
    0xFEA0, 0xBCA0, 0x0000, 0xCD40, 0xFEA0, 0xFE60, 0xFE80, 0xFE60, 0xFE80, 0xFE60, 0xFE40, 0xFE60,
    0xFE60, 0xFE60, 0xFE60, 0xFE40, 0xFE80, 0xFE60, 0xFE40, 0xFEE0, 0x5A60, 0x0000, 0x7320, 0xFEE0,
    0xFE60, 0xFE80, 0xFEA0, 0xFE80, 0x2900, 0x20A0, 0xF660, 0xFE80, 0xFE40, 0xFE60, 0xFE80, 0xFE80,
    0xFE80, 0xFE60, 0xFE60, 0xFE80, 0xFEC0, 0xFEE0, 0xB4C0, 0x18C0, 0x3000, 0x6000, 0x4000, 0x0000,
    0x0000, 0x0000, 0x0000, 0x0000, 0x0000, 0x0000, 0x0000, 0x0000, 0x0000, 0x0000, 0x0000, 0x0000,
    0x0000, 0x0000, 0x0000, 0x0000, 0x0000, 0x0000, 0x0000, 0x0002, 0x0047, 0x0068, 0x0067, 0x0068,
    0x0068, 0x0068, 0x0068, 0x0045, 0x0001, 0x0000, 0x0000, 0x0000, 0x0000, 0x0000, 0x0000, 0x0000,
    0x0000, 0x0000, 0x0000, 0x0000, 0x0000, 0x0000, 0x0000, 0x0000, 0x0000, 0x0000, 0x0000, 0x0000,
    0x0000, 0x0000, 0x0000, 0x0000, 0x0000, 0x0000, 0x0000, 0x0000, 0x0000, 0x0000, 0x0000, 0x0000,
    0x0000, 0x0000, 0x0000, 0x0000, 0x0000, 0x0000, 0x0000, 0x0000, 0x0000, 0x0000, 0x0000, 0x0000,
    0x0000, 0x0000, 0x0000, 0x0000, 0x0000, 0x0000, 0x0000, 0x0000, 0x0000, 0x0000, 0x0000, 0x0000,
    0x0000, 0x0000, 0x0000, 0x0000, 0x0000, 0x0000, 0x0000, 0x0000, 0x0000, 0x0000, 0x0000, 0x0000,
    0x0000, 0x0000, 0x0000, 0x0000, 0x0000, 0x0000, 0x0000, 0x0000, 0x0000, 0x0000, 0x0000, 0x0000,
    0x0000, 0x0000, 0x0000, 0x0000, 0x0000, 0x0000, 0x0000, 0x0000, 0x0000, 0x0000, 0x0000, 0x0000,
    0x0000, 0x0000, 0x0000, 0x0000, 0x0000, 0x0000, 0x0000, 0x0000, 0x0000, 0x0000, 0x0000, 0x0000,
    0x0000, 0x0000, 0x0000, 0x0000, 0x0000, 0x0000, 0x0000, 0x0000, 0x0000, 0x0000, 0x0000, 0x0000,
    0x0000, 0x0000, 0x0000, 0xCD00, 0xFE80, 0xFE40, 0xFE60, 0xFE60, 0xFE40, 0xFEE0, 0x7B60, 0x2800,
    0x2020, 0xC500, 0xFE80, 0xFE40, 0xFE40, 0xFEE0, 0x7B40, 0x1800, 0x2800, 0x3980, 0xF640, 0xFE60,
    0xFE40, 0xFE40, 0xFE40, 0xFE80, 0xFE60, 0xFE40, 0xFEC0, 0x5A40, 0x2000, 0x1820, 0xD580, 0xFE80,
    0xFE40, 0xFE40, 0xFEA0, 0xC500, 0x0820, 0x4800, 0x4020, 0x0000, 0x7300, 0xFEC0, 0xFE40, 0xFE40,
    0xFEE0, 0x8360, 0x1880, 0xFE80, 0xFE60, 0xFE60, 0xFE60, 0xFE40, 0xFE60, 0xFE60, 0xFE60, 0xFE60,
    0xFE60, 0xFE60, 0xFE40, 0xFE40, 0xFE80, 0xFE60, 0xFE80, 0xF660, 0x28E0, 0x0000, 0xBCE0, 0xFEC0,
    0xFE60, 0xFE60, 0xFEC0, 0xD580, 0x0800, 0x1040, 0xDD80, 0xFEA0, 0xFE60, 0xFE60, 0xFE60, 0xFE80,
    0xFEC0, 0xFF00, 0xFEA0, 0xD580, 0x8380, 0x3980, 0x1020, 0x2800, 0x5800, 0x6800, 0x3800, 0x0000,
    0x0000, 0x0000, 0x0000, 0x0000, 0x0000, 0x0000, 0x0000, 0x0000, 0x0000, 0x0000, 0x0000, 0x0000,
    0x0000, 0x0000, 0x0000, 0x0000, 0x0000, 0x0000, 0x0045, 0x0069, 0x0069, 0x0069, 0x0069, 0x0069,
    0x008A, 0x0068, 0x0023, 0x0000, 0x0000, 0x0000, 0x0000, 0x2000, 0x3000, 0x3800, 0x3800, 0x4000,
    0x4801, 0x5001, 0x5001, 0x6001, 0x6801, 0x7001, 0x7001, 0x8001, 0x8001, 0x9001, 0x9001, 0x9001,
    0x9002, 0x9802, 0xA002, 0xA801, 0xA001, 0xA802, 0xB002, 0xB802, 0xB802, 0xB802, 0xC002, 0xC002,
    0xC002, 0xC002, 0xC002, 0xC002, 0xC002, 0xC002, 0xC802, 0xC802, 0xC802, 0xD002, 0xD002, 0xC802,
    0xC002, 0xC002, 0xC002, 0xC002, 0xC802, 0xC802, 0xC802, 0xD002, 0xD002, 0xD002, 0xD002, 0xD802,
    0xD802, 0xD002, 0xD002, 0xD802, 0xD802, 0xD802, 0xD802, 0xD802, 0xE002, 0xD802, 0xD002, 0xD002,
    0xD802, 0xD802, 0xD802, 0xD802, 0xD802, 0xD802, 0xD802, 0xD802, 0xD802, 0xD802, 0xD802, 0xE002,
    0xE002, 0xE002, 0xE002, 0xD802, 0xE002, 0xE002, 0xE002, 0xE002, 0xE002, 0xD802, 0xE002, 0xE002,
    0xE802, 0xE802, 0xE802, 0xE002, 0xD802, 0xD802, 0xD802, 0xD802, 0xD802, 0xD802, 0xD802, 0xD802,
    0xD802, 0xD802, 0xD802, 0xD802, 0xD802, 0xD802, 0xD802, 0xD002, 0xC802, 0xC802, 0xC802, 0xC002,
    0xC022, 0x7001, 0x3180, 0xFE80, 0xFE40, 0xFE40, 0xFE60, 0xFE60, 0xFE40, 0xFEE0, 0x8380, 0x0800,
    0x49C0, 0xFEA0, 0xFE40, 0xFE60, 0xFE60, 0xFE80, 0x3120, 0x3800, 0x0000, 0xB4A0, 0xFEC0, 0xFE40,
    0xFE80, 0xE5C0, 0xB4A0, 0xFEA0, 0xFE60, 0xFE60, 0xFEA0, 0x41A0, 0x0000, 0x5220, 0xFEE0, 0xFE40,
    0xFE60, 0xFE80, 0xF640, 0x3980, 0x1800, 0x4800, 0x4000, 0x0000, 0x9C00, 0xFEA0, 0xFE40, 0xFE60,
    0xFEE0, 0x49E0, 0x5220, 0xFEE0, 0xFE40, 0xFE60, 0xFE60, 0xFE40, 0xFE60, 0xFE80, 0xFE80, 0xFE60,
    0xFE40, 0xFE60, 0xFE80, 0xFE40, 0xFE40, 0xFE60, 0xFEC0, 0xCD80, 0x0800, 0x1880, 0xEE20, 0xFEA0,
    0xFE80, 0xFE40, 0xFEE0, 0x93E0, 0x0000, 0x20C0, 0xEE20, 0xFE80, 0xFE80, 0xFE80, 0xFE80, 0xFEA0,
    0xEE20, 0xA460, 0x4A00, 0x1040, 0x0800, 0x2800, 0x4800, 0x5820, 0x5800, 0x8001, 0x6000, 0x0000,
    0x0000, 0x0000, 0x0000, 0x0000, 0x0000, 0x0000, 0x0000, 0x0000, 0x0000, 0x0000, 0x0000, 0x0000,
    0x0000, 0x0000, 0x0000, 0x0000, 0x0000, 0x0000, 0x0045, 0x008B, 0x008A, 0x008A, 0x008B, 0x008A,
    0x0045, 0x0000, 0x0000, 0x0000, 0x0000, 0x0000, 0x0000, 0x0800, 0x0800, 0x0800, 0x1000, 0x1000,
    0x1000, 0x1000, 0x1000, 0x1000, 0x1800, 0x1800, 0x1800, 0x2000, 0x2000, 0x2000, 0x2000, 0x2000,
    0x2800, 0x2800, 0x2800, 0x3000, 0x3000, 0x3800, 0x3800, 0x3800, 0x3800, 0x4000, 0x4000, 0x4800,
    0x4000, 0x4000, 0x4800, 0x4800, 0x4800, 0x5000, 0x5000, 0x5800, 0x5800, 0x5801, 0x5801, 0x5801,
    0x5801, 0x5000, 0x5800, 0x5801, 0x5801, 0x6001, 0x5801, 0x5801, 0x6001, 0x6001, 0x6001, 0x6001,
    0x6000, 0x6001, 0x6001, 0x6000, 0x6001, 0x6801, 0x6801, 0x6801, 0x6801, 0x6801, 0x7001, 0x7001,
    0x7001, 0x7001, 0x7801, 0x7001, 0x7001, 0x7001, 0x7001, 0x7001, 0x7801, 0x7801, 0x7801, 0x7801,
    0x7801, 0x7801, 0x7801, 0x7801, 0x7801, 0x7801, 0x7001, 0x7001, 0x7001, 0x7001, 0x7801, 0x7801,
    0x7801, 0x7801, 0x7001, 0x7001, 0x7801, 0x7801, 0x7801, 0x7001, 0x7001, 0x7001, 0x7001, 0x7001,
    0x7001, 0x7001, 0x6801, 0x6801, 0x6801, 0x6801, 0x6001, 0x5801, 0x5801, 0x5801, 0x5001, 0x5000,
    0x5821, 0x1000, 0x8BC0, 0xFEC0, 0xFE20, 0xFE60, 0xFE60, 0xFE60, 0xFE60, 0xFEE0, 0x8BA0, 0x0000,
    0x93E0, 0xFEE0, 0xFE40, 0xFE40, 0xFEC0, 0xBCE0, 0x1800, 0x3000, 0x39A0, 0xFE80, 0xFE40, 0xFE40,
    0xFF00, 0x8BA0, 0x9BE0, 0xFEC0, 0xFE60, 0xFE80, 0xF640, 0x3100, 0x0000, 0xAC80, 0xFEE0, 0xFE40,
    0xFE40, 0xFEC0, 0x93C0, 0x0000, 0x3800, 0x3800, 0x3000, 0x1040, 0xE5C0, 0xFE60, 0xFE40, 0xFE80,
    0xFE81, 0x20C0, 0xAC40, 0xFEC0, 0xFE60, 0xFE60, 0xFE40, 0xFE80, 0xFE80, 0xFE60, 0xFE60, 0xFE60,
    0xFE60, 0xFE60, 0xE5C0, 0xFE60, 0xFE80, 0xFE40, 0xFEC0, 0x93E0, 0x0000, 0x5200, 0xFEC0, 0xFE40,
    0xFE60, 0xFE80, 0xFEE0, 0x5A40, 0x0000, 0x4A00, 0xFEA0, 0xFE40, 0xFE60, 0xFE80, 0xFF00, 0x9C20,
    0x0860, 0x0800, 0x2000, 0x3800, 0x4820, 0x4820, 0x4820, 0x5020, 0x5800, 0x5000, 0x1000, 0x0000,
    0x0000, 0x0000, 0x0000, 0x0000, 0x0000, 0x0000, 0x0000, 0x0000, 0x0000, 0x0000, 0x0000, 0x0000,
    0x0000, 0x0000, 0x0000, 0x0000, 0x0000, 0x0000, 0x0000, 0x00AB, 0x00AC, 0x00AC, 0x0089, 0x0002,
    0x0000, 0x0000, 0x0000, 0x0000, 0x0000, 0x0000, 0x0000, 0x0000, 0x0000, 0x0000, 0x0000, 0x0000,
    0x0000, 0x0000, 0x0000, 0x0000, 0x0000, 0x0000, 0x0000, 0x0000, 0x0000, 0x0000, 0x0000, 0x0000,
    0x0000, 0x0000, 0x0000, 0x0000, 0x0000, 0x0000, 0x0000, 0x0000, 0x0000, 0x0000, 0x0000, 0x0000,
    0x0000, 0x0000, 0x0000, 0x0000, 0x0000, 0x0000, 0x0000, 0x0000, 0x0000, 0x0000, 0x0000, 0x0000,
    0x0000, 0x0000, 0x0000, 0x0000, 0x0000, 0x0000, 0x0000, 0x0000, 0x0000, 0x0000, 0x0000, 0x0000,
    0x0000, 0x0000, 0x0000, 0x0000, 0x0000, 0x0000, 0x0000, 0x0000, 0x0000, 0x0000, 0x0000, 0x0000,
    0x0000, 0x0000, 0x0000, 0x0000, 0x0000, 0x0000, 0x0000, 0x0000, 0x0000, 0x0000, 0x0000, 0x0000,
    0x0000, 0x0000, 0x0000, 0x0000, 0x0000, 0x0000, 0x0000, 0x0000, 0x0000, 0x0000, 0x0000, 0x0000,
    0x0000, 0x0000, 0x0000, 0x0000, 0x0000, 0x0000, 0x0000, 0x0000, 0x0000, 0x0000, 0x0000, 0x0000,
    0x0000, 0x0000, 0x0000, 0x0000, 0x0000, 0x0000, 0x0000, 0x0000, 0x0000, 0x0000, 0x0000, 0x0000,
    0x0000, 0x0840, 0xE5C0, 0xFE80, 0xFE40, 0xFE60, 0xFE60, 0xFE60, 0xFE60, 0xFEE0, 0x8B80, 0x0000,
    0xDDC0, 0xFEA0, 0xFE20, 0xFE40, 0xFEE0, 0x62A0, 0x2000, 0x1000, 0xAC80, 0xFEC0, 0xFE40, 0xFE60,
    0xF640, 0x20E0, 0xC500, 0xFEC0, 0xFE40, 0xFE60, 0xEDE0, 0x1880, 0x1860, 0xE5A0, 0xFE60, 0xFE60,
    0xFE60, 0xFE60, 0x2100, 0x1800, 0x3800, 0x3800, 0x0800, 0x5200, 0xFEC0, 0xFE40, 0xFE40, 0xFEA0,
    0xC4E0, 0x1080, 0xEE00, 0xFE80, 0xFE40, 0xFE60, 0xEDE0, 0xD580, 0xFE80, 0xFE40, 0xFE60, 0xFE60,
    0xFEC0, 0xBCE0, 0xC500, 0xFEA0, 0xFE60, 0xFE60, 0xFEC0, 0x5A40, 0x0000, 0x93E0, 0xFEE0, 0xFE40,
    0xFE60, 0xFE80, 0xF640, 0x30E0, 0x1800, 0x7300, 0xFEE0, 0xFE40, 0xFE60, 0xFE80, 0xFEE1, 0x41A0,
    0x1000, 0x4820, 0x4820, 0x4820, 0x4000, 0x4000, 0x4000, 0x3800, 0x3000, 0x0800, 0x0000, 0x0000,
    0x0000, 0x0000, 0x0000, 0x0000, 0x0000, 0x0000, 0x0000, 0x0000, 0x0000, 0x0000, 0x0000, 0x0000,
    0x0000, 0x0000, 0x0000, 0x0000, 0x0000, 0x0000, 0x0000, 0x0089, 0x00CE, 0x0045, 0x0000, 0x0000,
    0x0000, 0x0000, 0x0800, 0x1000, 0x2000, 0x2800, 0x2800, 0x3000, 0x3800, 0x3800, 0x3800, 0x3800,
    0x4000, 0x4800, 0x5001, 0x5001, 0x6001, 0x6001, 0x6001, 0x6801, 0x6801, 0x7801, 0x8001, 0x7801,
    0x7801, 0x8001, 0x8801, 0x8801, 0x8801, 0x8801, 0x9001, 0xA001, 0x9801, 0x9801, 0x9801, 0xA001,
    0xA001, 0xA001, 0xA001, 0xA001, 0xA001, 0xA001, 0xA801, 0xA801, 0xA801, 0xA802, 0xA802, 0xB002,
    0xB802, 0xB802, 0xB802, 0xB002, 0xB002, 0xB002, 0xB002, 0xB002, 0xB002, 0xB001, 0xA801, 0xA801,
    0xB001, 0xB801, 0xB002, 0xB802, 0xB801, 0xB001, 0xB001, 0xB001, 0xB802, 0xB802, 0xB002, 0xB002,
    0xB801, 0xB001, 0xB001, 0xB002, 0xB001, 0xB801, 0xB801, 0xB801, 0xB802, 0xB802, 0xB002, 0xB001,
    0xB002, 0xB002, 0xB002, 0xB002, 0xB002, 0xB002, 0xB802, 0xB802, 0xB802, 0xB802, 0xB802, 0xB802,
    0xB802, 0xB802, 0xB802, 0xB801, 0xB801, 0xB802, 0xB802, 0xB802, 0xB802, 0xB802, 0xB002, 0xB002,
    0xB002, 0xB002, 0xB002, 0xB002, 0xB002, 0xA802, 0xA802, 0xB001, 0xA801, 0x9801, 0x9001, 0x9021,
    0x3801, 0x41C0, 0xFE80, 0xFE60, 0xFE60, 0xFE60, 0xFE60, 0xFE40, 0xFE40, 0xFF00, 0x8BA0, 0x3120,
    0xFEA0, 0xFE40, 0xFE40, 0xFE80, 0xEE00, 0x20A0, 0x2000, 0x2920, 0xFE80, 0xFE60, 0xFE40, 0xFEE0,
    0x93C0, 0x0000, 0xE5C0, 0xFEA0, 0xFE40, 0xFEA0, 0xD580, 0x0000, 0x1060, 0xEDE0, 0xFE80, 0xFE40,
    0xFE60, 0xC500, 0x0800, 0x3800, 0x3800, 0x2800, 0x0000, 0xA440, 0xFEE0, 0xFE40, 0xFE40, 0xFEE0,
    0x6AC0, 0x3140, 0xFEE1, 0xFE60, 0xFE60, 0xFEC0, 0xB4A0, 0x93C0, 0xFEA0, 0xFE40, 0xFE80, 0xFE60,
    0xFE80, 0x4A00, 0xE5C0, 0xFE80, 0xFE40, 0xFE60, 0xFE80, 0x3120, 0x0000, 0xCD20, 0xFEA0, 0xFE60,
    0xFE60, 0xFEA0, 0xBCE0, 0x1800, 0x2000, 0xB4E0, 0xFEC0, 0xFE60, 0xFE60, 0xFEC0, 0xD560, 0x1040,
    0x4800, 0x2800, 0x1000, 0x0800, 0x0000, 0x1020, 0x20C0, 0x18A0, 0x0820, 0x1080, 0x0800, 0x0000,
    0x0000, 0x0000, 0x0000, 0x0000, 0x0000, 0x0000, 0x0000, 0x0000, 0x0000, 0x0000, 0x0000, 0x0000,
    0x0000, 0x0000, 0x0000, 0x0000, 0x0000, 0x0000, 0x0000, 0x0001, 0x0001, 0x0000, 0x0000, 0x0000,
    0x0000, 0x0000, 0x0800, 0x0800, 0x1800, 0x1800, 0x2000, 0x2000, 0x2800, 0x2800, 0x2800, 0x2800,
    0x3000, 0x3000, 0x3000, 0x3800, 0x4000, 0x4000, 0x4000, 0x4000, 0x4001, 0x4801, 0x5001, 0x5001,
    0x5001, 0x5001, 0x5001, 0x5801, 0x5801, 0x5801, 0x5801, 0x5801, 0x5801, 0x6001, 0x6001, 0x6001,
    0x6001, 0x6001, 0x6001, 0x6001, 0x6001, 0x6001, 0x6001, 0x6001, 0x6001, 0x6001, 0x6801, 0x7001,
    0x7001, 0x7001, 0x7001, 0x6801, 0x6801, 0x6801, 0x6801, 0x6801, 0x6801, 0x6801, 0x6801, 0x6801,
    0x7001, 0x7001, 0x7001, 0x7001, 0x7001, 0x7001, 0x7001, 0x7001, 0x7001, 0x7001, 0x7001, 0x7001,
    0x7001, 0x7001, 0x7001, 0x7001, 0x7001, 0x7001, 0x7801, 0x7001, 0x7001, 0x7001, 0x7001, 0x7001,
    0x7001, 0x7001, 0x7001, 0x7001, 0x7001, 0x7001, 0x7001, 0x7001, 0x7001, 0x7001, 0x7801, 0x7801,
    0x7801, 0x7801, 0x7801, 0x7801, 0x7001, 0x7001, 0x7001, 0x7801, 0x7001, 0x7001, 0x7001, 0x7001,
    0x7001, 0x6801, 0x6801, 0x6801, 0x6801, 0x6801, 0x6801, 0x6001, 0x5801, 0x4800, 0x4000, 0x4821,
    0x1000, 0xAC60, 0xFEA0, 0xFE20, 0xFE40, 0xFE40, 0xFE60, 0xFE60, 0xFE60, 0xFEE0, 0x8BA0, 0x7B00,
    0xFEC0, 0xFE40, 0xFE20, 0xFEA0, 0x9C20, 0x1800, 0x1800, 0x9C20, 0xFEA0, 0xFE40, 0xFE60, 0xFEA0,
    0x3120, 0x1080, 0xEE00, 0xFE60, 0xFE60, 0xFEC0, 0xCD60, 0x3140, 0x51E0, 0xF620, 0xFE60, 0xF620,
    0xFEC0, 0x8BA0, 0x0800, 0x4020, 0x4000, 0x0000, 0x20C0, 0xF620, 0xFE60, 0xFE60, 0xFE60, 0xF660,
    0x1080, 0x7B00, 0xFEC0, 0xFE40, 0xFE60, 0xFF00, 0x7B00, 0x7B00, 0xFEE0, 0xFE40, 0xFE40, 0xFEE0,
    0x8BA0, 0x3120, 0xFEA0, 0xFE40, 0xFE60, 0xFEA0, 0xDDA0, 0x0800, 0x20C0, 0xF640, 0xFE80, 0xFE60,
    0xFE60, 0xFEE0, 0x7B40, 0x1000, 0x2060, 0xE601, 0xFEA0, 0xFE80, 0xFE60, 0xFEE0, 0x8360, 0x0000,
    0x1820, 0x3120, 0x5A60, 0x6AC0, 0x9400, 0xB4A0, 0xBCE0, 0xACA0, 0x7B40, 0x41A0, 0x1020, 0x0000,
    0x0000, 0x0000, 0x0000, 0x0000, 0x0000, 0x0000, 0x0000, 0x0000, 0x0000, 0x0000, 0x0000, 0x0000,
    0x0000, 0x0000, 0x0000, 0x0000, 0x0000, 0x0000, 0x0000, 0x0000, 0x0000, 0x0000, 0x0000, 0x0000,
    0x0000, 0x0000, 0x0000, 0x0000, 0x0000, 0x0000, 0x0000, 0x0000, 0x0000, 0x0000, 0x0000, 0x0000,
    0x0000, 0x0000, 0x0000, 0x0000, 0x0000, 0x0000, 0x0000, 0x0000, 0x0000, 0x0000, 0x0000, 0x0000,
    0x0000, 0x0000, 0x0000, 0x0000, 0x0000, 0x0000, 0x0000, 0x0000, 0x0000, 0x0000, 0x0000, 0x0000,
    0x0000, 0x0000, 0x0000, 0x0000, 0x0000, 0x0000, 0x0000, 0x0000, 0x0000, 0x0000, 0x0000, 0x0000,
    0x0000, 0x0000, 0x0000, 0x0000, 0x0000, 0x0000, 0x0000, 0x0000, 0x0000, 0x0000, 0x0000, 0x0000,
    0x0000, 0x0000, 0x0000, 0x0000, 0x0000, 0x0000, 0x0000, 0x0000, 0x0000, 0x0000, 0x0000, 0x0000,
    0x0000, 0x0000, 0x0000, 0x0000, 0x0000, 0x0000, 0x0000, 0x0000, 0x0000, 0x0000, 0x0000, 0x0000,
    0x0000, 0x0000, 0x0000, 0x0000, 0x0000, 0x0000, 0x0000, 0x0000, 0x0000, 0x0000, 0x0000, 0x0000,
    0x0000, 0x0000, 0x0000, 0x0000, 0x0000, 0x0000, 0x0000, 0x0000, 0x0000, 0x0000, 0x0000, 0x0000,
    0x0000, 0x0000, 0x0000, 0x0000, 0x0000, 0x0000, 0x0000, 0x0000, 0x0000, 0x0000, 0x0000, 0x0000,
    0x1080, 0xEE00, 0xFE80, 0xFE40, 0xFE40, 0xFE40, 0xFE60, 0xFE80, 0xFE40, 0xFEC0, 0xA440, 0xC500,
    0xFE80, 0xFE40, 0xFE20, 0xFEA0, 0x5200, 0x1800, 0x28E0, 0xF640, 0xFE80, 0xFE40, 0xFEE0, 0xAC60,
    0x0000, 0x2900, 0xFE81, 0xFE60, 0xFE60, 0xFE40, 0xFEA0, 0xA440, 0xB460, 0xFE60, 0xFE40, 0xFE40,
    0xFEE0, 0x6AA0, 0x1000, 0x4020, 0x2800, 0x0020, 0xBCA0, 0xFE80, 0xFE40, 0xFE40, 0xFEC0, 0xB460,
    0x0000, 0xCD00, 0xFE60, 0xFE40, 0xFE60, 0xFEC0, 0x3960, 0x6AE0, 0xFEC0, 0xFE40, 0xFE80, 0xD560,
    0x0840, 0x6AA0, 0xFEC0, 0xFE40, 0xFE40, 0xFEC0, 0xB480, 0x0000, 0x6280, 0xFEE0, 0xFE40, 0xFE60,
    0xFE60, 0xFEA0, 0x49E0, 0x2000, 0x41A0, 0xFE80, 0xFE60, 0xFE80, 0xFE40, 0xFEA0, 0x9BE0, 0x8BA0,
    0xD580, 0xFE60, 0xFEC0, 0xFEE0, 0xFEE0, 0xFE60, 0xDDA0, 0x7B40, 0x18C0, 0x0000, 0x0000, 0x0000,
    0x0000, 0x0000, 0x0000, 0x0000, 0x0000, 0x0000, 0x0000, 0x0000, 0x0000, 0x0000, 0x0000, 0x0000,
    0x0000, 0x0000, 0x0000, 0x0000, 0x0000, 0x0000, 0x0000, 0x0000, 0x0000, 0x0000, 0x0000, 0x0000,
    0x0000, 0x0000, 0x0000, 0x0000, 0x0000, 0x0000, 0x0000, 0x0000, 0x0000, 0x0000, 0x0000, 0x0000,
    0x0000, 0x0000, 0x0000, 0x0000, 0x0000, 0x0000, 0x0000, 0x0000, 0x0000, 0x0000, 0x0000, 0x0000,
    0x0000, 0x0000, 0x0000, 0x0000, 0x0000, 0x0000, 0x0000, 0x0000, 0x0000, 0x0000, 0x0000, 0x0000,
    0x0000, 0x0000, 0x0000, 0x0000, 0x0000, 0x0000, 0x0000, 0x0000, 0x0000, 0x0000, 0x0000, 0x0000,
    0x0000, 0x0000, 0x0000, 0x0000, 0x0000, 0x0000, 0x0000, 0x0000, 0x0000, 0x0000, 0x0000, 0x0000,
    0x0000, 0x0000, 0x0000, 0x0000, 0x0000, 0x0000, 0x0000, 0x0000, 0x0000, 0x0000, 0x0000, 0x0000,
    0x0000, 0x0000, 0x0000, 0x0000, 0x0000, 0x0000, 0x0000, 0x0000, 0x0000, 0x0000, 0x0000, 0x0000,
    0x0000, 0x0000, 0x0000, 0x0000, 0x0000, 0x0000, 0x0000, 0x0000, 0x0000, 0x0000, 0x0000, 0x0000,
    0x0000, 0x0000, 0x0000, 0x0000, 0x0000, 0x0000, 0x0000, 0x0000, 0x0000, 0x0000, 0x0000, 0x0000,
    0x0000, 0x0000, 0x0000, 0x0000, 0x0000, 0x0000, 0x0000, 0x0000, 0x0000, 0x0000, 0x0000, 0x0000,
    0x6260, 0xFE80, 0xFE40, 0xFE60, 0xFE60, 0xF600, 0xFE20, 0xFE60, 0xFE40, 0xFE80, 0xE5E0, 0xF640,
    0xFE40, 0xFE40, 0xFE80, 0xE5C0, 0x2060, 0x0800, 0x7B00, 0xFEC0, 0xFE60, 0xFE60, 0xFE80, 0x5240,
    0x49E0, 0xA420, 0xFE80, 0xFE60, 0xFE60, 0xFE60, 0xF640, 0x8340, 0xBCA0, 0xFE80, 0xFE40, 0xFE40,
    0xFEA0, 0x41A0, 0x1800, 0x4020, 0x0000, 0x8360, 0xFEC0, 0xFE40, 0xFE60, 0xFE40, 0xFEA0, 0x3960,
    0x20C0, 0xFE80, 0xFE60, 0xFE60, 0xFE60, 0xE5C0, 0x0820, 0x41A0, 0xF620, 0xFE80, 0xFEA0, 0x4180,
    0x0000, 0xAC60, 0xFEC0, 0xF620, 0xFE40, 0xFEC0, 0x8360, 0x0000, 0x93C0, 0xFEE0, 0xFE60, 0xFE80,
    0xFE80, 0xDD80, 0x2060, 0x2000, 0x7B40, 0xFE80, 0xFE40, 0xFE60, 0xFE60, 0xFE60, 0xFEA0, 0xFF00,
    0xFEA0, 0xFE20, 0xF5C0, 0xF5E0, 0xEDE0, 0xE5C0, 0xACC0, 0x5A80, 0x20E0, 0x3000, 0x4000, 0x0000,
    0x0000, 0x0000, 0x0000, 0x0000, 0x0000, 0x0000, 0x0000, 0x0000, 0x0000, 0x0000, 0x0000, 0x0000,
    0x0000, 0x0000, 0x0000, 0x0000, 0x0000, 0x0000, 0x0000, 0x0000, 0x0000, 0x0000, 0x0000, 0x0000,
    0x0000, 0x0000, 0x0000, 0x0000, 0x0000, 0x0000, 0x0000, 0x0000, 0x0000, 0x0000, 0x0000, 0x0000,
    0x0000, 0x0000, 0x0000, 0x0000, 0x0000, 0x0000, 0x0000, 0x0000, 0x0000, 0x0000, 0x0000, 0x0000,
    0x0000, 0x0000, 0x0000, 0x0000, 0x0000, 0x0000, 0x0000, 0x0000, 0x0000, 0x0000, 0x0000, 0x0000,
    0x0000, 0x0000, 0x0000, 0x0000, 0x0000, 0x0000, 0x0000, 0x0000, 0x0000, 0x0000, 0x0000, 0x0000,
    0x0000, 0x0000, 0x0000, 0x0000, 0x0000, 0x0000, 0x0000, 0x0000, 0x0000, 0x0000, 0x0000, 0x0000,
    0x0000, 0x0000, 0x0000, 0x0000, 0x0000, 0x0000, 0x0000, 0x0000, 0x0000, 0x0000, 0x0000, 0x0000,
    0x0000, 0x0000, 0x0000, 0x0000, 0x0000, 0x0000, 0x0000, 0x0000, 0x0000, 0x0000, 0x0000, 0x0000,
    0x0000, 0x0000, 0x0000, 0x0000, 0x0000, 0x0000, 0x0000, 0x0000, 0x0000, 0x0000, 0x0000, 0x0000,
    0x0000, 0x0000, 0x0000, 0x0000, 0x0000, 0x0000, 0x0000, 0x0000, 0x0000, 0x0000, 0x0000, 0x0000,
    0x0000, 0x0000, 0x0000, 0x0000, 0x0000, 0x0000, 0x0000, 0x0000, 0x0000, 0x0000, 0x0000, 0x0000,
    0xBCC0, 0xFEC0, 0xFE40, 0xFE60, 0xFE40, 0x9C00, 0xEDE0, 0xFE60, 0xFE60, 0xFE60, 0xFE80, 0xFE40,
    0xFE40, 0xFE40, 0xFEA0, 0x93E0, 0x1000, 0x2080, 0xE5C0, 0xFE80, 0xFE40, 0xFE60, 0xF620, 0xEDC0,
    0xFEA0, 0xFE60, 0xFE40, 0xFE40, 0xFE80, 0xFE80, 0xF620, 0x62A0, 0xC4C0, 0xFE80, 0xFE60, 0xFE60,
    0xFE80, 0x3120, 0x2800, 0x1800, 0x3980, 0xFE80, 0xFE60, 0xFE60, 0xFE40, 0xFEA0, 0xC4E0, 0x0000,
    0x62A0, 0xFF01, 0xFE60, 0xFE60, 0xFE80, 0xA420, 0x0000, 0x1020, 0xDDA0, 0xFE80, 0xA420, 0x1000,
    0x1820, 0xD560, 0xFE80, 0xFE60, 0xFE60, 0xFE60, 0x39A0, 0x0000, 0xCD40, 0xFE40, 0xFE60, 0xFE40,
    0xFE80, 0xAC60, 0x2000, 0x1000, 0x5A60, 0xFE60, 0xFE60, 0xFE80, 0xFE60, 0xFE60, 0xFE40, 0xFE40,
    0xFE60, 0xFE00, 0xFE00, 0xFE00, 0xFDE0, 0xF620, 0x6AA0, 0x1060, 0x0800, 0x7001, 0x2800, 0x0800,
    0x0000, 0x0000, 0x0000, 0x0000, 0x0000, 0x0000, 0x0000, 0x0000, 0x0000, 0x0000, 0x0000, 0x0000,
    0x0000, 0x0000, 0x0000, 0x0000, 0x0000, 0x0000, 0x0000, 0x0000, 0x0000, 0x0000, 0x0000, 0x0000,
    0x0000, 0x0000, 0x0000, 0x0000, 0x0000, 0x0000, 0x0000, 0x0000, 0x0000, 0x0000, 0x0000, 0x0000,
    0x0000, 0x0000, 0x0000, 0x0000, 0x0000, 0x0000, 0x0000, 0x0000, 0x0000, 0x0000, 0x0000, 0x0000,
    0x0000, 0x0000, 0x0000, 0x0000, 0x0000, 0x0000, 0x0000, 0x0000, 0x0000, 0x0000, 0x0000, 0x0000,
    0x0000, 0x0000, 0x0000, 0x0000, 0x0000, 0x0000, 0x0000, 0x0000, 0x0000, 0x0000, 0x0000, 0x0000,
    0x0000, 0x0000, 0x0000, 0x0000, 0x0000, 0x0000, 0x0000, 0x0000, 0x0000, 0x0000, 0x0000, 0x0000,
    0x0000, 0x0000, 0x0000, 0x0000, 0x0000, 0x0000, 0x0000, 0x0000, 0x0000, 0x0000, 0x0000, 0x0000,
    0x0000, 0x0000, 0x0000, 0x0000, 0x0000, 0x0000, 0x0000, 0x0000, 0x0000, 0x0000, 0x0000, 0x0000,
    0x0000, 0x0000, 0x0000, 0x0000, 0x0000, 0x0000, 0x0000, 0x0000, 0x0000, 0x0000, 0x0000, 0x0000,
    0x0000, 0x0000, 0x0000, 0x0000, 0x0000, 0x0000, 0x0000, 0x0000, 0x0000, 0x0000, 0x0000, 0x0000,
    0x0000, 0x0000, 0x0000, 0x0000, 0x0000, 0x0000, 0x0000, 0x0000, 0x0000, 0x0000, 0x0000, 0x20E0,
    0xF640, 0xFE60, 0xFE40, 0xFE80, 0xF621, 0x4A00, 0xF620, 0xFE60, 0xFE40, 0xFE60, 0xFE60, 0xFE40,
    0xFE40, 0xFE60, 0xFE80, 0x4180, 0x0000, 0x6AC0, 0xFEC0, 0xFE40, 0xFE60, 0xFE60, 0xFE60, 0xFE60,
    0xFE20, 0xFE20, 0xFE60, 0xFE60, 0xFE80, 0xFE80, 0xFE40, 0x93C0, 0xE5C0, 0xFE60, 0xFE40, 0xFE40,
    0xFE60, 0x3940, 0x2800, 0x1860, 0xD580, 0xFE60, 0xFE40, 0xFE60, 0xFE40, 0xFEA0, 0x41C0, 0x0000,
    0xA460, 0xFEC0, 0xFE40, 0xFE60, 0xFE60, 0x5A80, 0x2000, 0x1820, 0xB4A0, 0x72E0, 0x0020, 0x2000,
    0x28E0, 0xF640, 0xFE60, 0xFE60, 0xFE40, 0xE5C0, 0x0840, 0x20A0, 0xDD80, 0xF600, 0xFE60, 0xFE20,
    0xFEA0, 0x6AE0, 0x1000, 0x28E0, 0xC520, 0xFE40, 0xFE40, 0xFE60, 0xFE60, 0xFE60, 0xFE60, 0xFE60,
    0xFE60, 0xFE20, 0xFE60, 0xFE40, 0xFE40, 0xFEA0, 0xB4C0, 0x41E0, 0x3800, 0x7801, 0x4800, 0x1800,
    0x0000, 0x0000, 0x0000, 0x0000, 0x0000, 0x0000, 0x0000, 0x0000, 0x0000, 0x0000, 0x0000, 0x0000,
    0x0000, 0x0000, 0x0000, 0x0000, 0x0000, 0x0000, 0x0000, 0x0000, 0x0000, 0x0000, 0x0000, 0x0000,
    0x0000, 0x0000, 0x0000, 0x0000, 0x0000, 0x0000, 0x0000, 0x0000, 0x0000, 0x0000, 0x0000, 0x0000,
    0x0000, 0x0000, 0x0000, 0x0000, 0x0000, 0x0000, 0x0000, 0x0000, 0x0000, 0x0000, 0x0000, 0x0000,
    0x0000, 0x0000, 0x0000, 0x0000, 0x0000, 0x0000, 0x0000, 0x0000, 0x0000, 0x0000, 0x0000, 0x0000,
    0x0000, 0x0000, 0x0000, 0x0000, 0x0000, 0x0000, 0x0000, 0x0000, 0x0000, 0x0000, 0x0000, 0x0000,
    0x0000, 0x0000, 0x0000, 0x0000, 0x0000, 0x0000, 0x0000, 0x0000, 0x0000, 0x0000, 0x0000, 0x0000,
    0x0000, 0x0000, 0x0000, 0x0000, 0x0000, 0x0000, 0x0000, 0x0000, 0x0000, 0x0000, 0x0000, 0x0000,
    0x0000, 0x0000, 0x0000, 0x0000, 0x0000, 0x0000, 0x0000, 0x0000, 0x0000, 0x0000, 0x0000, 0x0000,
    0x0000, 0x0000, 0x0000, 0x0000, 0x0000, 0x0000, 0x0000, 0x0000, 0x0000, 0x0000, 0x0000, 0x0000,
    0x0000, 0x0000, 0x0000, 0x0000, 0x0000, 0x0000, 0x0000, 0x0000, 0x0000, 0x0000, 0x0000, 0x0000,
    0x0000, 0x0000, 0x0000, 0x0000, 0x0000, 0x0000, 0x0000, 0x0000, 0x0000, 0x0000, 0x0000, 0x7B20,
    0xFEE0, 0xFE40, 0xFE40, 0xFEA0, 0xBCC0, 0x1080, 0xF600, 0xFE60, 0xFE40, 0xFE60, 0xFE60, 0xFE40,
    0xFE20, 0xFE80, 0xDD60, 0x1060, 0x7B20, 0xF640, 0xFE60, 0xFE60, 0xFE60, 0xFE60, 0xFE20, 0xFE20,
    0xFE20, 0xFE40, 0xFE60, 0xFE60, 0xFE60, 0xFEA0, 0x8340, 0x0840, 0xE5C0, 0xFE40, 0xFE60, 0xFE60,
    0xFEC0, 0x41C0, 0x0000, 0x93A0, 0xFEA0, 0xFE20, 0xFE60, 0xFE40, 0xFEC0, 0xAC80, 0x1000, 0x2060,
    0xD580, 0xFE60, 0xFE40, 0xFE40, 0xFE20, 0x3140, 0x3800, 0x1800, 0x4200, 0x1060, 0x3000, 0x3000,
    0x41C0, 0xFE40, 0xFE20, 0xFE20, 0xFEA0, 0xCD40, 0x0000, 0x41C0, 0xD560, 0xFE40, 0xFE60, 0xFE60,
    0xFE60, 0x3140, 0x0000, 0x9C20, 0xFF00, 0xF620, 0xFE20, 0xFE20, 0xFE60, 0xFE60, 0xFE40, 0xFE40,
    0xFE60, 0xFE60, 0xFEA0, 0xFE80, 0xCD20, 0x7B40, 0x20C0, 0x1800, 0x6801, 0x6001, 0x2000, 0x0000,
    0x0000, 0x0000, 0x0000, 0x0000, 0x0000, 0x0000, 0x0000, 0x0000, 0x0000, 0x0000, 0x0000, 0x0000,
    0x0000, 0x0000, 0x0000, 0x0000, 0x0000, 0x0000, 0x0000, 0x0000, 0x0000, 0x0000, 0x0000, 0x0000,
    0x0000, 0x0000, 0x0000, 0x0000, 0x0000, 0x0000, 0x0000, 0x0000, 0x0000, 0x0000, 0x0000, 0x0000,
    0x0000, 0x0000, 0x0000, 0x0000, 0x0000, 0x0000, 0x0000, 0x0000, 0x0000, 0x0000, 0x0000, 0x0000,
    0x0000, 0x0000, 0x0000, 0x0000, 0x0000, 0x0000, 0x0000, 0x0000, 0x0000, 0x0000, 0x0000, 0x0000,
    0x0000, 0x0000, 0x0000, 0x0000, 0x0000, 0x0000, 0x0000, 0x0000, 0x0000, 0x0000, 0x0000, 0x0000,
    0x0000, 0x0000, 0x0000, 0x0000, 0x0000, 0x0000, 0x0000, 0x0000, 0x0000, 0x0000, 0x0000, 0x0000,
    0x0000, 0x0000, 0x0000, 0x0000, 0x0000, 0x0000, 0x0000, 0x0000, 0x0000, 0x0000, 0x0000, 0x0000,
    0x0000, 0x0000, 0x0000, 0x0000, 0x0000, 0x0000, 0x0000, 0x0000, 0x0000, 0x0000, 0x0000, 0x0000,
    0x0000, 0x0000, 0x0000, 0x0000, 0x0000, 0x0000, 0x0000, 0x0000, 0x0000, 0x0000, 0x0000, 0x0000,
    0x0000, 0x0000, 0x0000, 0x0000, 0x0000, 0x0000, 0x0000, 0x0000, 0x0000, 0x0000, 0x0000, 0x0000,
    0x0000, 0x0000, 0x0000, 0x0000, 0x0000, 0x0000, 0x0000, 0x0000, 0x0000, 0x0000, 0x0000, 0xCD20,
    0xFE80, 0xFE40, 0xFE40, 0xFEC0, 0x62C0, 0x0000, 0xE5C0, 0xFE80, 0xFE40, 0xFE60, 0xFE40, 0xFE40,
    0xFE40, 0xFEC0, 0x93C0, 0x3140, 0xF640, 0xFE60, 0xFE40, 0xFE60, 0xFE80, 0xFE40, 0xFE20, 0xFE60,
    0xFEA0, 0xFE80, 0xFE40, 0xFE40, 0xFE40, 0xFE80, 0x2920, 0x18A0, 0xF620, 0xFE60, 0xFE80, 0xFE60,
    0xFEC0, 0xAC40, 0x9BE0, 0xFEA0, 0xFE40, 0xFE40, 0xFE40, 0xFE80, 0xF640, 0x28E0, 0x2800, 0x3960,
    0xF600, 0xFE60, 0xFE40, 0xFE80, 0xCD40, 0x1000, 0x5000, 0x3800, 0x1040, 0x4800, 0x5821, 0x1000,
    0x6AC0, 0xFE20, 0xFE60, 0xFE40, 0xFEE0, 0x93E0, 0x0000, 0x6AE0, 0xDDA0, 0xFE80, 0xFE60, 0xFE80,
    0xDDA0, 0x2040, 0x1800, 0x8360, 0xFEE0, 0xFE20, 0xFE40, 0xFE60, 0xFE40, 0xFE40, 0xFE80, 0xFEE0,
    0xFEA0, 0xE5C0, 0x93E0, 0x39C0, 0x0800, 0x2000, 0x4800, 0x6801, 0x6801, 0x8001, 0x5000, 0x0000,
    0x0000, 0x0000, 0x0000, 0x0000, 0x0000, 0x0000, 0x0000, 0x0000, 0x0000, 0x0000, 0x0000, 0x0000,
    0x0000, 0x0000, 0x0000, 0x0000, 0x0000, 0x0000, 0x0000, 0x0000, 0x0000, 0x0000, 0x0000, 0x0000,
    0x0000, 0x0000, 0x0000, 0x0000, 0x0000, 0x0000, 0x0000, 0x0000, 0x0000, 0x0000, 0x0000, 0x0000,
    0x0000, 0x0000, 0x0000, 0x0000, 0x0000, 0x0000, 0x0000, 0x0000, 0x0000, 0x0000, 0x0000, 0x0000,
    0x0000, 0x0000, 0x0000, 0x0000, 0x0000, 0x0000, 0x0000, 0x0000, 0x0000, 0x0000, 0x0000, 0x0000,
    0x0000, 0x0000, 0x0000, 0x0000, 0x0000, 0x0000, 0x0000, 0x0000, 0x0000, 0x0000, 0x0000, 0x0000,
    0x0000, 0x0000, 0x0000, 0x0000, 0x0000, 0x0000, 0x0000, 0x0000, 0x0000, 0x0000, 0x0000, 0x0000,
    0x0000, 0x0000, 0x0000, 0x0000, 0x0000, 0x0000, 0x0000, 0x0000, 0x0000, 0x0000, 0x0000, 0x0000,
    0x0000, 0x0000, 0x0000, 0x0000, 0x0000, 0x0000, 0x0000, 0x0000, 0x0000, 0x0000, 0x0000, 0x0000,
    0x0000, 0x0000, 0x0000, 0x0000, 0x0000, 0x0000, 0x0000, 0x0000, 0x0000, 0x0000, 0x0000, 0x0000,
    0x0000, 0x0000, 0x0000, 0x0000, 0x0000, 0x0000, 0x0000, 0x0000, 0x0000, 0x0000, 0x0000, 0x0000,
    0x0000, 0x0000, 0x0000, 0x0000, 0x0000, 0x0000, 0x0000, 0x0000, 0x0000, 0x0000, 0x2900, 0xFE20,
    0xFE40, 0xFE60, 0xFE60, 0xF620, 0x20C0, 0x0000, 0xD560, 0xFE80, 0xFE40, 0xFE40, 0xFE40, 0xFE60,
    0xFE40, 0xFE80, 0x3980, 0x7B00, 0xF640, 0xFE20, 0xFE60, 0xFE40, 0xFE60, 0xFE80, 0xFEE0, 0xE5C0,
    0x7B00, 0xCD00, 0xFE80, 0xFE40, 0xFE60, 0xFE40, 0x20E0, 0x2920, 0xF640, 0xFE80, 0xFE60, 0xFE60,
    0xFE60, 0xFE20, 0xFE60, 0xFE40, 0xFE60, 0xFE40, 0xFE60, 0xFEE0, 0x5240, 0x2000, 0x2800, 0x5A80,
    0xFE40, 0xFE60, 0xFE40, 0xFEE0, 0x93C0, 0x1800, 0x6021, 0x2000, 0x3800, 0x6001, 0x5000, 0x1800,
    0x8BA0, 0xFE40, 0xFE60, 0xFE20, 0xFEC0, 0x5A60, 0x0000, 0x7B40, 0xDDA0, 0xFEE0, 0xCD40, 0xFE80,
    0x8BC0, 0x2000, 0x3800, 0x2940, 0xDD80, 0xFE20, 0xFE40, 0xFE60, 0xFEC0, 0xFEE0, 0xEE20, 0x8360,
    0x39A0, 0x1860, 0x1800, 0x2800, 0x5001, 0x6821, 0x6801, 0x6801, 0x6801, 0x6801, 0x4800, 0x0000,
    0x0000, 0x0000, 0x0000, 0x0000, 0x0000, 0x0000, 0x0000, 0x0000, 0x0000, 0x0000, 0x0000, 0x0000,
    0x0000, 0x0000, 0x0000, 0x0000, 0x0000, 0x0000, 0x0000, 0x0000, 0x0000, 0x0000, 0x0000, 0x0000,
    0x0000, 0x0000, 0x0000, 0x0000, 0x0000, 0x0000, 0x0000, 0x0000, 0x0000, 0x0000, 0x0000, 0x0000,
    0x0000, 0x0000, 0x0000, 0x0000, 0x0000, 0x0000, 0x0000, 0x0000, 0x0000, 0x0000, 0x0000, 0x0000,
    0x0000, 0x0000, 0x0000, 0x0000, 0x0000, 0x0000, 0x0000, 0x0000, 0x0000, 0x0000, 0x0000, 0x0000,
    0x0000, 0x0000, 0x0000, 0x0000, 0x0000, 0x0000, 0x0000, 0x0000, 0x0000, 0x0000, 0x0000, 0x0000,
    0x0000, 0x0000, 0x0000, 0x0000, 0x0000, 0x0000, 0x0000, 0x0000, 0x0000, 0x0000, 0x0000, 0x0000,
    0x0000, 0x0000, 0x0000, 0x0000, 0x0000, 0x0000, 0x0000, 0x0000, 0x0000, 0x0000, 0x0000, 0x0000,
    0x0000, 0x0000, 0x0000, 0x0000, 0x0000, 0x0000, 0x0000, 0x0000, 0x0000, 0x0000, 0x0000, 0x0000,
    0x0000, 0x0000, 0x0000, 0x0000, 0x0000, 0x0000, 0x0000, 0x0000, 0x0000, 0x0000, 0x0000, 0x0000,
    0x0000, 0x0000, 0x0000, 0x0000, 0x0000, 0x0000, 0x0000, 0x0000, 0x0000, 0x0000, 0x0000, 0x0000,
    0x0000, 0x0000, 0x0000, 0x0000, 0x0000, 0x0000, 0x0000, 0x0000, 0x0000, 0x0000, 0x8340, 0xFE60,
    0xF600, 0xFE60, 0xFE80, 0xBCC0, 0x1800, 0x1800, 0xC500, 0xFEA0, 0xFE40, 0xFE20, 0xFE40, 0xFE40,
    0xFE80, 0xD560, 0x0840, 0xAC40, 0xFEC0, 0xFE20, 0xFE60, 0xFE60, 0xFE80, 0xCD60, 0x7300, 0x28C0,
    0x0000, 0xB4A0, 0xFEA0, 0xFE40, 0xFE60, 0xEDE0, 0x1080, 0x18A0, 0xF620, 0xFE60, 0xFE20, 0xFE20,
    0xFE60, 0xFE60, 0xFE40, 0xFE60, 0xFE40, 0xFE40, 0xFEE0, 0x8380, 0x0800, 0x5021, 0x1000, 0x7B20,
    0xFE80, 0xFE60, 0xFE60, 0xF640, 0x49E0, 0x3800, 0x6021, 0x0800, 0x2800, 0x5000, 0x4000, 0x1020,
    0x8380, 0xFE80, 0xFE60, 0xFE60, 0xD540, 0x20E0, 0x0820, 0x49E0, 0xEE00, 0xBCC0, 0x3160, 0xBCE0,
    0x18C0, 0x3800, 0x4800, 0x2000, 0x0820, 0xD540, 0xFEE0, 0xFEA0, 0x93E0, 0x5240, 0x28C0, 0x0800,
    0x2800, 0x5801, 0x6821, 0x6021, 0x5821, 0x5821, 0x5821, 0x6001, 0x6801, 0x3000, 0x0000, 0x0000,
    0x0000, 0x0000, 0x0000, 0x0000, 0x0000, 0x0000, 0x0000, 0x0000, 0x0000, 0x0000, 0x0000, 0x0000,
    0x0000, 0x0000, 0x0000, 0x0000, 0x0000, 0x0000, 0x0000, 0x0000, 0x0000, 0x0000, 0x0000, 0x0000,
    0x0000, 0x0000, 0x0000, 0x0000, 0x0000, 0x0000, 0x0000, 0x0000, 0x0000, 0x0000, 0x0000, 0x0000,
    0x0000, 0x0000, 0x0000, 0x0000, 0x0000, 0x0000, 0x0000, 0x0000, 0x0000, 0x0000, 0x0000, 0x0000,
    0x0000, 0x0000, 0x0000, 0x0000, 0x0000, 0x0000, 0x0000, 0x0000, 0x0000, 0x0000, 0x0000, 0x0000,
    0x0000, 0x0000, 0x0000, 0x0000, 0x0000, 0x0000, 0x0000, 0x0000, 0x0000, 0x0000, 0x0000, 0x0000,
    0x0000, 0x0000, 0x0000, 0x0000, 0x0000, 0x0000, 0x0000, 0x0000, 0x0000, 0x0000, 0x0000, 0x0000,
    0x0000, 0x0000, 0x0000, 0x0000, 0x0000, 0x0000, 0x0000, 0x0000, 0x0000, 0x0000, 0x0000, 0x0000,
    0x0000, 0x0000, 0x0000, 0x0000, 0x0000, 0x0000, 0x0000, 0x0000, 0x0000, 0x0000, 0x0000, 0x0000,
    0x0000, 0x0000, 0x0000, 0x0000, 0x0000, 0x0000, 0x0000, 0x0000, 0x0000, 0x0000, 0x0000, 0x0000,
    0x0000, 0x0000, 0x0000, 0x0000, 0x0000, 0x0000, 0x0000, 0x0000, 0x0000, 0x0000, 0x0000, 0x0000,
    0x0000, 0x0000, 0x0000, 0x0000, 0x0000, 0x0000, 0x0000, 0x0000, 0x0000, 0x0800, 0xD540, 0xFE20,
    0xF5C0, 0xFE60, 0xFEC0, 0x62A0, 0x3000, 0x1800, 0xAC80, 0xFEC0, 0xFE40, 0xFE40, 0xFE40, 0xFE40,
    0xFEC0, 0x8360, 0x0020, 0xAC40, 0xFEA0, 0xF600, 0xFE40, 0xFEA0, 0x5A40, 0x0000, 0x1800, 0x4001,
    0x1000, 0xCD40, 0xFEA0, 0xFE40, 0xFE80, 0xD540, 0x1020, 0x0800, 0xD540, 0xFE60, 0xF600, 0xFE40,
    0xFE60, 0xFE80, 0xFE60, 0xFE20, 0xF620, 0xFF00, 0x9C00, 0x0000, 0x5020, 0x5001, 0x1840, 0x93E0,
    0xFEC0, 0xD540, 0xC4E0, 0x72E0, 0x1860, 0x4800, 0x4800, 0x0000, 0x0800, 0x5800, 0x4800, 0x0820,
    0x8360, 0xFEE0, 0xC520, 0xBCE0, 0x3160, 0x1800, 0x1800, 0x3980, 0xC540, 0x2940, 0x0020, 0x18C0,
    0x2800, 0x5800, 0x4000, 0x3800, 0x4000, 0x2900, 0x6AC0, 0x3160, 0x0800, 0x2000, 0x4000, 0x5020,
    0x5821, 0x5801, 0x5801, 0x5801, 0x6021, 0x6801, 0x6001, 0x5000, 0x2000, 0x0000, 0x0000, 0x0000,
    0x0000, 0x0000, 0x0000, 0x0000, 0x0000, 0x0000, 0x0000, 0x0000, 0x0000, 0x0000, 0x0000, 0x0000,
    0x0000, 0x0000, 0x0000, 0x0000, 0x0000, 0x0000, 0x0000, 0x0000, 0x0000, 0x0000, 0x0000, 0x0000,
    0x0000, 0x0000, 0x0000, 0x0000, 0x0000, 0x0000, 0x0000, 0x0000, 0x0000, 0x0000, 0x0000, 0x0000,
    0x0000, 0x0000, 0x0000, 0x0000, 0x0000, 0x0000, 0x0000, 0x0000, 0x0000, 0x0000, 0x0000, 0x0000,
    0x0000, 0x0000, 0x0000, 0x0000, 0x0000, 0x0000, 0x0000, 0x0000, 0x0000, 0x0000, 0x0000, 0x0000,
    0x0000, 0x0000, 0x0000, 0x0000, 0x0000, 0x0000, 0x0000, 0x0000, 0x0000, 0x0000, 0x0000, 0x0000,
    0x0000, 0x0000, 0x0000, 0x0000, 0x0000, 0x0000, 0x0000, 0x0000, 0x0000, 0x0000, 0x0000, 0x0000,
    0x0000, 0x0000, 0x0000, 0x0000, 0x0000, 0x0000, 0x0000, 0x0000, 0x0000, 0x0000, 0x0000, 0x0000,
    0x0000, 0x0000, 0x0000, 0x0000, 0x0000, 0x0000, 0x0000, 0x0000, 0x0000, 0x0000, 0x0000, 0x0000,
    0x0000, 0x0000, 0x0000, 0x0000, 0x0000, 0x0000, 0x0000, 0x0000, 0x0000, 0x0000, 0x0000, 0x0000,
    0x0000, 0x0000, 0x0000, 0x0000, 0x0000, 0x0000, 0x0000, 0x0000, 0x0000, 0x0000, 0x0000, 0x0000,
    0x0000, 0x0000, 0x0000, 0x0000, 0x0000, 0x0000, 0x0000, 0x0000, 0x0000, 0x3980, 0xFE80, 0xFE00,
    0xFE40, 0xFE60, 0xEDE0, 0x1880, 0x4800, 0x1800, 0x93E0, 0xFEC0, 0xFE40, 0xFE60, 0xFE60, 0xFE60,
    0xFEA0, 0x2920, 0x5A20, 0xFE80, 0xFE20, 0xFE20, 0xFEA0, 0xCD40, 0x0000, 0x3800, 0x4020, 0x4000,
    0x1840, 0xDDA0, 0xFE80, 0xFE40, 0xFE20, 0xB460, 0x1800, 0x2000, 0x7300, 0xFE80, 0xFE40, 0xFE40,
    0xFE40, 0xFE40, 0xF600, 0xFE20, 0xFEE0, 0xAC80, 0x0020, 0x4800, 0x5020, 0x4821, 0x0800, 0x8B80,
    0xE600, 0x5A00, 0x6260, 0x0000, 0x2000, 0x5001, 0x3800, 0x0000, 0x0000, 0x4000, 0x3800, 0x0000,
    0x72E0, 0xDD80, 0x41C0, 0x5A40, 0x0000, 0x5001, 0x5000, 0x1040, 0x4200, 0x1820, 0x1000, 0x2000,
    0x6001, 0x4800, 0x4800, 0x0020, 0x6800, 0x5801, 0x2800, 0x3000, 0x4800, 0x5020, 0x4820, 0x4800,
    0x5001, 0x5801, 0x6001, 0x6000, 0x5000, 0x3800, 0x1000, 0x0000, 0x0000, 0x0000, 0x0000, 0x0000,
    0x0000, 0x0000, 0x0000, 0x0000, 0x0000, 0x0000, 0x0000, 0x0000, 0x0000, 0x0000, 0x0000, 0x0000,
    0x0000, 0x0000, 0x0000, 0x0000, 0x0000, 0x0000, 0x0000, 0x0000, 0x0000, 0x0000, 0x0000, 0x0000,
    0x0000, 0x0000, 0x0000, 0x0000, 0x0000, 0x0000, 0x0000, 0x0000, 0x0000, 0x0000, 0x0000, 0x0000,
    0x0000, 0x0000, 0x0000, 0x0000, 0x0000, 0x0000, 0x0000, 0x0000, 0x0000, 0x0000, 0x0000, 0x0000,
    0x0000, 0x0000, 0x0000, 0x0000, 0x0000, 0x0000, 0x0000, 0x0000, 0x0000, 0x0000, 0x0000, 0x0000,
    0x0000, 0x0000, 0x0000, 0x0000, 0x0000, 0x0000, 0x0000, 0x0000, 0x0000, 0x0000, 0x0000, 0x0000,
    0x0000, 0x0000, 0x0000, 0x0000, 0x0000, 0x0000, 0x0000, 0x0000, 0x0000, 0x0000, 0x0000, 0x0000,
    0x0000, 0x0000, 0x0000, 0x0000, 0x0000, 0x0000, 0x0000, 0x0000, 0x0000, 0x0000, 0x0000, 0x0000,
    0x0000, 0x0000, 0x0000, 0x0000, 0x0000, 0x0000, 0x0000, 0x0000, 0x0000, 0x0000, 0x0000, 0x0000,
    0x0000, 0x0000, 0x0000, 0x0000, 0x0000, 0x0000, 0x0000, 0x0000, 0x0000, 0x0000, 0x0000, 0x0000,
    0x0000, 0x0000, 0x0000, 0x0000, 0x0000, 0x0000, 0x0000, 0x0000, 0x0000, 0x0000, 0x0000, 0x0000,
    0x0000, 0x0000, 0x0000, 0x0000, 0x0000, 0x0000, 0x0000, 0x0000, 0x0000, 0x93C0, 0xFEC0, 0xF5E0,
    0xFE00, 0xFE40, 0x9BE0, 0x0800, 0x5821, 0x1800, 0x7320, 0xFEA0, 0xFE60, 0xFE60, 0xFE20, 0xFE60,
    0xCD40, 0x0000, 0x4160, 0xF640, 0xFE40, 0xFE00, 0xFEA0, 0x5A60, 0x2800, 0x5020, 0x3800, 0x3800,
    0x1860, 0xCD60, 0xFE40, 0xFE40, 0xF620, 0xA400, 0x1800, 0x5000, 0x0800, 0x41A0, 0xD540, 0xF5E0,
    0xFE20, 0xFE80, 0xFE60, 0xDD80, 0x7B60, 0x0800, 0x4000, 0x5021, 0x5000, 0x4820, 0x0000, 0x7320,
    0x7B40, 0x0020, 0x3120, 0x5800, 0x4800, 0x5000, 0x2000, 0x0000, 0x0000, 0x0800, 0x0000, 0x0000,
    0x6280, 0x7B60, 0x0820, 0x3140, 0x4000, 0x5000, 0x4800, 0x3800, 0x1800, 0x4800, 0x6000, 0x4800,
    0x4000, 0x4800, 0x3800, 0x0000, 0x2800, 0x6800, 0x7021, 0x6021, 0x4800, 0x4800, 0x4800, 0x5800,
    0x6000, 0x5000, 0x3000, 0x1000, 0x0000, 0x0000, 0x0000, 0x0000, 0x0000, 0x0000, 0x0000, 0x0000,
    0x0000, 0x0000, 0x0000, 0x0000, 0x0000, 0x0000, 0x0000, 0x0000, 0x0000, 0x0000, 0x0000, 0x0000,
    0x0000, 0x0000, 0x0000, 0x0000, 0x0000, 0x0000, 0x0000, 0x0000, 0x0000, 0x0000, 0x0000, 0x0000,
    0x0000, 0x0000, 0x0000, 0x0000, 0x0000, 0x0000, 0x0000, 0x0000, 0x0000, 0x0000, 0x0000, 0x0000,
    0x0000, 0x0000, 0x0000, 0x0000, 0x0000, 0x0000, 0x0000, 0x0000, 0x0000, 0x0000, 0x0000, 0x0000,
    0x0000, 0x0000, 0x0000, 0x0000, 0x0000, 0x0000, 0x0000, 0x0000, 0x0000, 0x0000, 0x0000, 0x0000,
    0x0000, 0x0000, 0x0000, 0x0000, 0x0000, 0x0000, 0x0000, 0x0000, 0x0000, 0x0000, 0x0000, 0x0000,
    0x0000, 0x0000, 0x0000, 0x0000, 0x0000, 0x0000, 0x0000, 0x0000, 0x0000, 0x0000, 0x0000, 0x0000,
    0x0000, 0x0000, 0x0000, 0x0000, 0x0000, 0x0000, 0x0000, 0x0000, 0x0000, 0x0000, 0x0000, 0x0000,
    0x0000, 0x0000, 0x0000, 0x0000, 0x0000, 0x0000, 0x0000, 0x0000, 0x0000, 0x0000, 0x0000, 0x0000,
    0x0000, 0x0000, 0x0000, 0x0000, 0x0000, 0x0000, 0x0000, 0x0000, 0x0000, 0x0000, 0x0000, 0x0000,
    0x0000, 0x0000, 0x0000, 0x0000, 0x0000, 0x0000, 0x0000, 0x0000, 0x0000, 0x0000, 0x0000, 0x0000,
    0x0000, 0x0000, 0x0000, 0x0000, 0x0000, 0x0000, 0x0000, 0x0000, 0x0840, 0xDD60, 0xFE40, 0xFDE0,
    0xFE00, 0xFE60, 0x5220, 0x2800, 0x5840, 0x2000, 0x5260, 0xF600, 0xFE60, 0xFE40, 0xF5E0, 0xFEA0,
    0x8340, 0x0000, 0xC500, 0xFEC0, 0xFE40, 0xFE80, 0xD560, 0x1040, 0x4800, 0x4800, 0x4000, 0x3000,
    0x1060, 0xAC80, 0xFE20, 0xFE80, 0xDD60, 0x62C0, 0x1000, 0x4820, 0x3800, 0x0800, 0x62A0, 0xC520,
    0xE5C0, 0xBCE0, 0x5240, 0x18A0, 0x1000, 0x4800, 0x5800, 0x5000, 0x5000, 0x2000, 0x0000, 0x2920,
    0x3960, 0x1800, 0x2000, 0x6000, 0x4800, 0x4800, 0x0800, 0x0000, 0x0000, 0x0000, 0x0000, 0x0000,
    0x18E0, 0x3140, 0x1000, 0x2800, 0x6001, 0x4000, 0x3000, 0x3800, 0x7001, 0x5000, 0x4000, 0x3800,
    0x5000, 0x5800, 0x1800, 0x0000, 0x0000, 0x3800, 0x7001, 0x7001, 0x5800, 0x4800, 0x4000, 0x3000,
    0x1000, 0x0000, 0x0000, 0x0000, 0x0000, 0x0000, 0x0000, 0x0000, 0x0000, 0x0000, 0x0000, 0x0000,
    0x0000, 0x0000, 0x0000, 0x0000, 0x0000, 0x0000, 0x0000, 0x0000, 0x0000, 0x0000, 0x0000, 0x0000,
    0x0000, 0x0000, 0x0000, 0x0000, 0x0000, 0x0000, 0x0000, 0x0000, 0x0000, 0x0000, 0x0000, 0x0000,
    0x0000, 0x0000, 0x0000, 0x0000, 0x0000, 0x0000, 0x0000, 0x0000, 0x0000, 0x0000, 0x0000, 0x0000,
    0x0000, 0x0000, 0x0000, 0x0000, 0x0000, 0x0000, 0x0000, 0x0000, 0x0000, 0x0000, 0x0000, 0x0000,
    0x0000, 0x0000, 0x0000, 0x0000, 0x0000, 0x0000, 0x0000, 0x0000, 0x0000, 0x0000, 0x0000, 0x0000,
    0x0000, 0x0000, 0x0000, 0x0000, 0x0000, 0x0000, 0x0000, 0x0000, 0x0000, 0x0000, 0x0000, 0x0000,
    0x0000, 0x0000, 0x0000, 0x0000, 0x0000, 0x0000, 0x0000, 0x0000, 0x0000, 0x0000, 0x0000, 0x0000,
    0x0000, 0x0000, 0x0000, 0x0000, 0x0000, 0x0000, 0x0000, 0x0000, 0x0000, 0x0000, 0x0000, 0x0000,
    0x0000, 0x0000, 0x0000, 0x0000, 0x0000, 0x0000, 0x0000, 0x0000, 0x0000, 0x0000, 0x0000, 0x0000,
    0x0000, 0x0000, 0x0000, 0x0000, 0x0000, 0x0000, 0x0000, 0x0000, 0x0000, 0x0000, 0x0000, 0x0000,
    0x0000, 0x0000, 0x0000, 0x0000, 0x0000, 0x0000, 0x0000, 0x0000, 0x0000, 0x0000, 0x0000, 0x0000,
    0x0000, 0x0000, 0x0000, 0x0000, 0x0000, 0x0000, 0x0000, 0x0000, 0x41A0, 0xFE60, 0xFE20, 0xF5E0,
    0xFE40, 0xE5C0, 0x2080, 0x5000, 0x5820, 0x0800, 0x2960, 0xD560, 0xFE80, 0xFE40, 0xFE80, 0xE5E0,
    0x20C0, 0x3160, 0xFE40, 0xFE20, 0xFE20, 0xFEE1, 0x5A60, 0x1800, 0x4820, 0x4800, 0x1000, 0x0000,
    0x18A0, 0x9C00, 0xF620, 0xAC40, 0x6A80, 0x5A80, 0x2800, 0x4800, 0x3800, 0x5800, 0x1820, 0x2900,
    0x28E0, 0x0800, 0x0800, 0x3000, 0x5000, 0x5000, 0x5000, 0x5000, 0x3800, 0x0000, 0x0800, 0x2000,
    0x2000, 0x6000, 0x4800, 0x4000, 0x4800, 0x4000, 0x0000, 0x0000, 0x0000, 0x0000, 0x0000, 0x0000,
    0x2800, 0x3800, 0x5800, 0x5800, 0x5000, 0x4800, 0x2800, 0x0000, 0x5800, 0x6000, 0x6000, 0x6000,
    0x5800, 0x1800, 0x0000, 0x0000, 0x0000, 0x0000, 0x2800, 0x5800, 0x3800, 0x0800, 0x0000, 0x0000,
    0x0000, 0x0000, 0x0000, 0x0000, 0x0000, 0x0000, 0x0000, 0x0000, 0x0000, 0x0000, 0x0000, 0x0000,
    0x0000, 0x0000, 0x0000, 0x0000, 0x0000, 0x0000, 0x0000, 0x0000, 0x0000, 0x0000, 0x0000, 0x0000,
    0x0000, 0x0000, 0x0000, 0x0000, 0x0000, 0x0000, 0x0000, 0x0000, 0x0000, 0x0000, 0x0000, 0x0000,
    0x0000, 0x0000, 0x0000, 0x0000, 0x0000, 0x0000, 0x0000, 0x0000, 0x0000, 0x0000, 0x0000, 0x0000,
    0x0000, 0x0000, 0x0000, 0x0000, 0x0000, 0x0000, 0x0000, 0x0000, 0x0000, 0x0000, 0x0000, 0x0000,
    0x0000, 0x0000, 0x0000, 0x0000, 0x0000, 0x0000, 0x0000, 0x0000, 0x0000, 0x0000, 0x0000, 0x0000,
    0x0000, 0x0000, 0x0000, 0x0000, 0x0000, 0x0000, 0x0000, 0x0000, 0x0000, 0x0000, 0x0000, 0x0000,
    0x0000, 0x0000, 0x0000, 0x0000, 0x0000, 0x0000, 0x0000, 0x0000, 0x0000, 0x0000, 0x0000, 0x0000,
    0x0000, 0x0000, 0x0000, 0x0000, 0x0000, 0x0000, 0x0000, 0x0000, 0x0000, 0x0000, 0x0000, 0x0000,
    0x0000, 0x0000, 0x0000, 0x0000, 0x0000, 0x0000, 0x0000, 0x0000, 0x0000, 0x0000, 0x0000, 0x0000,
    0x0000, 0x0000, 0x0000, 0x0000, 0x0000, 0x0000, 0x0000, 0x0000, 0x0000, 0x0000, 0x0000, 0x0000,
    0x0000, 0x0000, 0x0000, 0x0000, 0x0000, 0x0000, 0x0000, 0x0000, 0x0000, 0x0000, 0x0000, 0x0000,
    0x0000, 0x0000, 0x0000, 0x0000, 0x0000, 0x0000, 0x0000, 0x0000, 0x8B80, 0xFE80, 0xFE00, 0xFE20,
    0xFEC0, 0x93C0, 0x1000, 0x5000, 0x4000, 0x0000, 0x28E0, 0xC540, 0xFE80, 0xF600, 0xFE60, 0x8340,
    0x0000, 0x8B80, 0xFE80, 0xFE60, 0xFEA0, 0xDD80, 0x1020, 0x5000, 0x4800, 0x3000, 0x0000, 0x0000,
    0x0840, 0x5A60, 0xB4A0, 0x2920, 0x0840, 0x3160, 0x3800, 0x3800, 0x0000, 0x6000, 0x6001, 0x5001,
    0x5000, 0x4800, 0x4820, 0x5000, 0x4800, 0x4800, 0x5000, 0x4000, 0x0000, 0x0000, 0x0000, 0x5800,
    0x6000, 0x4800, 0x4800, 0x5000, 0x5800, 0x1800, 0x0000, 0x0000, 0x0000, 0x0000, 0x0000, 0x0000,
    0x5000, 0x7000, 0x4000, 0x3800, 0x4800, 0x5800, 0x1000, 0x0000, 0x1800, 0x5800, 0x5000, 0x2000,
    0x0000, 0x0000, 0x0000, 0x0000, 0x0000, 0x0000, 0x0000, 0x0000, 0x0000, 0x0000, 0x0000, 0x0000,
    0x0000, 0x0000, 0x0000, 0x0000, 0x0000, 0x0000, 0x0000, 0x0000, 0x0000, 0x0000, 0x0000, 0x0000,
    0x0000, 0x0000, 0x0000, 0x0000, 0x0000, 0x0000, 0x0000, 0x0000, 0x0000, 0x0000, 0x0000, 0x0000,
    0x0000, 0x0000, 0x0000, 0x0000, 0x0000, 0x0000, 0x0000, 0x0000, 0x0000, 0x0000, 0x0000, 0x0000,
    0x0000, 0x0000, 0x0000, 0x0000, 0x0000, 0x0000, 0x0000, 0x0000, 0x0000, 0x0000, 0x0000, 0x0000,
    0x0000, 0x0000, 0x0000, 0x0000, 0x0000, 0x0000, 0x0000, 0x0000, 0x0000, 0x0000, 0x0000, 0x0000,
    0x0000, 0x0000, 0x0000, 0x0000, 0x0000, 0x0000, 0x0000, 0x0000, 0x0000, 0x0000, 0x0000, 0x0000,
    0x0000, 0x0000, 0x0000, 0x0000, 0x0000, 0x0000, 0x0000, 0x0000, 0x0000, 0x0000, 0x0000, 0x0000,
    0x0000, 0x0000, 0x0000, 0x0000, 0x0000, 0x0000, 0x0000, 0x0000, 0x0000, 0x0000, 0x0000, 0x0000,
    0x0000, 0x0000, 0x0000, 0x0000, 0x0000, 0x0000, 0x0000, 0x0000, 0x0000, 0x0000, 0x0000, 0x0000,
    0x0000, 0x0000, 0x0000, 0x0000, 0x0000, 0x0000, 0x0000, 0x0000, 0x0000, 0x0000, 0x0000, 0x0000,
    0x0000, 0x0000, 0x0000, 0x0000, 0x0000, 0x0000, 0x0000, 0x0000, 0x0000, 0x0000, 0x0000, 0x0000,
    0x0000, 0x0000, 0x0000, 0x0000, 0x0000, 0x0000, 0x0000, 0x0000, 0x0000, 0x0000, 0x0000, 0x0000,
    0x0000, 0x0000, 0x0000, 0x0000, 0x0000, 0x0000, 0x0000, 0x0840, 0xBCE0, 0xFE40, 0xF600, 0xFE40,
    0xEE20, 0x41A0, 0x3000, 0x5000, 0x2800, 0x0000, 0x0820, 0x8BC0, 0xFE60, 0xF600, 0xD560, 0x5220,
    0x0800, 0xAC40, 0xF640, 0xB480, 0xFE80, 0x5220, 0x1800, 0x4020, 0x5000, 0x1000, 0x0000, 0x0000,
    0x0000, 0x0840, 0x2960, 0x0000, 0x2000, 0x2000, 0x4800, 0x3000, 0x0000, 0x3000, 0x6800, 0x6000,
    0x5800, 0x5000, 0x4800, 0x4800, 0x5800, 0x5000, 0x3800, 0x0800, 0x0000, 0x0000, 0x0000, 0x2800,
    0x5800, 0x4800, 0x5800, 0x6000, 0x2000, 0x0000, 0x0000, 0x0000, 0x0000, 0x0000, 0x0000, 0x0000,
    0x1800, 0x5800, 0x4800, 0x5000, 0x5800, 0x3000, 0x0000, 0x0000, 0x0000, 0x0800, 0x0000, 0x0000,
    0x0000, 0x0000, 0x0000, 0x0000, 0x0000, 0x0000, 0x0000, 0x0000, 0x0000, 0x0000, 0x0000, 0x0000,
    0x0000, 0x0000, 0x0000, 0x0000, 0x0000, 0x0000, 0x0000, 0x0000, 0x0000, 0x0000, 0x0000, 0x0000,
    0x0000, 0x0000, 0x0000, 0x0000, 0x0000, 0x0000, 0x0000, 0x0000, 0x0000, 0x0000, 0x0000, 0x0000,
    0x0000, 0x0000, 0x0000, 0x0000, 0x0000, 0x0000, 0x0000, 0x0000, 0x0000, 0x0000, 0x0000, 0x0000,
    0x0000, 0x0000, 0x0000, 0x0000, 0x0000, 0x0000, 0x0000, 0x0000, 0x0000, 0x0000, 0x0000, 0x0000,
    0x0000, 0x0000, 0x0000, 0x0000, 0x0000, 0x0000, 0x0000, 0x0000, 0x0000, 0x0000, 0x0000, 0x0000,
    0x0000, 0x0000, 0x0000, 0x0000, 0x0000, 0x0000, 0x0000, 0x0000, 0x0000, 0x0000, 0x0000, 0x0000,
    0x0000, 0x0000, 0x0000, 0x0000, 0x0000, 0x0000, 0x0000, 0x0000, 0x0000, 0x0000, 0x0000, 0x0000,
    0x0000, 0x0000, 0x0000, 0x0000, 0x0000, 0x0000, 0x0000, 0x0000, 0x0000, 0x0000, 0x0000, 0x0000,
    0x0000, 0x0000, 0x0000, 0x0000, 0x0000, 0x0000, 0x0000, 0x0000, 0x0000, 0x0000, 0x0000, 0x0000,
    0x0000, 0x0000, 0x0000, 0x0000, 0x0000, 0x0000, 0x0000, 0x0000, 0x0000, 0x0000, 0x0000, 0x0000,
    0x0000, 0x0000, 0x0000, 0x0000, 0x0000, 0x0000, 0x0000, 0x0000, 0x0000, 0x0000, 0x0000, 0x0000,
    0x0000, 0x0000, 0x0000, 0x0000, 0x0000, 0x0000, 0x0000, 0x0000, 0x0000, 0x0000, 0x0000, 0x0000,
    0x0000, 0x0000, 0x0000, 0x0000, 0x0000, 0x0000, 0x0000, 0x2920, 0xCD20, 0xFE80, 0xFE40, 0xFE60,
    0x7B40, 0x1020, 0x5000, 0x5000, 0x1000, 0x0000, 0x0000, 0x18A0, 0xBCE0, 0x93A0, 0x6AE0, 0x2900,
    0x1040, 0x9420, 0x6AA0, 0x6280, 0x5A80, 0x0000, 0x4000, 0x4000, 0x3800, 0x0000, 0x0000, 0x0000,
    0x0000, 0x3000, 0x2800, 0x3800, 0x5801, 0x6000, 0x4000, 0x2000, 0x0000, 0x0000, 0x3800, 0x6800,
    0x6800, 0x6000, 0x6000, 0x5800, 0x5000, 0x2800, 0x0000, 0x0000, 0x0000, 0x0000, 0x0000, 0x0000,
    0x4800, 0x5800, 0x0800, 0x1800, 0x0000, 0x0000, 0x0000, 0x0000, 0x0000, 0x0000, 0x0000, 0x0000,
    0x0000, 0x3800, 0x6800, 0x5800, 0x2800, 0x0000, 0x0000, 0x0000, 0x0000, 0x0000, 0x0000, 0x0000,
    0x0000, 0x0000, 0x0000, 0x0000, 0x0000, 0x0000, 0x0000, 0x0000, 0x0000, 0x0000, 0x0000, 0x0000,
    0x0000, 0x0000, 0x0000, 0x0000, 0x0000, 0x0000, 0x0000, 0x0000, 0x0000, 0x0000, 0x0000, 0x0000,
    0x0000, 0x0000, 0x0000, 0x0000, 0x0000, 0x0000, 0x0000, 0x0000, 0x0000, 0x0000, 0x0000, 0x0000,
    0x0000, 0x0000, 0x0000, 0x0000, 0x0000, 0x0000, 0x0000, 0x0000, 0x0000, 0x0000, 0x0000, 0x0000,
    0x0000, 0x0000, 0x0000, 0x0000, 0x0000, 0x0000, 0x0000, 0x0000, 0x0000, 0x0000, 0x0000, 0x0000,
    0x0000, 0x0000, 0x0000, 0x0000, 0x0000, 0x0000, 0x0000, 0x0000, 0x0000, 0x0000, 0x0000, 0x0000,
    0x0000, 0x0000, 0x0000, 0x0000, 0x0000, 0x0000, 0x0000, 0x0000, 0x0000, 0x0000, 0x0000, 0x0000,
    0x0000, 0x0000, 0x0000, 0x0000, 0x0000, 0x0000, 0x0000, 0x0000, 0x0000, 0x0000, 0x0000, 0x0000,
    0x0000, 0x0000, 0x0000, 0x0000, 0x0000, 0x0000, 0x0000, 0x0000, 0x0000, 0x0000, 0x0000, 0x0000,
    0x0000, 0x0000, 0x0000, 0x0000, 0x0000, 0x0000, 0x0000, 0x0000, 0x0000, 0x0000, 0x0000, 0x0000,
    0x0000, 0x0000, 0x0000, 0x0000, 0x0000, 0x0000, 0x0000, 0x0000, 0x0000, 0x0000, 0x0000, 0x0000,
    0x0000, 0x0000, 0x0000, 0x0000, 0x0000, 0x0000, 0x0000, 0x0000, 0x0000, 0x0000, 0x0000, 0x0000,
    0x0000, 0x0000, 0x0000, 0x0000, 0x0000, 0x0000, 0x0000, 0x0000, 0x0000, 0x0000, 0x0000, 0x0000,
    0x0000, 0x0000, 0x0000, 0x0000, 0x0000, 0x0000, 0x0000, 0x3960, 0xEE00, 0xEDC0, 0xF600, 0xDD80,
    0x0840, 0x2800, 0x4800, 0x3800, 0x0000, 0x0000, 0x0000, 0x0000, 0x7B40, 0x41C0, 0x0040, 0x0800,
    0x20C0, 0x2940, 0x0820, 0x2100, 0x3000, 0x5800, 0x4000, 0x4800, 0x1000, 0x0000, 0x0000, 0x0000,
    0x0000, 0x4800, 0x7801, 0x4800, 0x4000, 0x4000, 0x4800, 0x2800, 0x0000, 0x0000, 0x0000, 0x2000,
    0x4800, 0x6000, 0x4800, 0x1800, 0x0000, 0x0000, 0x0000, 0x0000, 0x0000, 0x0000, 0x0000, 0x0000,
    0x0000, 0x2000, 0x0000, 0x0000, 0x0000, 0x0000, 0x0000, 0x0000, 0x0000, 0x0000, 0x0000, 0x0000,
    0x0000, 0x0800, 0x1800, 0x0000, 0x0000, 0x0000, 0x0000, 0x0000, 0x0000, 0x0000, 0x0000, 0x0000,
    0x0000, 0x0000, 0x0000, 0x0000, 0x0000, 0x0000, 0x0000, 0x0000, 0x0000, 0x0000, 0x0000, 0x0000,
    0x0000, 0x0000, 0x0000, 0x0000, 0x0000, 0x0000, 0x0000, 0x0000, 0x0000, 0x0000, 0x0000, 0x0000,
    0x0000, 0x0000, 0x0000, 0x0000, 0x0000, 0x0000, 0x0000, 0x0000, 0x0000, 0x0000, 0x0000, 0x0000,
    0x0000, 0x0000, 0x0000, 0x0000, 0x0000, 0x0000, 0x0000, 0x0000, 0x0000, 0x0000, 0x0000, 0x0000,
    0x0000, 0x0000, 0x0000, 0x0000, 0x0000, 0x0000, 0x0000, 0x0000, 0x0000, 0x0000, 0x0000, 0x0000,
    0x0000, 0x0000, 0x0000, 0x0000, 0x0000, 0x0000, 0x0000, 0x0000, 0x0000, 0x0000, 0x0000, 0x0000,
    0x0000, 0x0000, 0x0000, 0x0000, 0x0000, 0x0000, 0x0000, 0x0000, 0x0000, 0x0000, 0x0000, 0x0000,
    0x0000, 0x0000, 0x0000, 0x0000, 0x0000, 0x0000, 0x0000, 0x0000, 0x0000, 0x0000, 0x0000, 0x0000,
    0x0000, 0x0000, 0x0000, 0x0000, 0x0000, 0x0000, 0x0000, 0x0000, 0x0000, 0x0000, 0x0000, 0x0000,
    0x0000, 0x0000, 0x0000, 0x0000, 0x0000, 0x0000, 0x0000, 0x0000, 0x0000, 0x0000, 0x0000, 0x0000,
    0x0000, 0x0000, 0x0000, 0x0000, 0x0000, 0x0000, 0x0000, 0x0000, 0x0000, 0x0000, 0x0000, 0x0000,
    0x0000, 0x0000, 0x0000, 0x0000, 0x0000, 0x0000, 0x0000, 0x0000, 0x0000, 0x0000, 0x0000, 0x0000,
    0x0000, 0x0000, 0x0000, 0x0000, 0x0000, 0x0000, 0x0000, 0x0000, 0x0000, 0x0000, 0x0000, 0x0000,
    0x0000, 0x0000, 0x0000, 0x0000, 0x0000, 0x0000, 0x0000, 0x4180, 0xFE60, 0x7B40, 0xCD20, 0x41C0,
    0x2800, 0x5000, 0x4800, 0x2000, 0x0000, 0x0000, 0x0000, 0x1800, 0x1880, 0x1860, 0x3000, 0x3800,
    0x2000, 0x3800, 0x2000, 0x3800, 0x7000, 0x5000, 0x4800, 0x3800, 0x0000, 0x0000, 0x0000, 0x0000,
    0x0000, 0x2800, 0x7000, 0x4000, 0x4800, 0x5800, 0x5000, 0x1000, 0x0000, 0x0000, 0x0000, 0x0000,
    0x0000, 0x0000, 0x0000, 0x0000, 0x0000, 0x0000, 0x0000, 0x0000, 0x0000, 0x0000, 0x0000, 0x0000,
    0x0000, 0x0000, 0x0000, 0x0000, 0x0000, 0x0000, 0x0000, 0x0000, 0x0000, 0x0000, 0x0000, 0x0000,
    0x0000, 0x0000, 0x0000, 0x0000, 0x0000, 0x0000, 0x0000, 0x0000, 0x0000, 0x0000, 0x0000, 0x0000,
    0x0000, 0x0000, 0x0000, 0x0000, 0x0000, 0x0000, 0x0000, 0x0000, 0x0000, 0x0000, 0x0000, 0x0000,
    0x0000, 0x0000, 0x0000, 0x0000, 0x0000, 0x0000, 0x0000, 0x0000, 0x0000, 0x0000, 0x0000, 0x0000,
    0x0000, 0x0000, 0x0000, 0x0000, 0x0000, 0x0000, 0x0000, 0x0000, 0x0000, 0x0000, 0x0000, 0x0000,
    0x0000, 0x0000, 0x0000, 0x0000, 0x0000, 0x0000, 0x0000, 0x0000, 0x0000, 0x0000, 0x0000, 0x0000,
    0x0000, 0x0000, 0x0000, 0x0000, 0x0000, 0x0000, 0x0000, 0x0000, 0x0000, 0x0000, 0x0000, 0x0000,
    0x0000, 0x0000, 0x0000, 0x0000, 0x0000, 0x0000, 0x0000, 0x0000, 0x0000, 0x0000, 0x0000, 0x0000,
    0x0000, 0x0000, 0x0000, 0x0000, 0x0000, 0x0000, 0x0000, 0x0000, 0x0000, 0x0000, 0x0000, 0x0000,
    0x0000, 0x0000, 0x0000, 0x0000, 0x0000, 0x0000, 0x0000, 0x0000, 0x0000, 0x0000, 0x0000, 0x0000,
    0x0000, 0x0000, 0x0000, 0x0000, 0x0000, 0x0000, 0x0000, 0x0000, 0x0000, 0x0000, 0x0000, 0x0000,
    0x0000, 0x0000, 0x0000, 0x0000, 0x0000, 0x0000, 0x0000, 0x0000, 0x0000, 0x0000, 0x0000, 0x0000,
    0x0000, 0x0000, 0x0000, 0x0000, 0x0000, 0x0000, 0x0000, 0x0000, 0x0000, 0x0000, 0x0000, 0x0000,
    0x0000, 0x0000, 0x0000, 0x0000, 0x0000, 0x0000, 0x0000, 0x0000, 0x0000, 0x0000, 0x0000, 0x0000,
    0x0000, 0x0000, 0x0000, 0x0000, 0x0000, 0x0000, 0x0000, 0x0000, 0x0000, 0x0000, 0x0000, 0x0000,
    0x0000, 0x0000, 0x0000, 0x0000, 0x0000, 0x0000, 0x0000, 0x6AC0, 0x6AC0, 0x1080, 0x4A20, 0x0800,
    0x4800, 0x4800, 0x4800, 0x0800, 0x0000, 0x0000, 0x0000, 0x2000, 0x4800, 0x3800, 0x6000, 0x4800,
    0x5000, 0x5800, 0x4800, 0x5000, 0x4800, 0x4000, 0x5000, 0x1000, 0x0000, 0x0000, 0x0000, 0x0000,
    0x0000, 0x0000, 0x3800, 0x6800, 0x6000, 0x2000, 0x3000, 0x0000, 0x0000, 0x0000, 0x0000, 0x0000,
    0x0000, 0x0000, 0x0000, 0x0000, 0x0000, 0x0000, 0x0000, 0x0000, 0x0000, 0x0000, 0x0000, 0x0000,
    0x0000, 0x0000, 0x0000, 0x0000, 0x0000, 0x0000, 0x0000, 0x0000, 0x0000, 0x0000, 0x0000, 0x0000,
    0x0000, 0x0000, 0x0000, 0x0000, 0x0000, 0x0000, 0x0000, 0x0000, 0x0000, 0x0000, 0x0000, 0x0000,
    0x0000, 0x0000, 0x0000, 0x0000, 0x0000, 0x0000, 0x0000, 0x0000, 0x0000, 0x0000, 0x0000, 0x0000,
    0x0000, 0x0000, 0x0000, 0x0000, 0x0000, 0x0000, 0x0000, 0x0000, 0x0000, 0x0000, 0x0000, 0x0000,
    0x0000, 0x0000, 0x0000, 0x0000, 0x0000, 0x0000, 0x0000, 0x0000, 0x0000, 0x0000, 0x0000, 0x0000,
    0x0000, 0x0000, 0x0000, 0x0000, 0x0000, 0x0000, 0x0000, 0x0000, 0x0000, 0x0000, 0x0000, 0x0000,
    0x0000, 0x0000, 0x0000, 0x0000, 0x0000, 0x0000, 0x0000, 0x0000, 0x0000, 0x0000, 0x0000, 0x0000,
    0x0000, 0x0000, 0x0000, 0x0000, 0x0000, 0x0000, 0x0000, 0x0000, 0x0000, 0x0000, 0x0000, 0x0000,
    0x0000, 0x0000, 0x0000, 0x0000, 0x0000, 0x0000, 0x0000, 0x0000, 0x0000, 0x0000, 0x0000, 0x0000,
    0x0000, 0x0000, 0x0000, 0x0000, 0x0000, 0x0000, 0x0000, 0x0000, 0x0000, 0x0000, 0x0000, 0x0000,
    0x0000, 0x0000, 0x0000, 0x0000, 0x0000, 0x0000, 0x0000, 0x0000, 0x0000, 0x0000, 0x0000, 0x0000,
    0x0000, 0x0000, 0x0000, 0x0000, 0x0000, 0x0000, 0x0000, 0x0000, 0x0000, 0x0000, 0x0000, 0x0000,
    0x0000, 0x0000, 0x0000, 0x0000, 0x0000, 0x0000, 0x0000, 0x0000, 0x0000, 0x0000, 0x0000, 0x0000,
    0x0000, 0x0000, 0x0000, 0x0000, 0x0000, 0x0000, 0x0000, 0x0000, 0x0000, 0x0000, 0x0000, 0x0000,
    0x0000, 0x0000, 0x0000, 0x0000, 0x0000, 0x0000, 0x0000, 0x0000, 0x0000, 0x0000, 0x0000, 0x0000,
    0x0000, 0x0000, 0x0000, 0x0000, 0x0000, 0x0000, 0x0000, 0x49E0, 0x0800, 0x0000, 0x1800, 0x6000,
    0x4000, 0x4800, 0x3800, 0x0000, 0x0000, 0x0000, 0x0000, 0x0800, 0x6000, 0x4800, 0x4000, 0x4800,
    0x4000, 0x4000, 0x5000, 0x5000, 0x4000, 0x5800, 0x2800, 0x0000, 0x0000, 0x0000, 0x0000, 0x0000,
    0x0000, 0x0000, 0x0000, 0x2000, 0x1000, 0x0000, 0x0000, 0x0000, 0x0000, 0x0000, 0x0000, 0x0000,
    0x0000, 0x0000, 0x0000, 0x0000, 0x0000, 0x0000, 0x0000, 0x0000, 0x0000, 0x0000, 0x0000, 0x0000,
    0x0000, 0x0000, 0x0000, 0x0000, 0x0000, 0x0000, 0x0000, 0x0000, 0x0000, 0x0000, 0x0000, 0x0000,
    0x0000, 0x0000, 0x0000, 0x0000, 0x0000, 0x0000, 0x0000, 0x0000, 0x0000, 0x0000, 0x0000, 0x0000,
    0x0000, 0x0000, 0x0000, 0x0000, 0x0000, 0x0000, 0x0000, 0x0000, 0x0000, 0x0000, 0x0000, 0x0000,
    0x0000, 0x0000, 0x0000, 0x0000, 0x0000, 0x0000, 0x0000, 0x0000, 0x0000, 0x0000, 0x0000, 0x0000,
    0x0000, 0x0000, 0x0000, 0x0000, 0x0000, 0x0000, 0x0000, 0x0000, 0x0000, 0x0000, 0x0000, 0x0000,
    0x0000, 0x0000, 0x0000, 0x0000, 0x0000, 0x0000, 0x0000, 0x0000, 0x0000, 0x0000, 0x0000, 0x0000,
    0x0000, 0x0000, 0x0000, 0x0000, 0x0000, 0x0000, 0x0000, 0x0000, 0x0000, 0x0000, 0x0000, 0x0000,
    0x0000, 0x0000, 0x0000, 0x0000, 0x0000, 0x0000, 0x0000, 0x0000, 0x0000, 0x0000, 0x0000, 0x0000,
    0x0000, 0x0000, 0x0000, 0x0000, 0x0000, 0x0000, 0x0000, 0x0000, 0x0000, 0x0000, 0x0000, 0x0000,
    0x0000, 0x0000, 0x0000, 0x0000, 0x0000, 0x0000, 0x0000, 0x0000, 0x0000, 0x0000, 0x0000, 0x0000,
    0x0000, 0x0000, 0x0000, 0x0000, 0x0000, 0x0000, 0x0000, 0x0000, 0x0000, 0x0000, 0x0000, 0x0000,
    0x0000, 0x0000, 0x0000, 0x0000, 0x0000, 0x0000, 0x0000, 0x0000, 0x0000, 0x0000, 0x0000, 0x0000,
    0x0000, 0x0000, 0x0000, 0x0000, 0x0000, 0x0000, 0x0000, 0x0000, 0x0000, 0x0000, 0x0000, 0x0000,
    0x0000, 0x0000, 0x0000, 0x0000, 0x0000, 0x0000, 0x0000, 0x0000, 0x0000, 0x0000, 0x0000, 0x0000,
    0x0000, 0x0000, 0x0000, 0x0000, 0x0000, 0x0000, 0x0000, 0x0000, 0x0000, 0x0000, 0x0000, 0x0000,
    0x0000, 0x0000, 0x0000, 0x0000, 0x0000, 0x0000, 0x0000, 0x1800, 0x4800, 0x3800, 0x5000, 0x5000,
    0x3800, 0x5000, 0x1000, 0x0000, 0x0000, 0x0000, 0x0000, 0x0000, 0x3000, 0x5800, 0x4800, 0x6000,
    0x1000, 0x3800, 0x8000, 0x6000, 0x4800, 0x2000, 0x0000, 0x0000, 0x0000, 0x0000, 0x0000, 0x0000,
    0x0000, 0x0000, 0x0000, 0x0000, 0x0000, 0x0000, 0x0000, 0x0000, 0x0000, 0x0000, 0x0000, 0x0000,
    0x0000, 0x0000, 0x0000, 0x0000, 0x0000, 0x0000, 0x0000, 0x0000, 0x0000, 0x0000, 0x0000, 0x0000,
    0x0000, 0x0000, 0x0000, 0x0000, 0x0000, 0x0000, 0x0000, 0x0000, 0x0000, 0x0000, 0x0000, 0x0000,
    0x0000, 0x0000, 0x0000, 0x0000, 0x0000, 0x0000, 0x0000, 0x0000, 0x0000, 0x0000, 0x0000, 0x0000,
    0x0000, 0x0000, 0x0000, 0x0000, 0x0000, 0x0000, 0x0000, 0x0000, 0x0000, 0x0000, 0x0000, 0x0000,
    0x0000, 0x0000, 0x0000, 0x0000, 0x0000, 0x0000, 0x0000, 0x0000, 0x0000, 0x0000, 0x0000, 0x0000,
    0x0000, 0x0000, 0x0000, 0x0000, 0x0000, 0x0000, 0x0000, 0x0000, 0x0000, 0x0000, 0x0000, 0x0000,
    0x0000, 0x0000, 0x0000, 0x0000, 0x0000, 0x0000, 0x0000, 0x0000, 0x0000, 0x0000, 0x0000, 0x0000,
    0x0000, 0x0000, 0x0000, 0x0000, 0x0000, 0x0000, 0x0000, 0x0000, 0x0000, 0x0000, 0x0000, 0x0000,
    0x0000, 0x0000, 0x0000, 0x0000, 0x0000, 0x0000, 0x0000, 0x0000, 0x0000, 0x0000, 0x0000, 0x0000,
    0x0000, 0x0000, 0x0000, 0x0000, 0x0000, 0x0000, 0x0000, 0x0000, 0x0000, 0x0000, 0x0000, 0x0000,
    0x0000, 0x0000, 0x0000, 0x0000, 0x0000, 0x0000, 0x0000, 0x0000, 0x0000, 0x0000, 0x0000, 0x0000,
    0x0000, 0x0000, 0x0000, 0x0000, 0x0000, 0x0000, 0x0000, 0x0000, 0x0000, 0x0000, 0x0000, 0x0000,
    0x0000, 0x0000, 0x0000, 0x0000, 0x0000, 0x0000, 0x0000, 0x0000, 0x0000, 0x0000, 0x0000, 0x0000,
    0x0000, 0x0000, 0x0000, 0x0000, 0x0000, 0x0000, 0x0000, 0x0000, 0x0000, 0x0000, 0x0000, 0x0000,
    0x0000, 0x0000, 0x0000, 0x0000, 0x0000, 0x0000, 0x0000, 0x0000, 0x0000, 0x0000, 0x0000, 0x0000,
    0x0000, 0x0000, 0x0000, 0x0000, 0x0000, 0x0000, 0x0000, 0x0000, 0x0000, 0x0000, 0x0000, 0x0000,
    0x0000, 0x0000, 0x0000, 0x0000, 0x0000, 0x0000, 0x0000, 0x4000, 0x6000, 0x4000, 0x4000, 0x4000,
    0x4800, 0x3000, 0x0000, 0x0000, 0x0000, 0x0000, 0x0000, 0x0000, 0x0000, 0x5800, 0x4000, 0x1800,
    0x0000, 0x1000, 0x1800, 0x0000, 0x0000, 0x0000, 0x0000, 0x0000, 0x0000, 0x0000, 0x0000, 0x0000,
    0x0000, 0x0000, 0x0000, 0x0000, 0x0000, 0x0000, 0x0000, 0x0000, 0x0000, 0x0000, 0x0000, 0x0000,
    0x0000, 0x0000, 0x0000, 0x0000, 0x0000, 0x0000, 0x0000, 0x0000, 0x0000, 0x0000, 0x0000, 0x0000,
    0x0000, 0x0000, 0x0000, 0x0000, 0x0000, 0x0000, 0x0000, 0x0000, 0x0000, 0x0000, 0x0000, 0x0000,
    0x0000, 0x0000, 0x0000, 0x0000, 0x0000, 0x0000, 0x0000, 0x0000, 0x0000, 0x0000, 0x0000, 0x0000,
    0x0000, 0x0000, 0x0000, 0x0000, 0x0000, 0x0000, 0x0000, 0x0000, 0x0000, 0x0000, 0x0000, 0x0000,
    0x0000, 0x0000, 0x0000, 0x0000, 0x0000, 0x0000, 0x0000, 0x0000, 0x0000, 0x0000, 0x0000, 0x0000,
    0x0000, 0x0000, 0x0000, 0x0000, 0x0000, 0x0000, 0x0000, 0x0000, 0x0000, 0x0000, 0x0000, 0x0000,
    0x0000, 0x0000, 0x0000, 0x0000, 0x0000, 0x0000, 0x0000, 0x0000, 0x0000, 0x0000, 0x0000, 0x0000,
    0x0000, 0x0000, 0x0000, 0x0000, 0x0000, 0x0000, 0x0000, 0x0000, 0x0000, 0x0000, 0x0000, 0x0000,
    0x0000, 0x0000, 0x0000, 0x0000, 0x0000, 0x0000, 0x0000, 0x0000, 0x0000, 0x0000, 0x0000, 0x0000,
    0x0000, 0x0000, 0x0000, 0x0000, 0x0000, 0x0000, 0x0000, 0x0000, 0x0000, 0x0000, 0x0000, 0x0000,
    0x0000, 0x0000, 0x0000, 0x0000, 0x0000, 0x0000, 0x0000, 0x0000, 0x0000, 0x0000, 0x0000, 0x0000,
    0x0000, 0x0000, 0x0000, 0x0000, 0x0000, 0x0000, 0x0000, 0x0000, 0x0000, 0x0000, 0x0000, 0x0000,
    0x0000, 0x0000, 0x0000, 0x0000, 0x0000, 0x0000, 0x0000, 0x0000, 0x0000, 0x0000, 0x0000, 0x0000,
    0x0000, 0x0000, 0x0000, 0x0000, 0x0000, 0x0000, 0x0000, 0x0000, 0x0000, 0x0000, 0x0000, 0x0000,
    0x0000, 0x0000, 0x0000, 0x0000, 0x0000, 0x0000, 0x0000, 0x0000, 0x0000, 0x0000, 0x0000, 0x0000,
    0x0000, 0x0000, 0x0000, 0x0000, 0x0000, 0x0000, 0x0000, 0x0000, 0x0000, 0x0000, 0x0000, 0x0000,
    0x0000, 0x0000, 0x0000, 0x0000, 0x0000, 0x0000, 0x0000, 0x3800, 0x5000, 0x4000, 0x4800, 0x5800,
    0x4800, 0x0000, 0x0000, 0x0000, 0x0000, 0x0000, 0x0000, 0x0000, 0x0000, 0x0000, 0x0000, 0x0000,
    0x0000, 0x0000, 0x0000, 0x0000, 0x0000, 0x0000, 0x0000, 0x0000, 0x0000, 0x0000, 0x0000, 0x0000,
    0x0000, 0x0000, 0x0000, 0x0000, 0x0000, 0x0000, 0x0000, 0x0000, 0x0000, 0x0000, 0x0000, 0x0000,
    0x0000, 0x0000, 0x0000, 0x0000, 0x0000, 0x0000, 0x0000, 0x0000, 0x0000, 0x0000, 0x0000, 0x0000,
    0x0000, 0x0000, 0x0000, 0x0000, 0x0000, 0x0000, 0x0000, 0x0000, 0x0000, 0x0000, 0x0000, 0x0000,
    0x0000, 0x0000, 0x0000, 0x0000, 0x0000, 0x0000, 0x0000, 0x0000, 0x0000, 0x0000, 0x0000, 0x0000,
    0x0000, 0x0000, 0x0000, 0x0000, 0x0000, 0x0000, 0x0000, 0x0000, 0x0000, 0x0000, 0x0000, 0x0000,
    0x0000, 0x0000, 0x0000, 0x0000, 0x0000, 0x0000, 0x0000, 0x0000, 0x0000, 0x0000, 0x0000, 0x0000,
    0x0000, 0x0000, 0x0000, 0x0000, 0x0000, 0x0000, 0x0000, 0x0000, 0x0000, 0x0000, 0x0000, 0x0000,
    0x0000, 0x0000, 0x0000, 0x0000, 0x0000, 0x0000, 0x0000, 0x0000, 0x0000, 0x0000, 0x0000, 0x0000,
    0x0000, 0x0000, 0x0000, 0x0000, 0x0000, 0x0000, 0x0000, 0x0000, 0x0000, 0x0000, 0x0000, 0x0000,
    0x0000, 0x0000, 0x0000, 0x0000, 0x0000, 0x0000, 0x0000, 0x0000, 0x0000, 0x0000, 0x0000, 0x0000,
    0x0000, 0x0000, 0x0000, 0x0000, 0x0000, 0x0000, 0x0000, 0x0000, 0x0000, 0x0000, 0x0000, 0x0000,
    0x0000, 0x0000, 0x0000, 0x0000, 0x0000, 0x0000, 0x0000, 0x0000, 0x0000, 0x0000, 0x0000, 0x0000,
    0x0000, 0x0000, 0x0000, 0x0000, 0x0000, 0x0000, 0x0000, 0x0000, 0x0000, 0x0000, 0x0000, 0x0000,
    0x0000, 0x0000, 0x0000, 0x0000, 0x0000, 0x0000, 0x0000, 0x0000, 0x0000, 0x0000, 0x0000, 0x0000,
    0x0000, 0x0000, 0x0000, 0x0000, 0x0000, 0x0000, 0x0000, 0x0000, 0x0000, 0x0000, 0x0000, 0x0000,
    0x0000, 0x0000, 0x0000, 0x0000, 0x0000, 0x0000, 0x0000, 0x0000, 0x0000, 0x0000, 0x0000, 0x0000,
    0x0000, 0x0000, 0x0000, 0x0000, 0x0000, 0x0000, 0x0000, 0x0000, 0x0000, 0x0000, 0x0000, 0x0000,
    0x0000, 0x0000, 0x0000, 0x0000, 0x0000, 0x0000, 0x0000, 0x0800, 0x4800, 0x6800, 0x2000, 0x2800,
    0x1000, 0x0000, 0x0000, 0x0000, 0x0000, 0x0000, 0x0000, 0x0000, 0x0000, 0x0000, 0x0000, 0x0000,
    0x0000, 0x0000, 0x0000, 0x0000, 0x0000, 0x0000, 0x0000, 0x0000, 0x0000, 0x0000, 0x0000, 0x0000,
    0x0000, 0x0000, 0x0000, 0x0000, 0x0000, 0x0000, 0x0000, 0x0000, 0x0000, 0x0000, 0x0000, 0x0000,
    0x0000, 0x0000, 0x0000, 0x0000, 0x0000, 0x0000, 0x0000, 0x0000, 0x0000, 0x0000, 0x0000, 0x0000,
    0x0000, 0x0000, 0x0000, 0x0000, 0x0000, 0x0000, 0x0000, 0x0000, 0x0000, 0x0000, 0x0000, 0x0000,
    0x0000, 0x0000, 0x0000, 0x0000, 0x0000, 0x0000, 0x0000, 0x0000, 0x0000, 0x0000, 0x0000, 0x0000,
    0x0000, 0x0000, 0x0000, 0x0000, 0x0000, 0x0000, 0x0000, 0x0000, 0x0000, 0x0000, 0x0000, 0x0000,
    0x0000, 0x0000, 0x0000, 0x0000, 0x0000, 0x0000, 0x0000, 0x0000, 0x0000, 0x0000, 0x0000, 0x0000,
    0x0000, 0x0000, 0x0000, 0x0000, 0x0000, 0x0000, 0x0000, 0x0000, 0x0000, 0x0000, 0x0000, 0x0000,
    0x0000, 0x0000, 0x0000, 0x0000, 0x0000, 0x0000, 0x0000, 0x0000, 0x0000, 0x0000, 0x0000, 0x0000,
    0x0000, 0x0000, 0x0000, 0x0000, 0x0000, 0x0000, 0x0000, 0x0000, 0x0000, 0x0000, 0x0000, 0x0000,
    0x0000, 0x0000, 0x0000, 0x0000, 0x0000, 0x0000, 0x0000, 0x0000, 0x0000, 0x0000, 0x0000, 0x0000,
    0x0000, 0x0000, 0x0000, 0x0000, 0x0000, 0x0000, 0x0000, 0x0000, 0x0000, 0x0000, 0x0000, 0x0000,
    0x0000, 0x0000, 0x0000, 0x0000, 0x0000, 0x0000, 0x0000, 0x0000, 0x0000, 0x0000, 0x0000, 0x0000,
    0x0000, 0x0000, 0x0000, 0x0000, 0x0000, 0x0000, 0x0000, 0x0000, 0x0000, 0x0000, 0x0000, 0x0000,
    0x0000, 0x0000, 0x0000, 0x0000, 0x0000, 0x0000, 0x0000, 0x0000, 0x0000, 0x0000, 0x0000, 0x0000,
    0x0000, 0x0000, 0x0000, 0x0000, 0x0000, 0x0000, 0x0000, 0x0000, 0x0000, 0x0000, 0x0000, 0x0000,
    0x0000, 0x0000, 0x0000, 0x0000, 0x0000, 0x0000, 0x0000, 0x0000, 0x0000, 0x0000, 0x0000, 0x0000,
    0x0000, 0x0000, 0x0000, 0x0000, 0x0000, 0x0000, 0x0000, 0x0000, 0x0000, 0x0000, 0x0000, 0x0000,
    0x0000, 0x0000, 0x0000, 0x0000, 0x0000, 0x0000, 0x0000, 0x0000, 0x1800, 0x3000, 0x0000, 0x0000,
    0x0000, 0x0000, 0x0000, 0x0000, 0x0000, 0x0000, 0x0000, 0x0000, 0x0000, 0x0000, 0x0000, 0x0000,
    0x0000, 0x0000, 0x0000, 0x0000, 0x0000, 0x0000, 0x0000, 0x0000, 0x0000, 0x0000, 0x0000, 0x0000,
    0x0000, 0x0000, 0x0000, 0x0000, 0x0000, 0x0000, 0x0000, 0x0000, 0x0000, 0x0000, 0x0000, 0x0000,
    0x0000, 0x0000, 0x0000, 0x0000, 0x0000, 0x0000, 0x0000, 0x0000, 0x0000, 0x0000, 0x0000, 0x0000,
    0x0000, 0x0000, 0x0000, 0x0000, 0x0000, 0x0000, 0x0000, 0x0000, 0x0000, 0x0000, 0x0000, 0x0000,
    0x0000, 0x0000, 0x0000, 0x0000, 0x0000, 0x0000, 0x0000, 0x0000, 0x0000, 0x0000, 0x0000, 0x0000,
    0x0000, 0x0000, 0x0000, 0x0000, 0x0000, 0x0000, 0x0000, 0x0000, 0x0000, 0x0000, 0x0000, 0x0000,
    0x0000, 0x0000, 0x0000, 0x0000, 0x0000, 0x0000, 0x0000, 0x0000, 0x0000, 0x0000, 0x0000, 0x0000,
    0x0000, 0x0000, 0x0000, 0x0000, 0x0000, 0x0000, 0x0000, 0x0000, 0x0000, 0x0000, 0x0000, 0x0000,
    0x0000, 0x0000, 0x0000, 0x0000, 0x0000, 0x0000, 0x0000, 0x0000, 0x0000, 0x0000, 0x0000, 0x0000,
    0x0000, 0x0000, 0x0000, 0x0000, 0x0000, 0x0000, 0x0000, 0x0000, 0x0000, 0x0000, 0x0000, 0x0000,
    0x0000, 0x0000, 0x0000, 0x0000, 0x0000, 0x0000, 0x0000, 0x0000, 0x0000, 0x0000, 0x0000, 0x0000,
    0x0000, 0x0000, 0x0000, 0x0000, 0x0000, 0x0000, 0x0000, 0x0000, 0x0000, 0x0000, 0x0000, 0x0000,
    0x0000, 0x0000, 0x0000, 0x0000, 0x0000, 0x0000, 0x0000, 0x0000, 0x0000, 0x0000, 0x0000, 0x0000,
    0x0000, 0x0000, 0x0000, 0x0000, 0x0000, 0x0000, 0x0000, 0x0000, 0x0000, 0x0000, 0x0000, 0x0000,
    0x0000, 0x0000, 0x0000, 0x0000, 0x0000, 0x0000, 0x0000, 0x0000, 0x0000, 0x0000, 0x0000, 0x0000,
    0x0000, 0x0000, 0x0000, 0x0000, 0x0000, 0x0000, 0x0000, 0x0000, 0x0000, 0x0000, 0x0000, 0x0000,
    0x0000, 0x0000, 0x0000, 0x0000, 0x0000, 0x0000, 0x0000, 0x0000, 0x0000, 0x0000, 0x0000, 0x0000,
    0x0000, 0x0000, 0x0000, 0x0000, 0x0000, 0x0000, 0x0000, 0x0000, 0x0000, 0x0000, 0x0000, 0x0000,
    0x0000, 0x0000, 0x0000, 0x0000, 0x0000, 0x0000, 0x0000, 0x0000, 0x0000, 0x0000, 0x0000, 0x0000,
    0x0000, 0x0000, 0x0000, 0x0000, 0x0000, 0x0000, 0x0000, 0x0000, 0x0000, 0x0000, 0x0000, 0x0000,
    0x0000, 0x0000, 0x0000, 0x0000, 0x0000, 0x0000, 0x0000, 0x0000, 0x0000, 0x0000, 0x0000, 0x0000,
    0x0000, 0x0000, 0x0000, 0x0000, 0x0000, 0x0000, 0x0000, 0x0000, 0x0000, 0x0000, 0x0000, 0x0000,
    0x0000, 0x0000, 0x0000, 0x0000, 0x0000, 0x0000, 0x0000, 0x0000, 0x0000, 0x0000, 0x0000, 0x0000,
    0x0000, 0x0000, 0x0000, 0x0000, 0x0000, 0x0000, 0x0000, 0x0000, 0x0000, 0x0000, 0x0000, 0x0000,
    0x0000, 0x0000, 0x0000, 0x0000, 0x0000, 0x0000, 0x0000, 0x0000, 0x0000, 0x0000, 0x0000, 0x0000,
    0x0000, 0x0000, 0x0000, 0x0000, 0x0000, 0x0000, 0x0000, 0x0000, 0x0000, 0x0000, 0x0000, 0x0000,
    0x0000, 0x0000, 0x0000, 0x0000, 0x0000, 0x0000, 0x0000, 0x0000, 0x0000, 0x0000, 0x0000, 0x0000,
    0x0000, 0x0000, 0x0000, 0x0000, 0x0000, 0x0000, 0x0000, 0x0000, 0x0000, 0x0000, 0x0000, 0x0000,
    0x0000, 0x0000, 0x0000, 0x0000, 0x0000, 0x0000, 0x0000, 0x0000, 0x0000, 0x0000, 0x0000, 0x0000,
    0x0000, 0x0000, 0x0000, 0x0000, 0x0000, 0x0000, 0x0000, 0x0000, 0x0000, 0x0000, 0x0000, 0x0000,
    0x0000, 0x0000, 0x0000, 0x0000, 0x0000, 0x0000, 0x0000, 0x0000, 0x0000, 0x0000, 0x0000, 0x0000,
    0x0000, 0x0000, 0x0000, 0x0000, 0x0000, 0x0000, 0x0000, 0x0000, 0x0000, 0x0000, 0x0000, 0x0000,
    0x0000, 0x0000, 0x0000, 0x0000, 0x0000, 0x0000, 0x0000, 0x0000, 0x0000, 0x0000, 0x0000, 0x0000,
    0x0000, 0x0000, 0x0000, 0x0000, 0x0000, 0x0000, 0x0000, 0x0000, 0x0000, 0x0000, 0x0000, 0x0000,
    0x0000, 0x0000, 0x0000, 0x0000, 0x0000, 0x0000, 0x0000, 0x0000, 0x0000, 0x0000, 0x0000, 0x0000,
    0x0000, 0x0000, 0x0000, 0x0000, 0x0000, 0x0000, 0x0000, 0x0000, 0x0000, 0x0000, 0x0000, 0x0000,
    0x0000, 0x0000, 0x0000, 0x0000, 0x0000, 0x0000, 0x0000, 0x0000, 0x0000, 0x0000, 0x0000, 0x0000,
    0x0000, 0x0000, 0x0000, 0x0000, 0x0000, 0x0000, 0x0000, 0x0000, 0x0000, 0x0000, 0x0000, 0x0000,
    0x0000, 0x0000, 0x0000, 0x0000, 0x0000, 0x0000, 0x0000, 0x0000, 0x0000, 0x0000, 0x0000, 0x0000,
    0x0000, 0x0000, 0x0000, 0x0000, 0x0000, 0x0000, 0x0000, 0x0000, 0x0000, 0x0000, 0x0000, 0x0000,
    0x0000, 0x0000, 0x0000, 0x0000, 0x0000, 0x0000, 0x0000, 0x0000, 0x0000, 0x0000, 0x0000, 0x0000,
    0x0000, 0x0000, 0x0000, 0x0000, 0x0000, 0x0000, 0x0000, 0x0000, 0x0000, 0x0000, 0x0000, 0x0000,
    0x0000, 0x0000, 0x0000, 0x0000, 0x0000, 0x0000, 0x0000, 0x0000, 0x0000, 0x0000, 0x0000, 0x0000,
    0x0000, 0x0000, 0x0000, 0x0000, 0x0000, 0x0000, 0x0000, 0x0000, 0x0000, 0x0000, 0x0000, 0x0000,
    0x0000, 0x0000, 0x0000, 0x0000, 0x0000, 0x0000, 0x0000, 0x0000, 0x0000, 0x0000, 0x0000, 0x0000,
    0x0000, 0x0000, 0x0000, 0x0000, 0x0000, 0x0000, 0x0000, 0x0000, 0x0000, 0x0000, 0x0000, 0x0000,
    0x0000, 0x0000, 0x0000, 0x0000, 0x0000, 0x0000, 0x0000, 0x0000, 0x0000, 0x0000, 0x0000, 0x0000,
    0x0000, 0x0000, 0x0000, 0x0000, 0x0000, 0x0000, 0x0000, 0x0000, 0x0000, 0x0000, 0x0000, 0x0000,
    0x0000, 0x0000, 0x0000, 0x0000, 0x0000, 0x0000, 0x0000, 0x0000, 0x0000, 0x0000, 0x0000, 0x0000,
    0x0000, 0x0000, 0x0000, 0x0000, 0x0000, 0x0000, 0x0000, 0x0000, 0x0000, 0x0000, 0x0000, 0x0000,
    0x0000, 0x0000, 0x0000, 0x0000, 0x0000, 0x0000, 0x0000, 0x0000, 0x0000, 0x0000, 0x0000, 0x0000,
    0x0000, 0x0000, 0x0000, 0x0000, 0x0000, 0x0000, 0x0000, 0x0000, 0x0000, 0x0000, 0x0000, 0x0000,
    0x0000, 0x0000, 0x0000, 0x0000, 0x0000, 0x0000, 0x0000, 0x0000, 0x0000, 0x0000, 0x0000, 0x0000,
    0x0000, 0x0000, 0x0000, 0x0000, 0x0000, 0x0000, 0x0000, 0x0000, 0x0000, 0x0000, 0x0000, 0x0000,
    0x0000, 0x0000, 0x0000, 0x0000, 0x0000, 0x0000, 0x0000, 0x0000, 0x0000, 0x0000, 0x0000, 0x0000,
    0x0000, 0x0000, 0x0000, 0x0000, 0x0000, 0x0000, 0x0000, 0x0000, 0x0000, 0x0000, 0x0000, 0x0000,
    0x0000, 0x0000, 0x0000, 0x0000, 0x0000, 0x0000, 0x0000, 0x0000, 0x0000, 0x0000, 0x0000, 0x0000,
    0x0000, 0x0000, 0x0000, 0x0000, 0x0000, 0x0000, 0x0000, 0x0000, 0x0000, 0x0000, 0x0000, 0x0000,
    0x0000, 0x0000, 0x0000, 0x0000, 0x0000, 0x0000, 0x0000, 0x0000, 0x0000, 0x0000, 0x0000, 0x0000,
    0x0000, 0x0000, 0x0000, 0x0000, 0x0000, 0x0000, 0x0000, 0x0000, 0x0000, 0x0000, 0x0000, 0x0000,
    0x0000, 0x0000, 0x0000, 0x0000, 0x0000, 0x0000, 0x0000, 0x0000, 0x0000, 0x0000, 0x0000, 0x0000,
    0x0000, 0x0000, 0x0000, 0x0000, 0x0000, 0x0000, 0x0000, 0x0000, 0x0000, 0x0000, 0x0000, 0x0000,
    0x0000, 0x0000, 0x0000, 0x0000, 0x0000, 0x0000, 0x0000, 0x0000, 0x0000, 0x0000, 0x0000, 0x0000,
    0x0000, 0x0000, 0x0000, 0x0000, 0x0000, 0x0000, 0x0000, 0x0000, 0x0000, 0x0000, 0x0000, 0x0000,
    0x0000, 0x0000, 0x0000, 0x0000, 0x0000, 0x0000, 0x0000, 0x0000, 0x0000, 0x0000, 0x0000, 0x0000,
    0x0000, 0x0000, 0x0000, 0x0000, 0x0000, 0x0000, 0x0000, 0x0000, 0x0000, 0x0000, 0x0000, 0x0000,
    0x0000, 0x0000, 0x0000, 0x0000, 0x0000, 0x0000, 0x0000, 0x0000, 0x0000, 0x0000, 0x0000, 0x0000,
    0x0000, 0x0000, 0x0000, 0x0000, 0x0000, 0x0000, 0x0000, 0x0000, 0x0000, 0x0000, 0x0000, 0x0000,
    0x0000, 0x0000, 0x0000, 0x0000, 0x0000, 0x0000, 0x0000, 0x0000, 0x0000, 0x0000, 0x0000, 0x0000,
    0x0000, 0x0000, 0x0000, 0x0000, 0x0000, 0x0000, 0x0000, 0x0000, 0x0000, 0x0000, 0x0000, 0x0000,
    0x0000, 0x0000, 0x0000, 0x0000, 0x0000, 0x0000, 0x0000, 0x0000, 0x0000, 0x0000, 0x0000, 0x0000,
    0x0000, 0x0000, 0x0000, 0x0000, 0x0000, 0x0000, 0x0000, 0x0000, 0x0000, 0x0000, 0x0000, 0x0000,
    0x0000, 0x0000, 0x0000, 0x0000, 0x0000, 0x0000, 0x0000, 0x0000, 0x0000, 0x0000, 0x0000, 0x0000,
    0x0000, 0x0000, 0x0000, 0x0000, 0x0000, 0x0000, 0x0000, 0x0000, 0x0000, 0x0000, 0x0000, 0x0000,
    0x0000, 0x0000, 0x0000, 0x0000, 0x0000, 0x0000, 0x0000, 0x0000, 0x0000, 0x0000, 0x0000, 0x0000,
    0x0000, 0x0000, 0x0000, 0x0000, 0x0000, 0x0000, 0x0000, 0x0000, 0x0000, 0x0000, 0x0000, 0x0000,
    0x0000, 0x0000, 0x0000, 0x0000, 0x0000, 0x0000, 0x0000, 0x0000, 0x0000, 0x0000, 0x0000, 0x0000,
    0x0000, 0x0000, 0x0000, 0x0000, 0x0000, 0x0000, 0x0000, 0x0000, 0x0000, 0x0000, 0x0000, 0x0000,
    0x0000, 0x0000, 0x0000, 0x0000, 0x0000, 0x0000, 0x0000, 0x0000, 0x0000, 0x0000, 0x0000, 0x0000,
    0x0000, 0x0000, 0x0000, 0x0000, 0x0000, 0x0000, 0x0000, 0x0000, 0x0000, 0x0000, 0x0000, 0x0000,
    0x0000, 0x0000, 0x0000, 0x0000, 0x0000, 0x0000, 0x0000, 0x0000, 0x0000, 0x0000, 0x0000, 0x0000,
    0x0000, 0x0000, 0x0000, 0x0000, 0x0000, 0x0000, 0x0000, 0x0000, 0x0000, 0x0000, 0x0000, 0x0000,
    0x0000, 0x0000, 0x0000, 0x0000, 0x0000, 0x0000, 0x0000, 0x0000, 0x0000, 0x0000, 0x0000, 0x0000,
    0x0000, 0x0000, 0x0000, 0x0000, 0x0000, 0x0000, 0x0000, 0x0000, 0x0000, 0x0000, 0x0000, 0x0000,
    0x0000, 0x0000, 0x0000, 0x0000, 0x0000, 0x0000, 0x0000, 0x0000, 0x0000, 0x0000, 0x0000, 0x0000,
    0x0000, 0x0000, 0x0000, 0x0000, 0x0000, 0x0000, 0x0000, 0x0000, 0x0000, 0x0000, 0x0000, 0x0000,
    0x0000, 0x0000, 0x0000, 0x0000, 0x0000, 0x0000, 0x0000, 0x0000, 0x0000, 0x0000, 0x0000, 0x0000,
    0x0000, 0x0000, 0x0000, 0x0000, 0x0000, 0x0000, 0x0000, 0x0000, 0x0000, 0x0000, 0x0000, 0x0000,
    0x0000, 0x0000, 0x0000, 0x0000, 0x0000, 0x0000, 0x0000, 0x0000, 0x0000, 0x0000, 0x0000, 0x0000,
    0x0000, 0x0000, 0x0000, 0x0000, 0x0000, 0x0000, 0x0000, 0x0000, 0x0000, 0x0000, 0x0000, 0x0000,
    0x0000, 0x0000, 0x0000, 0x0000, 0x0000, 0x0000, 0x0000, 0x0000, 0x0000, 0x0000, 0x0000, 0x0000,
    0x0000, 0x0000, 0x0000, 0x0000, 0x0000, 0x0000, 0x0000, 0x0000, 0x0000, 0x0000, 0x0000, 0x0000,
    0x0000, 0x0000, 0x0000, 0x0000, 0x0000, 0x0000, 0x0000, 0x0000, 0x0000, 0x0000, 0x0000, 0x0000,
    0x0000, 0x0000, 0x0000, 0x0000, 0x0000, 0x0000, 0x0000, 0x0000, 0x0000, 0x0000, 0x0000, 0x0000,
    0x0000, 0x0000, 0x0000, 0x0000, 0x0000, 0x0000, 0x0000, 0x0000, 0x0000, 0x0000, 0x0000, 0x0000,
    0x0000, 0x0000, 0x0000, 0x0000, 0x0000, 0x0000, 0x0000, 0x0000, 0x0000, 0x0000, 0x0000, 0x0000,
    0x0000, 0x0000, 0x0000, 0x0000, 0x0000, 0x0000, 0x0000, 0x0000, 0x0000, 0x0000, 0x0000, 0x0000,
    0x0000, 0x0000, 0x0000, 0x0000, 0x0000, 0x0000, 0x0000, 0x0000, 0x0000, 0x0000, 0x0000, 0x0000,
    0x0000, 0x0000, 0x0000, 0x0000, 0x0000, 0x0000, 0x0000, 0x0000, 0x0000, 0x0000, 0x0000, 0x0000,
    0x0000, 0x0000, 0x0000, 0x0000, 0x0000, 0x0000, 0x0000, 0x0000, 0x0000, 0x0000, 0x0000, 0x0000,
    0x0000, 0x0000, 0x0000, 0x0000, 0x0000, 0x0000, 0x0000, 0x0000, 0x0000, 0x0000, 0x0000, 0x0000,
    0x0000, 0x0000, 0x0000, 0x0000, 0x0000, 0x0000, 0x0000, 0x0000, 0x0000, 0x0000, 0x0000, 0x0000,
    0x0000, 0x0000, 0x0000, 0x0000, 0x0000, 0x0000, 0x0000, 0x0000, 0x0000, 0x0000, 0x0000, 0x0000,
    0x0000, 0x0000, 0x0000, 0x0000, 0x0000, 0x0000, 0x0000, 0x0000, 0x0000, 0x0000, 0x0000, 0x0000,
    0x0000, 0x0000, 0x0000, 0x0000, 0x0000, 0x0000, 0x0000, 0x0000, 0x0000, 0x0000, 0x0000, 0x0000,
    0x0000, 0x0000, 0x0000, 0x0000, 0x0000, 0x0000, 0x0000, 0x0000, 0x0000, 0x0000, 0x0000, 0x0000,
    0x0000, 0x0000, 0x0000, 0x0000, 0x0000, 0x0000, 0x0000, 0x0000, 0x0000, 0x0000, 0x0000, 0x0000,
    0x0000, 0x0000, 0x0000, 0x0000, 0x0000, 0x0000, 0x0000, 0x0000, 0x0000, 0x0000, 0x0000, 0x0000,
    0x0000, 0x0000, 0x0000, 0x0000, 0x0000, 0x0000, 0x0000, 0x0000, 0x0000, 0x0000, 0x0000, 0x0000,
    0x0000, 0x0000, 0x0000, 0x0000, 0x0000, 0x0000, 0x0000, 0x0000, 0x0000, 0x0000, 0x0000, 0x0000,
    0x0000, 0x0000, 0x0000, 0x0000, 0x0000, 0x0000, 0x0000, 0x0000, 0x0000, 0x0000, 0x0000, 0x0000,
    0x0000, 0x0000, 0x0000, 0x0000, 0x0000, 0x0000, 0x0000, 0x0000, 0x0000, 0x0000, 0x0000, 0x0000,
    0x0000, 0x0000, 0x0000, 0x0000, 0x0000, 0x0000, 0x0000, 0x0000, 0x0000, 0x0000, 0x0000, 0x0000,
    0x0000, 0x0000, 0x0000, 0x0000, 0x0000, 0x0000, 0x0000, 0x0000, 0x0000, 0x0000, 0x0000, 0x0000,
    0x0000, 0x0000, 0x0000, 0x0000, 0x0000, 0x0000, 0x0000, 0x0000, 0x0000, 0x0000, 0x0000, 0x0000,
    0x0000, 0x0000, 0x0000, 0x0000, 0x0000, 0x0000, 0x0000, 0x0000, 0x0000, 0x0000, 0x0000, 0x0000,
    0x0000, 0x0000, 0x0000, 0x0000, 0x0000, 0x0000, 0x0000, 0x0000, 0x0000, 0x0000, 0x0000, 0x0000,
    0x0000, 0x0000, 0x0000, 0x0000, 0x0000, 0x0000, 0x0000, 0x0000, 0x0000, 0x0000, 0x0000, 0x0000,
    0x0000, 0x0000, 0x0000, 0x0000, 0x0000, 0x0000, 0x0000, 0x0000, 0x0000, 0x0000, 0x0000, 0x0000,
    0x0000, 0x0000, 0x0000, 0x0000, 0x0000, 0x0000, 0x0000, 0x0000, 0x0000, 0x0000, 0x0000, 0x0000,
    0x0000, 0x0000, 0x0000, 0x0000, 0x0000, 0x0000, 0x0000, 0x0000, 0x0000, 0x0000, 0x0000, 0x0000,
    0x0000, 0x0000, 0x0000, 0x0000, 0x0000, 0x0000, 0x0000, 0x0000, 0x0000, 0x0000, 0x0000, 0x0000,
    0x0000, 0x0000, 0x0000, 0x0000, 0x0000, 0x0000, 0x0000, 0x0000, 0x0000, 0x0000, 0x0000, 0x0000,
    0x0000, 0x0000, 0x0000, 0x0000, 0x0000, 0x0000, 0x0000, 0x0000, 0x0000, 0x0000, 0x0000, 0x0000,
    0x0000, 0x0000, 0x0000, 0x0000, 0x0000, 0x0000, 0x0000, 0x0000, 0x0000, 0x0000, 0x0000, 0x0000,
    0x0000, 0x0000, 0x0000, 0x0000, 0x0000, 0x0000, 0x0000, 0x0000, 0x0000, 0x0000, 0x0000, 0x0000,
    0x0000, 0x0000, 0x0000, 0x0000, 0x0000, 0x0000, 0x0000, 0x0000, 0x0000, 0x0000, 0x0000, 0x0000,
    0x0000, 0x0000, 0x0000, 0x0000, 0x0000, 0x0000, 0x0000, 0x0000, 0x0000, 0x0000, 0x0000, 0x0000,
    0x0000, 0x0000, 0x0000, 0x0000, 0x0000, 0x0000, 0x0000, 0x0000, 0x0000, 0x0000, 0x0000, 0x0000,
    0x0000, 0x0000, 0x0000, 0x0000, 0x0000, 0x0000, 0x0000, 0x0000, 0x0000, 0x0000, 0x0000, 0x0000,
    0x0000, 0x0000, 0x0000, 0x0000, 0x0000, 0x0000, 0x0000, 0x0000, 0x0000, 0x0000, 0x0000, 0x0000,
    0x0000, 0x0000, 0x0000, 0x0000, 0x0000, 0x0000, 0x0000, 0x0000, 0x0000, 0x0000, 0x0000, 0x0000,
    0x0000, 0x0000, 0x0000, 0x0000, 0x0000, 0x0000, 0x0000, 0x0000, 0x0000, 0x0000, 0x0000, 0x0000,
    0x0000, 0x0000, 0x0000, 0x0000, 0x0000, 0x0000, 0x0000, 0x0000, 0x0000, 0x0000, 0x0000, 0x0000,
    0x0000, 0x0000, 0x0000, 0x0000, 0x0000, 0x0000, 0x0000, 0x0000, 0x0000, 0x0000, 0x0000, 0x0000,
    0x0000, 0x0000, 0x0000, 0x0000, 0x0000, 0x0000, 0x0000, 0x0000, 0x0000, 0x0000, 0x0000, 0x0000,
    0x0000, 0x0000, 0x0000, 0x0000, 0x0000, 0x0000, 0x0000, 0x0000, 0x0000, 0x0000, 0x0000, 0x0000,
    0x0000, 0x0000, 0x0000, 0x0000, 0x0000, 0x0000, 0x0000, 0x0000, 0x0000, 0x0000, 0x0000, 0x0000,
    0x0000, 0x0000, 0x0000, 0x0000, 0x0000, 0x0000, 0x0000, 0x0000, 0x0000, 0x0000, 0x0000, 0x0000,
    0x0000, 0x0000, 0x0000, 0x0000, 0x0000, 0x0000, 0x0000, 0x0000, 0x0000, 0x0000, 0x0000, 0x0000,
    0x0000, 0x0000, 0x0000, 0x0000, 0x0000, 0x0000, 0x0000, 0x0000, 0x0000, 0x0000, 0x0000, 0x0000,
    0x0000, 0x0000, 0x0000, 0x0000, 0x0000, 0x0000, 0x0000, 0x0000, 0x0000, 0x0000, 0x0000, 0x0000,
    0x0000, 0x0000, 0x0000, 0x0000, 0x0000, 0x0000, 0x0000, 0x0000, 0x0000, 0x0000, 0x0000, 0x0000,
    0x0000, 0x0000, 0x0000, 0x0000, 0x0000, 0x0000, 0x0000, 0x0000, 0x0000, 0x0000, 0x0000, 0x0000,
    0x0000, 0x0000, 0x0000, 0x0000, 0x0000, 0x0000, 0x0000, 0x0000, 0x0000, 0x0000, 0x0000, 0x0000,
    0x0000, 0x0000, 0x0000, 0x0000, 0x0000, 0x0000, 0x0000, 0x0000, 0x0000, 0x0000, 0x0000, 0x0000,
    0x0000, 0x0000, 0x0000, 0x0000, 0x0000, 0x0000, 0x0000, 0x0000, 0x0000, 0x0000, 0x0000, 0x0000,
    0x0000, 0x0000, 0x0000, 0x0000, 0x0000, 0x0000, 0x0000, 0x0000, 0x0000, 0x0000, 0x0000, 0x0000,
    0x0000, 0x0000, 0x0000, 0x0000, 0x0000, 0x0000, 0x0000, 0x0000, 0x0000, 0x0000, 0x0000, 0x0000,
    0x0000, 0x0000, 0x0000, 0x0000, 0x0000, 0x0000, 0x0000, 0x0000, 0x0000, 0x0000, 0x0000, 0x0000,
    0x0000, 0x0000, 0x0000, 0x0000, 0x0000, 0x0000, 0x0000, 0x0000, 0x0000, 0x0000, 0x0000, 0x0000,
    0x0000, 0x0000, 0x0000, 0x0000, 0x0000, 0x0000, 0x0000, 0x0000, 0x0000, 0x0000, 0x0000, 0x0000,
    0x0000, 0x0000, 0x0000, 0x0000, 0x0000, 0x0000, 0x0000, 0x0000, 0x0000, 0x0000, 0x0000, 0x0000,
    0x0000, 0x0000, 0x0000, 0x0000, 0x0000, 0x0000, 0x0000, 0x0000, 0x0000, 0x0000, 0x0000, 0x0000,
    0x0000, 0x0000, 0x0000, 0x0000, 0x0000, 0x0000, 0x0000, 0x0000, 0x0000, 0x0000, 0x0000, 0x0000,
    0x0000, 0x0000, 0x0000, 0x0000, 0x0000, 0x0000, 0x0000, 0x0000, 0x0000, 0x0000, 0x0000, 0x0000,
    0x0000, 0x0000, 0x0000, 0x0000, 0x0000, 0x0000, 0x0000, 0x0000, 0x0000, 0x0000, 0x0000, 0x0000,
    0x0000, 0x0000, 0x0000, 0x0000, 0x0000, 0x0000, 0x0000, 0x0000, 0x0000, 0x0000, 0x0000, 0x0000,
    0x0000, 0x0000, 0x0000, 0x0000, 0x0000, 0x0000, 0x0000, 0x0000, 0x0000, 0x0000, 0x0000, 0x0000,
    0x0000, 0x0000, 0x0000, 0x0000, 0x0000, 0x0000, 0x0000, 0x0000, 0x0000, 0x0000, 0x0000, 0x0000,
    0x0000, 0x0000, 0x0000, 0x0000, 0x0000, 0x0000, 0x0000, 0x0000, 0x0000, 0x0000, 0x0000, 0x0000,
    0x0000, 0x0000, 0x0000, 0x0000, 0x0000, 0x0000, 0x0000, 0x0000, 0x0000, 0x0000, 0x0000, 0x0000,
    0x0000, 0x0000, 0x0000, 0x0000, 0x0000, 0x0000, 0x0000, 0x0000, 0x0000, 0x0000, 0x0000, 0x0000,
    0x0000, 0x0000, 0x0000, 0x0000, 0x0000, 0x0000, 0x0000, 0x0000, 0x0000, 0x0000, 0x0000, 0x0000,
    0x0000, 0x0000, 0x0000, 0x0000, 0x0000, 0x0000, 0x0000, 0x0000, 0x0000, 0x0000, 0x0000, 0x0000,
    0x0000, 0x0000, 0x0000, 0x0000, 0x0000, 0x0000, 0x0000, 0x0000, 0x0000, 0x0000, 0x0000, 0x0000,
    0x0000, 0x0000, 0x0000, 0x0000, 0x0000, 0x0000, 0x0000, 0x0000, 0x0000, 0x0000, 0x0000, 0x0000,
    0x0000, 0x0000, 0x0000, 0x0000, 0x0000, 0x0000, 0x0000, 0x0000, 0x0000, 0x0000, 0x0000, 0x0000,
    0x0000, 0x0000, 0x0000, 0x0000, 0x0000, 0x0000, 0x0000, 0x0000, 0x0000, 0x0000, 0x0000, 0x0000,
    0x0000, 0x0000, 0x0000, 0x0000, 0x0000, 0x0000, 0x0000, 0x0000, 0x0000, 0x0000, 0x0000, 0x0000,
    0x0000, 0x0000, 0x0000, 0x0000, 0x0000, 0x0000, 0x0000, 0x0000, 0x0000, 0x0000, 0x0000, 0x0000,
    0x0000, 0x0000, 0x0000, 0x0000, 0x0000, 0x0000, 0x0000, 0x0000, 0x0000, 0x0000, 0x0000, 0x0000,
    0x0000, 0x0000, 0x0000, 0x0000, 0x0000, 0x0000, 0x0000, 0x0000, 0x0000, 0x0000, 0x0000, 0x0000,
    0x0000, 0x0000, 0x0000, 0x0000, 0x0000, 0x0000, 0x0000, 0x0000, 0x0000, 0x0000, 0x0000, 0x0000,
    0x0000, 0x0000, 0x0000, 0x0000, 0x0000, 0x0000, 0x0000, 0x0000, 0x0000, 0x0000, 0x0000, 0x0000,
    0x0000, 0x0000, 0x0000, 0x0000, 0x0000, 0x0000, 0x0000, 0x0000, 0x0000, 0x0000, 0x0000, 0x0000,
    0x0000, 0x0000, 0x0000, 0x0000, 0x0000, 0x0000, 0x0000, 0x0000, 0x0000, 0x0000, 0x0000, 0x0000,
    0x0000, 0x0000, 0x0000, 0x0000, 0x0000, 0x0000, 0x0000, 0x0000, 0x0000, 0x0000, 0x0000, 0x0000,
    0x0000, 0x0000, 0x0000, 0x0000, 0x0000, 0x0000, 0x0000, 0x0000, 0x0000, 0x0000, 0x0000, 0x0000,
    0x0000, 0x0000, 0x0000, 0x0000, 0x0000, 0x0000, 0x0000, 0x0000, 0x0000, 0x0000, 0x0000, 0x0000,
    0x0000, 0x0000, 0x0000, 0x0000, 0x0000, 0x0000, 0x0000, 0x0000, 0x0000, 0x0000, 0x0000, 0x0000,
    0x0000, 0x0000, 0x0000, 0x0000, 0x0000, 0x0000, 0x0000, 0x0000, 0x0000, 0x0000, 0x0000, 0x0000,
    0x0000, 0x0000, 0x0000, 0x0000, 0x0000, 0x0000, 0x0000, 0x0000, 0x0000, 0x0000, 0x0000, 0x0000,
    0x0000, 0x0000, 0x0000, 0x0000, 0x0000, 0x0000, 0x0000, 0x0000, 0x0000, 0x0000, 0x0000, 0x0000,
    0x0000, 0x0000, 0x0000, 0x0000, 0x0000, 0x0000, 0x0000, 0x0000, 0x0000, 0x0000, 0x0000, 0x0000,
    0x0000, 0x0000, 0x0000, 0x0000, 0x0000, 0x0000, 0x0000, 0x0000, 0x0000, 0x0000, 0x0000, 0x0000,
    0x0000, 0x0000, 0x0000, 0x0000, 0x0000, 0x0000, 0x0000, 0x0000, 0x0000, 0x0000, 0x0000, 0x0000,
    0x0000, 0x0000, 0x0000, 0x0000, 0x0000, 0x0000, 0x0000, 0x0000, 0x0000, 0x0000, 0x0000, 0x0000,
    0x0000, 0x0000, 0x0000, 0x0000, 0x0000, 0x0000, 0x0000, 0x0000, 0x0000, 0x0000, 0x0000, 0x0000,
    0x0000, 0x0000, 0x0000, 0x0000, 0x0000, 0x0000, 0x0000, 0x0000, 0x0000, 0x0000, 0x0000, 0x0000,
    0x0000, 0x0000, 0x0000, 0x0000, 0x0000, 0x0000, 0x0000, 0x0000, 0x0000, 0x0000, 0x0000, 0x0000,
    0x0000, 0x0000, 0x0000, 0x0000, 0x0000, 0x0000, 0x0000, 0x0000, 0x0000, 0x0000, 0x0000, 0x0000,
    0x0000, 0x0000, 0x0000, 0x0000, 0x0000, 0x0000, 0x0000, 0x0000, 0x0000, 0x0000, 0x0000, 0x0000,
    0x0000, 0x0000, 0x0000, 0x0000, 0x0000, 0x0000, 0x0000, 0x0000, 0x0000, 0x0000, 0x0000, 0x0000,
    0x0000, 0x0000, 0x0000, 0x0000, 0x0000, 0x0000, 0x0000, 0x0000, 0x0000, 0x0000, 0x0000, 0x0000,
    0x0000, 0x0000, 0x0000, 0x0000, 0x0000, 0x0000, 0x0000, 0x0000, 0x0000, 0x0000, 0x0000, 0x0000,
    0x0000, 0x0000, 0x0000, 0x0000, 0x0000, 0x0000, 0x0000, 0x0000, 0x0000, 0x0000, 0x0000, 0x0000,
    0x0000, 0x0000, 0x0000, 0x0000, 0x0000, 0x0000, 0x0000, 0x0000, 0x0000, 0x0000, 0x0000, 0x0000,
    0x0000, 0x0000, 0x0000, 0x0000, 0x0000, 0x0000, 0x0000, 0x0000, 0x0000, 0x0000, 0x0000, 0x0000,
    0x0000, 0x0000, 0x0000, 0x0000, 0x0000, 0x0000, 0x0000, 0x0000, 0x0000, 0x0000, 0x0000, 0x0000,
    0x0000, 0x0000, 0x0000, 0x0000, 0x0000, 0x0000, 0x0000, 0x0000, 0x0000, 0x0000, 0x0000, 0x0000,
    0x0000, 0x0000, 0x0000, 0x0000, 0x0000, 0x0000, 0x0000, 0x0000, 0x0000, 0x0000, 0x0000, 0x0000,
    0x0000, 0x0000, 0x0000, 0x0000, 0x0000, 0x0000, 0x0000, 0x0000, 0x0000, 0x0000, 0x0000, 0x0000,
    0x0000, 0x0000, 0x0000, 0x0000, 0x0000, 0x0000, 0x0000, 0x0000, 0x0000, 0x0000, 0x0000, 0x0000,
    0x0000, 0x0000, 0x0000, 0x0000, 0x0000, 0x0000, 0x0000, 0x0000, 0x0000, 0x0000, 0x0000, 0x0000,
    0x0000, 0x0000, 0x0000, 0x0000, 0x0000, 0x0000, 0x0000, 0x0000, 0x0000, 0x0000, 0x0000, 0x0000,
    0x0000, 0x0000, 0x0000, 0x0000, 0x0000, 0x0000, 0x0000, 0x0000, 0x0000, 0x0000, 0x0000, 0x0000,
    0x0000, 0x0000, 0x0000, 0x0000, 0x0000, 0x0000, 0x0000, 0x0000, 0x0000, 0x0000, 0x0000, 0x0000,
    0x0000, 0x0000, 0x0000, 0x0000, 0x0000, 0x0000, 0x0000, 0x0000, 0x0000, 0x0000, 0x0000, 0x0000,
    0x0000, 0x0000, 0x0000, 0x0000, 0x0000, 0x0000, 0x0000, 0x0000, 0x0000, 0x0000, 0x0000, 0x0000,
    0x0000, 0x0000, 0x0000, 0x0000, 0x0000, 0x0000, 0x0000, 0x0000, 0x0000, 0x0000, 0x0000, 0x0000,
    0x0000, 0x0000, 0x0000, 0x0000, 0x0000, 0x0000, 0x0000, 0x0000, 0x0000, 0x0000, 0x0000, 0x0000,
    0x0000, 0x0000, 0x0000, 0x0000, 0x0000, 0x0000, 0x0000, 0x0000, 0x0000, 0x0000, 0x0000, 0x0000,
    0x0000, 0x0000, 0x0000, 0x0000, 0x0000, 0x0000, 0x0000, 0x0000, 0x0000, 0x0000, 0x0000, 0x0000,
    0x0000, 0x0000, 0x0000, 0x0000, 0x0000, 0x0000, 0x0000, 0x0000, 0x0000, 0x0000, 0x0000, 0x0000,
    0x0000, 0x0000, 0x0000, 0x0000, 0x0000, 0x0000, 0x0000, 0x0000, 0x0000, 0x0000, 0x0000, 0x0000,
    0x0000, 0x0000, 0x0000, 0x0000, 0x0000, 0x0000, 0x0000, 0x0000, 0x0000, 0x0000, 0x0000, 0x0000,
    0x0000, 0x0000, 0x0000, 0x0000, 0x0000, 0x0000, 0x0000, 0x0000, 0x0000, 0x0000, 0x0000, 0x0000,
    0x0000, 0x0000, 0x0000, 0x0000, 0x0000, 0x0000, 0x0000, 0x0000, 0x0000, 0x0000, 0x0000, 0x0000,
    0x0000, 0x0000, 0x0000, 0x0000, 0x0000, 0x0000, 0x0000, 0x0000, 0x0000, 0x0000, 0x0000, 0x0000,
    0x0000, 0x0000, 0x0000, 0x0000, 0x0000, 0x0000, 0x0000, 0x0000, 0x0000, 0x0000, 0x0000, 0x0000,
    0x0000, 0x0000, 0x0000, 0x0000, 0x0000, 0x0000, 0x0000, 0x0000, 0x0000, 0x0000, 0x0000, 0x0000,
    0x0000, 0x0000, 0x0000, 0x0000, 0x0000, 0x0000, 0x0000, 0x0000, 0x0000, 0x0000, 0x0000, 0x0000,
    0x0000, 0x0000, 0x0000, 0x0000, 0x0000, 0x0000, 0x0000, 0x0000, 0x0000, 0x0000, 0x0000, 0x0000,
    0x0000, 0x0000, 0x0000, 0x0000, 0x0000, 0x0000, 0x0000, 0x0000, 0x0000, 0x0000, 0x0000, 0x0000,
    0x0000, 0x0000, 0x0000, 0x0000, 0x0000, 0x0000, 0x0000, 0x0000, 0x0000, 0x0000, 0x0000, 0x0000,
    0x0000, 0x0000, 0x0000, 0x0000, 0x0000, 0x0000, 0x0000, 0x0000, 0x0000, 0x0000, 0x0000, 0x0000,
    0x0000, 0x0000, 0x0000, 0x0000, 0x0000, 0x0000, 0x0000, 0x0000, 0x0000, 0x0000, 0x0000, 0x0000,
    0x0000, 0x0000, 0x0000, 0x0000, 0x0000, 0x0000, 0x0000, 0x0000, 0x0000, 0x0000, 0x0000, 0x0000,
    0x0000, 0x0000, 0x0000, 0x0000, 0x0000, 0x0000, 0x0000, 0x0000, 0x0000, 0x0000, 0x0000, 0x0000,
    0x0000, 0x0000, 0x0000, 0x0000, 0x0000, 0x0000, 0x0000, 0x0000, 0x0000, 0x0000, 0x0000, 0x0000,
    0x0000, 0x0000, 0x0000, 0x0000, 0x0000, 0x0000, 0x0000, 0x0000, 0x0000, 0x0000, 0x0000, 0x0000,
    0x0000, 0x0000, 0x0000, 0x0000, 0x0000, 0x0000, 0x0000, 0x0000, 0x0000, 0x0000, 0x0000, 0x0000,
    0x0000, 0x0000, 0x0000, 0x0000, 0x0000, 0x0000, 0x0000, 0x0000, 0x0000, 0x0000, 0x0000, 0x0000,
    0x0000, 0x0000, 0x0000, 0x0000, 0x0000, 0x0000, 0x0000, 0x0000, 0x0000, 0x0000, 0x0000, 0x0000,
    0x0000, 0x0000, 0x0000, 0x0000, 0x0000, 0x0000, 0x0000, 0x0000, 0x0000, 0x0000, 0x0000, 0x0000,
    0x0000, 0x0000, 0x0000, 0x0000, 0x0000, 0x0000, 0x0000, 0x0000, 0x0000, 0x0000, 0x0000, 0x0000,
    0x0000, 0x0000, 0x0000, 0x0000, 0x0000, 0x0000, 0x0000, 0x0000, 0x0000, 0x0000, 0x0000, 0x0000,
    0x0000, 0x0000, 0x0000, 0x0000, 0x0000, 0x0000, 0x0000, 0x0000, 0x0000, 0x0000, 0x0000, 0x0000,
    0x0000, 0x0000, 0x0000, 0x0000, 0x0000, 0x0000, 0x0000, 0x0000, 0x0000, 0x0000, 0x0000, 0x0000,
    0x0000, 0x0000, 0x0000, 0x0000, 0x0000, 0x0000, 0x0000, 0x0000, 0x0000, 0x0000, 0x0000, 0x0000,
    0x0000, 0x0000, 0x0000, 0x0000, 0x0000, 0x0000, 0x0000, 0x0000, 0x0000, 0x0000, 0x0000, 0x0000,
    0x0000, 0x0000, 0x0000, 0x0000, 0x0000, 0x0000, 0x0000, 0x0000, 0x0000, 0x0000, 0x0000, 0x0000,
    0x0000, 0x0000, 0x0000, 0x0000, 0x0000, 0x0000, 0x0000, 0x0000, 0x0000, 0x0000, 0x0000, 0x0000,
    0x0000, 0x0000, 0x0000, 0x0000, 0x0000, 0x0000, 0x0000, 0x0000, 0x0000, 0x0000, 0x0000, 0x0000,
    0x0000, 0x0000, 0x0000, 0x0000, 0x0000, 0x0000, 0x0000, 0x0000, 0x0000, 0x0000, 0x0000, 0x0000,
    0x0000, 0x0000, 0x0000, 0x0000, 0x0000, 0x0000, 0x0000, 0x0000, 0x0000, 0x0000, 0x0000, 0x0000,
    0x0000, 0x0000, 0x0000, 0x0000, 0x0000, 0x0000, 0x0000, 0x0000, 0x0000, 0x0000, 0x0000, 0x0000,
    0x0000, 0x0000, 0x0000, 0x0000, 0x0000, 0x0000, 0x0000, 0x0000, 0x0000, 0x0000, 0x0000, 0x0000,
    0x0000, 0x0000, 0x0000, 0x0000, 0x0000, 0x0000, 0x0000, 0x0000, 0x0000, 0x0000, 0x0000, 0x0000,
    0x0000, 0x0000, 0x0000, 0x0000, 0x0000, 0x0000, 0x0000, 0x0000, 0x0000, 0x0000, 0x0000, 0x0000,
    0x0000, 0x0000, 0x0000, 0x0000, 0x0000, 0x0000, 0x0000, 0x0000, 0x0000, 0x0000, 0x0000, 0x0000,
    0x0000, 0x0000, 0x0000, 0x0000, 0x0000, 0x0000, 0x0000, 0x0000, 0x0000, 0x0000, 0x0000, 0x0000,
    0x0000, 0x0000, 0x0000, 0x0000, 0x0000, 0x0000, 0x0000, 0x0000, 0x0000, 0x0000, 0x0000, 0x0000,
    0x0000, 0x0000, 0x0000, 0x0000, 0x0000, 0x0000, 0x0000, 0x0000, 0x0000, 0x0000, 0x0000, 0x0000,
    0x0000, 0x0000, 0x0000, 0x0000, 0x0000, 0x0000, 0x0000, 0x0000, 0x0000, 0x0000, 0x0000, 0x0000,
    0x0000, 0x0000, 0x0000, 0x0000, 0x0000, 0x0000, 0x0000, 0x0000, 0x0000, 0x0000, 0x0000, 0x0000,
    0x0000, 0x0000, 0x0000, 0x0000, 0x0000, 0x0000, 0x0000, 0x0000, 0x0000, 0x0000, 0x0000, 0x0000,
    0x0000, 0x0000, 0x0000, 0x0000, 0x0000, 0x0000, 0x0000, 0x0000, 0x0000, 0x0000, 0x0000, 0x0000,
    0x0000, 0x0000, 0x0000, 0x0000, 0x0000, 0x0000, 0x0000, 0x0000, 0x0000, 0x0000, 0x0000, 0x0000,
    0x0000, 0x0000, 0x0000, 0x0000, 0x0000, 0x0000, 0x0000, 0x0000, 0x0000, 0x0000, 0x0000, 0x0000,
    0x0000, 0x0000, 0x0000, 0x0000, 0x0000, 0x0000, 0x0000, 0x0000, 0x0000, 0x0000, 0x0000, 0x0000,
    0x0000, 0x0000, 0x0000, 0x0000, 0x0000, 0x0000, 0x0000, 0x0000, 0x0000, 0x0000, 0x0000, 0x0000,
    0x0000, 0x0000, 0x0000, 0x0000, 0x0000, 0x0000, 0x0000, 0x0000, 0x0000, 0x0000, 0x0000, 0x0000,
    0x0000, 0x0000, 0x0000, 0x0000, 0x0000, 0x0000, 0x0000, 0x0000, 0x0000, 0x0000, 0x0000, 0x0000,
    0x0000, 0x0000, 0x0000, 0x0000, 0x0000, 0x0000, 0x0000, 0x0000, 0x0000, 0x0000, 0x0000, 0x0000,
    0x0000, 0x0000, 0x0000, 0x0000, 0x0000, 0x0000, 0x0000, 0x0000, 0x0000, 0x0000, 0x0000, 0x0000,
    0x0000, 0x0000, 0x0000, 0x0000, 0x0000, 0x0000, 0x0000, 0x0000, 0x0000, 0x0000, 0x0000, 0x0000,
    0x0000, 0x0000, 0x0000, 0x0000, 0x0000, 0x0000, 0x0000, 0x0000, 0x0000, 0x0000, 0x0000, 0x0000,
    0x0000, 0x0000, 0x0000, 0x0000, 0x0000, 0x0000, 0x0000, 0x0000, 0x0000, 0x0000, 0x0000, 0x0000,
    0x0000, 0x0000, 0x0000, 0x0000, 0x0000, 0x0000, 0x0000, 0x0000, 0x0000, 0x0000, 0x0000, 0x0000,
    0x0000, 0x0000, 0x0000, 0x0000, 0x0000, 0x0000, 0x0000, 0x0000, 0x0000, 0x0000, 0x0000, 0x0000,
    0x0000, 0x0000, 0x0000, 0x0000, 0x0000, 0x0000, 0x0000, 0x0000, 0x0000, 0x0000, 0x0000, 0x0000,
    0x0000, 0x0000, 0x0000, 0x0000, 0x0000, 0x0000, 0x0000, 0x0000, 0x0000, 0x0000, 0x0000, 0x0000,
    0x0000, 0x0000, 0x0000, 0x0000, 0x0000, 0x0000, 0x0000, 0x0000, 0x0000, 0x0000, 0x0000, 0x0000,
    0x0000, 0x0000, 0x0000, 0x0000, 0x0000, 0x0000, 0x0000, 0x0000, 0x0000, 0x0000, 0x0000, 0x0000,
    0x0000, 0x0000, 0x0000, 0x0000, 0x0000, 0x0000, 0x0000, 0x0000, 0x0000, 0x0000, 0x0000, 0x0000,
    0x0000, 0x0000, 0x0000, 0x0000, 0x0000, 0x0000, 0x0000, 0x0000, 0x0000, 0x0000, 0x0000, 0x0000,
    0x0000, 0x0000, 0x0000, 0x0000, 0x0000, 0x0000, 0x0000, 0x0000, 0x0000, 0x0000, 0x0000, 0x0000,
    0x0000, 0x0000, 0x0000, 0x0000, 0x0000, 0x0000, 0x0000, 0x0000, 0x0000, 0x0000, 0x0000, 0x0000,
    0x0000, 0x0000, 0x0000, 0x0000, 0x0000, 0x0000, 0x0000, 0x0000, 0x0000, 0x0000, 0x0000, 0x0000,
    0x0000, 0x0000, 0x0000, 0x0000, 0x0000, 0x0000, 0x0000, 0x0000, 0x0000, 0x0000, 0x0000, 0x0000,
    0x0000, 0x0000, 0x0000, 0x0000, 0x0000, 0x0000, 0x0000, 0x0000, 0x0000, 0x0000, 0x0000, 0x0000,
    0x0000, 0x0000, 0x0000, 0x0000, 0x0000, 0x0000, 0x0000, 0x0000, 0x0000, 0x0000, 0x0000, 0x0000,
    0x0000, 0x0000, 0x0000, 0x0000, 0x0000, 0x0000, 0x0000, 0x0000, 0x0000, 0x0000, 0x0000, 0x0000,
    0x0000, 0x0000, 0x0000, 0x0000, 0x0000, 0x0000, 0x0000, 0x0000, 0x0000, 0x0000, 0x0000, 0x0000,
    0x0000, 0x0000, 0x0000, 0x0000, 0x0000, 0x0000, 0x0000, 0x0000, 0x0000, 0x0000, 0x0000, 0x0000,
    0x0000, 0x0000, 0x0000, 0x0000, 0x0000, 0x0000, 0x0000, 0x0000, 0x0000, 0x0000, 0x0000, 0x0000,
    0x0000, 0x0000, 0x0000, 0x0000, 0x0000, 0x0000, 0x0000, 0x0000, 0x0000, 0x0000, 0x0000, 0x0000,
    0x0000, 0x0000, 0x0000, 0x0000, 0x0000, 0x0000, 0x0000, 0x0000, 0x0000, 0x0000, 0x0000, 0x0000,
    0x0000, 0x0000, 0x0000, 0x0000, 0x0000, 0x0000, 0x0000, 0x0000, 0x0000, 0x0000, 0x0000, 0x0000,
    0x0000, 0x0000, 0x0000, 0x0000, 0x0000, 0x0000, 0x0000, 0x0000, 0x0000, 0x0000, 0x0000, 0x0000,
    0x0000, 0x0000, 0x0000, 0x0000, 0x0000, 0x0000, 0x0000, 0x0000, 0x0000, 0x0000, 0x0000, 0x0000,
    0x0000, 0x0000, 0x0000, 0x0000, 0x0000, 0x0000, 0x0000, 0x0000, 0x0000, 0x0000, 0x0000, 0x0000,
    0x0000, 0x0000, 0x0000, 0x0000, 0x0000, 0x0000, 0x0000, 0x0000, 0x0000, 0x0000, 0x0000, 0x0000,
    0x0000, 0x0000, 0x0000, 0x0000, 0x0000, 0x0000, 0x0000, 0x0000, 0x0000, 0x0000, 0x0000, 0x0000,
    0x0000, 0x0000, 0x0000, 0x0000, 0x0000, 0x0000, 0x0000, 0x0000, 0x0000, 0x0000, 0x0000, 0x0000,
    0x0000, 0x0000, 0x0000, 0x0000, 0x0000, 0x0000, 0x0000, 0x0000, 0x0000, 0x0000, 0x0000, 0x0000,
    0x0000, 0x0000, 0x0000, 0x0000, 0x0000, 0x0000, 0x0000, 0x0000, 0x0000, 0x0000, 0x0000, 0x0000,
    0x0000, 0x0000, 0x0000, 0x0000, 0x0000, 0x0000, 0x0000, 0x0000, 0x0000, 0x0000, 0x0000, 0x0000,
    0x0000, 0x0000, 0x0000, 0x0000, 0x0000, 0x0000, 0x0000, 0x0000, 0x0000, 0x0000, 0x0000, 0x0000,
    0x0000, 0x0000, 0x0000, 0x0000, 0x0000, 0x0000, 0x0000, 0x0000, 0x0000, 0x0000, 0x0000, 0x0000,
    0x0000, 0x0000, 0x0000, 0x0000, 0x0000, 0x0000, 0x0000, 0x0000, 0x0000, 0x0000, 0x0000, 0x0000,
    0x0000, 0x0000, 0x0000, 0x0000, 0x0000, 0x0000, 0x0000, 0x0000, 0x0000, 0x0000, 0x0000, 0x0000,
    0x0000, 0x0000, 0x0000, 0x0000, 0x0000, 0x0000, 0x0000, 0x0000, 0x0000, 0x0000, 0x0000, 0x0000,
    0x0000, 0x0000, 0x0000, 0x0000, 0x0000, 0x0000, 0x0000, 0x0000, 0x0000, 0x0000, 0x0000, 0x0000,
    0x0000, 0x0000, 0x0000, 0x0000, 0x0000, 0x0000, 0x0000, 0x0000, 0x0000, 0x0000, 0x0000, 0x0000,
    0x0000, 0x0000, 0x0000, 0x0000, 0x0000, 0x0000, 0x0000, 0x0000, 0x0000, 0x0000, 0x0000, 0x0000,
    0x0000, 0x0000, 0x0000, 0x0000, 0x0000, 0x0000, 0x0000, 0x0000, 0x0000, 0x0000, 0x0000, 0x0000,
    0x0000, 0x0000, 0x0000, 0x0000, 0x0000, 0x0000, 0x0000, 0x0000, 0x0000, 0x0000, 0x0000, 0x0000,
    0x0000, 0x0000, 0x0000, 0x0000, 0x0000, 0x0000, 0x0000, 0x0000, 0x0000, 0x0000, 0x0000, 0x0000,
    0x0000, 0x0000, 0x0000, 0x0000, 0x0000, 0x0000, 0x0000, 0x0000, 0x0000, 0x0000, 0x0000, 0x0000,
    0x0000, 0x0000, 0x0000, 0x0000, 0x0000, 0x0000, 0x0000, 0x0000, 0x0000, 0x0000, 0x0000, 0x0000,
    0x0000, 0x0000, 0x0000, 0x0000, 0x0000, 0x0000, 0x0000, 0x0000, 0x0000, 0x0000, 0x0000, 0x0000,
    0x0000, 0x0000, 0x0000, 0x0000, 0x0000, 0x0000, 0x0000, 0x0000, 0x0000, 0x0000, 0x0000, 0x0000,
    0x0000, 0x0000, 0x0000, 0x0000, 0x0000, 0x0000, 0x0000, 0x0000, 0x0000, 0x0000, 0x0000, 0x0000,
    0x0000, 0x0000, 0x0000, 0x0000, 0x0000, 0x0000, 0x0000, 0x0000, 0x0000, 0x0000, 0x0000, 0x0000,
    0x0000, 0x0000, 0x0000, 0x0000, 0x0000, 0x0000, 0x0000, 0x0000, 0x0000, 0x0000, 0x0000, 0x0000,
    0x0000, 0x0000, 0x0000, 0x0000, 0x0000, 0x0000, 0x0000, 0x0000, 0x0000, 0x0000, 0x0000, 0x0000,
    0x0000, 0x0000, 0x0000, 0x0000, 0x0000, 0x0000, 0x0000, 0x0000, 0x0000, 0x0000, 0x0000, 0x0000,
    0x0000, 0x0000, 0x0000, 0x0000, 0x0000, 0x0000, 0x0000, 0x0000, 0x0000, 0x0000, 0x0000, 0x0000,
    0x0000, 0x0000, 0x0000, 0x0000, 0x0000, 0x0000, 0x0000, 0x0000, 0x0000, 0x0000, 0x0000, 0x0000,
    0x0000, 0x0000, 0x0000, 0x0000, 0x0000, 0x0000, 0x0000, 0x0000, 0x0000, 0x0000, 0x0000, 0x0000,
    0x0000, 0x0000, 0x0000, 0x0000, 0x0000, 0x0000, 0x0000, 0x0000, 0x0000, 0x0000, 0x0000, 0x0000,
    0x0000, 0x0000, 0x0000, 0x0000, 0x0000, 0x0000, 0x0000, 0x0000, 0x0000, 0x0000, 0x0000, 0x0000,
    0x0000, 0x0000, 0x0000, 0x0000, 0x0000, 0x0000, 0x0000, 0x0000, 0x0000, 0x0000, 0x0000, 0x0000,
    0x0000, 0x0000, 0x0000, 0x0000, 0x0000, 0x0000, 0x0000, 0x0000, 0x0000, 0x0000, 0x0000, 0x0000,
    0x0000, 0x0000, 0x0000, 0x0000, 0x0000, 0x0000, 0x0000, 0x0000, 0x0000, 0x0000, 0x0000, 0x0000,
    0x0000, 0x0000, 0x0000, 0x0000, 0x0000, 0x0000, 0x0000, 0x0000, 0x0000, 0x0000, 0x0000, 0x0000,
    0x0000, 0x0000, 0x0000, 0x0000, 0x0000, 0x0000, 0x0000, 0x0000, 0x0000, 0x0000, 0x0000, 0x0000,
    0x0000, 0x0000, 0x0000, 0x0000, 0x0000, 0x0000, 0x0000, 0x0000, 0x0000, 0x0000, 0x0000, 0x0000,
    0x0000, 0x0000, 0x0000, 0x0000, 0x0000, 0x0000, 0x0000, 0x0000, 0x0000, 0x0000, 0x0000, 0x0000,
    0x0000, 0x0000, 0x0000, 0x0000, 0x0000, 0x0000, 0x0000, 0x0000, 0x0000, 0x0000, 0x0000, 0x0000,
    0x0000, 0x0000, 0x0000, 0x0000, 0x0000, 0x0000, 0x0000, 0x0000, 0x0000, 0x0000, 0x0000, 0x0000,
    0x0000, 0x0000, 0x0000, 0x0000, 0x0000, 0x0000, 0x0000, 0x0000, 0x0000, 0x0000, 0x0000, 0x0000,
    0x0000, 0x0000, 0x0000, 0x0000, 0x0000, 0x0000, 0x0000, 0x0000, 0x0000, 0x0000, 0x0000, 0x0000,
    0x0000, 0x0000, 0x0000, 0x0000, 0x0000, 0x0000, 0x0000, 0x0000, 0x0000, 0x0000, 0x0000, 0x0000,
    0x0000, 0x0000, 0x0000, 0x0000, 0x0000, 0x0000, 0x0000, 0x0000, 0x0000, 0x0000, 0x0000, 0x0000,
    0x0000, 0x0000, 0x0000, 0x0000, 0x0000, 0x0000, 0x0000, 0x0000, 0x0000, 0x0000, 0x0000, 0x0000,
    0x0000, 0x0000, 0x0000, 0x0000, 0x0000, 0x0000, 0x0000, 0x0000, 0x0000, 0x0000, 0x0000, 0x0000,
    0x0000, 0x0000, 0x0000, 0x0000, 0x0000, 0x0000, 0x0000, 0x0000, 0x0000, 0x0000, 0x0000, 0x0000,
    0x0000, 0x0000, 0x0000, 0x0000, 0x0000, 0x0000, 0x0000, 0x0000, 0x0000, 0x0000, 0x0000, 0x0000,
    0x0000, 0x0000, 0x0000, 0x0000, 0x0000, 0x0000, 0x0000, 0x0000, 0x0000, 0x0000, 0x0000, 0x0000,
    0x0000, 0x0000, 0x0000, 0x0000, 0x0000, 0x0000, 0x0000, 0x0000, 0x0000, 0x0000, 0x0000, 0x0000,
    0x0000, 0x0000, 0x0000, 0x0000, 0x0000, 0x0000, 0x0000, 0x0000, 0x0000, 0x0000, 0x0000, 0x0000,
    0x0000, 0x0000, 0x0000, 0x0000, 0x0000, 0x0000, 0x0000, 0x0000, 0x0000, 0x0000, 0x0000, 0x0000,
    0x0000, 0x0000, 0x0000, 0x0000, 0x0000, 0x0000, 0x0000, 0x0000, 0x0000, 0x0000, 0x0000, 0x0000,
    0x0000, 0x0000, 0x0000, 0x0000, 0x0000, 0x0000, 0x0000, 0x0000, 0x0000, 0x0000, 0x0000, 0x0000,
    0x0000, 0x0000, 0x0000, 0x0000, 0x0000, 0x0000, 0x0000, 0x0000, 0x0000, 0x0000, 0x0000, 0x0000,
    0x0000, 0x0000, 0x0000, 0x0000, 0x0000, 0x0000, 0x0000, 0x0000, 0x0000, 0x0000, 0x0000, 0x0000,
    0x0000, 0x0000, 0x0000, 0x0000, 0x0000, 0x0000, 0x0000, 0x0000, 0x0000, 0x0000, 0x0000, 0x0000,
    0x0000, 0x0000, 0x0000, 0x0000, 0x0000, 0x0000, 0x0000, 0x0000, 0x0000, 0x0000, 0x0000, 0x0000,
    0x0000, 0x0000, 0x0000, 0x0000, 0x0000, 0x0000, 0x0000, 0x0000, 0x0000, 0x0000, 0x0000, 0x0000,
    0x0000, 0x0000, 0x0000, 0x0000, 0x0000, 0x0000, 0x0000, 0x0000, 0x0000, 0x0000, 0x0000, 0x0000,
    0x0000, 0x0000, 0x0000, 0x0000, 0x0000, 0x0000, 0x0000, 0x0000, 0x0000, 0x0000, 0x0000, 0x0000,
    0x0000, 0x0000, 0x0000, 0x0000, 0x0000, 0x0000, 0x0000, 0x0000, 0x0000, 0x0000, 0x0000, 0x0000,
    0x0000, 0x0000, 0x0000, 0x0000, 0x0000, 0x0000, 0x0000, 0x0000, 0x0000, 0x0000, 0x0000, 0x0000,
    0x0000, 0x0000, 0x0000, 0x0000, 0x0000, 0x0000, 0x0000, 0x0000, 0x0000, 0x0000, 0x0000, 0x0000,
    0x0000, 0x0000, 0x0000, 0x0000, 0x0000, 0x0000, 0x0000, 0x0000, 0x0000, 0x0000, 0x0000, 0x0000,
    0x0000, 0x0000, 0x0000, 0x0000, 0x0000, 0x0000, 0x0000, 0x0000, 0x0000, 0x0000, 0x0000, 0x0000,
    0x0000, 0x0000, 0x0000, 0x0000, 0x0000, 0x0000, 0x0000, 0x0000, 0x0000, 0x0000, 0x0000, 0x0000,
    0x0000, 0x0000, 0x0000, 0x0000, 0x0000, 0x0000, 0x0000, 0x0000, 0x0000, 0x0000, 0x0000, 0x0000,
    0x0000, 0x0000, 0x0000, 0x0000, 0x0000, 0x0000, 0x0000, 0x0000, 0x0000, 0x0000, 0x0000, 0x0000,
    0x0000, 0x0000, 0x0000, 0x0000, 0x0000, 0x0000, 0x0000, 0x0000, 0x0000, 0x0000, 0x0000, 0x0000,
    0x0000, 0x0000, 0x0000, 0x0000, 0x0000, 0x0000, 0x0000, 0x0000, 0x0000, 0x0000, 0x0000, 0x0000,
    0x0000, 0x0000, 0x0000, 0x0000, 0x0000, 0x0000, 0x0000, 0x0000, 0x0000, 0x0000, 0x0000, 0x0000,
    0x0000, 0x0000, 0x0000, 0x0000, 0x0000, 0x0000, 0x0000, 0x0000, 0x0000, 0x0000, 0x0000, 0x0000,
    0x0000, 0x0000, 0x0000, 0x0000, 0x0000, 0x0000, 0x0000, 0x0000, 0x0000, 0x0000, 0x0000, 0x0000,
    0x0000, 0x0000, 0x0000, 0x0000, 0x0000, 0x0000, 0x0000, 0x0000, 0x0000, 0x0000, 0x0000, 0x0000,
    0x0000, 0x0000, 0x0000, 0x0000, 0x0000, 0x0000, 0x0000, 0x0000, 0x0000, 0x0000, 0x0000, 0x0000,
    0x0000, 0x0000, 0x0000, 0x0000, 0x0000, 0x0000, 0x0000, 0x0000, 0x0000, 0x0000, 0x0000, 0x0000,
    0x0000, 0x0000, 0x0000, 0x0000, 0x0000, 0x0000, 0x0000, 0x0000, 0x0000, 0x0000, 0x0000, 0x0000,
    0x0000, 0x0000, 0x0000, 0x0000, 0x0000, 0x0000, 0x0000, 0x0000, 0x0000, 0x0000, 0x0000, 0x0000,
    0x0000, 0x0000, 0x0000, 0x0000, 0x0000, 0x0000, 0x0000, 0x0000, 0x0000, 0x0000, 0x0000, 0x0000,
    0x0000, 0x0000, 0x0000, 0x0000, 0x0000, 0x0000, 0x0000, 0x0000, 0x0000, 0x0000, 0x0000, 0x0000,
    0x0000, 0x0000, 0x0000, 0x0000, 0x0000, 0x0000, 0x0000, 0x0000, 0x0000, 0x0000, 0x0000, 0x0000,
    0x0000, 0x0000, 0x0000, 0x0000, 0x0000, 0x0000, 0x0000, 0x0000, 0x0000, 0x0000, 0x0000, 0x0000,
    0x0000, 0x0000, 0x0000, 0x0000, 0x0000, 0x0000, 0x0000, 0x0000, 0x0000, 0x0000, 0x0000, 0x0000,
    0x0000, 0x0000, 0x0000, 0x0000, 0x0000, 0x0000, 0x0000, 0x0000, 0x0000, 0x0000, 0x0000, 0x0000,
    0x0000, 0x0000, 0x0000, 0x0000, 0x0000, 0x0000, 0x0000, 0x0000, 0x0000, 0x0000, 0x0000, 0x0000,
    0x0000, 0x0000, 0x0000, 0x0000, 0x0000, 0x0000, 0x0000, 0x0000, 0x0000, 0x0000, 0x0000, 0x0000,
    0x0000, 0x0000, 0x0000, 0x0000, 0x0000, 0x0000, 0x0000, 0x0000, 0x0000, 0x0000, 0x0000, 0x0000,
    0x0000, 0x0000, 0x0000, 0x0000, 0x0000, 0x0000, 0x0000, 0x0000, 0x0000, 0x0000, 0x0000, 0x0000,
    0x0000, 0x0000, 0x0000, 0x0000, 0x0000, 0x0000, 0x0000, 0x0000, 0x0000, 0x0000, 0x0000, 0x0000,
    0x0000, 0x0000, 0x0000, 0x0000, 0x0000, 0x0000, 0x0000, 0x0000, 0x0000, 0x0000, 0x0000, 0x0000,
    0x0000, 0x0000, 0x0000, 0x0000, 0x0000, 0x0000, 0x0000, 0x0000, 0x0000, 0x0000, 0x0000, 0x0000,
    0x0000, 0x0000, 0x0000, 0x0000, 0x0000, 0x0000, 0x0000, 0x0000, 0x0000, 0x0000, 0x0000, 0x0000,
    0x0000, 0x0000, 0x0000, 0x0000, 0x0000, 0x0000, 0x0000, 0x0000, 0x0000, 0x0000, 0x0000, 0x0000,
};
