#pragma once

#include <Arduino.h>

constexpr int kSupaChatSplashWidth = 240;
constexpr int kSupaChatSplashHeight = 135;
const uint16_t kSupaChatSplash[] PROGMEM = {
    0x0000, 0x0000, 0x0000, 0x0000, 0x0000, 0x0000, 0x0000, 0x0000, 0x0000, 0x0000, 0x0000, 0x0000,
    0x0000, 0x0000, 0x0000, 0x0000, 0x0000, 0x0000, 0x0000, 0x0000, 0x0000, 0x0000, 0x0000, 0x0000,
    0x0000, 0x0000, 0x0000, 0x0000, 0x0000, 0x0000, 0x0000, 0x0000, 0x0000, 0x0000, 0x0000, 0x0000,
    0x0000, 0x0000, 0x0000, 0x0000, 0x0000, 0x0000, 0x0000, 0x0000, 0x0000, 0x0000, 0x0000, 0x0000,
    0x0000, 0x0000, 0x0000, 0x0000, 0x0000, 0x0000, 0x0000, 0x0000, 0x0000, 0x0000, 0x0000, 0x0000,
    0x0000, 0x0000, 0x0000, 0x0000, 0x0000, 0x0000, 0x0000, 0x0000, 0x0000, 0x0000, 0x0000, 0x0000,
    0x0000, 0x0000, 0x0000, 0x0000, 0x0000, 0x0000, 0x0000, 0x0000, 0x0000, 0x0000, 0x0000, 0x0000,
    0x0000, 0x0000, 0x0000, 0x0000, 0x0000, 0x0000, 0x0000, 0x0000, 0x0000, 0x0000, 0x0000, 0x0000,
    0x0000, 0x0000, 0x0000, 0x0000, 0x0000, 0x0000, 0x0000, 0x0000, 0x0000, 0x0000, 0x0000, 0x0000,
    0x0000, 0x0000, 0x0000, 0x0000, 0x0000, 0x0000, 0x0000, 0x0000, 0x0000, 0x0000, 0x0000, 0x0000,
    0x0000, 0x0000, 0x0000, 0x0000, 0x0000, 0x0000, 0x0000, 0x0000, 0x0000, 0x0000, 0x0000, 0x0000,
    0x0000, 0x0000, 0x0000, 0x0000, 0x0000, 0x0000, 0x0000, 0x0000, 0x0000, 0x0000, 0x0000, 0x0000,
    0x0000, 0x0000, 0x0000, 0x0000, 0x0000, 0x0000, 0x0000, 0x0000, 0x0000, 0x0000, 0x0000, 0x0000,
    0x0000, 0x0000, 0x0000, 0x0000, 0x0000, 0x0000, 0x0000, 0x0000, 0x0000, 0x0000, 0x0000, 0x0000,
    0x0000, 0x0000, 0x0000, 0x0000, 0x0000, 0x0000, 0x0000, 0x0000, 0x0000, 0x0000, 0x0000, 0x0000,
    0x0000, 0x0000, 0x0000, 0x0000, 0x0000, 0x0000, 0x0000, 0x0000, 0x0000, 0x0000, 0x0000, 0x0000,
    0x0000, 0x0000, 0x0000, 0x0000, 0x0000, 0x0000, 0x0000, 0x0000, 0x0000, 0x0000, 0x0000, 0x0000,
    0x0000, 0x0000, 0x0000, 0x0000, 0x0000, 0x0000, 0x0000, 0x0000, 0x0000, 0x0000, 0x0000, 0x0000,
    0x0000, 0x0000, 0x0000, 0x0000, 0x0000, 0x0000, 0x0000, 0x0000, 0x0000, 0x0000, 0x0000, 0x0000,
    0x0000, 0x0000, 0x0000, 0x0000, 0x0000, 0x0000, 0x0000, 0x0000, 0x0000, 0x0000, 0x0000, 0x0000,
    0x0000, 0x0000, 0x0000, 0x0000, 0x0000, 0x0000, 0x0000, 0x0000, 0x0000, 0x0000, 0x0000, 0x0000,
    0x0000, 0x0000, 0x0000, 0x0000, 0x0000, 0x0000, 0x0000, 0x0000, 0x0000, 0x0000, 0x0000, 0x0000,
    0x0000, 0x0000, 0x0000, 0x0000, 0x0000, 0x0000, 0x0000, 0x0000, 0x0000, 0x0000, 0x0000, 0x0000,
    0x0000, 0x0000, 0x0000, 0x0000, 0x0000, 0x0000, 0x0000, 0x0000, 0x0000, 0x0000, 0x0000, 0x0000,
    0x0000, 0x0000, 0x0000, 0x0000, 0x0000, 0x0000, 0x0000, 0x0000, 0x0000, 0x0000, 0x0000, 0x0000,
    0x0000, 0x0000, 0x0000, 0x0000, 0x0000, 0x0000, 0x0000, 0x0000, 0x0000, 0x0000, 0x0000, 0x0000,
    0x0000, 0x0000, 0x0000, 0x0000, 0x0000, 0x0000, 0x0000, 0x0000, 0x0000, 0x0000, 0x0000, 0x0000,
    0x0000, 0x0000, 0x0000, 0x0000, 0x0000, 0x0000, 0x0000, 0x0000, 0x0000, 0x0000, 0x0000, 0x0000,
    0x0000, 0x0000, 0x0000, 0x0000, 0x0000, 0x0000, 0x0000, 0x0000, 0x0000, 0x0000, 0x0000, 0x0000,
    0x0000, 0x0000, 0x0000, 0x0000, 0x0000, 0x0000, 0x0000, 0x0000, 0x0000, 0x0000, 0x0000, 0x0000,
    0x0000, 0x0000, 0x0000, 0x0000, 0x0000, 0x0000, 0x0000, 0x0000, 0x0000, 0x0000, 0x0000, 0x0000,
    0x0000, 0x0000, 0x0000, 0x0000, 0x0000, 0x0000, 0x0000, 0x0000, 0x0000, 0x0000, 0x0000, 0x0000,
    0x0000, 0x0000, 0x0000, 0x0000, 0x0000, 0x0000, 0x0000, 0x0000, 0x0000, 0x0000, 0x0000, 0x0000,
    0x0000, 0x0000, 0x0000, 0x0000, 0x0000, 0x0000, 0x0000, 0x0000, 0x0000, 0x0000, 0x0000, 0x0000,
    0x0000, 0x0000, 0x0000, 0x0000, 0x0000, 0x0000, 0x0000, 0x0000, 0x0000, 0x0000, 0x0000, 0x0000,
    0x0000, 0x0000, 0x0000, 0x0000, 0x0000, 0x0000, 0x0000, 0x0000, 0x0000, 0x0000, 0x0000, 0x0000,
    0x0000, 0x0000, 0x0000, 0x0000, 0x0000, 0x0000, 0x0000, 0x0000, 0x0000, 0x0000, 0x0000, 0x0000,
    0x0000, 0x0000, 0x0000, 0x0000, 0x0000, 0x0000, 0x0000, 0x0000, 0x0000, 0x0000, 0x0000, 0x0000,
    0x0000, 0x0000, 0x0000, 0x0000, 0x0000, 0x0000, 0x0000, 0x0000, 0x0000, 0x0000, 0x0000, 0x0000,
    0x0000, 0x0000, 0x0000, 0x0000, 0x0000, 0x0000, 0x0000, 0x0000, 0x0000, 0x0000, 0x0000, 0x0000,
    0x0000, 0x0000, 0x0000, 0x0000, 0x0000, 0x0000, 0x0000, 0x0000, 0x0000, 0x0000, 0x0000, 0x0000,
    0x0000, 0x0000, 0x0000, 0x0000, 0x0000, 0x0000, 0x0000, 0x0000, 0x0000, 0x0000, 0x0000, 0x0000,
    0x0000, 0x0000, 0x0000, 0x0000, 0x0000, 0x0000, 0x0000, 0x0000, 0x0000, 0x0000, 0x0000, 0x0000,
    0x0000, 0x0000, 0x0000, 0x0000, 0x0000, 0x0000, 0x0000, 0x0000, 0x0000, 0x0000, 0x0000, 0x0000,
    0x0000, 0x0000, 0x0000, 0x0000, 0x0000, 0x0000, 0x0000, 0x0000, 0x0000, 0x0000, 0x0000, 0x0000,
    0x0000, 0x0000, 0x0000, 0x0000, 0x0000, 0x0000, 0x0000, 0x0000, 0x0000, 0x0000, 0x0000, 0x0000,
    0x0000, 0x0000, 0x0000, 0x0000, 0x0000, 0x0000, 0x0000, 0x0000, 0x0000, 0x0000, 0x0000, 0x0000,
    0x0000, 0x0000, 0x0000, 0x0000, 0x0000, 0x0000, 0x0000, 0x0000, 0x0000, 0x0000, 0x0000, 0x0000,
    0x0000, 0x0000, 0x0000, 0x0000, 0x0000, 0x0000, 0x0000, 0x0000, 0x0000, 0x0000, 0x0000, 0x0000,
    0x0000, 0x0000, 0x0000, 0x0000, 0x0000, 0x0000, 0x0000, 0x0000, 0x0000, 0x0000, 0x0000, 0x0000,
    0x0000, 0x0000, 0x0000, 0x0000, 0x0000, 0x0000, 0x0000, 0x0000, 0x0000, 0x0000, 0x0000, 0x0000,
    0x0000, 0x0000, 0x0000, 0x0000, 0x0000, 0x0000, 0x0000, 0x0000, 0x0000, 0x0000, 0x0000, 0x0000,
    0x0000, 0x0000, 0x0000, 0x0000, 0x0000, 0x0000, 0x0000, 0x0000, 0x0000, 0x0000, 0x0000, 0x0000,
    0x0000, 0x0000, 0x0000, 0x0000, 0x0000, 0x0000, 0x0000, 0x0000, 0x0000, 0x0000, 0x0000, 0x0000,
    0x0000, 0x0000, 0x0000, 0x0000, 0x0000, 0x0000, 0x0000, 0x0000, 0x0000, 0x0000, 0x0000, 0x0000,
    0x0000, 0x0000, 0x0000, 0x0000, 0x0000, 0x0000, 0x0000, 0x0000, 0x0000, 0x0000, 0x0000, 0x0000,
    0x0000, 0x0000, 0x0000, 0x0000, 0x0000, 0x0000, 0x0000, 0x0000, 0x0000, 0x0000, 0x0000, 0x0000,
    0x0000, 0x0000, 0x0000, 0x0000, 0x0000, 0x0000, 0x0000, 0x0000, 0x0000, 0x0000, 0x0000, 0x0000,
    0x0000, 0x0000, 0x0000, 0x0000, 0x0000, 0x0000, 0x0000, 0x0000, 0x0000, 0x0000, 0x0000, 0x0000,
    0x0000, 0x0000, 0x0000, 0x0000, 0x0000, 0x0000, 0x0000, 0x0000, 0x0000, 0x0000, 0x0000, 0x0000,
    0x0000, 0x0000, 0x0000, 0x0000, 0x0000, 0x0000, 0x0000, 0x0000, 0x0000, 0x0000, 0x0000, 0x0000,
    0x0000, 0x0000, 0x0000, 0x0000, 0x0000, 0x0000, 0x0000, 0x0000, 0x0000, 0x0000, 0x0000, 0x0000,
    0x0000, 0x0000, 0x0000, 0x0000, 0x0000, 0x0000, 0x0000, 0x0000, 0x0000, 0x0000, 0x0000, 0x0000,
    0x0000, 0x0000, 0x0000, 0x0000, 0x0000, 0x0000, 0x0000, 0x0000, 0x0000, 0x0000, 0x0000, 0x0000,
    0x0000, 0x0000, 0x0000, 0x0000, 0x0000, 0x0000, 0x0000, 0x0000, 0x0000, 0x0000, 0x0000, 0x0000,
    0x0000, 0x0000, 0x0000, 0x0000, 0x0000, 0x0000, 0x0000, 0x0000, 0x0000, 0x0000, 0x0000, 0x0000,
    0x0000, 0x0000, 0x0000, 0x0000, 0x0000, 0x0000, 0x0000, 0x0000, 0x0000, 0x0000, 0x0000, 0x0000,
    0x0000, 0x0000, 0x0000, 0x0000, 0x0000, 0x0000, 0x0000, 0x0000, 0x0000, 0x0000, 0x0000, 0x0000,
    0x0000, 0x0000, 0x0000, 0x0000, 0x0000, 0x0000, 0x0000, 0x0000, 0x0000, 0x0000, 0x0000, 0x0000,
    0x0000, 0x0000, 0x0000, 0x0000, 0x0000, 0x0000, 0x0000, 0x0000, 0x0000, 0x0000, 0x0000, 0x0000,
    0x0000, 0x0000, 0x0000, 0x0000, 0x0000, 0x0000, 0x0000, 0x0000, 0x0000, 0x0000, 0x0000, 0x0000,
    0x0000, 0x0000, 0x0000, 0x0000, 0x0000, 0x0000, 0x0000, 0x0000, 0x0000, 0x0000, 0x0000, 0x0000,
    0x0000, 0x0000, 0x0000, 0x0000, 0x0000, 0x0000, 0x0000, 0x0000, 0x0000, 0x0000, 0x0000, 0x0000,
    0x0000, 0x0000, 0x0000, 0x0000, 0x0000, 0x0000, 0x0000, 0x0000, 0x0000, 0x0000, 0x0000, 0x0000,
    0x0000, 0x0000, 0x0000, 0x0000, 0x0000, 0x0000, 0x0000, 0x0000, 0x0000, 0x0000, 0x0000, 0x0000,
    0x0000, 0x0000, 0x0000, 0x0000, 0x0000, 0x0000, 0x0000, 0x0000, 0x0000, 0x0000, 0x0000, 0x0000,
    0x0000, 0x0000, 0x0000, 0x0000, 0x0000, 0x0000, 0x0000, 0x0000, 0x0000, 0x0000, 0x0000, 0x0000,
    0x0000, 0x0000, 0x0000, 0x0000, 0x0000, 0x0000, 0x0000, 0x0000, 0x0000, 0x0000, 0x0000, 0x0000,
    0x0000, 0x0000, 0x0000, 0x0000, 0x0000, 0x0000, 0x0000, 0x0000, 0x0000, 0x0000, 0x0000, 0x0000,
    0x0000, 0x0000, 0x0000, 0x0000, 0x0000, 0x0000, 0x0000, 0x0000, 0x0000, 0x0000, 0x0000, 0x0000,
    0x0000, 0x0000, 0x0000, 0x0000, 0x0000, 0x0000, 0x0000, 0x0000, 0x0000, 0x0000, 0x0000, 0x0000,
    0x0000, 0x0000, 0x0000, 0x0000, 0x0000, 0x0000, 0x0000, 0x0000, 0x0000, 0x0000, 0x0000, 0x0000,
    0x0000, 0x0000, 0x0000, 0x0000, 0x0000, 0x0000, 0x0000, 0x0000, 0x0000, 0x0000, 0x0000, 0x0000,
    0x0000, 0x0000, 0x0000, 0x0000, 0x0000, 0x0000, 0x0000, 0x0000, 0x0000, 0x0000, 0x0000, 0x0000,
    0x0000, 0x0000, 0x0000, 0x0000, 0x0000, 0x0000, 0x0000, 0x0000, 0x0000, 0x0000, 0x0000, 0x0000,
    0x0000, 0x0000, 0x0000, 0x0000, 0x0000, 0x0000, 0x0000, 0x0000, 0x0000, 0x0000, 0x0000, 0x0000,
    0x0000, 0x0000, 0x0000, 0x0000, 0x0000, 0x0000, 0x0000, 0x0000, 0x0000, 0x0000, 0x0000, 0x0000,
    0x0000, 0x0000, 0x0000, 0x0000, 0x0000, 0x0000, 0x0000, 0x0000, 0x0000, 0x0000, 0x0000, 0x0000,
    0x0000, 0x0000, 0x0000, 0x0000, 0x0000, 0x0000, 0x0000, 0x0000, 0x0000, 0x0000, 0x0000, 0x0000,
    0x0000, 0x0000, 0x0000, 0x0000, 0x0000, 0x0000, 0x0000, 0x0000, 0x0000, 0x0000, 0x0000, 0x0000,
    0x0000, 0x0000, 0x0000, 0x0000, 0x0000, 0x0000, 0x0000, 0x0000, 0x0000, 0x0000, 0x0000, 0x0000,
    0x0000, 0x0000, 0x0000, 0x0000, 0x0000, 0x0000, 0x0000, 0x0000, 0x0000, 0x0000, 0x0000, 0x0000,
    0x0000, 0x0000, 0x0000, 0x0000, 0x0000, 0x0000, 0x0000, 0x0000, 0x0000, 0x0000, 0x0000, 0x0000,
    0x0000, 0x0000, 0x0000, 0x0000, 0x0000, 0x0000, 0x0000, 0x0000, 0x0000, 0x0000, 0x0000, 0x0000,
    0x0000, 0x0000, 0x0000, 0x0000, 0x0000, 0x0000, 0x0000, 0x0000, 0x0000, 0x0000, 0x0000, 0x0000,
    0x0000, 0x0000, 0x0000, 0x0000, 0x0000, 0x0000, 0x0000, 0x0000, 0x0000, 0x0000, 0x0000, 0x0000,
    0x0000, 0x0000, 0x0000, 0x0000, 0x0000, 0x0000, 0x0000, 0x0000, 0x0000, 0x0000, 0x0000, 0x0000,
    0x0000, 0x0000, 0x0000, 0x0000, 0x0000, 0x0000, 0x0000, 0x0000, 0x0000, 0x0000, 0x0000, 0x0000,
    0x0000, 0x0000, 0x0000, 0x0000, 0x0000, 0x0000, 0x0000, 0x0000, 0x0000, 0x0000, 0x0000, 0x0000,
    0x0000, 0x0000, 0x0000, 0x0000, 0x0000, 0x0000, 0x0000, 0x0000, 0x0000, 0x0000, 0x0000, 0x0000,
    0x0000, 0x0000, 0x0000, 0x0000, 0x0000, 0x0000, 0x0000, 0x0000, 0x0000, 0x0000, 0x0000, 0x0000,
    0x0000, 0x0000, 0x0000, 0x0000, 0x0000, 0x0000, 0x0000, 0x0000, 0x0000, 0x0000, 0x0000, 0x0000,
    0x0000, 0x0000, 0x0000, 0x0000, 0x0000, 0x0000, 0x0000, 0x0000, 0x0000, 0x0000, 0x0000, 0x0000,
    0x0000, 0x0000, 0x0000, 0x0000, 0x0000, 0x0000, 0x0000, 0x0000, 0x0000, 0x0000, 0x0000, 0x0000,
    0x0000, 0x0000, 0x0000, 0x0000, 0x0000, 0x0000, 0x0000, 0x0000, 0x0000, 0x0000, 0x0000, 0x0000,
    0x0000, 0x0000, 0x0000, 0x0000, 0x0000, 0x0000, 0x0000, 0x0000, 0x0000, 0x0000, 0x0000, 0x0000,
    0x0000, 0x0000, 0x0000, 0x0000, 0x0000, 0x0000, 0x0000, 0x0000, 0x0000, 0x0000, 0x0000, 0x0000,
    0x0000, 0x0000, 0x0000, 0x0000, 0x0000, 0x0000, 0x0000, 0x0000, 0x0000, 0x0000, 0x0000, 0x0000,
    0x0000, 0x0000, 0x0000, 0x0000, 0x0000, 0x0000, 0x0000, 0x0000, 0x0000, 0x0000, 0x0000, 0x0000,
    0x0000, 0x0000, 0x0000, 0x0000, 0x0000, 0x0000, 0x0000, 0x0000, 0x0000, 0x0000, 0x0000, 0x0000,
    0x0000, 0x0000, 0x0000, 0x0000, 0x0000, 0x0000, 0x0000, 0x0000, 0x0000, 0x0000, 0x0000, 0x0000,
    0x0000, 0x0000, 0x0000, 0x0000, 0x0000, 0x0000, 0x0000, 0x0000, 0x0000, 0x0000, 0x0000, 0x0000,
    0x0000, 0x0000, 0x0000, 0x0000, 0x0000, 0x0000, 0x0000, 0x0000, 0x0000, 0x0000, 0x0000, 0x0000,
    0x0000, 0x0000, 0x0000, 0x0000, 0x0000, 0x0000, 0x0000, 0x0000, 0x0000, 0x0000, 0x0000, 0x0000,
    0x0000, 0x0000, 0x0000, 0x0000, 0x0000, 0x0000, 0x0000, 0x0000, 0x0000, 0x0000, 0x0000, 0x0000,
    0x0000, 0x0000, 0x0000, 0x0000, 0x0000, 0x0000, 0x0000, 0x0000, 0x0000, 0x0000, 0x0000, 0x0000,
    0x0000, 0x0000, 0x0000, 0x0000, 0x0000, 0x0000, 0x0000, 0x0000, 0x0000, 0x0000, 0x0000, 0x0000,
    0x0000, 0x0000, 0x0000, 0x0000, 0x0000, 0x0000, 0x0000, 0x0000, 0x0000, 0x0000, 0x0000, 0x0000,
    0x0000, 0x0000, 0x0000, 0x0000, 0x0000, 0x0000, 0x0000, 0x0000, 0x0000, 0x0000, 0x0000, 0x0000,
    0x0000, 0x0000, 0x0000, 0x0000, 0x0000, 0x0000, 0x0000, 0x0000, 0x0000, 0x0000, 0x0000, 0x0000,
    0x0000, 0x0000, 0x0000, 0x0000, 0x0000, 0x0000, 0x0000, 0x0000, 0x0000, 0x0000, 0x0000, 0x0000,
    0x0000, 0x0000, 0x0000, 0x0000, 0x0000, 0x0000, 0x0000, 0x0000, 0x0000, 0x0000, 0x0000, 0x0000,
    0x0000, 0x0000, 0x0000, 0x0000, 0x0000, 0x0000, 0x0000, 0x0000, 0x0000, 0x0000, 0x0000, 0x0000,
    0x0000, 0x0000, 0x0000, 0x0000, 0x0000, 0x0000, 0x0000, 0x0000, 0x0000, 0x0000, 0x0000, 0x0000,
    0x0000, 0x0000, 0x0000, 0x0000, 0x0000, 0x0000, 0x0000, 0x0000, 0x0000, 0x0000, 0x0000, 0x0000,
    0x0000, 0x0000, 0x0000, 0x0000, 0x0000, 0x0000, 0x0000, 0x0000, 0x0000, 0x0000, 0x0000, 0x0000,
    0x0000, 0x0000, 0x0000, 0x0000, 0x0000, 0x0000, 0x0000, 0x0000, 0x0000, 0x0000, 0x0000, 0x0000,
    0x0000, 0x0000, 0x0000, 0x0000, 0x0000, 0x0000, 0x0000, 0x0000, 0x0000, 0x0000, 0x0000, 0x0000,
    0x0000, 0x0000, 0x0000, 0x0000, 0x0000, 0x0000, 0x0000, 0x0000, 0x0000, 0x0000, 0x0000, 0x0000,
    0x0000, 0x0000, 0x0000, 0x0000, 0x0000, 0x0000, 0x0000, 0x0000, 0x0000, 0x0000, 0x0000, 0x0000,
    0x0000, 0x0000, 0x0000, 0x0000, 0x0000, 0x0000, 0x0000, 0x0000, 0x0000, 0x0000, 0x0000, 0x0000,
    0x0000, 0x0000, 0x0000, 0x0000, 0x0000, 0x0000, 0x0000, 0x0000, 0x0000, 0x0000, 0x0000, 0x0000,
    0x0000, 0x0000, 0x0000, 0x0000, 0x0000, 0x0000, 0x0000, 0x0000, 0x0000, 0x0000, 0x0000, 0x0000,
    0x0000, 0x0000, 0x0000, 0x0000, 0x0000, 0x0000, 0x0000, 0x0000, 0x0000, 0x0000, 0x0000, 0x0000,
    0x0000, 0x0000, 0x0000, 0x0000, 0x0000, 0x0000, 0x0000, 0x0000, 0x0000, 0x0000, 0x0000, 0x0000,
    0x0000, 0x0000, 0x0000, 0x0000, 0x0000, 0x0000, 0x0000, 0x0000, 0x0000, 0x0000, 0x0000, 0x0000,
    0x0000, 0x0000, 0x0000, 0x0000, 0x0000, 0x0000, 0x0000, 0x0000, 0x0000, 0x0000, 0x0000, 0x0000,
    0x0000, 0x0000, 0x0000, 0x0000, 0x0000, 0x0000, 0x0000, 0x0000, 0x0000, 0x0000, 0x0000, 0x0000,
    0x0000, 0x0000, 0x0000, 0x0000, 0x0000, 0x0000, 0x0000, 0x0000, 0x0000, 0x0000, 0x0000, 0x0000,
    0x0000, 0x0000, 0x0000, 0x0000, 0x0000, 0x0000, 0x0000, 0x0000, 0x0000, 0x0000, 0x0000, 0x0000,
    0x0000, 0x0000, 0x0000, 0x0000, 0x0000, 0x0000, 0x0000, 0x0000, 0x0000, 0x0000, 0x0000, 0x0000,
    0x0000, 0x0000, 0x0000, 0x0000, 0x0000, 0x0000, 0x0000, 0x0000, 0x0000, 0x0000, 0x0000, 0x0000,
    0x0000, 0x0000, 0x0000, 0x0000, 0x0000, 0x0000, 0x0000, 0x0000, 0x0000, 0x0000, 0x0000, 0x0000,
    0x0000, 0x0000, 0x0000, 0x0000, 0x0000, 0x0000, 0x0000, 0x0000, 0x0000, 0x0000, 0x0000, 0x0000,
    0x0000, 0x0000, 0x0000, 0x0000, 0x0000, 0x0000, 0x0000, 0x0000, 0x0000, 0x0000, 0x0000, 0x0000,
    0x0000, 0x0000, 0x0000, 0x0000, 0x0000, 0x0000, 0x0000, 0x0000, 0x0000, 0x0000, 0x0000, 0x0000,
    0x0000, 0x0000, 0x0000, 0x0000, 0x0000, 0x0000, 0x0000, 0x0000, 0x0000, 0x0000, 0x0000, 0x0000,
    0x0000, 0x0000, 0x0000, 0x0000, 0x0000, 0x0000, 0x0000, 0x0000, 0x0000, 0x0000, 0x0000, 0x0000,
    0x0000, 0x0000, 0x0000, 0x0000, 0x0000, 0x0000, 0x0000, 0x0000, 0x0000, 0x0000, 0x0000, 0x0000,
    0x0000, 0x0000, 0x0000, 0x0000, 0x0000, 0x0000, 0x0000, 0x0000, 0x0000, 0x0000, 0x0000, 0x0000,
    0x0000, 0x0000, 0x0000, 0x0000, 0x0000, 0x0000, 0x0000, 0x0000, 0x0000, 0x0000, 0x0000, 0x0000,
    0x0000, 0x0000, 0x0000, 0x0000, 0x0000, 0x0000, 0x0000, 0x0000, 0x0000, 0x0000, 0x0000, 0x0000,
    0x0000, 0x0000, 0x0000, 0x0000, 0x0000, 0x0000, 0x0000, 0x0000, 0x0000, 0x0000, 0x0000, 0x0000,
    0x0000, 0x0000, 0x0000, 0x0000, 0x0000, 0x0000, 0x0000, 0x0000, 0x0000, 0x0000, 0x0000, 0x0000,
    0x0000, 0x0000, 0x0000, 0x0000, 0x0000, 0x0000, 0x0000, 0x0000, 0x0000, 0x0000, 0x0000, 0x0000,
    0x0000, 0x0000, 0x0000, 0x0000, 0x0000, 0x0000, 0x0000, 0x0000, 0x0000, 0x0000, 0x0000, 0x0000,
    0x0000, 0x0000, 0x0000, 0x0000, 0x0000, 0x0000, 0x0000, 0x0000, 0x0000, 0x0000, 0x0000, 0x0000,
    0x0000, 0x0000, 0x0000, 0x0000, 0x0000, 0x0000, 0x0000, 0x0000, 0x0000, 0x0000, 0x0000, 0x0000,
    0x0000, 0x0000, 0x0000, 0x0000, 0x0000, 0x0000, 0x0000, 0x0000, 0x0000, 0x0000, 0x0000, 0x0000,
    0x0000, 0x0000, 0x0000, 0x0000, 0x0000, 0x0000, 0x0000, 0x0000, 0x0000, 0x0000, 0x0000, 0x0000,
    0x0000, 0x0000, 0x0000, 0x0000, 0x0000, 0x0000, 0x0000, 0x0000, 0x0000, 0x0000, 0x0000, 0x0000,
    0x0000, 0x0000, 0x0000, 0x0000, 0x0000, 0x0000, 0x0000, 0x0000, 0x0000, 0x0000, 0x0000, 0x0000,
    0x0000, 0x0000, 0x0000, 0x0000, 0x0000, 0x0000, 0x0000, 0x0000, 0x0000, 0x0000, 0x0000, 0x0000,
    0x0000, 0x0000, 0x0000, 0x0000, 0x0000, 0x0000, 0x0000, 0x0000, 0x0000, 0x0000, 0x0000, 0x0000,
    0x0000, 0x0000, 0x0000, 0x0000, 0x0000, 0x0000, 0x0000, 0x0000, 0x0000, 0x0000, 0x0000, 0x0000,
    0x0000, 0x0000, 0x0000, 0x0000, 0x0000, 0x0000, 0x0000, 0x0000, 0x0000, 0x0000, 0x0000, 0x0000,
    0x0000, 0x0000, 0x0000, 0x0000, 0x0000, 0x0000, 0x0000, 0x0000, 0x0000, 0x0000, 0x0000, 0x0000,
    0x0000, 0x0000, 0x0000, 0x0000, 0x0000, 0x0000, 0x0000, 0x0000, 0x0000, 0x0000, 0x0000, 0x0000,
    0x0000, 0x0000, 0x0000, 0x0000, 0x0000, 0x0000, 0x0000, 0x0000, 0x0000, 0x0000, 0x0000, 0x0000,
    0x0000, 0x0000, 0x0000, 0x0000, 0x0000, 0x0000, 0x0000, 0x0000, 0x0000, 0x0000, 0x0000, 0x0000,
    0x0000, 0x0000, 0x0000, 0x0000, 0x0000, 0x0000, 0x0000, 0x0000, 0x0000, 0x0000, 0x0000, 0x0000,
    0x0000, 0x0000, 0x0000, 0x0000, 0x0000, 0x0000, 0x0000, 0x0000, 0x0000, 0x0000, 0x0000, 0x0000,
    0x0000, 0x0000, 0x0000, 0x0000, 0x0000, 0x0000, 0x0000, 0x0000, 0x0000, 0x0000, 0x0000, 0x0000,
    0x0000, 0x0000, 0x0000, 0x0000, 0x0000, 0x0000, 0x0000, 0x0000, 0x0000, 0x0000, 0x0000, 0x0000,
    0x0000, 0x0000, 0x0000, 0x0000, 0x0000, 0x0000, 0x0000, 0x0000, 0x0000, 0x0000, 0x0000, 0x0000,
    0x0000, 0x0000, 0x0000, 0x0000, 0x0000, 0x0000, 0x0000, 0x0000, 0x0000, 0x0000, 0x0000, 0x0000,
    0x0000, 0x0000, 0x0000, 0x0000, 0x0000, 0x0000, 0x0000, 0x0000, 0x0000, 0x0000, 0x0000, 0x0000,
    0x0000, 0x0000, 0x0000, 0x0000, 0x0000, 0x0000, 0x0000, 0x0000, 0x0000, 0x0000, 0x0000, 0x0000,
    0x0000, 0x0000, 0x0000, 0x0000, 0x0000, 0x0000, 0x0000, 0x0000, 0x0000, 0x0000, 0x0000, 0x0000,
    0x0000, 0x0000, 0x0000, 0x0000, 0x0000, 0x0000, 0x0000, 0x0000, 0x0000, 0x0000, 0x0000, 0x0000,
    0x0000, 0x0000, 0x0000, 0x0000, 0x0000, 0x0000, 0x0000, 0x0000, 0x0000, 0x0000, 0x0000, 0x0000,
    0x0000, 0x0000, 0x0000, 0x0000, 0x0000, 0x0000, 0x0000, 0x0000, 0x0000, 0x0000, 0x0000, 0x0000,
    0x0000, 0x0000, 0x0000, 0x0000, 0x0000, 0x0000, 0x0000, 0x0000, 0x0000, 0x0000, 0x0000, 0x0000,
    0x0000, 0x0000, 0x0000, 0x0000, 0x0000, 0x0000, 0x0000, 0x0000, 0x0000, 0x0000, 0x0000, 0x0000,
    0x0000, 0x0000, 0x0000, 0x0000, 0x0000, 0x0000, 0x0000, 0x0000, 0x0000, 0x0000, 0x0000, 0x0000,
    0x0000, 0x0000, 0x0000, 0x0000, 0x0000, 0x0000, 0x0000, 0x0000, 0x0000, 0x0000, 0x0000, 0x0000,
    0x0000, 0x0000, 0x0000, 0x0000, 0x0000, 0x0000, 0x0000, 0x0000, 0x0000, 0x0000, 0x0000, 0x0000,
    0x0000, 0x0000, 0x0000, 0x0000, 0x0000, 0x0000, 0x0000, 0x0000, 0x0000, 0x0000, 0x0000, 0x0000,
    0x0000, 0x0000, 0x0000, 0x0000, 0x0000, 0x0000, 0x0000, 0x0000, 0x0000, 0x0000, 0x0000, 0x0000,
    0x0000, 0x0000, 0x0000, 0x0000, 0x0000, 0x0000, 0x0000, 0x0000, 0x0000, 0x0000, 0x0000, 0x0000,
    0x0000, 0x0000, 0x0000, 0x0000, 0x0000, 0x0000, 0x0000, 0x0000, 0x0000, 0x0000, 0x0000, 0x0000,
    0x0000, 0x0000, 0x0000, 0x0000, 0x0000, 0x0000, 0x0000, 0x0000, 0x0000, 0x0000, 0x0000, 0x0000,
    0x0000, 0x0000, 0x0000, 0x0000, 0x0000, 0x0000, 0x0000, 0x0000, 0x0000, 0x0000, 0x0000, 0x0000,
    0x0000, 0x0000, 0x0000, 0x0000, 0x0000, 0x0000, 0x0000, 0x0000, 0x0000, 0x0000, 0x0000, 0x0000,
    0x0000, 0x0000, 0x0000, 0x0000, 0x0000, 0x0000, 0x0000, 0x0000, 0x0000, 0x0000, 0x0000, 0x0000,
    0x0000, 0x0000, 0x0000, 0x0000, 0x0000, 0x0000, 0x0000, 0x0000, 0x0000, 0x0000, 0x0000, 0x0000,
    0x0000, 0x0000, 0x0000, 0x0000, 0x0000, 0x0000, 0x0000, 0x0000, 0x0000, 0x0000, 0x0000, 0x0000,
    0x0000, 0x0000, 0x0000, 0x0000, 0x0000, 0x0000, 0x0000, 0x0000, 0x0000, 0x0000, 0x0000, 0x0000,
    0x0000, 0x0000, 0x0000, 0x0000, 0x0000, 0x0000, 0x0000, 0x0000, 0x0000, 0x0000, 0x0000, 0x0000,
    0x0000, 0x0000, 0x0000, 0x0000, 0x0000, 0x0000, 0x0000, 0x0000, 0x0000, 0x0000, 0x0000, 0x0000,
    0x0000, 0x0000, 0x0000, 0x0000, 0x0000, 0x0000, 0x0000, 0x0000, 0x0000, 0x0000, 0x0000, 0x0000,
    0x0000, 0x0000, 0x0000, 0x0000, 0x0000, 0x0000, 0x0000, 0x0000, 0x0000, 0x0000, 0x0000, 0x0000,
    0x0000, 0x0000, 0x0000, 0x0000, 0x0000, 0x0000, 0x0000, 0x0000, 0x0000, 0x0000, 0x0000, 0x0000,
    0x0000, 0x0000, 0x0000, 0x0000, 0x0000, 0x0000, 0x0000, 0x0000, 0x0000, 0x0000, 0x0000, 0x0000,
    0x0000, 0x0000, 0x0000, 0x0000, 0x0000, 0x0000, 0x0000, 0x0000, 0x0000, 0x0000, 0x0000, 0x0000,
    0x0000, 0x0000, 0x0000, 0x0000, 0x0000, 0x0000, 0x0000, 0x0000, 0x0000, 0x0000, 0x0000, 0x0000,
    0x0000, 0x0000, 0x0000, 0x0000, 0x0000, 0x0000, 0x0000, 0x0000, 0x0000, 0x0000, 0x0000, 0x0000,
    0x0000, 0x0000, 0x0000, 0x0000, 0x0000, 0x0000, 0x0000, 0x0000, 0x0000, 0x0000, 0x0000, 0x0000,
    0x0000, 0x0000, 0x0000, 0x0000, 0x0000, 0x0000, 0x0000, 0x0000, 0x0000, 0x0000, 0x0000, 0x0000,
    0x0000, 0x0000, 0x0000, 0x0000, 0x0000, 0x0000, 0x0000, 0x0000, 0x0000, 0x0000, 0x0000, 0x0000,
    0x0000, 0x0000, 0x0000, 0x0000, 0x0000, 0x0000, 0x0000, 0x0000, 0x0000, 0x0000, 0x0000, 0x0000,
    0x0000, 0x0000, 0x0000, 0x0000, 0x0000, 0x0000, 0x0000, 0x0000, 0x0000, 0x0000, 0x0000, 0x0000,
    0x0000, 0x0000, 0x0000, 0x0000, 0x0000, 0x0000, 0x0000, 0x0000, 0x0000, 0x0000, 0x0000, 0x0000,
    0x0000, 0x0000, 0x0000, 0x0000, 0x0000, 0x0000, 0x0000, 0x0000, 0x0000, 0x0000, 0x0000, 0x0000,
    0x0000, 0x0000, 0x0000, 0x0000, 0x0000, 0x0000, 0x0000, 0x0000, 0x0000, 0x0000, 0x0000, 0x0000,
    0x0000, 0x0000, 0x0000, 0x0000, 0x0000, 0x0000, 0x0000, 0x0000, 0x0000, 0x0000, 0x0000, 0x0000,
    0x0000, 0x0000, 0x0000, 0x0000, 0x0000, 0x0000, 0x0000, 0x0000, 0x0000, 0x0000, 0x0000, 0x0000,
    0x0000, 0x0000, 0x0000, 0x0000, 0x0000, 0x0000, 0x0000, 0x0000, 0x0000, 0x0000, 0x0000, 0x0000,
    0x0000, 0x0000, 0x0000, 0x0000, 0x0000, 0x0000, 0x0000, 0x0000, 0x0000, 0x0000, 0x0000, 0x0000,
    0x0000, 0x0000, 0x0000, 0x0000, 0x0000, 0x0000, 0x0000, 0x0000, 0x0000, 0x0000, 0x0000, 0x0000,
    0x0000, 0x0000, 0x0000, 0x0000, 0x0000, 0x0000, 0x0000, 0x0000, 0x0000, 0x0000, 0x0000, 0x0000,
    0x0000, 0x0000, 0x0000, 0x0000, 0x0000, 0x0000, 0x0000, 0x0000, 0x0000, 0x0000, 0x0000, 0x0000,
    0x0000, 0x0000, 0x0000, 0x0000, 0x0000, 0x0000, 0x0000, 0x0000, 0x0000, 0x0000, 0x0000, 0x0000,
    0x0000, 0x0000, 0x0000, 0x0000, 0x0000, 0x0000, 0x0000, 0x0000, 0x0000, 0x0000, 0x0000, 0x0000,
    0x0000, 0x0000, 0x0000, 0x0000, 0x0000, 0x0000, 0x0000, 0x0000, 0x0000, 0x0000, 0x0000, 0x0000,
    0x0000, 0x0000, 0x0000, 0x0000, 0x0000, 0x0000, 0x0000, 0x0000, 0x0000, 0x0000, 0x0000, 0x0000,
    0x0000, 0x0000, 0x0000, 0x0000, 0x0000, 0x0000, 0x0000, 0x0000, 0x0000, 0x0000, 0x0000, 0x0000,
    0x0000, 0x0000, 0x0000, 0x0000, 0x0000, 0x0000, 0x0000, 0x0000, 0x0000, 0x0000, 0x0000, 0x0000,
    0x0000, 0x0000, 0x0000, 0x0000, 0x0000, 0x0000, 0x0000, 0x0000, 0x0000, 0x0000, 0x0000, 0x0000,
    0x0000, 0x0000, 0x0000, 0x0000, 0x0000, 0x0000, 0x0000, 0x0000, 0x0000, 0x0000, 0x0000, 0x0000,
    0x0000, 0x0000, 0x0000, 0x0000, 0x0000, 0x0000, 0x0000, 0x0000, 0x0000, 0x0000, 0x0000, 0x0000,
    0x0000, 0x0000, 0x0000, 0x0000, 0x0000, 0x0000, 0x0000, 0x0000, 0x0000, 0x0000, 0x0000, 0x0000,
    0x0000, 0x0000, 0x0000, 0x0000, 0x0000, 0x0000, 0x0000, 0x0000, 0x0000, 0x0000, 0x0000, 0x0000,
    0x0000, 0x0000, 0x0000, 0x0000, 0x0000, 0x0000, 0x0000, 0x0000, 0x0000, 0x0000, 0x0000, 0x0000,
    0x0000, 0x0000, 0x0000, 0x0000, 0x0000, 0x0000, 0x0000, 0x0000, 0x0000, 0x0000, 0x0000, 0x0000,
    0x0000, 0x0000, 0x0000, 0x0000, 0x0000, 0x0000, 0x0000, 0x0000, 0x0000, 0x0000, 0x0000, 0x0000,
    0x0000, 0x0000, 0x0000, 0x0000, 0x0000, 0x0000, 0x0000, 0x0000, 0x0000, 0x0000, 0x0000, 0x0000,
    0x0000, 0x0000, 0x0000, 0x0000, 0x0000, 0x0000, 0x0000, 0x0000, 0x0000, 0x0000, 0x0000, 0x0000,
    0x0000, 0x0000, 0x0000, 0x0000, 0x0000, 0x0000, 0x0000, 0x0000, 0x0000, 0x0000, 0x0000, 0x0000,
    0x0000, 0x0000, 0x0000, 0x0000, 0x0000, 0x0000, 0x0000, 0x0000, 0x0000, 0x0000, 0x0000, 0x0000,
    0x0000, 0x0000, 0x0000, 0x0000, 0x0000, 0x0000, 0x0000, 0x0000, 0x0000, 0x0000, 0x0000, 0x0000,
    0x0000, 0x0000, 0x0000, 0x0000, 0x0000, 0x0000, 0x0000, 0x0000, 0x0000, 0x0000, 0x0000, 0x0000,
    0x0000, 0x0000, 0x0000, 0x0000, 0x0000, 0x0000, 0x0000, 0x0000, 0x0000, 0x0000, 0x0000, 0x0000,
    0x0000, 0x0000, 0x0000, 0x0000, 0x0000, 0x0000, 0x0000, 0x0000, 0x0000, 0x0000, 0x0000, 0x0000,
    0x0000, 0x0000, 0x0000, 0x0000, 0x0000, 0x0000, 0x0000, 0x0000, 0x0000, 0x0000, 0x0000, 0x0000,
    0x0000, 0x0000, 0x0000, 0x0000, 0x0000, 0x0000, 0x0000, 0x0000, 0x0000, 0x0000, 0x0000, 0x0000,
    0x0000, 0x0000, 0x0000, 0x0000, 0x0000, 0x0000, 0x0000, 0x0000, 0x0000, 0x0000, 0x0000, 0x0000,
    0x0000, 0x0000, 0x0000, 0x0000, 0x0000, 0x0000, 0x0000, 0x0000, 0x0000, 0x0000, 0x0000, 0x0000,
    0x0000, 0x0000, 0x0000, 0x0000, 0x0000, 0x0000, 0x0000, 0x0000, 0x0000, 0x0000, 0x0000, 0x0000,
    0x0000, 0x0000, 0x0000, 0x0000, 0x0000, 0x0000, 0x0000, 0x0000, 0x0000, 0x0000, 0x0000, 0x0000,
    0x0000, 0x0000, 0x0000, 0x0000, 0x0000, 0x0000, 0x0000, 0x0000, 0x0000, 0x0000, 0x0000, 0x0000,
    0x0000, 0x0000, 0x0000, 0x0000, 0x0000, 0x0000, 0x0000, 0x0000, 0x0000, 0x0000, 0x0000, 0x0000,
    0x0000, 0x0000, 0x0000, 0x0000, 0x0000, 0x0000, 0x0000, 0x0000, 0x0000, 0x0000, 0x0000, 0x0000,
    0x0000, 0x0000, 0x0000, 0x0000, 0x0000, 0x0000, 0x0000, 0x0000, 0x0000, 0x0000, 0x0000, 0x0000,
    0x0000, 0x0000, 0x0000, 0x0000, 0x0000, 0x0000, 0x0000, 0x0000, 0x0000, 0x0000, 0x0000, 0x0000,
    0x0000, 0x0000, 0x0000, 0x0000, 0x0000, 0x0000, 0x0000, 0x0000, 0x0000, 0x0000, 0x0000, 0x0000,
    0x0000, 0x0000, 0x0000, 0x0000, 0x0000, 0x0000, 0x0000, 0x0000, 0x0000, 0x0000, 0x0000, 0x0000,
    0x0000, 0x0000, 0x0000, 0x0000, 0x0000, 0x0000, 0x0000, 0x0000, 0x0000, 0x0000, 0x0000, 0x0000,
    0x0000, 0x0000, 0x0000, 0x0000, 0x0000, 0x0000, 0x0000, 0x0000, 0x0000, 0x0000, 0x0000, 0x0000,
    0x0000, 0x0000, 0x0000, 0x0000, 0x0000, 0x0000, 0x0000, 0x0000, 0x0000, 0x0000, 0x0000, 0x0000,
    0x0000, 0x0000, 0x0000, 0x0000, 0x0000, 0x0000, 0x0000, 0x0000, 0x0000, 0x0000, 0x0000, 0x0000,
    0x0000, 0x0000, 0x0000, 0x0000, 0x0000, 0x0000, 0x0000, 0x0000, 0x0000, 0x0000, 0x0000, 0x0000,
    0x0000, 0x0000, 0x0000, 0x0000, 0x0000, 0x0000, 0x0000, 0x0000, 0x0000, 0x0000, 0x0000, 0x0000,
    0x0000, 0x0000, 0x0000, 0x0000, 0x0000, 0x0000, 0x0000, 0x0000, 0x0000, 0x0000, 0x0000, 0x0000,
    0x0000, 0x0000, 0x0000, 0x0000, 0x0000, 0x0000, 0x0000, 0x0000, 0x0000, 0x0000, 0x0000, 0x0000,
    0x0000, 0x0000, 0x0000, 0x0000, 0x0000, 0x0000, 0x0000, 0x0000, 0x0000, 0x0000, 0x0000, 0x0000,
    0x0000, 0x0000, 0x0000, 0x0000, 0x0000, 0x0000, 0x0000, 0x0000, 0x0000, 0x0000, 0x0000, 0x0000,
    0x0000, 0x0000, 0x0000, 0x0000, 0x0000, 0x0000, 0x0000, 0x0000, 0x0000, 0x0000, 0x0000, 0x0000,
    0x0000, 0x0000, 0x0000, 0x0000, 0x0000, 0x0000, 0x0000, 0x0000, 0x0000, 0x0000, 0x0000, 0x0000,
    0x0000, 0x0000, 0x0000, 0x0000, 0x0000, 0x0000, 0x0000, 0x0000, 0x0000, 0x0000, 0x0000, 0x0000,
    0x0000, 0x0000, 0x0000, 0x0000, 0x0000, 0x0000, 0x0000, 0x0000, 0x0000, 0x0000, 0x0000, 0x0000,
    0x0000, 0x0000, 0x0000, 0x0000, 0x0000, 0x0000, 0x0000, 0x0000, 0x0000, 0x0000, 0x0000, 0x0000,
    0x0000, 0x0000, 0x0000, 0x0000, 0x0000, 0x0000, 0x0000, 0x0000, 0x0000, 0x0000, 0x0000, 0x0000,
    0x0000, 0x0000, 0x0000, 0x0000, 0x0000, 0x0000, 0x0000, 0x0000, 0x0000, 0x0000, 0x0000, 0x0000,
    0x0000, 0x0000, 0x0000, 0x0000, 0x0000, 0x0000, 0x0000, 0x0000, 0x0000, 0x0000, 0x0000, 0x0000,
    0x0000, 0x0000, 0x0000, 0x0000, 0x0000, 0x0000, 0x0000, 0x0000, 0x0000, 0x0000, 0x0000, 0x0000,
    0x0000, 0x0000, 0x0000, 0x0000, 0x0000, 0x0000, 0x0000, 0x0000, 0x0000, 0x0000, 0x0000, 0x0000,
    0x0000, 0x0000, 0x0000, 0x0000, 0x0000, 0x0000, 0x0000, 0x0000, 0x0000, 0x0000, 0x0000, 0x0000,
    0x0000, 0x0000, 0x0000, 0x0000, 0x0000, 0x0000, 0x0000, 0x0000, 0x0000, 0x0000, 0x0000, 0x0000,
    0x0000, 0x0000, 0x0000, 0x0000, 0x0000, 0x0000, 0x0000, 0x0000, 0x0000, 0x0000, 0x0000, 0x0000,
    0x0000, 0x0000, 0x0000, 0x0000, 0x0000, 0x0000, 0x0000, 0x0000, 0x0000, 0x0000, 0x0000, 0x0000,
    0x0000, 0x0000, 0x0000, 0x0000, 0x0000, 0x0000, 0x0000, 0x0000, 0x0000, 0x0000, 0x0000, 0x0000,
    0x0000, 0x0000, 0x0000, 0x0000, 0x0000, 0x0000, 0x0000, 0x0000, 0x0000, 0x0000, 0x0000, 0x0000,
    0x0000, 0x0000, 0x0000, 0x0000, 0x0000, 0x0000, 0x0000, 0x0000, 0x0000, 0x0000, 0x0000, 0x0000,
    0x0000, 0x0000, 0x0000, 0x0000, 0x0000, 0x0000, 0x0000, 0x0000, 0x0000, 0x0000, 0x0000, 0x0000,
    0x0000, 0x0000, 0x0000, 0x0000, 0x0000, 0x0000, 0x0000, 0x0000, 0x0000, 0x0000, 0x0000, 0x0000,
    0x0000, 0x0000, 0x0000, 0x0000, 0x0000, 0x0000, 0x0000, 0x0000, 0x0000, 0x0000, 0x0000, 0x0000,
    0x0000, 0x0000, 0x0000, 0x0000, 0x0000, 0x0000, 0x0000, 0x0000, 0x0000, 0x0000, 0x0000, 0x0000,
    0x0000, 0x0000, 0x0000, 0x0000, 0x0000, 0x0000, 0x0000, 0x0000, 0x0000, 0x0000, 0x0000, 0x0000,
    0x0000, 0x0000, 0x0000, 0x0000, 0x0000, 0x0000, 0x0000, 0x0000, 0x0000, 0x0000, 0x0000, 0x0000,
    0x0000, 0x0000, 0x0000, 0x0000, 0x0000, 0x0000, 0x0000, 0x0000, 0x0000, 0x0000, 0x0000, 0x0000,
    0x0000, 0x0000, 0x0000, 0x0000, 0x0000, 0x0000, 0x0000, 0x0000, 0x0000, 0x0000, 0x0000, 0x0000,
    0x0000, 0x0000, 0x0000, 0x0000, 0x0000, 0x0000, 0x0000, 0x0000, 0x0000, 0x0000, 0x0000, 0x0000,
    0x0000, 0x0000, 0x0000, 0x0000, 0x0000, 0x0000, 0x0000, 0x0000, 0x0000, 0x0000, 0x0000, 0x0000,
    0x0000, 0x0000, 0x0000, 0x0000, 0x0000, 0x0000, 0x0000, 0x0000, 0x0000, 0x0000, 0x0000, 0x0000,
    0x0000, 0x0000, 0x0000, 0x0000, 0x0000, 0x0000, 0x0000, 0x0000, 0x0000, 0x0000, 0x0000, 0x0000,
    0x0000, 0x0000, 0x0000, 0x0000, 0x0000, 0x0000, 0x0000, 0x0000, 0x0000, 0x0000, 0x0000, 0x0000,
    0x0000, 0x0000, 0x0000, 0x0000, 0x0000, 0x0000, 0x0000, 0x0000, 0x0000, 0x0000, 0x0000, 0x0000,
    0x0000, 0x0000, 0x0000, 0x0000, 0x0000, 0x0000, 0x0000, 0x0000, 0x0000, 0x0000, 0x0000, 0x0000,
    0x0000, 0x0000, 0x0000, 0x0000, 0x0000, 0x0000, 0x0000, 0x0000, 0x0000, 0x0000, 0x0000, 0x0000,
    0x0000, 0x0000, 0x0000, 0x0000, 0x0000, 0x0000, 0x0000, 0x0000, 0x0000, 0x0000, 0x0000, 0x0000,
    0x0000, 0x0000, 0x0000, 0x0000, 0x0000, 0x0000, 0x0000, 0x0000, 0x0000, 0x0000, 0x0000, 0x0000,
    0x0000, 0x0000, 0x0000, 0x0000, 0x0000, 0x0000, 0x0000, 0x0000, 0x0000, 0x0000, 0x0000, 0x0000,
    0x0000, 0x0000, 0x0000, 0x0000, 0x0000, 0x0000, 0x0000, 0x0000, 0x0000, 0x0000, 0x0000, 0x0000,
    0x0000, 0x0000, 0x0000, 0x0000, 0x0000, 0x0000, 0x0000, 0x0000, 0x0000, 0x0000, 0x0000, 0x0000,
    0x0000, 0x0000, 0x0000, 0x0000, 0x0000, 0x0000, 0x0000, 0x0000, 0x0000, 0x0000, 0x0000, 0x0000,
    0x0000, 0x0000, 0x0000, 0x0000, 0x0000, 0x0000, 0x0000, 0x0000, 0x0000, 0x0000, 0x0000, 0x0000,
    0x0000, 0x0000, 0x0000, 0x0000, 0x0000, 0x0000, 0x0000, 0x0000, 0x0000, 0x0000, 0x0000, 0x0000,
    0x0000, 0x0000, 0x0000, 0x0000, 0x0000, 0x0000, 0x0000, 0x0000, 0x0000, 0x0000, 0x0000, 0x0000,
    0x0000, 0x0000, 0x0000, 0x0000, 0x0000, 0x0000, 0x0000, 0x0000, 0x0000, 0x0000, 0x0000, 0x0000,
    0x0000, 0x0000, 0x0000, 0x0000, 0x0000, 0x0000, 0x0000, 0x0000, 0x0000, 0x0000, 0x0000, 0x0000,
    0x0000, 0x0000, 0x0000, 0x0000, 0x0000, 0x0000, 0x0000, 0x0000, 0x0000, 0x0000, 0x0000, 0x0000,
    0x0000, 0x0000, 0x0000, 0x0000, 0x0000, 0x0000, 0x0000, 0x0000, 0x0000, 0x0000, 0x0000, 0x0000,
    0x0000, 0x0000, 0x0000, 0x0000, 0x0000, 0x0000, 0x0000, 0x0000, 0x0000, 0x0000, 0x0000, 0x0000,
    0x0000, 0x0000, 0x0000, 0x0000, 0x0000, 0x0000, 0x0000, 0x0000, 0x0000, 0x0000, 0x0000, 0x0000,
    0x0000, 0x0000, 0x0000, 0x0000, 0x0000, 0x0000, 0x0000, 0x0000, 0x0000, 0x0000, 0x0000, 0x0000,
    0x0000, 0x0000, 0x0000, 0x0000, 0x0000, 0x0000, 0x0000, 0x0000, 0x0000, 0x0000, 0x0000, 0x0000,
    0x0000, 0x0000, 0x0000, 0x0000, 0x0000, 0x0000, 0x0000, 0x0000, 0x0000, 0x0000, 0x0000, 0x0000,
    0x0000, 0x0000, 0x0000, 0x0000, 0x0000, 0x0000, 0x0000, 0x0000, 0x0000, 0x0000, 0x0000, 0x0000,
    0x0000, 0x0000, 0x0000, 0x0000, 0x0000, 0x0000, 0x0000, 0x0000, 0x0000, 0x0000, 0x0000, 0x0000,
    0x0000, 0x0000, 0x0000, 0x0000, 0x0000, 0x0000, 0x0000, 0x0000, 0x0000, 0x0000, 0x0000, 0x0000,
    0x0000, 0x0000, 0x0000, 0x0000, 0x0000, 0x0000, 0x0000, 0x0000, 0x0000, 0x0000, 0x0000, 0x0000,
    0x0000, 0x0000, 0x0000, 0x0000, 0x0000, 0x0000, 0x0000, 0x0000, 0x0000, 0x0000, 0x0000, 0x0000,
    0x0000, 0x0000, 0x0000, 0x0000, 0x0000, 0x0000, 0x0000, 0x0000, 0x0000, 0x0000, 0x0000, 0x0000,
    0x0000, 0x0000, 0x0000, 0x0000, 0x0000, 0x0000, 0x0000, 0x0000, 0x0000, 0x0000, 0x0000, 0x0000,
    0x0000, 0x0000, 0x0000, 0x0000, 0x0000, 0x0000, 0x0000, 0x0000, 0x0000, 0x0000, 0x0000, 0x0000,
    0x0000, 0x0000, 0x0000, 0x0000, 0x0000, 0x0000, 0x0000, 0x0000, 0x0000, 0x0000, 0x0000, 0x0000,
    0x0000, 0x0000, 0x0000, 0x0000, 0x0000, 0x0000, 0x0000, 0x0000, 0x0000, 0x0000, 0x0000, 0x0000,
    0x0000, 0x0000, 0x0000, 0x0000, 0x0000, 0x0000, 0x0000, 0x0000, 0x0000, 0x0000, 0x0000, 0x0000,
    0x0000, 0x0000, 0x0000, 0x0000, 0x0000, 0x0000, 0x0000, 0x0000, 0x0000, 0x0000, 0x0000, 0x0000,
    0x0000, 0x0000, 0x0000, 0x0000, 0x0000, 0x0000, 0x0000, 0x0000, 0x0000, 0x0000, 0x0000, 0x0000,
    0x0000, 0x0000, 0x0000, 0x0000, 0x0000, 0x0000, 0x0000, 0x0000, 0x0000, 0x0000, 0x0000, 0x0000,
    0x0000, 0x0000, 0x0000, 0x0000, 0x0000, 0x0000, 0x0000, 0x0000, 0x0000, 0x0000, 0x0000, 0x0000,
    0x0000, 0x0000, 0x0000, 0x0000, 0x0000, 0x0000, 0x0000, 0x0000, 0x0000, 0x0000, 0x0000, 0x0000,
    0x0000, 0x0000, 0x0000, 0x0000, 0x0000, 0x0000, 0x0000, 0x0000, 0x0000, 0x0000, 0x0000, 0x0000,
    0x0000, 0x0000, 0x0000, 0x0000, 0x0000, 0x0000, 0x0000, 0x0000, 0x0000, 0x0000, 0x0000, 0x0000,
    0x0000, 0x0000, 0x0000, 0x0000, 0x0000, 0x0000, 0x0000, 0x0000, 0x0000, 0x0000, 0x0000, 0x0000,
    0x0000, 0x0000, 0x0000, 0x0000, 0x0000, 0x0000, 0x0000, 0x0000, 0x0000, 0x0000, 0x0000, 0x0000,
    0x0000, 0x0000, 0x0000, 0x0000, 0x0000, 0x0000, 0x0000, 0x0000, 0x0000, 0x0000, 0x0000, 0x0000,
    0x0000, 0x0000, 0x0000, 0x0000, 0x0000, 0x0000, 0x0000, 0x0000, 0x0000, 0x0000, 0x0000, 0x0000,
    0x0000, 0x0000, 0x0000, 0x0000, 0x0000, 0x0000, 0x0000, 0x0000, 0x0000, 0x0000, 0x0000, 0x0000,
    0x0000, 0x0000, 0x0000, 0x0000, 0x0000, 0x0000, 0x0000, 0x0000, 0x0000, 0x0000, 0x0000, 0x0000,
    0x0000, 0x0000, 0x0000, 0x0000, 0x0000, 0x0000, 0x0000, 0x0000, 0x0000, 0x0000, 0x0000, 0x0000,
    0x0000, 0x0000, 0x0000, 0x0000, 0x0000, 0x0000, 0x0000, 0x0000, 0x0000, 0x0000, 0x0000, 0x0000,
    0x0000, 0x0000, 0x0000, 0x0000, 0x0000, 0x0000, 0x0000, 0x0000, 0x0000, 0x0000, 0x0000, 0x0000,
    0x0000, 0x0000, 0x0000, 0x0000, 0x0000, 0x0000, 0x0000, 0x0000, 0x0000, 0x0000, 0x0000, 0x0000,
    0x0000, 0x0000, 0x0000, 0x0000, 0x0000, 0x0000, 0x0000, 0x0000, 0x0000, 0x0000, 0x0000, 0x0000,
    0x0000, 0x0000, 0x0000, 0x0000, 0x0000, 0x0000, 0x0000, 0x0000, 0x0000, 0x0000, 0x0000, 0x0000,
    0x0000, 0x0000, 0x0000, 0x0000, 0x0000, 0x0000, 0x0000, 0x0000, 0x0000, 0x0000, 0x0000, 0x0000,
    0x0000, 0x0000, 0x0000, 0x0000, 0x0000, 0x0000, 0x0000, 0x0000, 0x0000, 0x0000, 0x0000, 0x0000,
    0x0000, 0x0000, 0x0000, 0x0000, 0x0000, 0x0000, 0x0000, 0x0000, 0x0000, 0x0000, 0x0000, 0x0000,
    0x0000, 0x0000, 0x0000, 0x0000, 0x0000, 0x0000, 0x0000, 0x0000, 0x0000, 0x0000, 0x0000, 0x0000,
    0x0000, 0x0000, 0x0000, 0x0000, 0x0000, 0x0000, 0x0000, 0x0000, 0x0000, 0x0000, 0x0000, 0x0000,
    0x0000, 0x0000, 0x0000, 0x0000, 0x0000, 0x0000, 0x0000, 0x0000, 0x0000, 0x0000, 0x0000, 0x0000,
    0x0000, 0x0000, 0x0000, 0x0000, 0x0000, 0x0000, 0x0000, 0x0000, 0x0000, 0x0000, 0x0000, 0x0000,
    0x0000, 0x0000, 0x0000, 0x0000, 0x0000, 0x0000, 0x0000, 0x0000, 0x0000, 0x0000, 0x0000, 0x0000,
    0x0000, 0x0000, 0x0000, 0x0000, 0x0000, 0x0000, 0x0000, 0x0000, 0x0000, 0x0000, 0x0000, 0x0000,
    0x0000, 0x0000, 0x0000, 0x0000, 0x0000, 0x0000, 0x0000, 0x0000, 0x0000, 0x0000, 0x0000, 0x0000,
    0x0000, 0x0000, 0x0000, 0x0000, 0x0000, 0x0000, 0x0000, 0x0000, 0x0000, 0x0000, 0x0000, 0x0000,
    0x0000, 0x0000, 0x0000, 0x0000, 0x0000, 0x0000, 0x0000, 0x0000, 0x0000, 0x0000, 0x0000, 0x0000,
    0x0000, 0x0000, 0x0000, 0x0000, 0x0000, 0x0000, 0x0000, 0x0000, 0x0000, 0x0000, 0x0000, 0x0000,
    0x0000, 0x0000, 0x0000, 0x0000, 0x0000, 0x0000, 0x0000, 0x0000, 0x0000, 0x0000, 0x0000, 0x0000,
    0x0000, 0x0000, 0x0000, 0x0000, 0x0000, 0x0000, 0x0000, 0x0000, 0x0000, 0x0000, 0x0000, 0x0000,
    0x0000, 0x0000, 0x0000, 0x0000, 0x0000, 0x0000, 0x0000, 0x0000, 0x0000, 0x0000, 0x0000, 0x0000,
    0x0000, 0x0000, 0x0000, 0x0000, 0x0000, 0x0000, 0x0000, 0x0000, 0x0000, 0x0000, 0x0000, 0x0000,
    0x0000, 0x0000, 0x0000, 0x0000, 0x0000, 0x0000, 0x0000, 0x0000, 0x0000, 0x0000, 0x0000, 0x0000,
    0x0000, 0x0000, 0x0000, 0x0000, 0x0000, 0x0000, 0x0000, 0x0000, 0x0000, 0x0000, 0x0000, 0x0000,
    0x0000, 0x0000, 0x0000, 0x0000, 0x0000, 0x0000, 0x0000, 0x0000, 0x0000, 0x0000, 0x0000, 0x0000,
    0x0000, 0x0000, 0x0000, 0x0000, 0x0000, 0x0000, 0x0000, 0x0000, 0x0000, 0x0000, 0x0000, 0x0000,
    0x0000, 0x0000, 0x0000, 0x0000, 0x0000, 0x0000, 0x0000, 0x0000, 0x0000, 0x0000, 0x0000, 0x0000,
    0x0000, 0x0000, 0x0000, 0x0000, 0x0000, 0x0000, 0x0000, 0x0000, 0x0000, 0x0000, 0x0000, 0x0000,
    0x0000, 0x0000, 0x0000, 0x0000, 0x0000, 0x0000, 0x0000, 0x0000, 0x0000, 0x0000, 0x0000, 0x0000,
    0x0000, 0x0000, 0x0000, 0x0000, 0x0000, 0x0000, 0x0000, 0x0000, 0x0000, 0x0000, 0x0000, 0x0000,
    0x0000, 0x0000, 0x0000, 0x0000, 0x0000, 0x0000, 0x0000, 0x0000, 0x0000, 0x0000, 0x0000, 0x0000,
    0x0000, 0x0000, 0x0000, 0x0000, 0x0000, 0x0000, 0x0000, 0x0000, 0x0000, 0x0000, 0x0000, 0x0000,
    0x0000, 0x0000, 0x0000, 0x0000, 0x0000, 0x0000, 0x0000, 0x0000, 0x0000, 0x0000, 0x0000, 0x0000,
    0x0000, 0x0000, 0x0000, 0x0000, 0x0000, 0x0000, 0x0000, 0x0000, 0x0000, 0x0000, 0x0000, 0x0000,
    0x0000, 0x0000, 0x0000, 0x0000, 0x0000, 0x0000, 0x0000, 0x0000, 0x0000, 0x0000, 0x0000, 0x0000,
    0x0000, 0x0000, 0x0000, 0x0000, 0x0000, 0x0000, 0x0000, 0x0000, 0x0000, 0x0000, 0x0000, 0x0000,
    0x0000, 0x0000, 0x0000, 0x0000, 0x0000, 0x0000, 0x0000, 0x0000, 0x0000, 0x0000, 0x0000, 0x0000,
    0x0000, 0x0000, 0x0000, 0x0000, 0x0000, 0x0000, 0x0000, 0x0000, 0x0000, 0x0000, 0x0000, 0x0000,
    0x0000, 0x0000, 0x0000, 0x0000, 0x0000, 0x0000, 0x0000, 0x0000, 0x0000, 0x0000, 0x0000, 0x0000,
    0x0000, 0x0000, 0x0000, 0x0000, 0x0000, 0x0000, 0x0000, 0x0000, 0x0000, 0x0000, 0x0000, 0x0000,
    0x0000, 0x0000, 0x0000, 0x0000, 0x0000, 0x0000, 0x0000, 0x0000, 0x0000, 0x0000, 0x0000, 0x0000,
    0x0000, 0x0000, 0x0000, 0x0000, 0x0000, 0x0000, 0x0000, 0x0000, 0x0000, 0x0000, 0x0000, 0x0000,
    0x0000, 0x0000, 0x0000, 0x0000, 0x0000, 0x0000, 0x0000, 0x0000, 0x0000, 0x0000, 0x0000, 0x0000,
    0x0000, 0x0000, 0x0000, 0x0000, 0x0000, 0x0000, 0x0000, 0x0000, 0x0000, 0x0000, 0x0000, 0x0000,
    0x0000, 0x0000, 0x0000, 0x0000, 0x0000, 0x0000, 0x0000, 0x0000, 0x0000, 0x0000, 0x0000, 0x0000,
    0x0000, 0x0000, 0x0000, 0x0000, 0x0000, 0x0000, 0x0000, 0x0000, 0x0000, 0x0000, 0x0000, 0x0000,
    0x0000, 0x0000, 0x0000, 0x0000, 0x0000, 0x0000, 0x0000, 0x0000, 0x0000, 0x0000, 0x0000, 0x0000,
    0x0000, 0x0000, 0x0000, 0x0000, 0x0000, 0x0000, 0x0000, 0x0000, 0x0000, 0x0000, 0x0000, 0x0000,
    0x0000, 0x0000, 0x0000, 0x0000, 0x0000, 0x0000, 0x0000, 0x0000, 0x0000, 0x0000, 0x0000, 0x0000,
    0x0000, 0x0000, 0x0000, 0x0000, 0x0000, 0x0000, 0x0000, 0x0000, 0x0000, 0x0000, 0x0000, 0x0000,
    0x0000, 0x0000, 0x0000, 0x0000, 0x0000, 0x0000, 0x0000, 0x0000, 0x0000, 0x0000, 0x0000, 0x0000,
    0x0000, 0x0000, 0x0000, 0x0000, 0x0000, 0x0000, 0x0000, 0x0000, 0x0000, 0x0000, 0x0000, 0x0000,
    0x0000, 0x0000, 0x0000, 0x0000, 0x0000, 0x0000, 0x0000, 0x0000, 0x0000, 0x0000, 0x0000, 0x0000,
    0x0000, 0x0000, 0x0000, 0x0000, 0x0000, 0x0000, 0x0000, 0x0000, 0x0000, 0x0000, 0x0000, 0x0000,
    0x0000, 0x0000, 0x0000, 0x0000, 0x0000, 0x0000, 0x0000, 0x0000, 0x0000, 0x0000, 0x0000, 0x0000,
    0x0000, 0x0000, 0x0000, 0x0000, 0x0000, 0x0000, 0x0000, 0x0000, 0x0000, 0x0000, 0x0000, 0x0000,
    0x0000, 0x0000, 0x0000, 0x0000, 0x0000, 0x0000, 0x0000, 0x0000, 0x0000, 0x0000, 0x0000, 0x0000,
    0x0000, 0x0000, 0x0000, 0x0000, 0x0000, 0x0000, 0x0000, 0x0000, 0x0000, 0x0000, 0x0000, 0x0000,
    0x0000, 0x0000, 0x0000, 0x0000, 0x0000, 0x0000, 0x0000, 0x0000, 0x0000, 0x0000, 0x0000, 0x0000,
    0x0000, 0x0000, 0x0000, 0x0000, 0x0000, 0x0000, 0x0000, 0x0000, 0x0000, 0x0000, 0x0000, 0x0000,
    0x0000, 0x0000, 0x0000, 0x0000, 0x0000, 0x0000, 0x0000, 0x0000, 0x0000, 0x0000, 0x0000, 0x0000,
    0x0000, 0x0000, 0x0000, 0x0000, 0x0000, 0x0000, 0x0000, 0x0000, 0x0000, 0x0000, 0x0000, 0x0000,
    0x0000, 0x0000, 0x0000, 0x0000, 0x0000, 0x0000, 0x0000, 0x0000, 0x0000, 0x0000, 0x0000, 0x0000,
    0x0000, 0x0000, 0x0000, 0x0000, 0x0000, 0x0000, 0x0000, 0x0000, 0x0000, 0x0000, 0x0000, 0x0000,
    0x0000, 0x0000, 0x0000, 0x0000, 0x0000, 0x0000, 0x0000, 0x0000, 0x0000, 0x0000, 0x0000, 0x0000,
    0x0000, 0x0000, 0x0000, 0x0000, 0x0000, 0x0000, 0x0000, 0x0000, 0x0000, 0x0000, 0x0000, 0x0000,
    0x0000, 0x0000, 0x0000, 0x0000, 0x0000, 0x0000, 0x0000, 0x0000, 0x0000, 0x0000, 0x0000, 0x0000,
    0x0000, 0x0000, 0x0000, 0x0000, 0x0000, 0x0000, 0x0000, 0x0000, 0x0000, 0x0000, 0x0000, 0x0000,
    0x0000, 0x0000, 0x0000, 0x0000, 0x0000, 0x0000, 0x0000, 0x0000, 0x0000, 0x0000, 0x0000, 0x0000,
    0x0000, 0x0000, 0x0000, 0x0000, 0x0000, 0x0000, 0x0000, 0x0000, 0x0000, 0x0000, 0x0000, 0x0000,
    0x0000, 0x0000, 0x0000, 0x0000, 0x0000, 0x0000, 0x0000, 0x0000, 0x0000, 0x0000, 0x0000, 0x0000,
    0x0000, 0x0000, 0x0000, 0x0000, 0x0000, 0x0000, 0x0000, 0x0000, 0x0000, 0x0000, 0x0000, 0x0000,
    0x0000, 0x0000, 0x0000, 0x0000, 0x0000, 0x0000, 0x0000, 0x0000, 0x0000, 0x0000, 0x0000, 0x0000,
    0x0000, 0x0000, 0x0000, 0x0000, 0x0000, 0x0000, 0x0000, 0x0000, 0x0000, 0x0000, 0x0000, 0x0000,
    0x0000, 0x0000, 0x0000, 0x0000, 0x0000, 0x0000, 0x0000, 0x0000, 0x0000, 0x0000, 0x0000, 0x0000,
    0x0000, 0x0000, 0x0000, 0x0000, 0x0000, 0x0000, 0x0000, 0x0000, 0x0000, 0x0000, 0x0000, 0x0000,
    0x0000, 0x0000, 0x0000, 0x0000, 0x0000, 0x0000, 0x0000, 0x0000, 0x0000, 0x0000, 0x0000, 0x0000,
    0x0000, 0x0000, 0x0000, 0x0000, 0x0000, 0x0000, 0x0000, 0x0000, 0x0000, 0x0000, 0x0000, 0x0000,
    0x0000, 0x0000, 0x0000, 0x0000, 0x0000, 0x0000, 0x0000, 0x0000, 0x0000, 0x0000, 0x0000, 0x0000,
    0x0000, 0x0000, 0x0000, 0x0000, 0x0000, 0x0000, 0x0000, 0x0000, 0x0000, 0x0000, 0x0000, 0x0000,
    0x0000, 0x0000, 0x0000, 0x0000, 0x0000, 0x0000, 0x0000, 0x0000, 0x0000, 0x0000, 0x0000, 0x0000,
    0x0000, 0x0000, 0x0000, 0x0000, 0x0000, 0x0000, 0x0000, 0x0000, 0x0000, 0x0000, 0x0000, 0x0000,
    0x0000, 0x0000, 0x0000, 0x0000, 0x0000, 0x0000, 0x0000, 0x0000, 0x0000, 0x0000, 0x0000, 0x0000,
    0x0000, 0x0000, 0x0000, 0x0000, 0x0000, 0x0000, 0x0000, 0x0000, 0x0000, 0x0000, 0x0000, 0x0000,
    0x0000, 0x0000, 0x0000, 0x0000, 0x0000, 0x0000, 0x0000, 0x0000, 0x0000, 0x0000, 0x0000, 0x0000,
    0x0000, 0x0000, 0x0000, 0x0000, 0x0000, 0x0000, 0x0000, 0x0000, 0x0000, 0x0000, 0x0000, 0x0000,
    0x0000, 0x0000, 0x0000, 0x0000, 0x0000, 0x0000, 0x0000, 0x0000, 0x0000, 0x0000, 0x0000, 0x0000,
    0x0000, 0x0000, 0x0000, 0x0000, 0x0000, 0x0000, 0x0000, 0x0000, 0x0000, 0x0000, 0x0000, 0x0000,
    0x0000, 0x0000, 0x0000, 0x0000, 0x0000, 0x0000, 0x0000, 0x0000, 0x0000, 0x0000, 0x0000, 0x0000,
    0x0000, 0x0000, 0x0000, 0x0000, 0x0000, 0x0000, 0x0000, 0x0000, 0x0000, 0x0000, 0x0000, 0x0000,
    0x0000, 0x0000, 0x0000, 0x0000, 0x0000, 0x0000, 0x0000, 0x0000, 0x0000, 0x0000, 0x0000, 0x0000,
    0x0000, 0x0000, 0x0000, 0x0000, 0x0000, 0x0000, 0x0000, 0x0000, 0x0000, 0x0000, 0x0000, 0x0000,
    0x0000, 0x0000, 0x0000, 0x0000, 0x0000, 0x0000, 0x0000, 0x0000, 0x0000, 0x0000, 0x0000, 0x0000,
    0x0000, 0x0000, 0x0000, 0x0000, 0x0000, 0x0000, 0x0000, 0x0000, 0x0000, 0x0000, 0x0000, 0x0000,
    0x0000, 0x0000, 0x0000, 0x0000, 0x0000, 0x0000, 0x0000, 0x0000, 0x0000, 0x0000, 0x0000, 0x0000,
    0x0000, 0x0000, 0x0000, 0x0000, 0x0000, 0x0000, 0x0000, 0x0000, 0x0000, 0x0000, 0x0000, 0x0000,
    0x0000, 0x0000, 0x0000, 0x0000, 0x0000, 0x0000, 0x0000, 0x0000, 0x0000, 0x0000, 0x0000, 0x0000,
    0x0000, 0x0000, 0x0000, 0x0000, 0x0000, 0x0000, 0x0000, 0x0000, 0x0000, 0x0000, 0x0000, 0x0000,
    0x0000, 0x0000, 0x0000, 0x0000, 0x0000, 0x0000, 0x0000, 0x0000, 0x0000, 0x0000, 0x0000, 0x0000,
    0x0000, 0x0000, 0x0000, 0x0000, 0x0000, 0x0000, 0x0000, 0x0000, 0x0000, 0x0000, 0x0000, 0x0000,
    0x0000, 0x0000, 0x0000, 0x0000, 0x0000, 0x0000, 0x0000, 0x0000, 0x0000, 0x0000, 0x0000, 0x0000,
    0x0000, 0x0000, 0x0000, 0x0000, 0x0000, 0x0000, 0x0000, 0x0000, 0x0000, 0x0000, 0x0000, 0x0000,
    0x0000, 0x0000, 0x0000, 0x0000, 0x0000, 0x0000, 0x0000, 0x0000, 0x0000, 0x0000, 0x0000, 0x0000,
    0x0000, 0x0000, 0x0000, 0x0000, 0x0000, 0x0000, 0x0000, 0x0000, 0x0000, 0x0000, 0x0000, 0x0000,
    0x0000, 0x0000, 0x0000, 0x0000, 0x0000, 0x0000, 0x0000, 0x0000, 0x0000, 0x0000, 0x0000, 0x0000,
    0x0000, 0x0000, 0x0000, 0x0000, 0x0000, 0x0000, 0x0000, 0x0000, 0x0000, 0x0000, 0x0000, 0x0000,
    0x0000, 0x0000, 0x0000, 0x0000, 0x0000, 0x0000, 0x0000, 0x0000, 0x0000, 0x0000, 0x0000, 0x0000,
    0x0000, 0x0000, 0x0000, 0x0000, 0x0000, 0x0000, 0x0000, 0x0000, 0x0000, 0x0000, 0x0000, 0x0000,
    0x0000, 0x0000, 0x0000, 0x0000, 0x0000, 0x0000, 0x0000, 0x0000, 0x0000, 0x0000, 0x0000, 0x0000,
    0x0000, 0x0000, 0x0000, 0x0000, 0x0000, 0x0000, 0x0000, 0x0000, 0x0000, 0x0000, 0x0000, 0x0000,
    0x0000, 0x0000, 0x0000, 0x0000, 0x0000, 0x0000, 0x0000, 0x0000, 0x0000, 0x0000, 0x0000, 0x0000,
    0x0000, 0x0000, 0x0000, 0x0000, 0x0000, 0x0000, 0x0000, 0x0000, 0x0000, 0x0000, 0x0000, 0x0000,
    0x0000, 0x0000, 0x0000, 0x0000, 0x0000, 0x0000, 0x0000, 0x0000, 0x0000, 0x0000, 0x0000, 0x0000,
    0x0000, 0x0000, 0x0000, 0x0000, 0x0000, 0x0000, 0x0000, 0x0000, 0x0000, 0x0000, 0x0000, 0x0000,
    0x0000, 0x0000, 0x0000, 0x0000, 0x0000, 0x0000, 0x0000, 0x0000, 0x0000, 0x0000, 0x0000, 0x0000,
    0x0000, 0x0000, 0x0000, 0x0000, 0x0000, 0x0000, 0x0000, 0x0000, 0x0000, 0x0000, 0x0000, 0x0000,
    0x0000, 0x0000, 0x0000, 0x0000, 0x0000, 0x0000, 0x0000, 0x0000, 0x0000, 0x0000, 0x0000, 0x0000,
    0x0000, 0x0000, 0x0000, 0x0000, 0x0000, 0x0000, 0x0000, 0x0000, 0x0000, 0x0000, 0x0000, 0x0000,
    0x0000, 0x0000, 0x0000, 0x0000, 0x0000, 0x0000, 0x0000, 0x0000, 0x0000, 0x0000, 0x0000, 0x0000,
    0x0000, 0x0000, 0x0000, 0x0000, 0x0000, 0x0000, 0x0000, 0x0000, 0x0000, 0x0000, 0x0000, 0x0000,
    0x0000, 0x0000, 0x0000, 0x0000, 0x0000, 0x0000, 0x0000, 0x0000, 0x0000, 0x0000, 0x0000, 0x0000,
    0x0000, 0x0000, 0x0000, 0x0000, 0x0000, 0x0000, 0x0000, 0x0000, 0x0000, 0x0000, 0x0000, 0x0000,
    0x0000, 0x0000, 0x0000, 0x0000, 0x0000, 0x0000, 0x0000, 0x0000, 0x0000, 0x0000, 0x0000, 0x0000,
    0x0000, 0x0000, 0x0000, 0x0000, 0x0000, 0x0000, 0x0000, 0x0000, 0x0000, 0x0000, 0x0000, 0x0000,
    0x0000, 0x0000, 0x0000, 0x0000, 0x0000, 0x0000, 0x0000, 0x0000, 0x0000, 0x0000, 0x0000, 0x0000,
    0x0000, 0x0000, 0x0000, 0x0000, 0x0000, 0x0000, 0x0000, 0x0000, 0x0000, 0x0000, 0x0000, 0x0000,
    0x0000, 0x0000, 0x0000, 0x0000, 0x0000, 0x0000, 0x0000, 0x0000, 0x0000, 0x0000, 0x0000, 0x0000,
    0x0000, 0x0000, 0x0000, 0x0000, 0x0000, 0x0000, 0x0000, 0x0000, 0x0000, 0x0000, 0x0000, 0x0000,
    0x0000, 0x0000, 0x0000, 0x0000, 0x0000, 0x0000, 0x0000, 0x0000, 0x0000, 0x0000, 0x0000, 0x0000,
    0x0000, 0x0000, 0x0000, 0x0000, 0x0000, 0x0000, 0x0000, 0x0000, 0x0000, 0x0000, 0x0000, 0x0000,
    0x0000, 0x0000, 0x0000, 0x0000, 0x0000, 0x0000, 0x0000, 0x0000, 0x0000, 0x0000, 0x0000, 0x0000,
    0x0000, 0x0000, 0x0000, 0x0000, 0x0000, 0x0000, 0x0000, 0x0000, 0x0000, 0x0000, 0x0000, 0x0000,
    0x0000, 0x0000, 0x0000, 0x0000, 0x0000, 0x0000, 0x0000, 0x0000, 0x0000, 0x0000, 0x0000, 0x0000,
    0x0000, 0x0000, 0x0000, 0x0000, 0x0000, 0x0000, 0x0000, 0x0000, 0x0000, 0x0000, 0x0000, 0x0000,
    0x0000, 0x0000, 0x0000, 0x0000, 0x0000, 0x0000, 0x0000, 0x0000, 0x0000, 0x0000, 0x0000, 0x0000,
    0x0000, 0x0000, 0x0000, 0x0000, 0x0000, 0x0000, 0x0000, 0x0000, 0x0000, 0x0000, 0x0000, 0x0000,
    0x0000, 0x0000, 0x0000, 0x0000, 0x0000, 0x0000, 0x0000, 0x0000, 0x0000, 0x0000, 0x0000, 0x0000,
    0x0000, 0x0000, 0x0000, 0x0000, 0x0000, 0x0000, 0x0000, 0x0000, 0x0000, 0x0000, 0x0000, 0x0000,
    0x0000, 0x0000, 0x0000, 0x0000, 0x0000, 0x0000, 0x0000, 0x0000, 0x0000, 0x0000, 0x0000, 0x0000,
    0x0000, 0x0000, 0x0000, 0x0000, 0x0000, 0x0000, 0x0000, 0x0000, 0x0000, 0x0000, 0x0000, 0x0000,
    0x0000, 0x0000, 0x0000, 0x0000, 0x0000, 0x0000, 0x0000, 0x0000, 0x0000, 0x0000, 0x0000, 0x0000,
    0x0000, 0x0000, 0x0000, 0x0000, 0x0000, 0x0000, 0x0000, 0x0000, 0x0000, 0x0000, 0x0000, 0x0000,
    0x0000, 0x0000, 0x0000, 0x0000, 0x0000, 0x0000, 0x0000, 0x0000, 0x0000, 0x0000, 0x0000, 0x0000,
    0x0000, 0x0000, 0x0000, 0x0000, 0x0000, 0x0000, 0x0000, 0x0000, 0x0000, 0x0000, 0x0000, 0x0000,
    0x0000, 0x0000, 0x0000, 0x0000, 0x0000, 0x0000, 0x0000, 0x0000, 0x0000, 0x0000, 0x0000, 0x0000,
    0x0000, 0x0000, 0x0000, 0x0000, 0x0000, 0x0000, 0x0000, 0x0000, 0x0000, 0x0000, 0x0000, 0x0000,
    0x0000, 0x0000, 0x0000, 0x0000, 0x0000, 0x0000, 0x0000, 0x0000, 0x0000, 0x0000, 0x0000, 0x0000,
    0x0000, 0x0000, 0x0000, 0x0000, 0x0000, 0x0000, 0x0000, 0x0000, 0x0000, 0x0000, 0x0000, 0x0000,
    0x0000, 0x0000, 0x0000, 0x0000, 0x0000, 0x0000, 0x0000, 0x0000, 0x0000, 0x0000, 0x0000, 0x0000,
    0x0000, 0x0000, 0x0000, 0x0000, 0x0000, 0x0000, 0x0000, 0x0000, 0x0000, 0x0000, 0x0000, 0x0000,
    0x0000, 0x0000, 0x0000, 0x0000, 0x0000, 0x0000, 0x0000, 0x0000, 0x0000, 0x0000, 0x0000, 0x0000,
    0x0000, 0x0000, 0x0000, 0x0000, 0x0000, 0x0000, 0x0000, 0x0000, 0x0000, 0x0000, 0x0000, 0x0000,
    0x0000, 0x0000, 0x0000, 0x0000, 0x0000, 0x0000, 0x0000, 0x0000, 0x0000, 0x0000, 0x0000, 0x0000,
    0x0000, 0x0000, 0x0000, 0x0000, 0x0000, 0x0000, 0x0000, 0x0000, 0x0000, 0x0000, 0x0000, 0x0000,
    0x0000, 0x0000, 0x0000, 0x0000, 0x0000, 0x0000, 0x0000, 0x0000, 0x0000, 0x0000, 0x0000, 0x0000,
    0x0000, 0x0000, 0x0000, 0x0000, 0x0000, 0x0000, 0x0000, 0x0000, 0x0000, 0x0000, 0x0000, 0x0000,
    0x0000, 0x0000, 0x0000, 0x0000, 0x0000, 0x0000, 0x0000, 0x0000, 0x0000, 0x0000, 0x0000, 0x0000,
    0x0000, 0x0000, 0x0000, 0x0000, 0x0000, 0x0000, 0x0000, 0x0000, 0x0000, 0x0000, 0x0000, 0x0000,
    0x0000, 0x0000, 0x0000, 0x0000, 0x0000, 0x0000, 0x0000, 0x0000, 0x0000, 0x0000, 0x0000, 0x0000,
    0x0000, 0x0000, 0x0000, 0x0000, 0x0000, 0x0000, 0x0000, 0x0000, 0x0000, 0x0000, 0x0000, 0x0000,
    0x0000, 0x0000, 0x0000, 0x0000, 0x0000, 0x0000, 0x0000, 0x0000, 0x0000, 0x0000, 0x0000, 0x0000,
    0x0000, 0x0000, 0x0000, 0x0000, 0x0000, 0x0000, 0x0000, 0x0000, 0x0000, 0x0000, 0x0000, 0x0000,
    0x0000, 0x0000, 0x0000, 0x0000, 0x0000, 0x0000, 0x0000, 0x0000, 0x0000, 0x0000, 0x0000, 0x0000,
    0x0000, 0x0000, 0x0000, 0x0000, 0x0000, 0x0000, 0x0000, 0x0000, 0x0000, 0x0000, 0x0000, 0x0000,
    0x0000, 0x0000, 0x0000, 0x0000, 0x0000, 0x0000, 0x0000, 0x0000, 0x0000, 0x0000, 0x0000, 0x0000,
    0x0000, 0x0000, 0x0000, 0x0000, 0x0000, 0x0000, 0x0000, 0x0000, 0x0000, 0x0000, 0x0000, 0x0000,
    0x0000, 0x0000, 0x0000, 0x0000, 0x0000, 0x0000, 0x0000, 0x0000, 0x0000, 0x0000, 0x0000, 0x0000,
    0x0000, 0x0000, 0x0000, 0x0000, 0x0000, 0x0000, 0x0000, 0x0000, 0x0000, 0x0000, 0x0000, 0x0000,
    0x0000, 0x0000, 0x0000, 0x0000, 0x0000, 0x0000, 0x0000, 0x0000, 0x0000, 0x0000, 0x0000, 0x0000,
    0x0000, 0x0000, 0x0000, 0x0000, 0x0000, 0x0000, 0x0000, 0x0000, 0x0000, 0x0000, 0x0000, 0x0000,
    0x0000, 0x0000, 0x0000, 0x0000, 0x0000, 0x0000, 0x0000, 0x0000, 0x0000, 0x0000, 0x0000, 0x0000,
    0x0000, 0x0000, 0x0000, 0x0000, 0x0000, 0x0000, 0x0000, 0x0000, 0x0000, 0x0000, 0x0000, 0x0000,
    0x0000, 0x0000, 0x0000, 0x0000, 0x0000, 0x0000, 0x0000, 0x0000, 0x0000, 0x0000, 0x0000, 0x0000,
    0x0000, 0x0000, 0x0000, 0x0000, 0x0000, 0x0000, 0x0000, 0x0000, 0x0000, 0x0000, 0x0000, 0x0000,
    0x0000, 0x0000, 0x0000, 0x0000, 0x0000, 0x0000, 0x0000, 0x0000, 0x0000, 0x0000, 0x0000, 0x0000,
    0x0000, 0x0000, 0x0000, 0x0000, 0x0000, 0x0000, 0x0000, 0x0000, 0x0000, 0x0000, 0x0000, 0x0000,
    0x0000, 0x0000, 0x0000, 0x0000, 0x0000, 0x0000, 0x0000, 0x0000, 0x0000, 0x0000, 0x0000, 0x0000,
    0x0000, 0x0000, 0x0000, 0x0000, 0x0000, 0x0000, 0x0000, 0x0000, 0x0000, 0x0000, 0x0000, 0x0000,
    0x0000, 0x0000, 0x0000, 0x0000, 0x0000, 0x0000, 0x0000, 0x0000, 0x0000, 0x0000, 0x0000, 0x0000,
    0x0000, 0x0000, 0x0000, 0x0000, 0x0000, 0x00A8, 0x00ED, 0x00CC, 0x00EC, 0x010C, 0x010D, 0x010D,
    0x012E, 0x014E, 0x016E, 0x012D, 0x010D, 0x00ED, 0x00ED, 0x010D, 0x010C, 0x00EC, 0x00EC, 0x010C,
    0x012C, 0x012C, 0x010D, 0x010D, 0x012D, 0x012D, 0x010D, 0x010D, 0x012D, 0x010C, 0x010C, 0x010D,
    0x010D, 0x00EC, 0x00EC, 0x010C, 0x014E, 0x00CA, 0x0000, 0x0000, 0x0000, 0x0000, 0x0000, 0x0000,
    0x0000, 0x0000, 0x0000, 0x0000, 0x0000, 0x0000, 0x0000, 0x0000, 0x0000, 0x0000, 0x0000, 0x0000,
    0x0000, 0x0000, 0x0000, 0x0000, 0x0000, 0x0000, 0x0000, 0x0000, 0x0000, 0x0000, 0x0000, 0x0000,
    0x0000, 0x0000, 0x0000, 0x0000, 0x0000, 0x0000, 0x0000, 0x0000, 0x0000, 0x0000, 0x0000, 0x0000,
    0x0000, 0x0000, 0x0000, 0x0000, 0x0000, 0x0000, 0x0000, 0x0000, 0x0000, 0x0000, 0x0000, 0x0000,
    0x0000, 0x0000, 0x0000, 0x0000, 0x0000, 0x0000, 0x0000, 0x0000, 0x0000, 0x0000, 0x0000, 0x0000,
    0x0000, 0x0000, 0x0044, 0x010E, 0x00CD, 0x00CC, 0x00EC, 0x010D, 0x010D, 0x010D, 0x010D, 0x010D,
    0x010D, 0x00ED, 0x00ED, 0x010D, 0x010D, 0x010D, 0x00ED, 0x00ED, 0x00CD, 0x00EC, 0x010D, 0x012D,
    0x010D, 0x00EC, 0x00CB, 0x00CC, 0x00EC, 0x00ED, 0x010D, 0x00EC, 0x00ED, 0x00ED, 0x010D, 0x012D,
    0x016E, 0x00A8, 0x0000, 0x0000, 0x0000, 0x0000, 0x0000, 0x0000, 0x0000, 0x0000, 0x0000, 0x0000,
    0x0000, 0x0000, 0x0000, 0x0000, 0x0000, 0x0000, 0x0000, 0x0000, 0x0000, 0x0000, 0x0000, 0x0000,
    0x0000, 0x0000, 0x0000, 0x0000, 0x0000, 0x0000, 0x0000, 0x0000, 0x0000, 0x0000, 0x0000, 0x0000,
    0x0000, 0x0000, 0x0000, 0x0000, 0x0000, 0x0000, 0x0000, 0x0000, 0x0000, 0x0000, 0x0000, 0x0000,
    0x0000, 0x0000, 0x0000, 0x0000, 0x0000, 0x0000, 0x0000, 0x0000, 0x0000, 0x0000, 0x0000, 0x0000,
    0x0000, 0x0000, 0x0000, 0x0000, 0x0000, 0x0000, 0x0000, 0x0000, 0x0000, 0x0000, 0x0000, 0x0000,
    0x0000, 0x0000, 0x0000, 0x0000, 0x0000, 0x0000, 0x0000, 0x0000, 0x0000, 0x0000, 0x0000, 0x0000,
    0x0000, 0x0000, 0x0000, 0x0000, 0x0000, 0x0000, 0x0000, 0x0000, 0x0000, 0x0000, 0x0000, 0x0000,
    0x0000, 0x0000, 0x0000, 0x0000, 0x00CC, 0x008C, 0x08A3, 0x10C3, 0x0842, 0x10A3, 0x10E3, 0x10C3,
    0x10C3, 0x10E3, 0x08A3, 0x08C3, 0x10C3, 0x10E3, 0x10C3, 0x10C3, 0x08C4, 0x08C5, 0x10C5, 0x10C5,
    0x10C5, 0x10C5, 0x10C6, 0x10C6, 0x08C5, 0x10C5, 0x10C5, 0x10C5, 0x10C5, 0x10C5, 0x10C5, 0x10A5,
    0x10A5, 0x10C5, 0x10C5, 0x10E5, 0x18C3, 0x0000, 0x00C8, 0x0001, 0x0000, 0x0000, 0x0000, 0x0000,
    0x0000, 0x0000, 0x0000, 0x0000, 0x0000, 0x0000, 0x0000, 0x0000, 0x0000, 0x0000, 0x0000, 0x0000,
    0x0000, 0x0000, 0x0000, 0x0000, 0x0000, 0x0000, 0x0000, 0x0000, 0x0000, 0x0000, 0x0000, 0x0000,
    0x0000, 0x0000, 0x0000, 0x0000, 0x0000, 0x0000, 0x0000, 0x0000, 0x0000, 0x0000, 0x0000, 0x0000,
    0x0000, 0x0000, 0x0000, 0x0000, 0x0000, 0x0000, 0x0000, 0x0000, 0x0000, 0x0000, 0x0000, 0x0000,
    0x0000, 0x0000, 0x0000, 0x0000, 0x0000, 0x0000, 0x0000, 0x0000, 0x0000, 0x0000, 0x0000, 0x0000,
    0x0000, 0x0066, 0x0110, 0x0025, 0x10E3, 0x10C2, 0x10C2, 0x10E3, 0x10E3, 0x10C2, 0x10C2, 0x10C3,
    0x10C2, 0x10E3, 0x10E3, 0x10C3, 0x10E3, 0x10C3, 0x10C3, 0x10C3, 0x10C3, 0x10C4, 0x10C4, 0x10E4,
    0x10C4, 0x10C4, 0x10C4, 0x10C5, 0x10C5, 0x10C5, 0x10A5, 0x10C5, 0x10C5, 0x10A4, 0x10A4, 0x18E5,
    0x10A2, 0x0021, 0x012B, 0x0000, 0x0000, 0x0000, 0x0000, 0x0000, 0x0000, 0x0000, 0x0000, 0x0000,
    0x0000, 0x0000, 0x0000, 0x0000, 0x0000, 0x0000, 0x0000, 0x0000, 0x0000, 0x0000, 0x0000, 0x0000,
    0x0000, 0x0000, 0x0000, 0x0000, 0x0000, 0x0000, 0x0000, 0x0000, 0x0000, 0x0000, 0x0000, 0x0000,
    0x0000, 0x0000, 0x0000, 0x0000, 0x0000, 0x0000, 0x0000, 0x0000, 0x0000, 0x0000, 0x0000, 0x0000,
    0x0000, 0x0000, 0x0000, 0x0000, 0x0000, 0x0000, 0x0000, 0x0000, 0x0000, 0x0000, 0x0000, 0x0000,
    0x0000, 0x0000, 0x0000, 0x0000, 0x0000, 0x0000, 0x0000, 0x0000, 0x0000, 0x0000, 0x0000, 0x0000,
    0x0000, 0x0000, 0x0000, 0x0000, 0x0000, 0x0000, 0x0000, 0x0000, 0x0000, 0x0000, 0x0000, 0x0000,
    0x0000, 0x0000, 0x0000, 0x0000, 0x0000, 0x0000, 0x0000, 0x0000, 0x0000, 0x0000, 0x0000, 0x0000,
    0x0000, 0x0000, 0x0000, 0x0048, 0x004A, 0x3960, 0xD420, 0xC280, 0xDB20, 0xC2E0, 0xD3E0, 0xD440,
    0xE4C0, 0xB2E0, 0xDCA0, 0xED40, 0xED80, 0xECE0, 0xE4A0, 0xE4C0, 0xE4C2, 0xED65, 0xED65, 0xE585,
    0xED85, 0xEDA5, 0xEDC6, 0xEDE6, 0xEDE6, 0xEE05, 0xEE26, 0xEE25, 0xEE65, 0xEE85, 0xEEA5, 0xEE85,
    0xEE85, 0xEEA5, 0xEEA8, 0xF6E9, 0x8AA1, 0x0003, 0x02BE, 0x00C7, 0x0000, 0x0000, 0x0000, 0x0000,
    0x0000, 0x0000, 0x0000, 0x0000, 0x0000, 0x0000, 0x0000, 0x0000, 0x0000, 0x0000, 0x0000, 0x0000,
    0x0000, 0x0000, 0x0000, 0x0000, 0x0000, 0x0000, 0x0000, 0x0000, 0x0000, 0x0000, 0x0000, 0x0000,
    0x0000, 0x0000, 0x0000, 0x0000, 0x0000, 0x0000, 0x0000, 0x0000, 0x0000, 0x0000, 0x0000, 0x0000,
    0x0000, 0x0000, 0x0000, 0x0000, 0x0000, 0x0000, 0x0000, 0x0000, 0x0000, 0x0000, 0x0000, 0x0000,
    0x0000, 0x0000, 0x0000, 0x0000, 0x0000, 0x0000, 0x0000, 0x0000, 0x0000, 0x0000, 0x0000, 0x0000,
    0x0002, 0x0069, 0x0042, 0x9C25, 0xF4C1, 0xEC00, 0xDC40, 0xE500, 0xED40, 0xECC0, 0xED40, 0xED40,
    0xED80, 0xEDA0, 0xED40, 0xED00, 0xED00, 0xED00, 0xED40, 0xED80, 0xEDC1, 0xEDC2, 0xEDE2, 0xEDE2,
    0xEE02, 0xEE23, 0xEE44, 0xEE85, 0xEE85, 0xEE84, 0xEE85, 0xEEA6, 0xEEA6, 0xEEA6, 0xEEA8, 0xF6A9,
    0x5140, 0x0048, 0x031F, 0x0085, 0x0000, 0x0000, 0x0000, 0x0000, 0x0000, 0x0000, 0x0000, 0x0000,
    0x0000, 0x0000, 0x0000, 0x0000, 0x0000, 0x0000, 0x0000, 0x0000, 0x0000, 0x0000, 0x0000, 0x0000,
    0x0000, 0x0000, 0x0000, 0x0000, 0x0000, 0x0000, 0x0000, 0x0000, 0x0000, 0x0000, 0x0000, 0x0000,
    0x0000, 0x0000, 0x0000, 0x0000, 0x0000, 0x0000, 0x0000, 0x0000, 0x0000, 0x0000, 0x0000, 0x0000,
    0x0000, 0x0000, 0x0000, 0x0000, 0x0000, 0x0000, 0x0000, 0x0000, 0x0000, 0x0000, 0x0000, 0x0000,
    0x0000, 0x0000, 0x0000, 0x0000, 0x0000, 0x0000, 0x0000, 0x0000, 0x0000, 0x0000, 0x0000, 0x0000,
    0x0000, 0x0000, 0x0000, 0x0000, 0x0000, 0x0000, 0x0000, 0x0000, 0x0000, 0x0000, 0x0000, 0x0000,
    0x0000, 0x0000, 0x0000, 0x0000, 0x0000, 0x0000, 0x0000, 0x0000, 0x0000, 0x0000, 0x0000, 0x0000,
    0x0000, 0x0000, 0x0045, 0x0027, 0x3960, 0xECE1, 0xCA60, 0xBA00, 0xEBC0, 0xD2A0, 0xEC40, 0xE400,
    0xBA40, 0xE440, 0xFD60, 0xFD00, 0xFD40, 0xFC60, 0xF400, 0xF400, 0xFD20, 0xFCE0, 0xFD80, 0xFD80,
    0xFDA0, 0xFDE0, 0xFDE0, 0xFE00, 0xFE20, 0xFE20, 0xFE40, 0xFE40, 0xFE60, 0xFE80, 0xFEA0, 0xFEC0,
    0xFEE0, 0xFEE0, 0xFF61, 0xF560, 0x1800, 0x00CF, 0x023F, 0x0193, 0x0000, 0x0000, 0x0000, 0x0000,
    0x0000, 0x0000, 0x0000, 0x0000, 0x0000, 0x0000, 0x0000, 0x0000, 0x0000, 0x0000, 0x0000, 0x0000,
    0x0000, 0x0000, 0x0000, 0x0000, 0x0000, 0x0000, 0x0000, 0x0000, 0x0000, 0x0000, 0x0000, 0x0000,
    0x0000, 0x0000, 0x0000, 0x0000, 0x0000, 0x0000, 0x0000, 0x0000, 0x0000, 0x0000, 0x0000, 0x0000,
    0x0000, 0x0000, 0x0000, 0x0000, 0x0000, 0x0000, 0x0000, 0x0000, 0x0000, 0x0000, 0x0000, 0x0000,
    0x0000, 0x0000, 0x0000, 0x0000, 0x0000, 0x0000, 0x0000, 0x0000, 0x0000, 0x0000, 0x0000, 0x0021,
    0x00AC, 0x0860, 0xB4C6, 0xFDA2, 0xFC20, 0xFCC0, 0xEC40, 0xFD80, 0xFD20, 0xFCC0, 0xFD80, 0xFD60,
    0xFD40, 0xFDE0, 0xFD40, 0xFCA0, 0xFD20, 0xFD80, 0xFDC0, 0xFDE0, 0xFDE0, 0xFDE0, 0xFDE0, 0xFDE0,
    0xFE00, 0xFE20, 0xFE40, 0xFE60, 0xFE60, 0xFE80, 0xFEA0, 0xFEC0, 0xFEE0, 0xFEE0, 0xFF82, 0xCC00,
    0x0000, 0x0113, 0x025F, 0x01D3, 0x0000, 0x0000, 0x0000, 0x0000, 0x0000, 0x0000, 0x0000, 0x0000,
    0x0000, 0x0000, 0x0000, 0x0000, 0x0000, 0x0000, 0x0000, 0x0000, 0x0000, 0x0000, 0x0000, 0x0000,
    0x0000, 0x0000, 0x0000, 0x0000, 0x0000, 0x0000, 0x0000, 0x0000, 0x0000, 0x0000, 0x0000, 0x0000,
    0x0000, 0x0000, 0x0000, 0x0000, 0x0000, 0x0000, 0x0000, 0x0000, 0x0000, 0x0000, 0x0000, 0x0000,
    0x0000, 0x0000, 0x0000, 0x0000, 0x0000, 0x0000, 0x0000, 0x0000, 0x0000, 0x0000, 0x0000, 0x0000,
    0x0000, 0x0000, 0x0000, 0x0000, 0x0000, 0x0000, 0x0000, 0x0000, 0x0000, 0x0000, 0x0000, 0x0000,
    0x0000, 0x0000, 0x0000, 0x0000, 0x0000, 0x0000, 0x0000, 0x0000, 0x0000, 0x0000, 0x0000, 0x0000,
    0x0000, 0x0000, 0x0000, 0x0000, 0x0000, 0x0000, 0x0000, 0x0000, 0x0000, 0x0000, 0x0000, 0x0000,
    0x0000, 0x0000, 0x00ED, 0x0083, 0xCC60, 0xE300, 0xE3C0, 0xBA80, 0x99E0, 0x99E0, 0xFD80, 0xF440,
    0xF460, 0xFDC0, 0xF4E0, 0xF520, 0xFD00, 0xFCE0, 0xF480, 0xF4E0, 0xF540, 0xF520, 0xFDA0, 0xFDC0,
    0xFDC0, 0xFDC0, 0xFDE0, 0xFDE0, 0xFDE0, 0xFE00, 0xFE00, 0xFE20, 0xFE20, 0xFE40, 0xFE40, 0xFE80,
    0xFE60, 0xFE60, 0xFF00, 0x8260, 0x0005, 0x0154, 0x0157, 0x021C, 0x0065, 0x0000, 0x0000, 0x0000,
    0x0000, 0x0000, 0x0000, 0x0000, 0x0000, 0x0000, 0x0000, 0x0000, 0x0000, 0x0000, 0x0000, 0x0000,
    0x0000, 0x0000, 0x0000, 0x0000, 0x0000, 0x0000, 0x0000, 0x0000, 0x0000, 0x0000, 0x0000, 0x0000,
    0x0000, 0x0000, 0x0000, 0x0000, 0x0000, 0x0000, 0x0000, 0x0000, 0x0000, 0x0000, 0x0000, 0x0000,
    0x0000, 0x0000, 0x0000, 0x0000, 0x0000, 0x0000, 0x0000, 0x0000, 0x0000, 0x0000, 0x0000, 0x0000,
    0x0000, 0x0000, 0x0000, 0x0000, 0x0000, 0x0000, 0x0000, 0x0000, 0x0000, 0x0000, 0x0000, 0x00A8,
    0x0049, 0x7B66, 0xFD82, 0xEC80, 0xFD20, 0xF520, 0xECE0, 0xFE00, 0xECA0, 0xF560, 0xF500, 0xFDA0,
    0xFD60, 0xFDE0, 0xF4C0, 0xFDA0, 0xFDE0, 0xFDE0, 0xFDE0, 0xFDE0, 0xFDE0, 0xFDE0, 0xFDE0, 0xFDE0,
    0xFDE0, 0xFE00, 0xFE00, 0xFE00, 0xFE20, 0xFE40, 0xFE40, 0xFE40, 0xFE60, 0xFEC0, 0xFE81, 0x48C0,
    0x0069, 0x0178, 0x0199, 0x027E, 0x0085, 0x0000, 0x0000, 0x0000, 0x0000, 0x0000, 0x0000, 0x0000,
    0x0000, 0x0000, 0x0000, 0x0000, 0x0000, 0x0000, 0x0000, 0x0000, 0x0000, 0x0000, 0x0000, 0x0000,
    0x0000, 0x0000, 0x0000, 0x0000, 0x0000, 0x0000, 0x0000, 0x0000, 0x0000, 0x0000, 0x0000, 0x0000,
    0x0000, 0x0000, 0x0000, 0x0000, 0x0000, 0x0000, 0x0000, 0x0000, 0x0000, 0x0000, 0x0000, 0x0000,
    0x0000, 0x0000, 0x0000, 0x0000, 0x0000, 0x0000, 0x0000, 0x0000, 0x0000, 0x0000, 0x0000, 0x0000,
    0x0000, 0x0000, 0x0000, 0x0000, 0x0000, 0x0000, 0x0000, 0x0000, 0x0000, 0x0000, 0x0000, 0x0000,
    0x0000, 0x0000, 0x0000, 0x0000, 0x0000, 0x0000, 0x0000, 0x0000, 0x0000, 0x0000, 0x0000, 0x0000,
    0x0000, 0x0000, 0x0000, 0x0000, 0x0000, 0x0000, 0x0000, 0x0000, 0x0000, 0x0000, 0x0000, 0x0000,
    0x0000, 0x0043, 0x006C, 0x4A20, 0xFD21, 0xE360, 0xDBA0, 0xC2C0, 0xAAC0, 0xBB20, 0xFD20, 0xFD20,
    0xFDC0, 0xFD40, 0xECE0, 0xFDE0, 0xECA0, 0xF4E0, 0xFD80, 0xFDC0, 0xFDA0, 0xFDE0, 0xFDE0, 0xFDE0,
    0xFDE0, 0xFE00, 0xFE00, 0xFE00, 0xFE00, 0xFE00, 0xFE20, 0xFE20, 0xFE20, 0xFE20, 0xFE40, 0xFE40,
    0xFE20, 0xFEC0, 0xED40, 0x1000, 0x00CE, 0x0155, 0x0155, 0x01DB, 0x0087, 0x0000, 0x0000, 0x0000,
    0x0000, 0x0000, 0x0000, 0x0000, 0x0000, 0x0000, 0x0000, 0x0000, 0x0000, 0x0000, 0x0000, 0x0000,
    0x0000, 0x0000, 0x0000, 0x0000, 0x0000, 0x0000, 0x0000, 0x0000, 0x0000, 0x0000, 0x0000, 0x0000,
    0x0000, 0x0000, 0x0000, 0x0000, 0x0000, 0x0000, 0x0000, 0x0000, 0x0000, 0x0000, 0x0000, 0x0000,
    0x0000, 0x0000, 0x0000, 0x0000, 0x0000, 0x0000, 0x0000, 0x0000, 0x0000, 0x0000, 0x0000, 0x0000,
    0x0000, 0x0000, 0x0000, 0x0000, 0x0000, 0x0000, 0x0000, 0x0000, 0x0000, 0x0000, 0x0000, 0x00ED,
    0x0064, 0xCCC5, 0xFD40, 0xF580, 0xFE00, 0xF560, 0xED40, 0xFDC0, 0xE4C0, 0xFDE0, 0xFDA0, 0xFDE0,
    0xFE00, 0xFDE0, 0xFDC0, 0xFE00, 0xFDE0, 0xFDE0, 0xFE00, 0xFE00, 0xFE00, 0xFE00, 0xFE00, 0xFE00,
    0xFE00, 0xFE00, 0xFE20, 0xFE00, 0xFE00, 0xFE20, 0xFE40, 0xFE60, 0xFE40, 0xFF00, 0xC3C0, 0x0001,
    0x0113, 0x0155, 0x0156, 0x021D, 0x00A9, 0x0000, 0x0000, 0x0000, 0x0000, 0x0000, 0x0000, 0x0000,
    0x0000, 0x0000, 0x0000, 0x0000, 0x0000, 0x0000, 0x0000, 0x0000, 0x0000, 0x0000, 0x0000, 0x0000,
    0x0000, 0x0000, 0x0000, 0x0000, 0x0000, 0x0000, 0x0000, 0x0000, 0x0000, 0x0000, 0x0000, 0x0000,
    0x0000, 0x0000, 0x0000, 0x0000, 0x0000, 0x0000, 0x0000, 0x0000, 0x0000, 0x0000, 0x0000, 0x0000,
    0x0000, 0x0000, 0x0000, 0x0000, 0x0000, 0x0000, 0x0000, 0x0000, 0x0000, 0x0000, 0x0000, 0x0000,
    0x0000, 0x0000, 0x0000, 0x0000, 0x0000, 0x0000, 0x0000, 0x0000, 0x0000, 0x0000, 0x0000, 0x0000,
    0x0000, 0x0000, 0x0000, 0x0000, 0x0000, 0x0000, 0x0000, 0x0000, 0x0000, 0x0000, 0x0000, 0x0000,
    0x0000, 0x0000, 0x0000, 0x0000, 0x0000, 0x0000, 0x0000, 0x0000, 0x0000, 0x0000, 0x0000, 0x0000,
    0x0000, 0x00EB, 0x0066, 0xB440, 0xE3A0, 0xCB40, 0xE3E0, 0x9960, 0xE460, 0xFD60, 0xFDA0, 0xECC0,
    0xE4A0, 0xFDC0, 0xFE00, 0xFDE0, 0xCBE0, 0xF560, 0xFE00, 0xFDC0, 0xFDE0, 0xFDE0, 0xFE00, 0xFE20,
    0xFE00, 0xFE00, 0xFE00, 0xFE00, 0xFE00, 0xFE20, 0xFE20, 0xFE20, 0xFE40, 0xFE40, 0xFE40, 0xFE60,
    0xFE40, 0xFEC1, 0x7A00, 0x0005, 0x0132, 0x0112, 0x0155, 0x00EF, 0x0000, 0x0000, 0x0000, 0x0000,
    0x0000, 0x0000, 0x0000, 0x0000, 0x0000, 0x0000, 0x0000, 0x0000, 0x0000, 0x0000, 0x0000, 0x0000,
    0x0000, 0x0000, 0x0000, 0x0000, 0x0000, 0x0000, 0x0000, 0x0000, 0x0000, 0x0000, 0x0000, 0x0000,
    0x0000, 0x0000, 0x0000, 0x0000, 0x0000, 0x0000, 0x0000, 0x0000, 0x0000, 0x0000, 0x0000, 0x0000,
    0x0000, 0x0000, 0x0000, 0x0000, 0x0000, 0x0000, 0x0000, 0x0000, 0x0000, 0x0000, 0x0000, 0x0000,
    0x0000, 0x0000, 0x0000, 0x0000, 0x0000, 0x0000, 0x0000, 0x0000, 0x0000, 0x0000, 0x0043, 0x008C,
    0x39C3, 0xFDC3, 0xFD40, 0xFDC0, 0xFDE0, 0xF540, 0xFDE0, 0xF5A0, 0xFDC0, 0xFE00, 0xFDE0, 0xFE00,
    0xFE00, 0xFE00, 0xFE00, 0xFE00, 0xFE00, 0xFE00, 0xFE00, 0xFE00, 0xFE20, 0xFE20, 0xFE20, 0xFE20,
    0xFE20, 0xFE20, 0xFE20, 0xFE20, 0xFE20, 0xFE40, 0xFE60, 0xFE40, 0xFE80, 0xFE40, 0x38A0, 0x0049,
    0x0113, 0x0133, 0x0198, 0x0133, 0x0000, 0x0000, 0x0000, 0x0000, 0x0000, 0x0000, 0x0000, 0x0000,
    0x0000, 0x0000, 0x0000, 0x0000, 0x0000, 0x0000, 0x0000, 0x0000, 0x0000, 0x0000, 0x0000, 0x0000,
    0x0000, 0x0000, 0x0000, 0x0000, 0x0000, 0x0000, 0x0000, 0x0000, 0x0000, 0x0000, 0x0000, 0x0000,
    0x0000, 0x0000, 0x0000, 0x0000, 0x0000, 0x0000, 0x0000, 0x0000, 0x0000, 0x0000, 0x0000, 0x0000,
    0x0000, 0x0000, 0x0000, 0x0000, 0x0000, 0x0000, 0x0000, 0x0000, 0x0000, 0x0000, 0x0000, 0x0000,
    0x0000, 0x0000, 0x0000, 0x0000, 0x0000, 0x0000, 0x0000, 0x0000, 0x0000, 0x0000, 0x0000, 0x0000,
    0x0000, 0x0000, 0x0000, 0x0000, 0x0000, 0x0000, 0x0000, 0x0000, 0x0000, 0x0000, 0x0000, 0x0000,
    0x0000, 0x0000, 0x0000, 0x0000, 0x0000, 0x0000, 0x0000, 0x0000, 0x0000, 0x0000, 0x0000, 0x0000,
    0x0001, 0x00AE, 0x2940, 0xE480, 0xDBC0, 0xE460, 0xE480, 0xA220, 0xFE00, 0xF5A0, 0xF580, 0xF580,
    0xED00, 0xE4E0, 0xF5E0, 0xDD00, 0xDCC0, 0xFE00, 0xFE00, 0xFE20, 0xFE20, 0xFE40, 0xFE40, 0xFE40,
    0xFE60, 0xFE40, 0xFE40, 0xFE40, 0xFE40, 0xFE40, 0xFE60, 0xFE60, 0xFE60, 0xFE60, 0xFE80, 0xFE60,
    0xFEC0, 0xE520, 0x0800, 0x00AD, 0x0111, 0x00F1, 0x0133, 0x0024, 0x0000, 0x0000, 0x0000, 0x0000,
    0x0000, 0x0000, 0x0000, 0x0000, 0x0000, 0x0000, 0x0000, 0x0000, 0x0000, 0x0000, 0x0000, 0x0000,
    0x0000, 0x0000, 0x0000, 0x0000, 0x0000, 0x0000, 0x0000, 0x0000, 0x0000, 0x0000, 0x0000, 0x0000,
    0x0000, 0x0000, 0x0000, 0x0000, 0x0000, 0x0000, 0x0000, 0x0000, 0x0000, 0x0000, 0x0000, 0x0000,
    0x0000, 0x0000, 0x0000, 0x0000, 0x0000, 0x0000, 0x0000, 0x0000, 0x0000, 0x0000, 0x0000, 0x0000,
    0x0000, 0x0000, 0x0000, 0x0000, 0x0000, 0x0000, 0x0000, 0x0000, 0x0000, 0x0000, 0x00A9, 0x0027,
    0x9C46, 0xFE80, 0xFE00, 0xFDC0, 0xFDE0, 0xFDA0, 0xFE40, 0xFE00, 0xFE20, 0xFE40, 0xFE40, 0xFE60,
    0xFE40, 0xFE40, 0xFE20, 0xFE20, 0xFE20, 0xFE40, 0xFE40, 0xFE40, 0xFE40, 0xFE60, 0xFE60, 0xFE60,
    0xFE40, 0xFE40, 0xFE40, 0xFE40, 0xFE60, 0xFE60, 0xFE60, 0xFE40, 0xFF00, 0xB380, 0x0001, 0x00F0,
    0x0111, 0x0112, 0x0155, 0x0045, 0x0000, 0x0000, 0x0000, 0x0000, 0x0000, 0x0000, 0x0000, 0x0000,
    0x0000, 0x0000, 0x0000, 0x0000, 0x0000, 0x0000, 0x0000, 0x0000, 0x0000, 0x0000, 0x0000, 0x0000,
    0x0000, 0x0000, 0x0000, 0x0000, 0x0000, 0x0000, 0x0000, 0x0000, 0x0000, 0x0000, 0x0000, 0x0000,
    0x0000, 0x0000, 0x0000, 0x0000, 0x0000, 0x0000, 0x0000, 0x0000, 0x0000, 0x0000, 0x0000, 0x0000,
    0x0000, 0x0000, 0x0000, 0x0000, 0x0000, 0x0000, 0x0000, 0x0000, 0x0000, 0x0000, 0x0000, 0x0000,
    0x0000, 0x0000, 0x0000, 0x0000, 0x0000, 0x0000, 0x0000, 0x0000, 0x0000, 0x0000, 0x0000, 0x0000,
    0x0000, 0x0000, 0x0000, 0x0000, 0x0000, 0x0000, 0x0000, 0x0000, 0x0000, 0x0000, 0x0000, 0x0000,
    0x0000, 0x0000, 0x0000, 0x0000, 0x0000, 0x0000, 0x0000, 0x0000, 0x0000, 0x0000, 0x0000, 0x0000,
    0x00A9, 0x0029, 0x8BA0, 0xFDA1, 0xFD40, 0xFDA0, 0xDC60, 0xC380, 0xFE60, 0xE500, 0xF5A0, 0xFE00,
    0xFE20, 0xE500, 0xF5C0, 0xC460, 0xDD40, 0xFEA0, 0xFE60, 0xFE40, 0xFE60, 0xFE80, 0xFE80, 0xFE80,
    0xFE80, 0xFE80, 0xFE80, 0xFE80, 0xFE80, 0xFE60, 0xFE60, 0xFE80, 0xFE80, 0xFE80, 0xFE80, 0xFE80,
    0xFEC0, 0x69C0, 0x0005, 0x00EF, 0x00EF, 0x0112, 0x00AC, 0x0000, 0x0000, 0x0000, 0x0000, 0x0000,
    0x0000, 0x0000, 0x0000, 0x0000, 0x0000, 0x0000, 0x0000, 0x0000, 0x0000, 0x0000, 0x0000, 0x0000,
    0x0000, 0x0000, 0x0000, 0x0000, 0x0000, 0x0000, 0x0000, 0x0000, 0x0000, 0x0000, 0x0000, 0x0000,
    0x0000, 0x0000, 0x0000, 0x0000, 0x0000, 0x0000, 0x0000, 0x0000, 0x0000, 0x0000, 0x0000, 0x0000,
    0x0000, 0x0000, 0x0000, 0x0000, 0x0000, 0x0000, 0x0000, 0x0000, 0x0000, 0x0000, 0x0000, 0x0000,
    0x0000, 0x0000, 0x0000, 0x0000, 0x0000, 0x0000, 0x0000, 0x0000, 0x0000, 0x0000, 0x00ED, 0x10C5,
    0xEE46, 0xFE20, 0xFE40, 0xFE20, 0xFE40, 0xFE60, 0xFE80, 0xFE60, 0xFE60, 0xFE60, 0xFE80, 0xFE80,
    0xFE60, 0xFE60, 0xFE60, 0xFE60, 0xFE60, 0xFE60, 0xFE60, 0xFE60, 0xFE60, 0xFE80, 0xFE40, 0xFE60,
    0xFE60, 0xFE60, 0xFE60, 0xFE60, 0xFE60, 0xFE60, 0xFE60, 0xFEA0, 0xFE20, 0x3080, 0x0049, 0x0111,
    0x0111, 0x0133, 0x00CD, 0x0000, 0x0000, 0x0000, 0x0000, 0x0000, 0x0000, 0x0000, 0x0000, 0x0000,
    0x0000, 0x0000, 0x0000, 0x0000, 0x0000, 0x0000, 0x0000, 0x0000, 0x0000, 0x0000, 0x0000, 0x0000,
    0x0000, 0x0000, 0x0000, 0x0000, 0x0000, 0x0000, 0x0000, 0x0000, 0x0000, 0x0000, 0x0000, 0x0000,
    0x0000, 0x0000, 0x0000, 0x0000, 0x0000, 0x0000, 0x0000, 0x0000, 0x0000, 0x0000, 0x0000, 0x0000,
    0x0000, 0x0000, 0x0000, 0x0000, 0x0000, 0x0000, 0x0000, 0x0000, 0x0000, 0x0000, 0x0000, 0x0000,
    0x0000, 0x0000, 0x0000, 0x0000, 0x0000, 0x0000, 0x0000, 0x0000, 0x0000, 0x0000, 0x0000, 0x0000,
    0x0000, 0x0000, 0x0000, 0x0000, 0x0000, 0x0000, 0x0000, 0x0000, 0x0000, 0x0000, 0x0000, 0x0000,
    0x0000, 0x0000, 0x0000, 0x0000, 0x0000, 0x0000, 0x0000, 0x0000, 0x0000, 0x0000, 0x0000, 0x0000,
    0x00EE, 0x10C2, 0xE5C1, 0xFDC0, 0xFDC0, 0xF500, 0xECA0, 0xECE0, 0xF580, 0xDCC0, 0xFE20, 0xFE60,
    0xFE80, 0xE560, 0xE580, 0x9B20, 0xFE80, 0xFEA0, 0xFE80, 0xF600, 0xFE60, 0xFE60, 0xFEC0, 0xFE80,
    0xFE80, 0xFE80, 0xFE80, 0xFE80, 0xFE80, 0xFE80, 0xFE80, 0xFE80, 0xFE80, 0xFE80, 0xFE80, 0xFF00,
    0xDCA0, 0x0000, 0x008A, 0x00CD, 0x00CE, 0x00CF, 0x0022, 0x0000, 0x0000, 0x0000, 0x0000, 0x0000,
    0x0000, 0x0000, 0x0000, 0x0000, 0x0000, 0x0000, 0x0000, 0x0000, 0x0000, 0x0000, 0x0000, 0x0000,
    0x0000, 0x0000, 0x0000, 0x0000, 0x0000, 0x0000, 0x0000, 0x0000, 0x0000, 0x0000, 0x0000, 0x0000,
    0x0000, 0x0000, 0x0000, 0x0000, 0x0000, 0x0000, 0x0000, 0x0000, 0x0000, 0x0000, 0x0000, 0x0000,
    0x0000, 0x0000, 0x0000, 0x0000, 0x0000, 0x0000, 0x0000, 0x0000, 0x0000, 0x0000, 0x0000, 0x0000,
    0x0000, 0x0000, 0x0000, 0x0000, 0x0000, 0x0000, 0x0000, 0x0000, 0x0000, 0x0086, 0x008B, 0x62C5,
    0xFE83, 0xFE60, 0xFEA0, 0xFE80, 0xFE60, 0xFE80, 0xFE80, 0xFE80, 0xFE80, 0xFE80, 0xFE60, 0xFE80,
    0xFE60, 0xFE60, 0xFE60, 0xFE60, 0xFE60, 0xFE60, 0xFE60, 0xFE60, 0xFE80, 0xFE80, 0xFE40, 0xFE60,
    0xFE60, 0xFE80, 0xFE80, 0xFE80, 0xFE80, 0xFE60, 0xFE60, 0xFF00, 0xAB40, 0x0002, 0x00EE, 0x00EF,
    0x00F0, 0x0112, 0x0023, 0x0000, 0x0000, 0x0000, 0x0000, 0x0000, 0x0000, 0x0000, 0x0000, 0x0000,
    0x0000, 0x0000, 0x0000, 0x0000, 0x0000, 0x0000, 0x0000, 0x0000, 0x0000, 0x0000, 0x0000, 0x0000,
    0x0000, 0x0000, 0x0000, 0x0000, 0x0000, 0x0000, 0x0000, 0x0000, 0x0000, 0x0000, 0x0000, 0x0000,
    0x0000, 0x0000, 0x0000, 0x0000, 0x0000, 0x0000, 0x0000, 0x0000, 0x0000, 0x0000, 0x0000, 0x0000,
    0x0000, 0x0000, 0x0000, 0x0000, 0x0000, 0x0000, 0x0000, 0x0000, 0x0000, 0x0000, 0x0000, 0x0000,
    0x0000, 0x0000, 0x0000, 0x0000, 0x0000, 0x0000, 0x0000, 0x0000, 0x0000, 0x0000, 0x0000, 0x0000,
    0x0000, 0x0000, 0x0000, 0x0000, 0x0000, 0x0000, 0x0000, 0x0000, 0x0000, 0x0000, 0x0000, 0x0000,
    0x0000, 0x0000, 0x0000, 0x0000, 0x0000, 0x0000, 0x0000, 0x0000, 0x0000, 0x0000, 0x0000, 0x0065,
    0x002B, 0x62E2, 0xFEA1, 0xFE00, 0xFD80, 0xFD80, 0xECE0, 0xFDC0, 0xFDC0, 0xED20, 0xFE80, 0xFE80,
    0xF600, 0xFEA0, 0xC4A0, 0xBC40, 0xFEE0, 0xFE80, 0xF600, 0xEDA0, 0xF620, 0xF600, 0xF660, 0xF620,
    0xF600, 0xF680, 0xFEA0, 0xFE80, 0xFE80, 0xFE80, 0xFE80, 0xFE80, 0xFE80, 0xFE80, 0xFEA0, 0xFE80,
    0x5940, 0x0005, 0x00AC, 0x00AC, 0x00CE, 0x0068, 0x0000, 0x0000, 0x0000, 0x0000, 0x0000, 0x0000,
    0x0000, 0x0000, 0x0000, 0x0000, 0x0000, 0x0000, 0x0000, 0x0000, 0x0000, 0x0000, 0x0000, 0x0000,
    0x0000, 0x0000, 0x0000, 0x0000, 0x0000, 0x0000, 0x0000, 0x0000, 0x0000, 0x0000, 0x0000, 0x0000,
    0x0000, 0x0000, 0x0000, 0x0000, 0x0000, 0x0000, 0x0000, 0x0000, 0x0000, 0x0000, 0x0000, 0x0000,
    0x0000, 0x0000, 0x0000, 0x0000, 0x0000, 0x0000, 0x0000, 0x0000, 0x0000, 0x0000, 0x0000, 0x0000,
    0x0000, 0x0000, 0x0000, 0x0000, 0x0000, 0x0000, 0x0000, 0x0000, 0x0000, 0x00CB, 0x0026, 0xB4A5,
    0xF5E0, 0xF620, 0xED80, 0xE540, 0xFE80, 0xFE80, 0xFE60, 0xFE60, 0xFE80, 0xFEA0, 0xFF00, 0xFEC0,
    0xFE80, 0xFEE0, 0xFEC0, 0xFEC0, 0xFEE0, 0xFEE0, 0xFEE0, 0xFEA0, 0xFE80, 0xFE20, 0xFE60, 0xFE80,
    0xFE80, 0xFE80, 0xFE80, 0xFE80, 0xFE80, 0xFE80, 0xFEC0, 0xFDC0, 0x2860, 0x006A, 0x00CF, 0x00CE,
    0x00F1, 0x008A, 0x0000, 0x0000, 0x0000, 0x0000, 0x0000, 0x0000, 0x0000, 0x0000, 0x0000, 0x0000,
    0x0000, 0x0000, 0x0000, 0x0000, 0x0000, 0x0000, 0x0000, 0x0000, 0x0000, 0x0000, 0x0000, 0x0000,
    0x0000, 0x0000, 0x0000, 0x0000, 0x0000, 0x0000, 0x0000, 0x0000, 0x0000, 0x0000, 0x0000, 0x0000,
    0x0000, 0x0000, 0x0000, 0x0000, 0x0000, 0x0000, 0x0000, 0x0000, 0x0000, 0x0000, 0x0000, 0x0000,
    0x0000, 0x0000, 0x0000, 0x0000, 0x0000, 0x0000, 0x0000, 0x0000, 0x0000, 0x0000, 0x0000, 0x0000,
    0x0000, 0x0000, 0x0000, 0x0000, 0x0000, 0x0000, 0x0000, 0x0000, 0x0000, 0x0000, 0x0000, 0x0000,
    0x0000, 0x0000, 0x0000, 0x0000, 0x0000, 0x0000, 0x0000, 0x0000, 0x0000, 0x0000, 0x0000, 0x0000,
    0x0000, 0x0000, 0x0000, 0x0000, 0x0000, 0x0000, 0x0000, 0x0000, 0x0000, 0x0000, 0x0000, 0x00EC,
    0x0044, 0xC502, 0xFDC0, 0xF540, 0xE400, 0xC320, 0xE500, 0xFE80, 0xFE00, 0xF600, 0xFE00, 0xFE00,
    0xF600, 0xFEE0, 0xFD80, 0xFEC0, 0xFEC0, 0xFEE0, 0xFE20, 0xFE60, 0xFF00, 0xFD00, 0xFD40, 0xFE80,
    0xFDE0, 0xFE80, 0xFEE0, 0xFEC0, 0xFEC0, 0xFEE0, 0xFEE0, 0xFF00, 0xFF00, 0xFEC0, 0xFF60, 0xCC00,
    0x0000, 0x008A, 0x008B, 0x00AC, 0x00AD, 0x0002, 0x0000, 0x0000, 0x0000, 0x0000, 0x0000, 0x0000,
    0x0000, 0x0000, 0x0000, 0x0000, 0x0000, 0x0000, 0x0000, 0x0000, 0x0000, 0x0000, 0x0000, 0x0000,
    0x0000, 0x0000, 0x0000, 0x0000, 0x0000, 0x0000, 0x0000, 0x0000, 0x0000, 0x0000, 0x0000, 0x0000,
    0x0000, 0x0000, 0x0000, 0x0000, 0x0000, 0x0000, 0x0000, 0x0000, 0x0000, 0x0000, 0x0000, 0x0000,
    0x0000, 0x0000, 0x0000, 0x0000, 0x0000, 0x0000, 0x0000, 0x0000, 0x0000, 0x0000, 0x0000, 0x0000,
    0x0000, 0x0000, 0x0000, 0x0000, 0x0000, 0x0000, 0x0000, 0x0000, 0x0022, 0x00EE, 0x2924, 0xF5C4,
    0xFE00, 0xFE60, 0xE4E0, 0xBA80, 0xFE80, 0xFEA0, 0xFEA0, 0xFEA0, 0xFEE0, 0xFEA0, 0xF4E0, 0xECA0,
    0xECC0, 0xED00, 0xECE0, 0xECE0, 0xED00, 0xED00, 0xE4E0, 0xF5C0, 0xFEA0, 0xFE60, 0xFEA0, 0xFE80,
    0xFE80, 0xFE80, 0xFE80, 0xFE80, 0xFEA0, 0xFE80, 0xFF00, 0x92A0, 0x0002, 0x00CE, 0x00CD, 0x00CE,
    0x00EF, 0x0022, 0x0000, 0x0000, 0x0000, 0x0000, 0x0000, 0x0000, 0x0000, 0x0000, 0x0000, 0x0000,
    0x0000, 0x0000, 0x0000, 0x0000, 0x0000, 0x0000, 0x0000, 0x0000, 0x0000, 0x0000, 0x0000, 0x0000,
    0x0000, 0x0000, 0x0000, 0x0000, 0x0000, 0x0000, 0x0000, 0x0000, 0x0000, 0x0000, 0x0000, 0x0000,
    0x0000, 0x0000, 0x0000, 0x0000, 0x0000, 0x0000, 0x0000, 0x0000, 0x0000, 0x0000, 0x0000, 0x0000,
    0x0000, 0x0000, 0x0000, 0x0000, 0x0000, 0x0000, 0x0000, 0x0000, 0x0000, 0x0000, 0x0000, 0x0000,
    0x0000, 0x0000, 0x0000, 0x0000, 0x0000, 0x0000, 0x0000, 0x0000, 0x0000, 0x0000, 0x0000, 0x0000,
    0x0000, 0x0000, 0x0000, 0x0000, 0x0000, 0x0000, 0x0000, 0x0000, 0x0000, 0x0000, 0x0000, 0x0000,
    0x0000, 0x0000, 0x0000, 0x0000, 0x0000, 0x0000, 0x0000, 0x0000, 0x0000, 0x0000, 0x0043, 0x00CE,
    0x39C0, 0xFE20, 0xFDA0, 0xFDE0, 0xF560, 0xE480, 0xF600, 0xF640, 0xFE40, 0xFE60, 0xFE20, 0xF5C0,
    0xFE20, 0xD420, 0x7180, 0x79E0, 0x79C0, 0x71C0, 0x71C0, 0x7A00, 0x79E0, 0x7980, 0x71A0, 0x7A00,
    0x7180, 0x71A0, 0x71A0, 0x6980, 0x69A0, 0x71C0, 0x71C0, 0x71E0, 0x71C0, 0x71C0, 0x7260, 0x28A0,
    0x0025, 0x00AC, 0x008A, 0x00AC, 0x0046, 0x0000, 0x0000, 0x0000, 0x0000, 0x0000, 0x0000, 0x0000,
    0x0000, 0x0000, 0x0000, 0x0000, 0x0000, 0x0000, 0x0000, 0x0000, 0x0000, 0x0000, 0x0000, 0x0000,
    0x0000, 0x0000, 0x0000, 0x0000, 0x0000, 0x0000, 0x0000, 0x0000, 0x0000, 0x0000, 0x0000, 0x0000,
    0x0000, 0x0000, 0x0000, 0x0000, 0x0000, 0x0000, 0x0000, 0x0000, 0x0000, 0x0000, 0x0000, 0x0000,
    0x0000, 0x0000, 0x0000, 0x0000, 0x0000, 0x0000, 0x0000, 0x0000, 0x0000, 0x0000, 0x0000, 0x0000,
    0x0000, 0x0000, 0x0000, 0x0000, 0x0000, 0x0000, 0x0000, 0x0000, 0x00A8, 0x0069, 0x7326, 0xF5C1,
    0xED60, 0xFE60, 0xF5C0, 0xEDC0, 0xFEC0, 0xF5A0, 0xEDA0, 0xEDC0, 0xEE00, 0xE440, 0x2000, 0x1000,
    0x1000, 0x0800, 0x0800, 0x0800, 0x1000, 0x1000, 0x1001, 0xD563, 0xFEA0, 0xFE80, 0xFEA0, 0xFEA0,
    0xFE80, 0xFE80, 0xFEA0, 0xFEA0, 0xFE80, 0xFEE0, 0xF580, 0x1820, 0x0049, 0x00AD, 0x00AC, 0x00CF,
    0x0089, 0x0000, 0x0000, 0x0000, 0x0000, 0x0000, 0x0000, 0x0000, 0x0000, 0x0000, 0x0000, 0x0000,
    0x0000, 0x0000, 0x0000, 0x0000, 0x0000, 0x0000, 0x0000, 0x0000, 0x0000, 0x0000, 0x0000, 0x0000,
    0x0000, 0x0000, 0x0000, 0x0000, 0x0000, 0x0000, 0x0000, 0x0000, 0x0000, 0x0000, 0x0000, 0x0000,
    0x0000, 0x0000, 0x0000, 0x0000, 0x0000, 0x0000, 0x0000, 0x0000, 0x0000, 0x0000, 0x0000, 0x0000,
    0x0000, 0x0000, 0x0000, 0x0000, 0x0000, 0x0000, 0x0000, 0x0000, 0x0000, 0x0000, 0x0000, 0x0000,
    0x0000, 0x0000, 0x0000, 0x0000, 0x0000, 0x0000, 0x0000, 0x0000, 0x0000, 0x0000, 0x0000, 0x0000,
    0x0000, 0x0000, 0x0000, 0x0000, 0x0000, 0x0000, 0x0000, 0x0000, 0x0000, 0x0000, 0x0000, 0x0000,
    0x0000, 0x0000, 0x0000, 0x0000, 0x0000, 0x0000, 0x0000, 0x0000, 0x0000, 0x0000, 0x00EB, 0x0067,
    0xA420, 0xFE00, 0xFE20, 0xFE20, 0xFE20, 0xFDC0, 0xFE40, 0xDD00, 0xF600, 0xFE60, 0xFE40, 0xFE40,
    0xFE20, 0x58A0, 0x0001, 0x0001, 0x0001, 0x0001, 0x0001, 0x0001, 0x0001, 0x0001, 0x0001, 0x0001,
    0x0001, 0x0001, 0x0001, 0x0001, 0x0001, 0x0001, 0x0001, 0x0001, 0x0001, 0x0001, 0x0001, 0x0000,
    0x0089, 0x008B, 0x008B, 0x008B, 0x0001, 0x0000, 0x0000, 0x0000, 0x0000, 0x0000, 0x0000, 0x0000,
    0x0000, 0x0000, 0x0000, 0x0000, 0x0000, 0x0000, 0x0000, 0x0000, 0x0000, 0x0000, 0x0000, 0x0000,
    0x0000, 0x0000, 0x0000, 0x0000, 0x0000, 0x0000, 0x0000, 0x0000, 0x0000, 0x0000, 0x0000, 0x0000,
    0x0000, 0x0000, 0x0000, 0x0000, 0x0000, 0x0000, 0x0000, 0x0000, 0x0000, 0x0000, 0x0000, 0x0000,
    0x0000, 0x0000, 0x0000, 0x0000, 0x0000, 0x0000, 0x0000, 0x0000, 0x0000, 0x0000, 0x0000, 0x0000,
    0x0000, 0x0000, 0x0000, 0x0000, 0x0000, 0x0000, 0x0000, 0x0000, 0x00EC, 0x0885, 0xD5A7, 0xFE60,
    0xF5E0, 0xF5E0, 0xD4E0, 0xF640, 0xFE80, 0xFE80, 0xEDA0, 0xEE20, 0xE560, 0x7100, 0x0004, 0x0044,
    0x0003, 0x0003, 0x0003, 0x0003, 0x0022, 0x0000, 0x4244, 0xFF02, 0xFE60, 0xFEA0, 0xFE80, 0xFEA0,
    0xFEA0, 0xFEA0, 0xFEA0, 0xFEA0, 0xFEA0, 0xFEE0, 0x8220, 0x0003, 0x00AC, 0x00AC, 0x00AC, 0x00AD,
    0x0002, 0x0000, 0x0000, 0x0000, 0x0000, 0x0000, 0x0000, 0x0000, 0x0000, 0x0000, 0x0000, 0x0000,
    0x0000, 0x0000, 0x0000, 0x0000, 0x0000, 0x0000, 0x0000, 0x0000, 0x0000, 0x0000, 0x0000, 0x0000,
    0x0000, 0x0000, 0x0000, 0x0000, 0x0000, 0x0000, 0x0000, 0x0000, 0x0000, 0x0000, 0x0000, 0x0000,
    0x0000, 0x0000, 0x0000, 0x0000, 0x0000, 0x0000, 0x0000, 0x0000, 0x0000, 0x0000, 0x0000, 0x0000,
    0x0000, 0x0000, 0x0000, 0x0000, 0x0000, 0x0000, 0x0000, 0x0000, 0x0000, 0x0000, 0x0000, 0x0000,
    0x0000, 0x0000, 0x0000, 0x0000, 0x0000, 0x0000, 0x0000, 0x0000, 0x0000, 0x0000, 0x0000, 0x0000,
    0x0000, 0x0000, 0x0000, 0x0000, 0x0000, 0x0000, 0x0000, 0x0000, 0x0000, 0x0000, 0x0000, 0x0000,
    0x0000, 0x0000, 0x0000, 0x0000, 0x0000, 0x0000, 0x0000, 0x0000, 0x0000, 0x0001, 0x010E, 0x18E1,
    0xF5E1, 0xFE20, 0xFE60, 0xFE40, 0xF580, 0xF5A0, 0xEDE0, 0xED60, 0xFE60, 0xFE60, 0xFE60, 0xFE80,
    0xDC00, 0x0801, 0x0111, 0x0024, 0x0002, 0x0023, 0x0023, 0x0023, 0x0023, 0x0023, 0x0023, 0x0023,
    0x0023, 0x0023, 0x0023, 0x0023, 0x0023, 0x0023, 0x0023, 0x0023, 0x0023, 0x0023, 0x0023, 0x0002,
    0x0069, 0x008B, 0x008B, 0x0025, 0x0000, 0x0000, 0x0000, 0x0000, 0x0000, 0x0000, 0x0000, 0x0000,
    0x0000, 0x0000, 0x0000, 0x0000, 0x0000, 0x0000, 0x0000, 0x0000, 0x0000, 0x0000, 0x0000, 0x0000,
    0x0000, 0x0000, 0x0000, 0x0000, 0x0000, 0x0000, 0x0000, 0x0000, 0x0000, 0x0000, 0x0000, 0x0000,
    0x0000, 0x0000, 0x0000, 0x0000, 0x0000, 0x0000, 0x0000, 0x0000, 0x0000, 0x0000, 0x0000, 0x0000,
    0x0000, 0x0000, 0x0000, 0x0000, 0x0000, 0x0000, 0x0000, 0x0000, 0x0000, 0x0000, 0x0000, 0x0000,
    0x0000, 0x0000, 0x0000, 0x0000, 0x0000, 0x0000, 0x0000, 0x0043, 0x006A, 0x4A26, 0xFEC6, 0xFDA0,
    0xFDC0, 0xDCC0, 0xC460, 0xFEA0, 0xFEA0, 0xFEC0, 0xFEE0, 0xFF00, 0xFDE0, 0x3020, 0x00AE, 0x00AC,
    0x0002, 0x0024, 0x0004, 0x0024, 0x0024, 0x0001, 0xB525, 0xFF00, 0xFE80, 0xFEA0, 0xFEA0, 0xFEA0,
    0xFEA0, 0xFEA0, 0xFEA0, 0xFE80, 0xFF00, 0xED00, 0x1000, 0x0047, 0x008A, 0x006A, 0x008B, 0x0046,
    0x0000, 0x0000, 0x0000, 0x0000, 0x0000, 0x0000, 0x0000, 0x0000, 0x0000, 0x0000, 0x0000, 0x0000,
    0x0000, 0x0000, 0x0000, 0x0000, 0x0000, 0x0000, 0x0000, 0x0000, 0x0000, 0x0000, 0x0000, 0x0000,
    0x0000, 0x0000, 0x0000, 0x0000, 0x0000, 0x0000, 0x0000, 0x0000, 0x0000, 0x0000, 0x0000, 0x0000,
    0x0000, 0x0000, 0x0000, 0x0000, 0x0000, 0x0000, 0x0000, 0x0000, 0x0000, 0x0000, 0x0000, 0x0000,
    0x0000, 0x0000, 0x0000, 0x0000, 0x0000, 0x0000, 0x0000, 0x0000, 0x0000, 0x0000, 0x0000, 0x0000,
    0x0000, 0x0000, 0x0000, 0x0000, 0x0000, 0x0000, 0x0000, 0x0000, 0x0000, 0x0000, 0x0000, 0x0000,
    0x0000, 0x0000, 0x0000, 0x0000, 0x0000, 0x0000, 0x0000, 0x0000, 0x0000, 0x0000, 0x0000, 0x0000,
    0x0000, 0x0000, 0x0000, 0x0000, 0x0000, 0x0000, 0x0000, 0x0000, 0x0000, 0x00A7, 0x006A, 0x7B80,
    0xFE80, 0xFE60, 0xFE60, 0xFE40, 0xF560, 0xFE80, 0xF5E0, 0xFE40, 0xF600, 0xEDA0, 0xFE60, 0xFE61,
    0x7980, 0x0026, 0x0155, 0x008A, 0x0001, 0x0004, 0x0003, 0x0003, 0x0003, 0x0003, 0x0003, 0x0003,
    0x0003, 0x0003, 0x0003, 0x0003, 0x0003, 0x0003, 0x0003, 0x0003, 0x0002, 0x0003, 0x0003, 0x0002,
    0x0024, 0x00AC, 0x0069, 0x0000, 0x0000, 0x0000, 0x0000, 0x0000, 0x0000, 0x0000, 0x0000, 0x0000,
    0x0000, 0x0000, 0x0000, 0x0000, 0x0000, 0x0000, 0x0000, 0x0000, 0x0000, 0x0000, 0x0000, 0x0000,
    0x0000, 0x0000, 0x0000, 0x0000, 0x0000, 0x0000, 0x0000, 0x0000, 0x0000, 0x0000, 0x0000, 0x0000,
    0x0000, 0x0000, 0x0000, 0x0000, 0x0000, 0x0000, 0x0000, 0x0000, 0x0000, 0x0000, 0x0000, 0x0000,
    0x0000, 0x0000, 0x0000, 0x0000, 0x0000, 0x0000, 0x0000, 0x0000, 0x0000, 0x0000, 0x0000, 0x0000,
    0x0000, 0x0000, 0x0000, 0x0000, 0x0000, 0x0000, 0x0000, 0x00CA, 0x0027, 0xACA5, 0xFE60, 0xED80,
    0xF540, 0xAAE0, 0xDD41, 0xFF20, 0xFE80, 0xFE80, 0xF620, 0xDD40, 0xC320, 0x0002, 0x00F1, 0x00F1,
    0x0024, 0x0004, 0x0025, 0x0047, 0x0004, 0x2943, 0xF683, 0xFE60, 0xFE80, 0xFEC0, 0xFEC0, 0xFEA0,
    0xFEA0, 0xFEA0, 0xFE80, 0xF660, 0xFEA0, 0x71A0, 0x0003, 0x0068, 0x0048, 0x008A, 0x006A, 0x0001,
    0x0000, 0x0000, 0x0000, 0x0000, 0x0000, 0x0000, 0x0000, 0x0000, 0x0000, 0x0000, 0x0000, 0x0000,
    0x0000, 0x0000, 0x0000, 0x0000, 0x0000, 0x0000, 0x0000, 0x0000, 0x0000, 0x0000, 0x0000, 0x0000,
    0x0000, 0x0000, 0x0000, 0x0000, 0x0000, 0x0000, 0x0000, 0x0000, 0x0000, 0x0000, 0x0000, 0x0000,
    0x0000, 0x0000, 0x0000, 0x0000, 0x0000, 0x0000, 0x0000, 0x0000, 0x0000, 0x0000, 0x0000, 0x0000,
    0x0000, 0x0000, 0x0000, 0x0000, 0x0000, 0x0000, 0x0000, 0x0000, 0x0000, 0x0000, 0x0000, 0x0000,
    0x0000, 0x0000, 0x0000, 0x0000, 0x0000, 0x0000, 0x0000, 0x0000, 0x0000, 0x0000, 0x0000, 0x0000,
    0x0000, 0x0000, 0x0000, 0x0000, 0x0000, 0x0000, 0x0000, 0x0000, 0x0000, 0x0000, 0x0000, 0x0000,
    0x0000, 0x0000, 0x0000, 0x0000, 0x0000, 0x0000, 0x0000, 0x0000, 0x0000, 0x010D, 0x08A3, 0xE622,
    0xFEA0, 0xFE40, 0xFE40, 0xF5E0, 0xF5E0, 0xFE80, 0xF600, 0xFEA0, 0xFEA0, 0xFE80, 0xFEA0, 0xF4E0,
    0x1800, 0x008A, 0x00CF, 0x0113, 0x0068, 0x0002, 0x0003, 0x0003, 0x0003, 0x0002, 0x0002, 0x0002,
    0x0002, 0x0002, 0x0002, 0x0002, 0x0002, 0x0002, 0x0002, 0x0002, 0x0003, 0x0003, 0x0002, 0x0024,
    0x0003, 0x0089, 0x0046, 0x0020, 0x0021, 0x0042, 0x0022, 0x0000, 0x0000, 0x0000, 0x0000, 0x0000,
    0x0022, 0x0021, 0x0021, 0x0021, 0x0021, 0x0021, 0x0042, 0x0022, 0x0001, 0x0000, 0x0021, 0x0042,
    0x0022, 0x0021, 0x0021, 0x0021, 0x0021, 0x0021, 0x0021, 0x0021, 0x0021, 0x0021, 0x0021, 0x0021,
    0x0021, 0x0021, 0x0021, 0x0021, 0x0042, 0x0042, 0x0001, 0x0000, 0x0000, 0x0000, 0x0000, 0x0000,
    0x0000, 0x0000, 0x0022, 0x0022, 0x0042, 0x0042, 0x0042, 0x0042, 0x0042, 0x0042, 0x0042, 0x0042,
    0x0042, 0x0042, 0x0042, 0x0042, 0x0000, 0x0000, 0x0021, 0x012E, 0x1924, 0xE563, 0xF5A0, 0xF640,
    0xF5A0, 0xBBA0, 0xF680, 0xF660, 0xE540, 0xFE20, 0xF680, 0xF460, 0x68A0, 0x0048, 0x00F1, 0x0112,
    0x00CE, 0x0025, 0x0026, 0x0068, 0x0002, 0x9427, 0xFEA1, 0xF600, 0xFE20, 0xFE80, 0xFE80, 0xFEA0,
    0xFEC0, 0xFEC0, 0xFEE0, 0xFF80, 0xE480, 0x0800, 0x0047, 0x008A, 0x008A, 0x00AB, 0x0088, 0x0043,
    0x0063, 0x0063, 0x0063, 0x0042, 0x0000, 0x0000, 0x0000, 0x0000, 0x0043, 0x0064, 0x0063, 0x0063,
    0x0063, 0x0063, 0x0063, 0x0063, 0x0064, 0x0021, 0x0000, 0x0000, 0x0000, 0x0000, 0x0000, 0x0000,
    0x0000, 0x0063, 0x0063, 0x0063, 0x0063, 0x0063, 0x0063, 0x0064, 0x0063, 0x0063, 0x0063, 0x0001,
    0x0000, 0x0000, 0x0021, 0x0064, 0x0064, 0x0063, 0x0063, 0x0063, 0x0063, 0x0063, 0x0063, 0x0063,
    0x0063, 0x0063, 0x0063, 0x0063, 0x0063, 0x0063, 0x0063, 0x0063, 0x0063, 0x0063, 0x0063, 0x0083,
    0x0063, 0x0063, 0x0084, 0x0064, 0x0043, 0x0000, 0x0000, 0x0000, 0x0000, 0x0000, 0x0000, 0x0000,
    0x0000, 0x0000, 0x0000, 0x0000, 0x0000, 0x0000, 0x0000, 0x0000, 0x0000, 0x0000, 0x0000, 0x0000,
    0x0000, 0x0000, 0x0000, 0x0000, 0x0000, 0x0000, 0x0000, 0x0000, 0x0085, 0x00AD, 0x5260, 0xFE41,
    0xFE40, 0xFE60, 0xFE80, 0xFE40, 0xFEA0, 0xF620, 0xFE80, 0xFEA0, 0xFE80, 0xFE60, 0xFEC0, 0x9A40,
    0x0001, 0x0067, 0x006A, 0x00CE, 0x00F0, 0x008A, 0x00CC, 0x00EE, 0x00EF, 0x00ED, 0x00ED, 0x00EE,
    0x00EE, 0x00ED, 0x00ED, 0x00CC, 0x00AB, 0x008A, 0x00AC, 0x00CD, 0x0024, 0x0001, 0x0047, 0x0007,
    0x0005, 0x00AC, 0x00CF, 0x008D, 0x012E, 0x014F, 0x012F, 0x0066, 0x0000, 0x0000, 0x0001, 0x0088,
    0x00EF, 0x00EE, 0x010E, 0x010F, 0x00EE, 0x010E, 0x012F, 0x0150, 0x0044, 0x00A9, 0x010F, 0x010F,
    0x012F, 0x010F, 0x010F, 0x00EF, 0x00EF, 0x010F, 0x010F, 0x010F, 0x00EF, 0x00CE, 0x00EF, 0x00CE,
    0x00EE, 0x010E, 0x010F, 0x010F, 0x010F, 0x012F, 0x0086, 0x0000, 0x0000, 0x0000, 0x0000, 0x0000,
    0x0023, 0x0131, 0x00AD, 0x00AC, 0x00EE, 0x010E, 0x00ED, 0x00EE, 0x010E, 0x00ED, 0x00ED, 0x00ED,
    0x00EE, 0x012E, 0x010E, 0x010D, 0x0024, 0x0000, 0x0084, 0x0068, 0x6AC4, 0xFEA2, 0xFE80, 0xFEC0,
    0xED80, 0xED80, 0xFEE0, 0xEDA0, 0xDCC0, 0xF600, 0xFEE0, 0xEB40, 0x1800, 0x00AC, 0x00CF, 0x00F0,
    0x00F0, 0x0023, 0x0022, 0x0089, 0x0884, 0xE668, 0xFEA0, 0xFEE0, 0xFEC0, 0xFE00, 0xFE40, 0xFEC0,
    0xFE60, 0xFDA0, 0xDCA0, 0xBBC0, 0x5100, 0x0003, 0x0047, 0x0028, 0x004A, 0x006B, 0x008C, 0x00CC,
    0x012D, 0x010D, 0x00ED, 0x00CA, 0x0000, 0x0000, 0x0000, 0x012D, 0x010E, 0x00AD, 0x00CE, 0x00CC,
    0x00CC, 0x00EE, 0x010E, 0x00ED, 0x014E, 0x0066, 0x0000, 0x0000, 0x0000, 0x0000, 0x0000, 0x0022,
    0x0150, 0x00ED, 0x00ED, 0x00EE, 0x010E, 0x010E, 0x00EE, 0x00EE, 0x00CE, 0x00AD, 0x00CD, 0x0043,
    0x0000, 0x0067, 0x012F, 0x00CD, 0x00CD, 0x00ED, 0x00CD, 0x00CD, 0x00CD, 0x00CD, 0x00CD, 0x00CD,
    0x00AC, 0x00CD, 0x010D, 0x00EE, 0x00CD, 0x00AD, 0x00AC, 0x00CD, 0x00ED, 0x00CD, 0x00ED, 0x010D,
    0x00ED, 0x00ED, 0x00ED, 0x014E, 0x012C, 0x0001, 0x0000, 0x0000, 0x0000, 0x0000, 0x0000, 0x0000,
    0x0000, 0x0000, 0x0000, 0x0000, 0x0000, 0x0000, 0x0000, 0x0000, 0x0000, 0x0000, 0x0000, 0x0000,
    0x0000, 0x0000, 0x0000, 0x0000, 0x0000, 0x0000, 0x0000, 0x0000, 0x010C, 0x0046, 0xBCE3, 0xFEA0,
    0xFE80, 0xFEA0, 0xFE80, 0xFE20, 0xFEA0, 0xFE80, 0xFEC0, 0xFEC0, 0xFEA0, 0xFEA0, 0xF5E0, 0x38C0,
    0x0862, 0x18A2, 0x0862, 0x0841, 0x0883, 0x10A5, 0x10A5, 0x0884, 0x08A4, 0x10A5, 0x10C5, 0x10E5,
    0x10E5, 0x10C4, 0x10A4, 0x10C4, 0x10C4, 0x10A3, 0x10C3, 0x0042, 0x0000, 0x0086, 0x0089, 0x28E0,
    0x3920, 0x30E0, 0x3100, 0x4160, 0x3920, 0x4160, 0x30E0, 0x0000, 0x0022, 0x0000, 0x00A9, 0x0043,
    0x3982, 0x3982, 0x3981, 0x41C4, 0x41C6, 0x3961, 0x3980, 0x3100, 0x0023, 0x00A9, 0x2900, 0x4180,
    0x3960, 0x4181, 0x4160, 0x4140, 0x4140, 0x4140, 0x4140, 0x4160, 0x4160, 0x4180, 0x4180, 0x4160,
    0x4960, 0x4980, 0x41A0, 0x4180, 0x4180, 0x41A0, 0x0820, 0x0002, 0x0000, 0x0000, 0x0000, 0x0000,
    0x00EF, 0x0045, 0x41E3, 0x41E4, 0x41C3, 0x49C3, 0x49E4, 0x41C3, 0x41A3, 0x41C4, 0x4205, 0x4A26,
    0x4A26, 0x41E4, 0x4204, 0x3121, 0x0000, 0x0001, 0x0087, 0x0003, 0xC545, 0xFEA0, 0xFE60, 0xFEA0,
    0xE540, 0xF600, 0xFEC0, 0xFE60, 0xF5C0, 0xE560, 0xF5A0, 0x8980, 0x0004, 0x00EF, 0x00CE, 0x00F1,
    0x008A, 0x0000, 0x0085, 0x006A, 0x7B85, 0xFF02, 0xFD80, 0xECE0, 0xD440, 0xB320, 0x8A40, 0x6140,
    0x40C0, 0x2860, 0x0800, 0x0000, 0x0001, 0x0069, 0x0002, 0x3962, 0x4161, 0x49C4, 0x5203, 0x49C2,
    0x4142, 0x3940, 0x5A21, 0x1800, 0x0023, 0x0000, 0x00A6, 0x00CB, 0x3163, 0x5245, 0x5204, 0x5225,
    0x5205, 0x5246, 0x5226, 0x5A84, 0x38C0, 0x0002, 0x0086, 0x0000, 0x0000, 0x0000, 0x0000, 0x010F,
    0x0087, 0x4A06, 0x5225, 0x5225, 0x5245, 0x5246, 0x5245, 0x5244, 0x5A65, 0x5AA6, 0x49A1, 0x0000,
    0x0043, 0x00CC, 0x10A4, 0x5A87, 0x5266, 0x5245, 0x5245, 0x5245, 0x5245, 0x5224, 0x5224, 0x5245,
    0x5266, 0x5245, 0x5225, 0x5245, 0x5265, 0x5265, 0x5285, 0x5265, 0x5265, 0x5265, 0x5265, 0x5245,
    0x5245, 0x5245, 0x52A6, 0x5141, 0x0000, 0x012E, 0x0064, 0x0000, 0x0000, 0x0000, 0x0000, 0x0000,
    0x0000, 0x0000, 0x0000, 0x0000, 0x0000, 0x0000, 0x0000, 0x0000, 0x0000, 0x0000, 0x0000, 0x0000,
    0x0000, 0x0000, 0x0000, 0x0000, 0x0000, 0x0000, 0x0000, 0x0022, 0x00ED, 0x2962, 0xFEE4, 0xFE80,
    0xFEC0, 0xF640, 0xFEA0, 0xFEC0, 0xFE80, 0xFE20, 0xFEA0, 0xFEC0, 0xFE40, 0xFEA0, 0xF600, 0xDDA1,
    0xE5E3, 0xE5E5, 0xE5E5, 0xE603, 0xE584, 0xE5A4, 0xE5A4, 0xDD84, 0xE604, 0xEE04, 0xE5C3, 0xE583,
    0xE5A3, 0xE5C3, 0xEE63, 0xEE02, 0xEDA2, 0xEDE1, 0xF6A0, 0x7A00, 0x0001, 0x00EC, 0x10E4, 0xED45,
    0xFD00, 0xF480, 0xFCA0, 0xFD60, 0xFCE0, 0xFD00, 0x8A00, 0x0006, 0x00AA, 0x0021, 0x0069, 0x4A25,
    0xFEA5, 0xFE01, 0xFDE1, 0xFDC2, 0xFE23, 0xFDC1, 0xFE81, 0x9240, 0x0005, 0x0883, 0xDD63, 0xFE00,
    0xFDC0, 0xFDA0, 0xFDC0, 0xFDC0, 0xFDC0, 0xFDC0, 0xFDC0, 0xFDE0, 0xFE00, 0xFE20, 0xFE20, 0xFE00,
    0xFDE0, 0xFDE0, 0xFDE0, 0xFDE0, 0xFE20, 0xFDC1, 0x3080, 0x0048, 0x0001, 0x0000, 0x0000, 0x010E,
    0x0008, 0x7B41, 0xFE83, 0xFE03, 0xFE02, 0xFDC1, 0xFDA3, 0xFE23, 0xFE03, 0xFE43, 0xFE63, 0xFE64,
    0xFE83, 0xFE82, 0xFF63, 0xDC61, 0x0001, 0x00CD, 0x0027, 0x2984, 0xF623, 0xF5A0, 0xF640, 0xFE60,
    0xFE60, 0xFEE0, 0xFEE0, 0xFE40, 0xCC60, 0xFE80, 0xF460, 0x3840, 0x0048, 0x00CE, 0x00AD, 0x00F0,
    0x0044, 0x0000, 0x0044, 0x0001, 0x51A0, 0x6180, 0x3880, 0x1000, 0x0000, 0x0000, 0x0001, 0x0002,
    0x0002, 0x0003, 0x0024, 0x0023, 0x0023, 0x0005, 0x18E4, 0xF66A, 0xF4C0, 0xFD22, 0xFDE2, 0xEC61,
    0xFD22, 0xFD81, 0xF422, 0x1801, 0x0111, 0x0001, 0x0046, 0x0064, 0xDDC8, 0xFE22, 0xFDE2, 0xFE03,
    0xFE23, 0xFE43, 0xFE03, 0xFE03, 0x7120, 0x0049, 0x0174, 0x0000, 0x0000, 0x0000, 0x00CA, 0x0049,
    0x62A7, 0xFEE8, 0xFE23, 0xFE23, 0xFE03, 0xFE43, 0xFE83, 0xFEA2, 0xFE63, 0xFEE4, 0xDB61, 0x0003,
    0x0130, 0x0049, 0x5267, 0xFF28, 0xFE63, 0xFE63, 0xFE83, 0xFE83, 0xFE83, 0xFE63, 0xFE82, 0xFEA3,
    0xFEC4, 0xFEA3, 0xFE83, 0xFEA3, 0xFEC3, 0xFF03, 0xFF03, 0xFF23, 0xFF43, 0xFF63, 0xFF63, 0xFF63,
    0xFF63, 0xFFC3, 0xFF24, 0x7941, 0x0024, 0x01FC, 0x010E, 0x0000, 0x0000, 0x0000, 0x0000, 0x0000,
    0x0000, 0x0000, 0x0000, 0x0000, 0x0000, 0x0000, 0x0000, 0x0000, 0x0000, 0x0000, 0x0000, 0x0000,
    0x0000, 0x0000, 0x0000, 0x0000, 0x0000, 0x0000, 0x0000, 0x00EA, 0x0048, 0x8C05, 0xFF00, 0xF640,
    0xFEA0, 0xFEA0, 0xFEC0, 0xFE80, 0xFE80, 0xFEA0, 0xFEA0, 0xF5E0, 0xF5E0, 0xFEA0, 0xFEA0, 0xFEC0,
    0xFE80, 0xFE60, 0xFE60, 0xFEA0, 0xFE40, 0xFE60, 0xFE40, 0xFE80, 0xFE80, 0xFE80, 0xFE80, 0xFE80,
    0xF5A0, 0xF5C0, 0xFEE0, 0xFE00, 0xFE00, 0xFE80, 0xFE40, 0x6900, 0x0047, 0x0006, 0x6285, 0xFDA2,
    0xFD00, 0xF521, 0xF480, 0xFCC0, 0xFCE0, 0xDBA0, 0x1000, 0x00AB, 0x00F0, 0x0044, 0x0003, 0xAC86,
    0xFE00, 0xF5C0, 0xFD60, 0xF560, 0xFDA0, 0xFDE0, 0xF4A0, 0x2841, 0x0005, 0x4A22, 0xFE01, 0xFD80,
    0xFD80, 0xFD60, 0xFDC0, 0xFDA0, 0xFDA0, 0xFDA0, 0xFDC0, 0xFDC0, 0xFDC0, 0xFDE0, 0xFDE0, 0xFDE0,
    0xFDE0, 0xFDC0, 0xFDC0, 0xFDA0, 0xFE20, 0xCBA0, 0x0001, 0x00CE, 0x0045, 0x0000, 0x00A8, 0x006C,
    0x49C0, 0xFE62, 0xFD80, 0xFD60, 0xFDA0, 0xFD80, 0xFD60, 0xF520, 0xED00, 0xFE00, 0xFD80, 0xF580,
    0xFDC0, 0xFDC0, 0xFE20, 0x89E0, 0x0006, 0x0111, 0x0002, 0x83C7, 0xFEC0, 0xF640, 0xFE40, 0xFE60,
    0xFE60, 0xFEC0, 0xF600, 0xF620, 0xDD20, 0xFE60, 0xCB40, 0x0001, 0x00AB, 0x008C, 0x00AD, 0x008A,
    0x0000, 0x0000, 0x0000, 0x0001, 0x0001, 0x0002, 0x0004, 0x0025, 0x0025, 0x0024, 0x0024, 0x0025,
    0x0024, 0x0003, 0x0004, 0x0024, 0x0047, 0x0003, 0x5A46, 0xFD22, 0xF560, 0xFD20, 0xD3A0, 0xD3C0,
    0xF520, 0xFC20, 0x7880, 0x0005, 0x0134, 0x0087, 0x0000, 0x4226, 0xFE23, 0xFD80, 0xFDA0, 0xFD80,
    0xFD80, 0xFD80, 0xF540, 0xC280, 0x0800, 0x00CD, 0x0114, 0x0024, 0x0000, 0x0065, 0x00CF, 0x2104,
    0xEE08, 0xFDA0, 0xFDA0, 0xFDA0, 0xF580, 0xFDA0, 0xFDE0, 0xFDC0, 0xF580, 0xFDC0, 0xA200, 0x0003,
    0x0153, 0x0007, 0x7346, 0xFE61, 0xF5C0, 0xF5E0, 0xFE00, 0xFDE0, 0xFDE0, 0xFE40, 0xF560, 0xECA0,
    0xF5C0, 0xFE20, 0xFE00, 0xFE00, 0xFE00, 0xFE00, 0xFE00, 0xFE00, 0xFE20, 0xFE40, 0xFE60, 0xFE60,
    0xF660, 0xFEE0, 0xA1C0, 0x0001, 0x00AD, 0x0114, 0x0198, 0x0000, 0x0000, 0x0000, 0x0000, 0x0000,
    0x0000, 0x0000, 0x0000, 0x0000, 0x0000, 0x0000, 0x0000, 0x0000, 0x0000, 0x0000, 0x0000, 0x0000,
    0x0000, 0x0000, 0x0000, 0x0000, 0x0000, 0x0000, 0x0000, 0x00EE, 0x10A4, 0xE665, 0xFEE0, 0xFE40,
    0xFE80, 0xFEE0, 0xFEE0, 0xFE60, 0xF600, 0xF600, 0xFE80, 0xFE61, 0xFEA0, 0xFEC0, 0xFEC0, 0xFE80,
    0xFE80, 0xFE60, 0xFE60, 0xFE60, 0xFE60, 0xFE80, 0xFE80, 0xFE80, 0xFE80, 0xFE80, 0xFE80, 0xFEA0,
    0xFEA0, 0xF5C0, 0xFDE0, 0xFE80, 0xF5E0, 0xFE80, 0xDC00, 0x0800, 0x00AC, 0x0023, 0xC485, 0xFD80,
    0xF540, 0xF4C0, 0xF500, 0xF480, 0xFCC0, 0xB240, 0x0002, 0x00AC, 0x00CE, 0x0006, 0x2123, 0xF5E4,
    0xFD80, 0xFE00, 0xFDC0, 0xFE20, 0xFE00, 0xFE60, 0xAAA0, 0x0003, 0x0025, 0xB4C6, 0xFE20, 0xF580,
    0xF540, 0xFDE0, 0xFE00, 0xFE00, 0xFE00, 0xFDE0, 0xFE00, 0xFE00, 0xFE20, 0xFE20, 0xFE20, 0xFE20,
    0xFE20, 0xFE20, 0xFE20, 0xFE00, 0xFE20, 0x6980, 0x0006, 0x00F0, 0x0088, 0x0043, 0x00AF, 0x1880,
    0xEDE0, 0xDCA0, 0xE520, 0xFDE0, 0xFDE0, 0xFDE0, 0xFDE0, 0xED20, 0xED40, 0xFE20, 0xFE00, 0xFE00,
    0xFDC0, 0xFE00, 0xFD00, 0x2020, 0x0068, 0x006A, 0x08A4, 0xDDE8, 0xFE80, 0xFEA0, 0xF600, 0xF620,
    0xFE40, 0xFEA0, 0xF5A0, 0xF5C0, 0xEDA0, 0xFD40, 0x70E0, 0x0005, 0x00AD, 0x008C, 0x00CE, 0x0045,
    0x0000, 0x0000, 0x0000, 0x0024, 0x0048, 0x0046, 0x0046, 0x0025, 0x0026, 0x0026, 0x0025, 0x0025,
    0x0025, 0x0004, 0x0003, 0x0003, 0x0047, 0x0044, 0xBCA7, 0xFC80, 0xEC40, 0xDC00, 0xDC20, 0xDC00,
    0xE420, 0xE300, 0x2040, 0x0047, 0x00CE, 0x00AC, 0x0001, 0xA488, 0xFE20, 0xFDC0, 0xFE00, 0xFDC0,
    0xFDC0, 0xFDC0, 0xFE20, 0x89C0, 0x0004, 0x00AD, 0x00CF, 0x008A, 0x0000, 0x010E, 0x0004, 0xBCE8,
    0xFE20, 0xFDE0, 0xFE00, 0xFE00, 0xFE40, 0xFE20, 0xFDC0, 0xFDC0, 0xFDC0, 0xFE80, 0xA260, 0x0003,
    0x00AB, 0x0003, 0x9C47, 0xFEE0, 0xFE20, 0xFE40, 0xFE40, 0xFE60, 0xFE60, 0xFE40, 0xF580, 0xFDC0,
    0xFE20, 0xFE40, 0xFE60, 0xFE40, 0xF600, 0xFE40, 0xFE60, 0xFE60, 0xFE60, 0xFE60, 0xFE60, 0xFE40,
    0xFF00, 0xE440, 0x1000, 0x0046, 0x006A, 0x00AE, 0x0199, 0x00AB, 0x0000, 0x0000, 0x0000, 0x0000,
    0x0000, 0x0000, 0x0000, 0x0000, 0x0000, 0x0000, 0x0000, 0x0000, 0x0000, 0x0000, 0x0000, 0x0000,
    0x0000, 0x0000, 0x0000, 0x0000, 0x0000, 0x0000, 0x00A7, 0x002A, 0x6B23, 0xFF41, 0xFEA0, 0xFE60,
    0xFEC0, 0xFEE0, 0xFEC0, 0xF640, 0xF640, 0xF5C0, 0xFEA0, 0xFF01, 0xFEE0, 0xF640, 0xF660, 0xFEC0,
    0xFEA0, 0xFEA0, 0xFEA0, 0xFEA0, 0xFEA0, 0xFEA0, 0xFEA0, 0xFEA0, 0xFEA0, 0xFEC0, 0xFEA0, 0xFEA0,
    0xFEA0, 0xFE40, 0xF5E0, 0xF580, 0xEDA0, 0xFE60, 0x89A0, 0x0004, 0x0028, 0x39A3, 0xFEE3, 0xFE60,
    0xE4C0, 0xE460, 0xF580, 0xFD80, 0xFD20, 0x4060, 0x0026, 0x008B, 0x008A, 0x0002, 0x6AE1, 0xFE00,
    0xFD80, 0xFDA0, 0xFE00, 0xFE80, 0xFE80, 0xFE20, 0x48E0, 0x0004, 0x20E2, 0xF643, 0xFE40, 0xFE80,
    0xE520, 0xF5E0, 0xFE40, 0xFE40, 0xFE40, 0xFE40, 0xFE40, 0xFE40, 0xFE40, 0xFE40, 0xFE60, 0xFE60,
    0xFE60, 0xFE60, 0xFE40, 0xFEA0, 0xED60, 0x1020, 0x0047, 0x0069, 0x0046, 0x00EF, 0x0043, 0xC500,
    0xFE80, 0xCC20, 0xF5C0, 0xFE20, 0xFE60, 0xFE40, 0xFE00, 0xFE40, 0xFE40, 0xF5C0, 0xED20, 0xED00,
    0xFDA0, 0xFE00, 0xBB40, 0x0002, 0x0089, 0x0003, 0x5287, 0xFF64, 0xF640, 0xE560, 0xF5C0, 0xFE60,
    0xFEC0, 0xFE40, 0xFE80, 0xED80, 0xED80, 0xEBE0, 0x1800, 0x0089, 0x00AC, 0x00AC, 0x008B, 0x0000,
    0x0000, 0x0000, 0x0000, 0x0000, 0x0068, 0x0048, 0x0047, 0x0047, 0x0046, 0x0046, 0x0026, 0x0026,
    0x0046, 0x0046, 0x0025, 0x0024, 0x0004, 0x2985, 0xFE65, 0xFE60, 0xED00, 0xAAA0, 0xCBC0, 0xED00,
    0xF500, 0xB220, 0x0002, 0x0069, 0x008A, 0x0047, 0x18E5, 0xE587, 0xFE00, 0xF5A0, 0xF580, 0xFDE0,
    0xFE00, 0xFE40, 0xFCE0, 0x2800, 0x0048, 0x008A, 0x008B, 0x0023, 0x00CA, 0x0008, 0x7344, 0xFE62,
    0xFDE0, 0xFE60, 0xFE60, 0xFE60, 0xFE80, 0xFE60, 0xF600, 0xFE40, 0xFE40, 0xFE40, 0x8180, 0x0004,
    0x0068, 0x0001, 0xBD26, 0xFEC0, 0xFE80, 0xFE80, 0xFEA0, 0xFEA0, 0xFEC0, 0xF5E0, 0xDCE0, 0xFEA0,
    0xFE80, 0xFE80, 0xFEA0, 0xFE80, 0xF640, 0xFE80, 0xFE80, 0xFE80, 0xFE80, 0xFE80, 0xFE60, 0xFEC0,
    0xFDA0, 0x4060, 0x0024, 0x0047, 0x0048, 0x00AC, 0x0112, 0x0067, 0x0000, 0x0000, 0x0000, 0x0000,
    0x0000, 0x0000, 0x0000, 0x0000, 0x0000, 0x0000, 0x0000, 0x0000, 0x0000, 0x0000, 0x0000, 0x0000,
    0x0000, 0x0000, 0x0000, 0x0000, 0x0000, 0x0000, 0x010E, 0x0065, 0xD5E4, 0xFEE0, 0xFE80, 0xFEC0,
    0xFEA0, 0xFE60, 0xFEA0, 0xF640, 0xFE40, 0xFE80, 0xFEA0, 0xFE80, 0xFEC0, 0xF600, 0xF660, 0xFEC0,
    0xFEA0, 0xFEC0, 0xFEC0, 0xFEC0, 0xFEC0, 0xFEC0, 0xFEC0, 0xFEA0, 0xFEC0, 0xFEC0, 0xFEC0, 0xFEC0,
    0xFEA0, 0xFE80, 0xFEC0, 0xF620, 0xF620, 0xFDA0, 0x3000, 0x0068, 0x0003, 0x9C45, 0xFF00, 0xFE60,
    0xF600, 0xED60, 0xF600, 0xFDE0, 0xCBA0, 0x0000, 0x0047, 0x0048, 0x0026, 0x0021, 0xCD63, 0xFEA0,
    0xFEA0, 0xFDC0, 0xFDE0, 0xFE80, 0xFE60, 0xD440, 0x0823, 0x0026, 0x7344, 0xFE60, 0xF600, 0xF600,
    0xF600, 0xF5C0, 0xFE60, 0xF640, 0xF600, 0xFE80, 0xFE60, 0xFE60, 0xFE80, 0xFE80, 0xFE80, 0xFE80,
    0xFE80, 0xFE80, 0xFE60, 0xFEE0, 0x9300, 0x0002, 0x0089, 0x0027, 0x00CD, 0x0006, 0x8BA0, 0xFEA1,
    0xF5E0, 0xF5E0, 0xFE40, 0xF620, 0xFE60, 0xFE80, 0xFE80, 0xFEC0, 0xFEC0, 0xFEC0, 0xF600, 0xF600,
    0xFE60, 0xFE20, 0x5900, 0x0005, 0x00AC, 0x0001, 0xA444, 0xFE00, 0xED60, 0xF600, 0xF5C0, 0xFEA0,
    0xFE80, 0xFEA0, 0xFEC0, 0xF600, 0xFD80, 0x9140, 0x0003, 0x00AC, 0x008B, 0x00AC, 0x0067, 0x0000,
    0x0000, 0x0000, 0x0000, 0x0000, 0x0046, 0x008B, 0x006A, 0x0069, 0x0068, 0x0047, 0x0046, 0x0025,
    0x0023, 0x0023, 0x0001, 0x00A8, 0x0007, 0x83A5, 0xFE00, 0xF600, 0xE480, 0xC380, 0xDCE0, 0xF600,
    0xFC60, 0x5000, 0x0025, 0x0048, 0x0068, 0x0001, 0x6AE7, 0xFD82, 0xF600, 0xFE40, 0xED60, 0xFE40,
    0xFE40, 0xFEC0, 0xBB00, 0x0001, 0x0068, 0x0069, 0x0026, 0x0066, 0x008C, 0x2942, 0xEE23, 0xF5C0,
    0xFE80, 0xFE80, 0xFE80, 0xFE80, 0xFEA0, 0xFE80, 0xFEA0, 0xFEA0, 0xFEA0, 0xFE00, 0x60C0, 0x0004,
    0x0047, 0x0042, 0xDDE5, 0xFEA0, 0xFEA0, 0xFE80, 0xF660, 0xFE80, 0xFEC0, 0xFE80, 0xFE40, 0xFEA0,
    0xF5E0, 0xFEA0, 0xFEC0, 0xFEA0, 0xFEA0, 0xFE80, 0xFE80, 0xFE80, 0xFE80, 0xFE80, 0xFEA0, 0xFEA0,
    0x8140, 0x0002, 0x0069, 0x0026, 0x0047, 0x008B, 0x0066, 0x0000, 0x0000, 0x0000, 0x0000, 0x0000,
    0x0000, 0x0000, 0x0000, 0x0000, 0x0000, 0x0000, 0x0000, 0x0000, 0x0000, 0x0000, 0x0000, 0x0000,
    0x0000, 0x0000, 0x0000, 0x0000, 0x0000, 0x0064, 0x008D, 0x4201, 0xFEE1, 0xFE60, 0xFEC0, 0xFF00,
    0xF660, 0xF600, 0xFEC0, 0xFE80, 0xFE60, 0xFEA0, 0xFE80, 0xF660, 0xF620, 0xFEA0, 0xFEE0, 0xFEC0,
    0xFEC0, 0xFEC0, 0xFEC0, 0xFEC0, 0xFEC0, 0xFEC0, 0xFEC0, 0xFEC0, 0xFEC0, 0xFEC0, 0xFEC0, 0xFEE0,
    0xFE60, 0xFE40, 0xFEA0, 0xFEA0, 0xFF00, 0xC380, 0x0002, 0x0047, 0x10A2, 0xEE44, 0xFEA0, 0xFE80,
    0xFE80, 0xFEC0, 0xFE80, 0xFE80, 0x61C0, 0x0003, 0x0047, 0x0068, 0x0003, 0x4A44, 0xFF03, 0xFE80,
    0xFE80, 0xFEA0, 0xFEC0, 0xFEC1, 0xFEA1, 0x71E0, 0x0046, 0x0884, 0xD5E6, 0xFEA0, 0xFE60, 0xED80,
    0xF600, 0xF600, 0xF600, 0xFE80, 0xFE80, 0xFF20, 0xFEE0, 0xFEE0, 0xFEA0, 0xFEA0, 0xFEA0, 0xFEA0,
    0xFEA0, 0xFEA0, 0xFEC0, 0xFE40, 0x28A0, 0x0005, 0x0068, 0x00CD, 0x002B, 0x49E0, 0xFEE0, 0xEDA0,
    0xF660, 0xE560, 0xFEA0, 0xFEC0, 0xFEA0, 0xFEA0, 0xFE80, 0xFEC0, 0xFEA0, 0xFEC0, 0xFEE0, 0xFEE0,
    0xFF00, 0xED40, 0x1000, 0x0089, 0x0026, 0x18E2, 0xEE24, 0xF5C0, 0xF600, 0xFE80, 0xEDA0, 0xFEC0,
    0xFEC0, 0xFEE0, 0xF5C0, 0xED60, 0xFD40, 0x4020, 0x0047, 0x00AC, 0x008B, 0x00AB, 0x0002, 0x0000,
    0x0000, 0x0000, 0x0000, 0x0000, 0x0002, 0x0068, 0x0046, 0x0024, 0x0002, 0x0001, 0x0000, 0x0000,
    0x0000, 0x0000, 0x0000, 0x00CC, 0x08A5, 0xE604, 0xEDA0, 0xEDA0, 0xE4C0, 0xEDC0, 0xFE60, 0xF5E0,
    0xDBC0, 0x0800, 0x0025, 0x0026, 0x0025, 0x0002, 0xC547, 0xFE60, 0xFE80, 0xFE80, 0xFE60, 0xFEA0,
    0xFEA0, 0xFE40, 0x50C0, 0x0004, 0x0069, 0x0069, 0x0046, 0x010E, 0x0863, 0xBCC4, 0xC3C0, 0xE540,
    0xFE80, 0xFE60, 0xFEA0, 0xFEA0, 0xFEA0, 0xFEA0, 0xFEA0, 0xFE80, 0xFEA0, 0xFE40, 0x50A0, 0x0004,
    0x0005, 0x2144, 0xFF25, 0xFF20, 0xFF00, 0xFF00, 0xFEE0, 0xFEC0, 0xFEC0, 0xFEC0, 0xFEE0, 0xFEC0,
    0xDD20, 0xFEC0, 0xFEA0, 0xFEA0, 0xFEE0, 0xFF00, 0xFF00, 0xFF00, 0xFF00, 0xFF00, 0xFF40, 0xC320,
    0x0000, 0x0068, 0x0068, 0x0047, 0x0047, 0x0046, 0x0000, 0x0000, 0x0000, 0x0000, 0x0000, 0x0000,
    0x0000, 0x0000, 0x0000, 0x0000, 0x0000, 0x0000, 0x0000, 0x0000, 0x0000, 0x0000, 0x0000, 0x0000,
    0x0000, 0x0000, 0x0000, 0x0000, 0x0000, 0x00CB, 0x0006, 0xACA4, 0xFEC0, 0xFEE0, 0xFEA0, 0xFEC0,
    0xF640, 0xFEC0, 0xFE80, 0xF5E0, 0xFE60, 0xFEA0, 0xFE80, 0xFEC0, 0xEDC0, 0xF640, 0xFEC0, 0xFEC0,
    0xFEC0, 0xFEC0, 0xFEC0, 0xFEC0, 0xFEC0, 0xFEE0, 0xFEE0, 0xFEC0, 0xFEC0, 0xFEE0, 0xFEE0, 0xFEE0,
    0xFEC0, 0xFEC0, 0xFEC0, 0xFEA0, 0xFE60, 0x50C0, 0x0025, 0x0003, 0x62E4, 0xFF21, 0xFEA0, 0xFEC0,
    0xFEA0, 0xFEA0, 0xFEC0, 0xE560, 0x0820, 0x0025, 0x0047, 0x0046, 0x0001, 0xB505, 0xFF00, 0xFEA0,
    0xFE80, 0xFEA0, 0xFEA0, 0xFEC0, 0xF5E0, 0x2060, 0x0004, 0x4204, 0xFEE2, 0xFEA0, 0xFE40, 0xEDA0,
    0xFE80, 0xF620, 0xF520, 0x8A80, 0x7A40, 0x7A40, 0x7A40, 0x7A80, 0xEE41, 0xFEA0, 0xFEA0, 0xFEA0,
    0xFEA0, 0xFEA0, 0xFF20, 0xBC20, 0x0001, 0x0068, 0x0069, 0x004A, 0x20E0, 0xEE20, 0xFE60, 0xEDE0,
    0xD4E0, 0xE5C0, 0xFEE0, 0xFEC0, 0xFF00, 0xFEC0, 0xFE60, 0xFEC0, 0xFEC0, 0xFEE0, 0xFEC0, 0xFEA0,
    0xFF20, 0x9280, 0x0003, 0x00AC, 0x0003, 0x7385, 0xFF21, 0xFEA0, 0xFEA0, 0xF600, 0xF640, 0xF6A0,
    0xFEE0, 0xFE80, 0xF5C0, 0xFE80, 0xDB80, 0x0000, 0x0089, 0x0069, 0x008B, 0x0068, 0x0000, 0x0000,
    0x0000, 0x0000, 0x0000, 0x0000, 0x0000, 0x0000, 0x0000, 0x0000, 0x0000, 0x0000, 0x0000, 0x0000,
    0x0000, 0x0000, 0x0064, 0x008B, 0x5265, 0xFDC2, 0xEDC0, 0xEDE0, 0xED40, 0xFE40, 0xF620, 0xFD00,
    0x89C0, 0x0001, 0x0025, 0x0046, 0x0002, 0x39E6, 0xFEE5, 0xFE80, 0xFEA0, 0xFE60, 0xFEC0, 0xFE80,
    0xFF00, 0xDC20, 0x0800, 0x0047, 0x0068, 0x0047, 0x010E, 0x0004, 0x7B00, 0xFE40, 0xD480, 0xFE40,
    0xFE40, 0xFE80, 0xFEA0, 0xFEA0, 0xFEA0, 0xFEA0, 0xFEA0, 0xFEA0, 0xFEC0, 0xFE00, 0x3860, 0x0005,
    0x0004, 0x18C1, 0x7A81, 0x7A20, 0x7A40, 0x8260, 0x8240, 0x7A00, 0xD5A4, 0xFEC0, 0xFEC0, 0xFE80,
    0xEE00, 0xFEE0, 0xFEA0, 0xFF20, 0xDC40, 0x79C0, 0x7A00, 0x71E0, 0x7A00, 0x8220, 0x8A20, 0x2020,
    0x0069, 0x008B, 0x0069, 0x0048, 0x0026, 0x0000, 0x0000, 0x0000, 0x0000, 0x0000, 0x0000, 0x0000,
    0x0000, 0x0000, 0x0000, 0x0000, 0x0000, 0x0000, 0x0000, 0x0000, 0x0000, 0x0000, 0x0000, 0x0000,
    0x0000, 0x0000, 0x0000, 0x0000, 0x0022, 0x00AD, 0x2983, 0xFEC4, 0xFE40, 0xFEA0, 0xF620, 0xFE80,
    0xFE80, 0xFEE0, 0xF5E0, 0xFE60, 0xFF00, 0xFEC0, 0xFEE0, 0xFEC0, 0xFEA0, 0xFEA0, 0xFE60, 0xFEE0,
    0xFEC0, 0xFEC0, 0xFEC0, 0xFEE0, 0xFEC0, 0xFEC0, 0xFEC0, 0xFEC0, 0xFEC0, 0xFEC0, 0xFEC0, 0xFEC0,
    0xFEC0, 0xFEC0, 0xFE80, 0xFF20, 0xE480, 0x0800, 0x0067, 0x0022, 0xCDA4, 0xFF00, 0xFEC0, 0xFEA0,
    0xFEC0, 0xFE80, 0xFEC0, 0x8AE0, 0x0001, 0x0046, 0x0026, 0x0003, 0x2122, 0xF6C3, 0xFEC0, 0xFEC0,
    0xFEC0, 0xFEC0, 0xFE80, 0xFF00, 0xAB60, 0x0003, 0x0003, 0xA4A4, 0xFF00, 0xFEC0, 0xFE60, 0xFE60,
    0xFEA0, 0xFEA0, 0xBB80, 0x0001, 0x0002, 0x0002, 0x0000, 0x31C3, 0xFEE1, 0xFE80, 0xFE80, 0xFE80,
    0xFEA0, 0xFEA0, 0xFEA0, 0x5120, 0x0003, 0x0068, 0x0026, 0x0000, 0xC500, 0xFEA0, 0xFE80, 0xF600,
    0xDD20, 0xFEE0, 0xFE80, 0xFEE0, 0xE5E0, 0xC540, 0xFEE0, 0xFEA0, 0xFEC0, 0xFEC0, 0xFEA0, 0xFEC0,
    0xFE00, 0x3060, 0x0048, 0x008B, 0x0043, 0xD5A4, 0xFF00, 0xF660, 0xFE60, 0xFE40, 0xFE80, 0xFEA0,
    0xFF00, 0xF580, 0xEDC0, 0xFE20, 0x7900, 0x0003, 0x008A, 0x0089, 0x008B, 0x0024, 0x0000, 0x0000,
    0x0000, 0x0000, 0x0000, 0x0000, 0x0000, 0x0000, 0x0000, 0x0000, 0x0000, 0x0000, 0x0000, 0x0000,
    0x0000, 0x0000, 0x010B, 0x0047, 0xACA5, 0xFDE0, 0xFE80, 0xF5C0, 0xF5E0, 0xFEA0, 0xFE40, 0xF460,
    0x3040, 0x0004, 0x0025, 0x0024, 0x0000, 0x9C68, 0xFEE0, 0xFEA0, 0xF620, 0xFE20, 0xFEA0, 0xFE80,
    0xFE80, 0x81A0, 0x0003, 0x0069, 0x0027, 0x010E, 0x00AB, 0x4A01, 0xFEA1, 0xF620, 0xF5A0, 0xFE60,
    0xFE60, 0xFE80, 0xFEA0, 0xFEA0, 0xFEC0, 0xFEA0, 0xFEA0, 0xFEA0, 0xFEC0, 0xFD60, 0x2800, 0x0026,
    0x0026, 0x0002, 0x0002, 0x0002, 0x0002, 0x0002, 0x0000, 0x08A5, 0xEE88, 0xFEC0, 0xFEC0, 0xFE80,
    0xFEA0, 0xFEC0, 0xFEC0, 0xFEA0, 0x60E0, 0x0002, 0x0003, 0x0002, 0x0001, 0x0002, 0x0001, 0x0046,
    0x00CF, 0x00AC, 0x008C, 0x0069, 0x0001, 0x0000, 0x0000, 0x0000, 0x0000, 0x0000, 0x0000, 0x0000,
    0x0000, 0x0000, 0x0000, 0x0000, 0x0000, 0x0000, 0x0000, 0x0000, 0x0000, 0x0000, 0x0000, 0x0000,
    0x0000, 0x0000, 0x0000, 0x0000, 0x0044, 0x0005, 0x83A1, 0xFD80, 0xFC00, 0xFC20, 0xFD00, 0xFC60,
    0xFD00, 0xFCA0, 0xF400, 0xFD60, 0xFD20, 0xFD00, 0xFDA0, 0xFC60, 0xFC60, 0xFC40, 0xFC60, 0xFD40,
    0xFD00, 0xFD60, 0xFD20, 0xFDA0, 0xFE20, 0xFE00, 0xFE00, 0xFE40, 0xFE00, 0xFE20, 0xFE20, 0xFE20,
    0xFE00, 0xFE20, 0xF5E0, 0xFE20, 0x81C0, 0x0003, 0x0004, 0x39A0, 0xFE40, 0xFDE0, 0xFDC0, 0xFDE0,
    0xFDE0, 0xFE00, 0xFD80, 0x2880, 0x0003, 0x0026, 0x0025, 0x0001, 0x8381, 0xFE20, 0xFDE0, 0xFE00,
    0xFE00, 0xFE00, 0xFE00, 0xFD60, 0x40C0, 0x0002, 0x2101, 0xF621, 0xFDE0, 0xFDE0, 0xFDE0, 0xFE00,
    0xFE00, 0xFDE0, 0x6160, 0x0048, 0x0887, 0x0823, 0x0001, 0xAC84, 0xFDE0, 0xFDA0, 0xFD60, 0xFD60,
    0xFD80, 0xFDA0, 0xE440, 0x0800, 0x0025, 0x0047, 0x0001, 0x8B60, 0xFE20, 0xFD80, 0xE500, 0xDCA0,
    0xF580, 0xFDE0, 0xFE00, 0xFDC0, 0x6200, 0xDD80, 0xFE20, 0xF580, 0xFE20, 0xFE00, 0xFE00, 0xFE40,
    0xCB80, 0x0001, 0x00CC, 0x0007, 0x4204, 0xFE03, 0xFD80, 0xFD60, 0xFDA0, 0xFDC0, 0xFDE0, 0xFE20,
    0xFE00, 0xECA0, 0xF540, 0xF420, 0x2000, 0x0047, 0x006A, 0x0069, 0x0069, 0x0000, 0x0000, 0x0000,
    0x0000, 0x0000, 0x0000, 0x0000, 0x0000, 0x0000, 0x0000, 0x0000, 0x0000, 0x0000, 0x0000, 0x0000,
    0x0000, 0x0001, 0x00CD, 0x1903, 0xF562, 0xFD00, 0xFD80, 0xF4A0, 0xF520, 0xFD80, 0xFDC0, 0xAA40,
    0x0000, 0x0005, 0x0005, 0x0004, 0x0884, 0xED86, 0xFD60, 0xFDC0, 0xF4E0, 0xF520, 0xFD60, 0xFDA0,
    0xF460, 0x2000, 0x0025, 0x0047, 0x0047, 0x00AC, 0x0800, 0xCBE1, 0xDBE0, 0xA240, 0xDCC0, 0xECA0,
    0xECE0, 0xFCE0, 0xBC45, 0xF502, 0xFD80, 0xFD60, 0xFD40, 0xFD20, 0xFD60, 0xEBA0, 0x1800, 0x0046,
    0x0026, 0x0025, 0x0025, 0x0025, 0x0024, 0x0044, 0x0000, 0x7B86, 0xFE81, 0xFDE0, 0xFE00, 0xFDA0,
    0xFDE0, 0xFDC0, 0xFE20, 0xE3E0, 0x0800, 0x00AA, 0x0025, 0x0025, 0x0045, 0x0045, 0x0024, 0x0025,
    0x00CE, 0x00CE, 0x00AE, 0x0025, 0x0000, 0x0000, 0x0000, 0x0000, 0x0000, 0x0000, 0x0000, 0x0000,
    0x0000, 0x0000, 0x0000, 0x0000, 0x0000, 0x0000, 0x0000, 0x0000, 0x0000, 0x0000, 0x0000, 0x0000,
    0x0000, 0x0000, 0x0000, 0x0000, 0x0000, 0x0000, 0x1860, 0x38C0, 0x38A0, 0x3880, 0x40A0, 0x3840,
    0x4080, 0x3840, 0x3840, 0x4080, 0x4060, 0x4060, 0x4080, 0x3820, 0x3860, 0x3840, 0x3840, 0x3860,
    0x4080, 0x40A0, 0x3860, 0x59E2, 0xFE42, 0xFE00, 0xFE20, 0xFE20, 0xFE00, 0xFE40, 0xFE20, 0xFE20,
    0xFE20, 0xFE20, 0xFE40, 0xF500, 0x2000, 0x0046, 0x0002, 0x9C22, 0xFE40, 0xFDE0, 0xFDC0, 0xFDE0,
    0xFDE0, 0xFE40, 0xBBC0, 0x0000, 0x0025, 0x0025, 0x0004, 0x0860, 0xE580, 0xFE00, 0xFE00, 0xFE20,
    0xFE20, 0xFE00, 0xFE60, 0xCBC0, 0x0001, 0x0001, 0x83A1, 0xFE80, 0xFDE0, 0xFDE0, 0xFE00, 0xFDE0,
    0xFE40, 0xE480, 0x0000, 0x0028, 0x0006, 0x0000, 0x10E2, 0xF5A2, 0xFD60, 0xFD80, 0xFD80, 0xFD80,
    0xFD60, 0xFDE0, 0x9220, 0x0000, 0x0024, 0x0001, 0x5200, 0xFE20, 0xFDE0, 0xF520, 0xE480, 0xFDC0,
    0xF580, 0xED20, 0xFDE0, 0x8A20, 0x4A20, 0xFF00, 0xFE00, 0xFE20, 0xFE20, 0xFE00, 0xFE20, 0xFE20,
    0x6940, 0x0005, 0x00AC, 0x0003, 0xA446, 0xFE00, 0xFDC0, 0xFDC0, 0xFDA0, 0xFDE0, 0xFDA0, 0xFE00,
    0xFDC0, 0xFD60, 0xFDE0, 0xBA60, 0x0001, 0x0068, 0x0048, 0x0069, 0x0045, 0x0000, 0x0000, 0x0000,
    0x0000, 0x0000, 0x0000, 0x0000, 0x0000, 0x0000, 0x0000, 0x0000, 0x0000, 0x0000, 0x0000, 0x0000,
    0x0000, 0x0086, 0x0049, 0x7306, 0xFDA2, 0xF540, 0xFD40, 0xFD40, 0xFDA0, 0xFD80, 0xFD60, 0x7180,
    0x2900, 0x3960, 0x39A0, 0x3140, 0x7B45, 0xFDA2, 0xFD60, 0xFD80, 0xFD80, 0xFD60, 0xFD40, 0xFDE0,
    0xAA60, 0x0001, 0x0067, 0x0026, 0x0068, 0x0001, 0x93A0, 0xF460, 0xD400, 0xCB80, 0xFDC0, 0xECC0,
    0xFD00, 0xAAE0, 0x6309, 0xFDC2, 0xFCC0, 0xFD40, 0xFD60, 0xFD00, 0xFD20, 0xDB40, 0x0800, 0x0046,
    0x0026, 0x0003, 0x0025, 0x0024, 0x0024, 0x0002, 0x0842, 0xDD85, 0xFE00, 0xFE20, 0xFE20, 0xFE00,
    0xFE00, 0xFDE0, 0xFE60, 0x89A0, 0x0025, 0x0111, 0x0047, 0x0003, 0x0004, 0x0004, 0x0025, 0x0026,
    0x00CE, 0x00F1, 0x0089, 0x0000, 0x0000, 0x0000, 0x0000, 0x0000, 0x0000, 0x0000, 0x0000, 0x0000,
    0x0000, 0x0000, 0x0000, 0x0000, 0x0000, 0x0000, 0x0000, 0x0000, 0x0000, 0x0000, 0x0000, 0x0000,
    0x0000, 0x0000, 0x0000, 0x0000, 0x0000, 0x0045, 0x008D, 0x0028, 0x0027, 0x0005, 0x0004, 0x0004,
    0x0003, 0x0003, 0x0003, 0x0003, 0x0003, 0x0003, 0x0002, 0x0003, 0x0003, 0x0003, 0x0002, 0x0002,
    0x0002, 0x0002, 0x0000, 0x7363, 0xFEA1, 0xFE20, 0xFE40, 0xFE20, 0xFE60, 0xFE60, 0xFE40, 0xFE20,
    0xFE40, 0xFE20, 0xFE40, 0xAA80, 0x0002, 0x0026, 0x18C0, 0xF5E1, 0xFDE0, 0xFDE0, 0xFDE0, 0xFE00,
    0xFDE0, 0xFE20, 0x59A0, 0x0003, 0x0025, 0x0046, 0x0003, 0x5220, 0xFE40, 0xFDE0, 0xFE00, 0xFE00,
    0xFE20, 0xFE00, 0xFE20, 0x6980, 0x0001, 0x0840, 0xDD60, 0xFE00, 0xFDE0, 0xFDE0, 0xFDE0, 0xFDC0,
    0xFE40, 0xA340, 0x2921, 0x39C5, 0x39E6, 0x3141, 0x93A2, 0xFE20, 0xFDA0, 0xFDC0, 0xFDC0, 0xFDA0,
    0xFDC0, 0xFD00, 0x2840, 0x0004, 0x0003, 0x2900, 0xEDA0, 0xFDC0, 0xFD80, 0xDC60, 0xF580, 0xFDE0,
    0xFDA0, 0xFE20, 0xD3E0, 0x0000, 0xAC80, 0xFEA0, 0xFE40, 0xFE60, 0xFE20, 0xFE20, 0xFE60, 0xECC0,
    0x1000, 0x0089, 0x004A, 0x18C3, 0xF604, 0xFDE0, 0xFDA0, 0xFE20, 0xFE20, 0xFE20, 0xFE20, 0xFE00,
    0xFDA0, 0xFDA0, 0xFD40, 0x5880, 0x0004, 0x0068, 0x0068, 0x0069, 0x0002, 0x0000, 0x0000, 0x0000,
    0x0000, 0x0000, 0x0000, 0x0000, 0x0000, 0x0000, 0x0000, 0x0000, 0x0000, 0x0000, 0x0000, 0x0000,
    0x0000, 0x00CB, 0x0065, 0xD547, 0xFDC0, 0xFDC0, 0xF560, 0xFDC0, 0xFE00, 0xFE00, 0xFDC0, 0xE4E0,
    0xF5A0, 0xFE00, 0xFE40, 0xFE20, 0xFE00, 0xFDC0, 0xFDC0, 0xFDA0, 0xFDA0, 0xFDA0, 0xFDA0, 0xFD60,
    0x48A0, 0x0003, 0x0046, 0x0067, 0x0005, 0x41E1, 0xFDC0, 0xFDE0, 0xCBE0, 0xD400, 0xEC60, 0xE440,
    0xF460, 0x2000, 0x8BE6, 0xFDE0, 0xFCE0, 0xFD20, 0xFD20, 0xFD00, 0xFD60, 0xC2C0, 0x0001, 0x0025,
    0x0026, 0x0001, 0x0024, 0x0025, 0x0045, 0x0002, 0x4A44, 0xFE62, 0xFE00, 0xFE20, 0xFE00, 0xFE00,
    0xFDE0, 0xFE40, 0xFD00, 0x2800, 0x008C, 0x0112, 0x00AD, 0x0005, 0x0025, 0x0025, 0x0026, 0x0026,
    0x00AD, 0x00EF, 0x0000, 0x0000, 0x0000, 0x0000, 0x0000, 0x0000, 0x0000, 0x0000, 0x0000, 0x0000,
    0x0000, 0x0000, 0x0000, 0x0000, 0x0000, 0x0000, 0x0000, 0x0000, 0x0000, 0x0000, 0x0000, 0x0000,
    0x0000, 0x0000, 0x0000, 0x0000, 0x0000, 0x0001, 0x00F1, 0x00AD, 0x0069, 0x0047, 0x0047, 0x0046,
    0x0046, 0x0046, 0x0026, 0x0025, 0x0025, 0x0025, 0x0025, 0x0025, 0x0025, 0x0025, 0x0024, 0x0024,
    0x0024, 0x0003, 0x1080, 0xE5C1, 0xFE00, 0xFE00, 0xFE40, 0xFE40, 0xFE80, 0xFE60, 0xFE20, 0xFDE0,
    0xFDE0, 0xFE00, 0xFD40, 0x3840, 0x0047, 0x0004, 0x7321, 0xFE20, 0xFDA0, 0xFDC0, 0xFDC0, 0xFDA0,
    0xFDC0, 0xDC40, 0x0800, 0x0005, 0x0025, 0x0004, 0x0000, 0xB460, 0xFDE0, 0xFDA0, 0xFDA0, 0xFDA0,
    0xFDA0, 0xFDE0, 0xEC60, 0x1000, 0x0002, 0x5220, 0xFDE0, 0xFD60, 0xFD80, 0xFD80, 0xFDA0, 0xFDA0,
    0xFDA0, 0xF520, 0xFD80, 0xFDE4, 0xFDE5, 0xFD61, 0xFDE0, 0xFE00, 0xFE00, 0xFE00, 0xFDE0, 0xFDE0,
    0xFE40, 0xB300, 0x0001, 0x0024, 0x0040, 0xCCE0, 0xFDC0, 0xFD60, 0xF500, 0xED20, 0xFE00, 0xF500,
    0xF5A0, 0xD360, 0x2040, 0x08A0, 0xEE00, 0xFE00, 0xFE00, 0xFDE0, 0xFDC0, 0xFDA0, 0xFE20, 0x9A60,
    0x0002, 0x00CD, 0x0007, 0x6B06, 0xFE82, 0xFE00, 0xF5C0, 0xFE20, 0xFE20, 0xFE60, 0xFE40, 0xFE20,
    0xFDC0, 0xFE40, 0xE3E0, 0x1000, 0x0046, 0x0047, 0x0068, 0x0047, 0x0000, 0x0000, 0x0000, 0x0000,
    0x0000, 0x0000, 0x0000, 0x0000, 0x0000, 0x0000, 0x0000, 0x0000, 0x0000, 0x0000, 0x0000, 0x0000,
    0x0042, 0x008C, 0x39E5, 0xFE44, 0xFDC0, 0xFE00, 0xF560, 0xFE00, 0xFE20, 0xFE40, 0xFDE0, 0xE4A0,
    0xF540, 0xFE00, 0xFDC0, 0xFE00, 0xFE00, 0xFE00, 0xFE00, 0xFE00, 0xFE00, 0xFDE0, 0xFE40, 0xD3C0,
    0x0000, 0x0004, 0x0025, 0x0003, 0x10C1, 0xDD63, 0xE460, 0xDC00, 0xC380, 0xE420, 0xD320, 0xDA60,
    0x8100, 0x0000, 0xBBC2, 0xFD00, 0xFD00, 0xF4C0, 0xF4E0, 0xFD40, 0xFD80, 0xAA40, 0x0001, 0x0025,
    0x0026, 0x0000, 0x0001, 0x0002, 0x0024, 0x0001, 0xB483, 0xFE00, 0xFDC0, 0xFDA0, 0xFD80, 0xFDC0,
    0xFDA0, 0xFE20, 0xAA00, 0x0003, 0x00F0, 0x00F0, 0x0112, 0x0047, 0x0023, 0x0024, 0x0023, 0x0002,
    0x0025, 0x0023, 0x0000, 0x0000, 0x0000, 0x0000, 0x0000, 0x0000, 0x0000, 0x0000, 0x0000, 0x0000,
    0x0000, 0x0000, 0x0000, 0x0000, 0x0000, 0x0000, 0x0000, 0x0000, 0x0000, 0x0000, 0x0000, 0x0000,
    0x0000, 0x0000, 0x0000, 0x0000, 0x0000, 0x0000, 0x0069, 0x00D0, 0x0068, 0x0068, 0x0047, 0x0047,
    0x0047, 0x0047, 0x0046, 0x0026, 0x0026, 0x0025, 0x0025, 0x0025, 0x0025, 0x0025, 0x0024, 0x0004,
    0x0024, 0x0001, 0x62C0, 0xFE20, 0xF560, 0xFDA0, 0xFDE0, 0xFE20, 0xFE60, 0xF580, 0xFE00, 0xFDE0,
    0xFDA0, 0xFE20, 0xCB00, 0x0001, 0x0048, 0x0021, 0xD500, 0xFDA0, 0xFD80, 0xFD80, 0xFDA0, 0xFD60,
    0xFDA0, 0x7A20, 0x0001, 0x0025, 0x0025, 0x0003, 0x2940, 0xFDC0, 0xFD60, 0xFD80, 0xFD60, 0xFDA0,
    0xFD80, 0xFDC0, 0x8A20, 0x0001, 0x0001, 0xAC00, 0xFDA0, 0xFD40, 0xFD60, 0xFD80, 0xFDA0, 0xFD80,
    0xFD80, 0xFDC0, 0xFD80, 0xFD40, 0xF520, 0xFD60, 0xFDA0, 0xFDC0, 0xFE00, 0xFE00, 0xFDC0, 0xFDC0,
    0xFDE0, 0x5120, 0x0002, 0x0001, 0x93A0, 0xFE00, 0xFD40, 0xFD60, 0xF4E0, 0xFDA0, 0xFDA0, 0xF520,
    0xFD80, 0x5940, 0x0000, 0x5240, 0xFE20, 0xFDC0, 0xFDE0, 0xFDC0, 0xFDA0, 0xFDC0, 0xFD60, 0x3860,
    0x0027, 0x00AD, 0x0022, 0xCD02, 0xFDE0, 0xFDA0, 0xFD80, 0xFE00, 0xFE20, 0xFE20, 0xFDC0, 0xFDE0,
    0xF580, 0xFDA0, 0x91A0, 0x0002, 0x0046, 0x0026, 0x0068, 0x0023, 0x0000, 0x0000, 0x0000, 0x0000,
    0x0000, 0x0000, 0x0000, 0x0000, 0x0000, 0x0000, 0x0000, 0x0000, 0x0000, 0x0000, 0x0000, 0x0000,
    0x00EA, 0x0048, 0x9C25, 0xFE40, 0xFDA0, 0xFD80, 0xF540, 0xFE00, 0xFE00, 0xFE40, 0xD400, 0xECA0,
    0xFD60, 0xFE00, 0xF560, 0xFDE0, 0xFE00, 0xFE00, 0xFDE0, 0xFDE0, 0xFDC0, 0xFDA0, 0xFDE0, 0x8180,
    0x0002, 0x0025, 0x0024, 0x0000, 0xA426, 0xFE00, 0xFDA0, 0xE440, 0xF4A0, 0xFD00, 0xF460, 0xA980,
    0x0000, 0x0881, 0xDCC5, 0xFD20, 0xFD40, 0xFD00, 0xFCE0, 0xFD20, 0xFD80, 0x91C0, 0x0001, 0x0045,
    0x0046, 0x0000, 0x0000, 0x0000, 0x0028, 0x3183, 0xFE22, 0xFDA0, 0xFDC0, 0xFDA0, 0xFDA0, 0xFD80,
    0xFDA0, 0xFCE0, 0x4040, 0x0049, 0x00F0, 0x00EF, 0x00EF, 0x0001, 0x0000, 0x0000, 0x0000, 0x0000,
    0x0000, 0x0000, 0x0000, 0x0000, 0x0000, 0x0000, 0x0000, 0x0000, 0x0000, 0x0000, 0x0000, 0x0000,
    0x0000, 0x0000, 0x0000, 0x0000, 0x0000, 0x0000, 0x0000, 0x0000, 0x0000, 0x0000, 0x0000, 0x0000,
    0x0000, 0x0000, 0x0000, 0x0000, 0x0000, 0x0000, 0x0002, 0x00F0, 0x00AB, 0x008A, 0x006A, 0x0069,
    0x0069, 0x0069, 0x0068, 0x0068, 0x0048, 0x0047, 0x0047, 0x0047, 0x0046, 0x0026, 0x0026, 0x0025,
    0x0004, 0x0000, 0xCBE0, 0xFC80, 0xF400, 0xF400, 0xEBC0, 0xFCA0, 0xFCC0, 0xFC60, 0xFCA0, 0xFC60,
    0xFC80, 0xFC00, 0x5860, 0x0026, 0x0007, 0x4A00, 0xFCC0, 0xFBE0, 0xFC00, 0xFC00, 0xFC20, 0xFC40,
    0xF3E0, 0x2040, 0x0004, 0x0025, 0x0024, 0x0001, 0x8AC0, 0xFC40, 0xF400, 0xFC20, 0xFC40, 0xFC60,
    0xFC40, 0xFBA0, 0x3040, 0x0002, 0x2100, 0xF480, 0xFC20, 0xFC40, 0xFC40, 0xFC80, 0xFC80, 0xFCA0,
    0xFC80, 0xF480, 0xFC40, 0xFC40, 0xFC40, 0xF420, 0xFC20, 0xFC60, 0xFC60, 0xFC40, 0xFC20, 0xFC60,
    0xDB20, 0x0800, 0x0001, 0x51E0, 0xFCE0, 0xF400, 0xFC20, 0xEBC0, 0xF440, 0xFCA0, 0xFC60, 0xFC80,
    0x99C0, 0x0002, 0x0002, 0x9B80, 0xFD00, 0xFCC0, 0xFCC0, 0xFCC0, 0xFCA0, 0xFCE0, 0xD300, 0x0001,
    0x00AC, 0x0008, 0x39A1, 0xFC60, 0xFC00, 0xFC60, 0xFC60, 0xFCA0, 0xFDA0, 0xFCA0, 0xFC60, 0xFCA0,
    0xFCC0, 0xFB80, 0x3000, 0x0004, 0x0026, 0x0026, 0x0046, 0x0000, 0x0000, 0x0000, 0x0000, 0x0000,
    0x0000, 0x0000, 0x0000, 0x0000, 0x0000, 0x0000, 0x0000, 0x0000, 0x0000, 0x0000, 0x0000, 0x0000,
    0x00ED, 0x10E4, 0xECC3, 0xFC20, 0xFC60, 0xF420, 0xFC80, 0xFCC0, 0xFCC0, 0xF460, 0xDB80, 0xFCC0,
    0xFCA0, 0xFC80, 0xF460, 0xFC80, 0xFC80, 0xFC80, 0xFC80, 0xFC60, 0xFC40, 0xFC60, 0xFB80, 0x2800,
    0x0005, 0x0025, 0x0000, 0x59C1, 0xFBA1, 0xFC20, 0xEB80, 0xD2A0, 0xEB40, 0xDAC0, 0xFAA0, 0x5060,
    0x0002, 0x18A1, 0xDB42, 0xF300, 0xFBC0, 0xFB60, 0xFB80, 0xF3C0, 0xFB80, 0x78C0, 0x0002, 0x0026,
    0x0025, 0x0000, 0x0000, 0x0086, 0x0048, 0x8B66, 0xFD01, 0xFC80, 0xFC80, 0xFC40, 0xFC60, 0xFC40,
    0xFC80, 0xCA00, 0x0001, 0x00CD, 0x00CD, 0x00EF, 0x0068, 0x0000, 0x0000, 0x0000, 0x0000, 0x0000,
    0x0000, 0x0000, 0x0000, 0x0000, 0x0000, 0x0000, 0x0000, 0x0000, 0x0000, 0x0000, 0x0000, 0x0000,
    0x0000, 0x0000, 0x0000, 0x0000, 0x0000, 0x0000, 0x0000, 0x0000, 0x0000, 0x0000, 0x0000, 0x0000,
    0x0000, 0x0000, 0x0000, 0x0000, 0x0000, 0x0000, 0x0000, 0x0001, 0x0002, 0x0000, 0x0000, 0x0001,
    0x0000, 0x0000, 0x0000, 0x0000, 0x0000, 0x0000, 0x0000, 0x0000, 0x0000, 0x0000, 0x0000, 0x0023,
    0x0029, 0x41A0, 0xFC80, 0xFBE0, 0xFC20, 0xFC00, 0xEBA0, 0xFCE0, 0xFCE0, 0xFC80, 0xFC80, 0xFC40,
    0xFCE0, 0xDB20, 0x0800, 0x0068, 0x0001, 0xAB80, 0xFC60, 0xFC20, 0xFC20, 0xFC20, 0xFC00, 0xFC60,
    0xAA80, 0x0001, 0x0024, 0x0024, 0x0003, 0x1080, 0xE440, 0xFC20, 0xFC60, 0xFC40, 0xFC40, 0xFC20,
    0xFCA0, 0xBA80, 0x0000, 0x0002, 0x72C0, 0xFC80, 0xFC00, 0xFC40, 0xFC60, 0xFC80, 0xFC80, 0xFC80,
    0xFC80, 0xFC20, 0xFC20, 0xFC20, 0xFC40, 0xFC20, 0xFC40, 0xFC40, 0xFC20, 0xFC00, 0xFC20, 0xFC80,
    0x8980, 0x0000, 0x2920, 0xEC60, 0xFC00, 0xFC40, 0xEBC0, 0xEBE0, 0xFCE0, 0xFC80, 0xFCA0, 0xB240,
    0x0000, 0x0003, 0x1081, 0xECE0, 0xFCC0, 0xFCE0, 0xFCC0, 0xFCA0, 0xFCA0, 0xFCE0, 0x7920, 0x0025,
    0x00CF, 0x0003, 0x9B61, 0xFC60, 0xF420, 0xFC80, 0xFCA0, 0xFC80, 0xFC80, 0xFC60, 0xFC60, 0xFC80,
    0xFD20, 0xCAA0, 0x0001, 0x0045, 0x0004, 0x0004, 0x0001, 0x0000, 0x0000, 0x0000, 0x0000, 0x0000,
    0x0000, 0x0000, 0x0000, 0x0000, 0x0000, 0x0000, 0x0000, 0x0000, 0x0000, 0x0000, 0x0000, 0x0086,
    0x006A, 0x6241, 0xFCC1, 0xF3E0, 0xF420, 0xF440, 0xFCC0, 0xFCA0, 0xFCA0, 0xFCA0, 0xFCC0, 0xFC80,
    0xF460, 0xFC80, 0xFCC0, 0xFCA0, 0xFC80, 0xFC60, 0xFC60, 0xFC60, 0xFC40, 0xFCC0, 0xA9C0, 0x0000,
    0x0025, 0x0002, 0x20E3, 0xF524, 0xE320, 0xDB20, 0xCB00, 0xEB80, 0xF360, 0xEA60, 0x9060, 0x0000,
    0x0001, 0x2944, 0xE343, 0xFB60, 0xF380, 0xDAA0, 0xF3A0, 0xF3C0, 0xFB60, 0x68C0, 0x0003, 0x0026,
    0x0024, 0x0000, 0x0000, 0x00AA, 0x10E5, 0xE507, 0xFC80, 0xFCA0, 0xFC80, 0xFC60, 0xFC60, 0xFC80,
    0xFC60, 0x5860, 0x0026, 0x00CE, 0x00CD, 0x00CE, 0x0002, 0x0000, 0x0000, 0x0000, 0x0000, 0x0000,
    0x0000, 0x0000, 0x0000, 0x0000, 0x0000, 0x0000, 0x0000, 0x0000, 0x0000, 0x0000, 0x0000, 0x0000,
    0x0000, 0x0000, 0x0000, 0x0000, 0x0000, 0x0000, 0x0000, 0x0000, 0x0000, 0x0000, 0x0000, 0x0000,
    0x0000, 0x0000, 0x0000, 0x0001, 0x00CA, 0x00EB, 0x00CB, 0x0088, 0x00A8, 0x00CA, 0x00CA, 0x00CA,
    0x00CA, 0x00C9, 0x00A9, 0x00A9, 0x00AA, 0x00CA, 0x00CA, 0x00CA, 0x00A9, 0x00A8, 0x00A9, 0x012F,
    0x0046, 0xA3A0, 0xFCA0, 0xFC20, 0xFC40, 0xFC20, 0xF400, 0xFCE0, 0xFCA0, 0xFCC0, 0xFCE0, 0xFCA0,
    0xFCA0, 0x7920, 0x0003, 0x0007, 0x2120, 0xF4A0, 0xFC20, 0xFC60, 0xFC60, 0xFC60, 0xFC40, 0xFC20,
    0x40C0, 0x0002, 0x0024, 0x0024, 0x0002, 0x6260, 0xFCE0, 0xFC40, 0xFC80, 0xFC60, 0xFC80, 0xFC80,
    0xFCA0, 0x5900, 0x0002, 0x0040, 0xD420, 0xFC60, 0xFC80, 0xFC80, 0xFC80, 0xFCA0, 0xFCA0, 0xEC00,
    0xF400, 0xFC80, 0xFC40, 0xFC40, 0xFC40, 0xFC40, 0xFC40, 0xF420, 0xF420, 0xFC20, 0xFC60, 0xFBC0,
    0x2820, 0x0040, 0xCC20, 0xFC40, 0xFC20, 0xEBA0, 0xEBC0, 0xFCC0, 0xFCC0, 0xFD00, 0xFCA0, 0x61A0,
    0x3180, 0x2920, 0x5A40, 0xFD40, 0xFD00, 0xFD00, 0xFD00, 0xFD00, 0xFD20, 0xF420, 0x2000, 0x0089,
    0x0049, 0x10E2, 0xECE2, 0xFC80, 0xFCA0, 0xFC80, 0xFCA0, 0xFCA0, 0xFCC0, 0xFCA0, 0xFCC0, 0xFCC0,
    0xFCC0, 0x60C0, 0x0002, 0x0025, 0x0047, 0x006A, 0x00CB, 0x00EB, 0x00EB, 0x00CB, 0x00CB, 0x010B,
    0x010B, 0x012C, 0x012C, 0x012C, 0x012C, 0x012C, 0x010C, 0x010B, 0x010C, 0x00A8, 0x0000, 0x00EB,
    0x0084, 0xC461, 0xFCC0, 0xFC80, 0xE3A0, 0xEC60, 0xFD00, 0xFD00, 0xFD20, 0xFC40, 0xFCA0, 0xFCC0,
    0xFD00, 0xFCE0, 0xFCA0, 0xFCA0, 0xFCC0, 0xFCC0, 0xFCA0, 0xFCA0, 0xFCA0, 0xFC40, 0x4060, 0x0001,
    0x0002, 0x0020, 0xB443, 0xFD00, 0xF440, 0xDBE0, 0xBAA0, 0xF420, 0xC240, 0xB260, 0x38C0, 0x3100,
    0x3141, 0x6246, 0xEB42, 0xF380, 0xF3A0, 0xDAA0, 0xCA60, 0xFC00, 0xFC40, 0x58C0, 0x0003, 0x0024,
    0x0003, 0x0000, 0x0065, 0x006A, 0x6264, 0xFD22, 0xFCC0, 0xFCE0, 0xFCA0, 0xFCA0, 0xFCA0, 0xFD00,
    0xE300, 0x0800, 0x00AB, 0x00AD, 0x00CE, 0x008A, 0x0000, 0x0000, 0x0000, 0x0000, 0x0000, 0x0000,
    0x0000, 0x0000, 0x0000, 0x0000, 0x0000, 0x0000, 0x0000, 0x0000, 0x0000, 0x0000, 0x0000, 0x0000,
    0x0000, 0x0000, 0x0000, 0x0000, 0x0000, 0x0000, 0x0000, 0x0000, 0x0000, 0x0000, 0x0000, 0x0000,
    0x0000, 0x0000, 0x0001, 0x0130, 0x00AA, 0x0088, 0x0089, 0x0067, 0x0068, 0x0089, 0x00A9, 0x0088,
    0x0088, 0x0068, 0x0068, 0x0088, 0x0089, 0x0089, 0x0089, 0x0088, 0x0088, 0x0067, 0x0068, 0x0046,
    0x20E0, 0xEBC0, 0xFB60, 0xFBA0, 0xFB80, 0xF320, 0xF340, 0xFBC0, 0xFBE0, 0xFBC0, 0xFBE0, 0xFBE0,
    0xF300, 0x1800, 0x0046, 0x0003, 0x82A0, 0xFC00, 0xFBA0, 0xFB80, 0xFB60, 0xFBA0, 0xFBC0, 0xD2A0,
    0x0000, 0x0004, 0x0004, 0x0003, 0x0020, 0xC380, 0xFBC0, 0xFBC0, 0xFBC0, 0xFBC0, 0xFBA0, 0xFBC0,
    0xE2A0, 0x0800, 0x0003, 0x4A21, 0xFCC1, 0xFBC0, 0xFC00, 0xFBE0, 0xFC00, 0xFC00, 0xFC20, 0xFC00,
    0xFBE0, 0xFC20, 0xFC40, 0xFC40, 0xFC20, 0xFC00, 0xFC00, 0xFBE0, 0xFC00, 0xFC40, 0xFC20, 0xC1E0,
    0x0000, 0x92C0, 0xFBE0, 0xFBA0, 0xF380, 0xE300, 0xFBA0, 0xFBA0, 0xEBC0, 0xFC00, 0xFBE0, 0xFC40,
    0xFCA0, 0xFC80, 0xD360, 0xEBE0, 0xFC60, 0xFC40, 0xEC40, 0xF400, 0xFC60, 0xAA00, 0x0002, 0x00AC,
    0x0004, 0x6A61, 0xFCE1, 0xFC20, 0xFC20, 0xFBE0, 0xFBE0, 0xE3E0, 0xFC00, 0xFC20, 0xFC20, 0xFC60,
    0xDB20, 0x0000, 0x0000, 0x0001, 0x0024, 0x0024, 0x0066, 0x0087, 0x0067, 0x0046, 0x0067, 0x0087,
    0x0087, 0x00A7, 0x00A8, 0x0087, 0x0088, 0x00A8, 0x0087, 0x0087, 0x0087, 0x0044, 0x0022, 0x0049,
    0x3160, 0xFC20, 0xFB80, 0xFC00, 0xEB60, 0xFC00, 0xFBE0, 0xFC00, 0xBAA0, 0x89A0, 0xA240, 0x9A40,
    0xA2A0, 0xBB20, 0xFC00, 0xFBE0, 0xFC20, 0xFC00, 0xFBE0, 0xFBE0, 0xFC00, 0xDA80, 0x0800, 0x0025,
    0x0001, 0x7281, 0xFC60, 0xFB80, 0xE2E0, 0xB1A0, 0xEAE0, 0xFC00, 0xDA40, 0x7840, 0xA940, 0xFBA0,
    0xE2A1, 0xA940, 0xA980, 0xC1E0, 0xFB00, 0xE2C0, 0xEAA0, 0xF300, 0xEA40, 0x3020, 0x0002, 0x0004,
    0x0003, 0x0000, 0x00AA, 0x0085, 0xCBC4, 0xFBC0, 0xFBE0, 0xF3C0, 0xF360, 0xFB80, 0xFB80, 0xFBA0,
    0x78C0, 0x0004, 0x00AD, 0x00AC, 0x00CE, 0x0024, 0x0000, 0x0000, 0x0000, 0x0000, 0x0000, 0x0000,
    0x0000, 0x0000, 0x0000, 0x0000, 0x0000, 0x0000, 0x0000, 0x0000, 0x0000, 0x0000, 0x0000, 0x0000,
    0x0000, 0x0000, 0x0000, 0x0000, 0x0000, 0x0000, 0x0000, 0x0000, 0x0000, 0x0000, 0x0000, 0x0000,
    0x0000, 0x0000, 0x0087, 0x0069, 0x6120, 0xB980, 0xA100, 0x90E0, 0xB980, 0xB960, 0xB940, 0xB120,
    0xA920, 0xB9C0, 0xC200, 0xA180, 0x9900, 0xC1C0, 0xB980, 0xA140, 0xB9A0, 0xC1C0, 0xC1C0, 0xB9C0,
    0xD260, 0xFA40, 0xF9C0, 0xF9C0, 0xF1C0, 0xF220, 0xFAA0, 0xFA60, 0xFA60, 0xF220, 0xF220, 0xFA40,
    0x98E0, 0x0002, 0x0029, 0x0881, 0xDAE0, 0xFA20, 0xFA40, 0xFA20, 0xFA20, 0xFA20, 0xFAA0, 0x78E0,
    0x0003, 0x0026, 0x0004, 0x0002, 0x3120, 0xFAE0, 0xFA20, 0xFA60, 0xFA60, 0xFA60, 0xF240, 0xFA80,
    0x90E0, 0x0002, 0x0001, 0xAA80, 0xFAE0, 0xFAA0, 0xFAA0, 0xFAA0, 0xFA80, 0xF2A0, 0xD200, 0x8940,
    0x8960, 0x8960, 0x8960, 0x8960, 0x8960, 0x8960, 0x8960, 0x8960, 0x8940, 0x8140, 0x70E0, 0x0800,
    0x5140, 0xFAE0, 0xFA40, 0xFA80, 0xDA20, 0xFA80, 0xFA80, 0xFA60, 0xF280, 0xFA60, 0xFA80, 0xFA80,
    0xFAA0, 0xFAE0, 0xF2E0, 0xF2C0, 0xFAC0, 0xFAC0, 0xFAC0, 0xFAA0, 0xFA40, 0x4020, 0x0048, 0x008D,
    0x0001, 0xC2A0, 0xFAC0, 0xFAA0, 0xFAC0, 0xFAC0, 0xF280, 0xEAA0, 0xFAA0, 0xFAA0, 0xFAA0, 0xFAA0,
    0xE260, 0xBA00, 0xBA20, 0xC200, 0xC200, 0xB9E0, 0xC1C0, 0xC1C0, 0xB9C0, 0xB1A0, 0xB9C0, 0xC1C0,
    0xB9C0, 0xB9C0, 0xB9C0, 0xB9C0, 0xB9C0, 0xB9A0, 0xB9C0, 0xC200, 0xB9E0, 0x1000, 0x00CD, 0x0027,
    0x8A61, 0xFA60, 0xFA60, 0xFA80, 0xFAA0, 0xFAE0, 0xFAA0, 0xFA20, 0x2000, 0x0000, 0x0000, 0x0000,
    0x0000, 0x7A42, 0xFAC0, 0xFA80, 0xFAC0, 0xFAA0, 0xFAA0, 0xFA80, 0xFAA0, 0x7080, 0x0002, 0x0004,
    0x2943, 0xF3A3, 0xFA60, 0xFA60, 0xD1A0, 0xF200, 0xFA20, 0xFA20, 0xE9E0, 0xB8E0, 0xE980, 0xD960,
    0xA8A0, 0xA8E0, 0xA100, 0xEA40, 0xFAC1, 0xD980, 0xFA00, 0xE1A0, 0xC920, 0x2800, 0x0002, 0x0004,
    0x0002, 0x0842, 0x008B, 0x4181, 0xFB21, 0xFA60, 0xFA80, 0xFA60, 0xFA40, 0xFA40, 0xFA40, 0xF1A0,
    0x1800, 0x008A, 0x00AC, 0x00AC, 0x008A, 0x0000, 0x0000, 0x0000, 0x0000, 0x0000, 0x0000, 0x0000,
    0x0000, 0x0000, 0x0000, 0x0000, 0x0000, 0x0000, 0x0000, 0x0000, 0x0000, 0x0000, 0x0000, 0x0000,
    0x0000, 0x0000, 0x0000, 0x0000, 0x0000, 0x0000, 0x0000, 0x0000, 0x0000, 0x0000, 0x0000, 0x0000,
    0x0000, 0x0000, 0x00EE, 0x0862, 0xDA80, 0xF9E0, 0xE9C0, 0xD1A0, 0xFA61, 0xE1C0, 0xFA40, 0xFA60,
    0xFA60, 0xFAC0, 0xFAE0, 0xD1E0, 0xC980, 0xFA60, 0xFAA0, 0xFA40, 0xFA80, 0xFA80, 0xFAA0, 0xFA80,
    0xFA20, 0xFA00, 0xFA00, 0xF1E0, 0xF220, 0xFA80, 0xFAE0, 0xFAA0, 0xFA40, 0xF220, 0xFA80, 0xFA60,
    0x3820, 0x0046, 0x0004, 0x51A0, 0xFAE0, 0xFA40, 0xFA60, 0xFA60, 0xFA80, 0xFAA0, 0xF220, 0x1820,
    0x0024, 0x0025, 0x0025, 0x0001, 0x9AE2, 0xFAC0, 0xFA60, 0xFA80, 0xFA80, 0xFAA0, 0xFAA0, 0xFA40,
    0x2820, 0x0002, 0x18C1, 0xF2C0, 0xFA00, 0xFA20, 0xFA20, 0xFA60, 0xFA60, 0xFAA0, 0x70A0, 0x0001,
    0x0001, 0x0001, 0x0001, 0x0001, 0x0001, 0x0001, 0x0001, 0x0001, 0x0001, 0x0001, 0x0000, 0x2120,
    0xEB40, 0xFA80, 0xFAA0, 0xE240, 0xE260, 0xFAE0, 0xFAC0, 0xFAA0, 0xFAA0, 0xFAA0, 0xFAA0, 0xFAC0,
    0xFAC0, 0xFAE0, 0xF300, 0xF300, 0xFAE0, 0xFAE0, 0xFAE0, 0xFB20, 0xD1C0, 0x0000, 0x008B, 0x002A,
    0x3921, 0xF2E1, 0xFA40, 0xFA80, 0xFAC0, 0xFAC0, 0xFAC0, 0xFAA0, 0xFA80, 0xFA60, 0xFA80, 0xFA80,
    0xFAA0, 0xFAE0, 0xFB01, 0xFAE0, 0xFAC0, 0xFAC0, 0xFAC0, 0xFAA0, 0xFAA0, 0xFAC0, 0xFAC0, 0xFAA0,
    0xFAC0, 0xFAA0, 0xFAA0, 0xFAA0, 0xFAC0, 0xFAC0, 0xFAA0, 0xFAE1, 0xD980, 0x0002, 0x006C, 0x08A2,
    0xE322, 0xFA80, 0xFAA0, 0xF280, 0xFAC0, 0xFAC0, 0xFB00, 0xB940, 0x0002, 0x0046, 0x0023, 0x0003,
    0x08A1, 0xE3A2, 0xFAA0, 0xFAE0, 0xFAC0, 0xFAC0, 0xFAC0, 0xFAE0, 0xF220, 0x1800, 0x0003, 0x0020,
    0xBB20, 0xFA80, 0xFAE0, 0xEA80, 0xE220, 0xFA80, 0xFA60, 0xF240, 0xA8E0, 0xC940, 0xE180, 0xC120,
    0xC960, 0xB0E0, 0xA0C0, 0xFA80, 0xFA80, 0xC940, 0xE9A0, 0xD960, 0xC0A0, 0x1800, 0x0004, 0x0025,
    0x0000, 0x0066, 0x0066, 0xAAC0, 0xFA80, 0xF2A0, 0xFAC0, 0xFA80, 0xFA80, 0xFA60, 0xFA80, 0xA0C0,
    0x0003, 0x00AC, 0x008A, 0x00AC, 0x0045, 0x0000, 0x0000, 0x0000, 0x0000, 0x0000, 0x0000, 0x0000,
    0x0000, 0x0000, 0x0000, 0x0000, 0x0000, 0x0000, 0x0000, 0x0000, 0x0000, 0x0000, 0x0000, 0x0000,
    0x0000, 0x0000, 0x0000, 0x0000, 0x0000, 0x0000, 0x0000, 0x0000, 0x0000, 0x0000, 0x0000, 0x0000,
    0x0000, 0x0065, 0x008D, 0x6180, 0xFA60, 0xF1C0, 0xC140, 0xC9A0, 0xD9E0, 0xA920, 0xFA40, 0xFA40,
    0xF240, 0xF260, 0xDA00, 0x9900, 0xE200, 0xEA40, 0xF280, 0xEA00, 0xFA40, 0xFA20, 0xF220, 0xFA20,
    0xFA40, 0xFA40, 0xFA20, 0xFA40, 0xFA40, 0xFAA0, 0xFAA0, 0xFA40, 0xFA80, 0xFA60, 0xFAA0, 0xC980,
    0x0001, 0x0048, 0x0021, 0xBAC0, 0xFA40, 0xFA60, 0xFA80, 0xFAA0, 0xFAA0, 0xFAC0, 0x8920, 0x0000,
    0x0001, 0x0002, 0x0004, 0x10E3, 0xEB82, 0xFA60, 0xFA60, 0xFA80, 0xFAA0, 0xFA80, 0xFAC0, 0xB980,
    0x0001, 0x0002, 0x6A00, 0xFAA0, 0xFA40, 0xFA60, 0xFA60, 0xFA60, 0xFAA0, 0xF220, 0x2000, 0x0069,
    0x0025, 0x0003, 0x0024, 0x0024, 0x0024, 0x0024, 0x0024, 0x0024, 0x0024, 0x0003, 0x0860, 0xD340,
    0xFAA0, 0xFA80, 0xE260, 0xEA60, 0xFAA0, 0xFAC0, 0xFAA0, 0xFA80, 0xF2C0, 0xFAC0, 0xFAA0, 0xFAC0,
    0xFAA0, 0xFAA0, 0xF2C0, 0xFAE0, 0xFB00, 0xFB00, 0xFB00, 0xFB20, 0x78C0, 0x0004, 0x008B, 0x0003,
    0x9A80, 0xFAE0, 0xF280, 0xFAA0, 0xFAA0, 0xFAA0, 0xFAC0, 0xFAA0, 0xFAA0, 0xFAA0, 0xFA80, 0xFA80,
    0xFAA0, 0xF2C0, 0xF2A0, 0xF2A0, 0xFAA0, 0xF2A0, 0xFA80, 0xFA80, 0xF280, 0xFA80, 0xFA60, 0xFA80,
    0xFA80, 0xFA80, 0xFA60, 0xFA60, 0xFA80, 0xFA80, 0xF2A0, 0xFAC0, 0x7060, 0x0004, 0x0004, 0x6202,
    0xFB21, 0xFAA0, 0xFAC0, 0xF2A0, 0xFAC0, 0xF2C0, 0xFAE0, 0x6060, 0x0026, 0x0069, 0x0003, 0x0002,
    0x5A22, 0xFB60, 0xFAC0, 0xFAE0, 0xFAC0, 0xFAC0, 0xF2A0, 0xFAC0, 0xA0E0, 0x0001, 0x0001, 0x7240,
    0xFAC0, 0xF280, 0xFAC0, 0xE280, 0xFB01, 0xE240, 0xD9A0, 0xC140, 0x90A0, 0xD9A0, 0xE1A0, 0xA0A0,
    0xB100, 0xE160, 0xA900, 0xD160, 0xE9C0, 0x8880, 0xE140, 0xE180, 0xD900, 0x1800, 0x0004, 0x0003,
    0x0001, 0x0047, 0x2122, 0xFB81, 0xFAA0, 0xFAE0, 0xFAC0, 0xFA60, 0xFA40, 0xFA80, 0xFA20, 0x3800,
    0x0047, 0x008B, 0x008B, 0x008B, 0x0001, 0x0000, 0x0000, 0x0000, 0x0000, 0x0000, 0x0000, 0x0000,
    0x0000, 0x0000, 0x0000, 0x0000, 0x0000, 0x0000, 0x0000, 0x0000, 0x0000, 0x0000, 0x0000, 0x0000,
    0x0000, 0x0000, 0x0000, 0x0000, 0x0000, 0x0000, 0x0000, 0x0000, 0x0000, 0x0000, 0x0000, 0x0000,
    0x0000, 0x00EE, 0x0065, 0xCA20, 0xF1E0, 0xF200, 0xA920, 0xEA20, 0xEA20, 0xEA00, 0xD9E0, 0xEA20,
    0xFA60, 0xFAA0, 0xA140, 0xB980, 0xFA80, 0xFAA0, 0xF2A1, 0xF240, 0xFA20, 0xFA00, 0xFA40, 0xFA40,
    0xFA60, 0xFA80, 0xFA80, 0xFA80, 0xFA40, 0xFAA0, 0xEA80, 0xFA60, 0xFA80, 0xFAA0, 0xFAA0, 0x6060,
    0x0025, 0x0006, 0x2900, 0xFB00, 0xFA40, 0xFA80, 0xFAA0, 0xFAA0, 0xFAA0, 0xFAE0, 0xA1C0, 0x71A0,
    0x7A01, 0x7A22, 0x71E1, 0xA281, 0xFB00, 0xFA80, 0xFAA0, 0xFAA0, 0xFAA0, 0xFAC0, 0xFAC0, 0x5080,
    0x0001, 0x0040, 0xCAC0, 0xFA60, 0xFAA0, 0xFAA0, 0xFAC0, 0xF280, 0xFAA0, 0xA120, 0x0003, 0x00AD,
    0x0069, 0x0004, 0x0004, 0x0024, 0x0004, 0x0004, 0x0004, 0x0024, 0x0003, 0x0000, 0x8A40, 0xFAA0,
    0xFA60, 0xF280, 0xEAC0, 0xFAC0, 0xFAC0, 0xFAA0, 0xFAC0, 0xFAA0, 0xFAE0, 0xFAE0, 0xFAC0, 0xFAC0,
    0xFAC0, 0xFAE0, 0xF2C0, 0xFAE0, 0xFB20, 0xFB20, 0xFB20, 0xF280, 0x2000, 0x0068, 0x0049, 0x1080,
    0xE2E0, 0xFAA0, 0xFAE0, 0xFAC0, 0xEAA0, 0xFAC0, 0xF2E0, 0xFAC0, 0xFAA0, 0xFAA0, 0xFAC0, 0xFAE0,
    0xFAA0, 0xFAC0, 0xF2E0, 0xFAE0, 0xFAE0, 0xFAC0, 0xFAE0, 0xFAC0, 0xFAC0, 0xFAA0, 0xFA80, 0xFAA0,
    0xFAC0, 0xFAA0, 0xFA80, 0xFA80, 0xFAA0, 0xFAA0, 0xFAC0, 0xF1E0, 0x2000, 0x0048, 0x0021, 0xBAC1,
    0xFAA0, 0xFAC0, 0xF2C0, 0xF2E0, 0xFAE0, 0xFB00, 0xD9C0, 0x0800, 0x0047, 0x0069, 0x0005, 0x0021,
    0xBB62, 0xFAE0, 0xFAE0, 0xF2C0, 0xE2C0, 0xFB00, 0xF2E0, 0xFA40, 0x3800, 0x0000, 0x3160, 0xF361,
    0xF280, 0xFAC0, 0xDA80, 0xE280, 0xFAC0, 0xE220, 0xC120, 0xD1C0, 0xC140, 0xE1A0, 0xD160, 0xB8E0,
    0x7860, 0xA8E0, 0xC160, 0xE1E0, 0xD140, 0x98A0, 0xD980, 0xD160, 0xD140, 0x0801, 0x0003, 0x0001,
    0x0022, 0x0004, 0x8AC2, 0xFB01, 0xFAC0, 0xFB00, 0xF2C0, 0xFA60, 0xF260, 0xFAE0, 0xC940, 0x0001,
    0x008A, 0x008A, 0x008B, 0x0047, 0x0000, 0x0000, 0x0000, 0x0000, 0x0000, 0x0000, 0x0000, 0x0000,
    0x0000, 0x0000, 0x0000, 0x0000, 0x0000, 0x0000, 0x0000, 0x0000, 0x0000, 0x0000, 0x0000, 0x0000,
    0x0000, 0x0000, 0x0000, 0x0000, 0x0000, 0x0000, 0x0000, 0x0000, 0x0000, 0x0000, 0x0000, 0x0000,
    0x0023, 0x010F, 0x3840, 0xF160, 0xF1C0, 0xE920, 0xD140, 0xF200, 0xFA00, 0xFA00, 0xE1C0, 0xE1A0,
    0xFA60, 0xF260, 0xB940, 0xE9E0, 0xFA20, 0xFA20, 0xF220, 0xFA00, 0xFA00, 0xF9E0, 0xFA00, 0xFA20,
    0xFA20, 0xFA20, 0xFA20, 0xFA00, 0xFA00, 0xF200, 0xF200, 0xFA20, 0xFA20, 0xFA60, 0xE180, 0x0800,
    0x0068, 0x0003, 0x9260, 0xFA40, 0xFA20, 0xFA60, 0xFA20, 0xFA20, 0xFA20, 0xFA20, 0xFA60, 0xFAA0,
    0xFAA0, 0xFA60, 0xFA40, 0xFA20, 0xFA40, 0xFA60, 0xFA60, 0xFA40, 0xFA40, 0xFA80, 0xD9C0, 0x0800,
    0x0002, 0x49A2, 0xFAE1, 0xFA00, 0xFA20, 0xFA20, 0xFA60, 0xFA60, 0xFA20, 0x3820, 0x0026, 0x00AC,
    0x00AC, 0x0026, 0x0025, 0x0025, 0x0025, 0x0025, 0x0025, 0x0026, 0x0002, 0x5160, 0xFAC0, 0xFA20,
    0xFA20, 0xEA20, 0xFA60, 0xFA60, 0xFA40, 0xFA60, 0xEA40, 0xE220, 0xE200, 0xE1E0, 0xE200, 0xE220,
    0xF240, 0xFA60, 0xFA80, 0xFAA0, 0xFA80, 0xF260, 0xFAA0, 0xA940, 0x0002, 0x008B, 0x0005, 0x61E1,
    0xFAE1, 0xF240, 0xFA40, 0xFA60, 0xF240, 0xFA60, 0xF260, 0xFA40, 0xFA60, 0xFA60, 0xFA60, 0xFA60,
    0xFA40, 0xFA60, 0xFA40, 0xFA40, 0xFA60, 0xFA60, 0xFAA0, 0xFA80, 0xFA60, 0xFA40, 0xFA40, 0xFA40,
    0xFA60, 0xFA40, 0xFA20, 0xFA40, 0xFA40, 0xF220, 0xFA40, 0xA0A0, 0x0002, 0x0006, 0x2921, 0xF2E1,
    0xFA00, 0xFA20, 0xF240, 0xFA60, 0xFA80, 0xFA80, 0x88A0, 0x0002, 0x0069, 0x008A, 0x0006, 0x3141,
    0xFB41, 0xFA40, 0xFA80, 0xFA80, 0xF260, 0xFA40, 0xFA60, 0xC140, 0x0000, 0x0820, 0xCA80, 0xFA80,
    0xFA60, 0xF260, 0xD240, 0xF200, 0xFA00, 0xFA21, 0xD940, 0xE1A0, 0xB920, 0xC100, 0xE140, 0xC0C0,
    0xA0A0, 0xB8C0, 0xE960, 0xFA80, 0xE9C0, 0xF9A0, 0xC920, 0xD960, 0xB0A0, 0x0000, 0x0003, 0x0002,
    0x0026, 0x0882, 0xDA42, 0xF180, 0xF240, 0xFA40, 0xEA20, 0xF220, 0xF200, 0xF9E0, 0x5840, 0x0005,
    0x006A, 0x0069, 0x008A, 0x0002, 0x0000, 0x0000, 0x0000, 0x0000, 0x0000, 0x0000, 0x0000, 0x0000,
    0x0000, 0x0000, 0x0000, 0x0000, 0x0000, 0x0000, 0x0000, 0x0000, 0x0000, 0x0000, 0x0000, 0x0000,
    0x0000, 0x0000, 0x0000, 0x0000, 0x0000, 0x0000, 0x0000, 0x0000, 0x0000, 0x0000, 0x0000, 0x0000,
    0x00AB, 0x0067, 0x9000, 0xE801, 0xF041, 0xC000, 0xD861, 0xE841, 0xF801, 0xF001, 0xD020, 0xF000,
    0xF820, 0xF821, 0xF021, 0xF821, 0xF001, 0xF001, 0xF001, 0xF821, 0xF821, 0xF821, 0xF821, 0xF821,
    0xF821, 0xF821, 0xF801, 0xF801, 0xF821, 0xF821, 0xF841, 0xF021, 0xF021, 0xF821, 0x7800, 0x0023,
    0x0007, 0x1081, 0xE942, 0xF801, 0xF841, 0xF861, 0xF841, 0xF841, 0xF841, 0xE841, 0xE820, 0xF841,
    0xF041, 0xF021, 0xF041, 0xF061, 0xF861, 0xF861, 0xF861, 0xF841, 0xF061, 0xF881, 0x7800, 0x0001,
    0x0001, 0xA962, 0xF841, 0xF001, 0xF001, 0xF001, 0xF021, 0xF841, 0xC821, 0x0000, 0x0069, 0x008A,
    0x00AD, 0x0068, 0x0023, 0x0002, 0x0002, 0x0002, 0x0047, 0x0047, 0x2040, 0xE8A2, 0xF801, 0xF821,
    0xE001, 0xE021, 0xF821, 0xF021, 0xF821, 0xB021, 0x1000, 0x1000, 0x0800, 0x0800, 0x0800, 0x1060,
    0xD943, 0xF821, 0xF821, 0xF061, 0xF861, 0xF841, 0xF821, 0x4000, 0x0025, 0x008C, 0x0022, 0xB8C2,
    0xF821, 0xF021, 0xF821, 0xF021, 0xF021, 0xF821, 0xF821, 0xF821, 0xF821, 0xF821, 0xF841, 0xF841,
    0xF821, 0xF821, 0xF801, 0xF801, 0xF821, 0xF821, 0xF041, 0xF042, 0xF821, 0xF821, 0xF821, 0xF841,
    0xF821, 0xF841, 0xF841, 0xF841, 0xF841, 0xF841, 0xF822, 0x3800, 0x0004, 0x0001, 0x7921, 0xF8A2,
    0xF041, 0xF821, 0xF821, 0xF821, 0xF821, 0xF841, 0x3000, 0x0046, 0x0069, 0x0069, 0x0002, 0x8901,
    0xF841, 0xF040, 0xF860, 0xF081, 0xF061, 0xF041, 0xF841, 0x6800, 0x0000, 0x88C1, 0xF840, 0xF040,
    0xF881, 0xF0E1, 0xF0A1, 0xE820, 0xF801, 0xB801, 0x1000, 0x0800, 0x0800, 0x0800, 0x1000, 0x0800,
    0x48E2, 0xD060, 0xF020, 0xF821, 0xE021, 0xE020, 0xF800, 0xC020, 0x8800, 0x0001, 0x0004, 0x0026,
    0x0026, 0x50C0, 0xF862, 0xF021, 0xF821, 0xE841, 0xF821, 0xF821, 0xF821, 0xD800, 0x0000, 0x0047,
    0x0049, 0x006A, 0x0068, 0x0000, 0x0000, 0x0000, 0x0000, 0x0000, 0x0000, 0x0000, 0x0000, 0x0000,
    0x0000, 0x0000, 0x0800, 0x0000, 0x0000, 0x0000, 0x0000, 0x0000, 0x0000, 0x0000, 0x0000, 0x0000,
    0x0000, 0x0000, 0x0000, 0x0000, 0x0000, 0x0000, 0x0000, 0x0000, 0x0000, 0x0000, 0x0000, 0x0001,
    0x00ED, 0x1800, 0xD800, 0xF001, 0xE001, 0xB020, 0xF021, 0xF800, 0xF001, 0xF001, 0xE821, 0xF800,
    0xF801, 0xF021, 0xF821, 0xF801, 0xF801, 0xF821, 0xF801, 0xF821, 0xF821, 0xF001, 0xF801, 0xF801,
    0xF801, 0xF801, 0xF821, 0xF821, 0xF841, 0xF841, 0xF841, 0xF821, 0xF821, 0xF001, 0x1800, 0x0047,
    0x0004, 0x6942, 0xF862, 0xF021, 0xF841, 0xF821, 0xF841, 0xF861, 0xF882, 0xD821, 0xE800, 0xF000,
    0xF821, 0xF861, 0xF881, 0xF861, 0xF861, 0xF861, 0xF841, 0xF841, 0xF861, 0xF041, 0x1800, 0x0002,
    0x1881, 0xF0A2, 0xF801, 0xF801, 0xF801, 0xF821, 0xF021, 0xF822, 0x6800, 0x0024, 0x008B, 0x008B,
    0x008B, 0x0001, 0x0000, 0x0000, 0x0000, 0x0000, 0x00EF, 0x0042, 0xB8A2, 0xF801, 0xF001, 0xF001,
    0xE801, 0xF821, 0xF021, 0xF821, 0xE001, 0x1000, 0x0003, 0x0004, 0x0003, 0x0002, 0x0001, 0x4901,
    0xF882, 0xF001, 0xF841, 0xF821, 0xF041, 0xF842, 0xD021, 0x0000, 0x0048, 0x0048, 0x3061, 0xF842,
    0xF001, 0xF001, 0xF801, 0xF001, 0xF021, 0xF821, 0xF821, 0xF821, 0xF841, 0xF821, 0xF821, 0xF021,
    0xF821, 0xF821, 0xF821, 0xF821, 0xF821, 0xF821, 0xF821, 0xF821, 0xF822, 0xF021, 0xF021, 0xF821,
    0xF842, 0xF841, 0xF841, 0xF841, 0xF821, 0xF842, 0xC821, 0x0000, 0x0005, 0x0040, 0xD103, 0xF801,
    0xF041, 0xF841, 0xF821, 0xF021, 0xF842, 0xC001, 0x0022, 0x006A, 0x0068, 0x0026, 0x0840, 0xD8E2,
    0xF801, 0xF881, 0xF881, 0xF061, 0xF841, 0xF861, 0xE821, 0x0800, 0x3880, 0xF901, 0xF020, 0xF820,
    0xF840, 0xF061, 0xF081, 0xF020, 0xD800, 0x1800, 0x0003, 0x0003, 0x0003, 0x0003, 0x0002, 0x0000,
    0x78C2, 0xE041, 0xE800, 0xE801, 0xF001, 0xF021, 0xE001, 0xD800, 0x8800, 0x0001, 0x0003, 0x0027,
    0x0084, 0xC921, 0xF821, 0xF841, 0xF801, 0xD021, 0xD000, 0xD801, 0xE021, 0x3000, 0x0840, 0x0025,
    0x0047, 0x0069, 0x0023, 0x0000, 0x0000, 0x0000, 0x0000, 0x0000, 0x0000, 0x0000, 0x0000, 0x0000,
    0x0000, 0x3960, 0x41A0, 0x0000, 0x1020, 0x0000, 0x0000, 0x0000, 0x0000, 0x0000, 0x0000, 0x0000,
    0x0000, 0x0000, 0x0000, 0x0000, 0x0000, 0x0000, 0x0000, 0x0000, 0x0000, 0x0000, 0x0000, 0x0088,
    0x0089, 0x8800, 0xF001, 0xE001, 0xE801, 0xE041, 0xE021, 0xE801, 0xE801, 0xE041, 0xF021, 0xF001,
    0xE821, 0xF021, 0xF821, 0xF821, 0xF821, 0xF841, 0xF841, 0xF821, 0xF821, 0xF021, 0xF821, 0xF821,
    0xF821, 0xF841, 0xF841, 0xF841, 0xF821, 0xF821, 0xF821, 0xF021, 0xF841, 0xA800, 0x0001, 0x0027,
    0x0041, 0xC923, 0xF801, 0xF021, 0xF821, 0xF821, 0xF821, 0xF841, 0xF841, 0xE821, 0xE801, 0xE801,
    0xF821, 0xF841, 0xF841, 0xF821, 0xF821, 0xF821, 0xF821, 0xF041, 0xF821, 0x9800, 0x0001, 0x0001,
    0x68C1, 0xF822, 0xF001, 0xF801, 0xF821, 0xF021, 0xF821, 0xE801, 0x1800, 0x0068, 0x008A, 0x008B,
    0x0047, 0x0000, 0x0000, 0x0000, 0x0000, 0x00EF, 0x0046, 0x80A0, 0xF822, 0xF001, 0xF801, 0xE801,
    0xF001, 0xF001, 0xF021, 0xF822, 0x4000, 0x0002, 0x0047, 0x0004, 0x0003, 0x0004, 0x0000, 0xA943,
    0xF801, 0xF021, 0xF821, 0xF821, 0xF021, 0xF842, 0x7800, 0x0024, 0x006A, 0x0003, 0x88A1, 0xF822,
    0xF001, 0xF801, 0xF821, 0xF021, 0xF821, 0xF821, 0xF821, 0xF841, 0xF821, 0xF821, 0xF821, 0xF821,
    0xF821, 0xF821, 0xF821, 0xF821, 0xF822, 0xF842, 0xF842, 0xF822, 0xF821, 0xF821, 0xF821, 0xF842,
    0xF842, 0xF841, 0xF841, 0xF841, 0xF042, 0xF842, 0x7000, 0x0024, 0x0006, 0x4902, 0xF8A2, 0xF001,
    0xF821, 0xF801, 0xF821, 0xF841, 0xF842, 0x5800, 0x0045, 0x0069, 0x0069, 0x0003, 0x5121, 0xF8A2,
    0xF021, 0xF841, 0xF061, 0xF061, 0xF041, 0xF861, 0x9000, 0x0000, 0xC881, 0xF060, 0xF861, 0xF840,
    0xF821, 0xF021, 0xE820, 0xF021, 0x6000, 0x0001, 0x0026, 0x0004, 0x0003, 0x0003, 0x0003, 0x0001,
    0x9861, 0xE801, 0xD800, 0xE801, 0xD001, 0xF021, 0xF821, 0xF820, 0x8800, 0x0002, 0x0024, 0x0006,
    0x1020, 0x9041, 0x6000, 0x4000, 0x2000, 0x1800, 0x1040, 0x0800, 0x1000, 0x4A40, 0x49C0, 0x0000,
    0x1020, 0x0025, 0x0000, 0x0000, 0x0000, 0x0000, 0x0000, 0x0000, 0x0000, 0x0000, 0x0000, 0x1060,
    0x3980, 0xDDE0, 0x72C0, 0x39C0, 0x5220, 0x0000, 0x0000, 0x0000, 0x0000, 0x0000, 0x0000, 0x0000,
    0x0000, 0x0000, 0x0000, 0x0000, 0x0000, 0x0000, 0x0000, 0x0000, 0x0000, 0x0000, 0x0000, 0x010F,
    0x1022, 0xD801, 0xE801, 0xF001, 0xD001, 0xE801, 0xD000, 0xF001, 0xF821, 0xF021, 0xF821, 0xF001,
    0xE001, 0xF021, 0xF821, 0xF001, 0xF021, 0xF021, 0xF021, 0xF021, 0xF001, 0xF021, 0xF001, 0xF001,
    0xF021, 0xF021, 0xF021, 0xF021, 0xF001, 0xF001, 0xF021, 0xF021, 0xF862, 0x4800, 0x0046, 0x0004,
    0x40E1, 0xF8A3, 0xF001, 0xF001, 0xF001, 0xF001, 0xF001, 0xF001, 0xE801, 0xF001, 0xF801, 0xF021,
    0xF021, 0xF021, 0xF001, 0xF001, 0xF001, 0xF001, 0xF001, 0xF022, 0xF822, 0x3800, 0x0002, 0x0021,
    0xC8E2, 0xF801, 0xF001, 0xF001, 0xF021, 0xF021, 0xF822, 0x9800, 0x0002, 0x006A, 0x008A, 0x008A,
    0x0002, 0x0000, 0x0000, 0x0000, 0x00AB, 0x008B, 0x48A0, 0xF883, 0xE801, 0xF001, 0xF001, 0xF021,
    0xF821, 0xF021, 0xF822, 0x8000, 0x0001, 0x0027, 0x0047, 0x0025, 0x0004, 0x0004, 0x20A1, 0xE8E3,
    0xF801, 0xF021, 0xF001, 0xF001, 0xF821, 0xF001, 0x1800, 0x0048, 0x0048, 0x0820, 0xD862, 0xF801,
    0xF021, 0xF821, 0xF021, 0xE821, 0xF001, 0xF021, 0xF021, 0xF021, 0xF021, 0xF001, 0xF001, 0xF001,
    0xF001, 0xF001, 0xF021, 0xF021, 0xF022, 0xF042, 0xF022, 0xF021, 0xF021, 0xF021, 0xF021, 0xF021,
    0xF041, 0xF021, 0xF021, 0xF021, 0xF842, 0xF022, 0x1800, 0x0026, 0x0022, 0xA143, 0xF802, 0xF001,
    0xF001, 0xF021, 0xF021, 0xF821, 0xE021, 0x0800, 0x0048, 0x0069, 0x0048, 0x0022, 0xB1C3, 0xF801,
    0xF021, 0xF021, 0xF041, 0xF041, 0xF041, 0xF821, 0x2800, 0x8000, 0xF801, 0xD820, 0xE841, 0xE820,
    0xF000, 0xE821, 0xF021, 0x7000, 0x0021, 0x0047, 0x0047, 0x0024, 0x0023, 0x0024, 0x0004, 0x0020,
    0xB081, 0xF000, 0xD821, 0xF021, 0xE001, 0xF821, 0xC801, 0x6800, 0x2000, 0x0000, 0x0001, 0x0020,
    0x20E0, 0x39C0, 0x6B20, 0x8C00, 0xACC0, 0xAC80, 0xAC60, 0x7B40, 0x3140, 0xDDC0, 0x8BA0, 0x6280,
    0x49E0, 0x0001, 0x0000, 0x0000, 0x0000, 0x0800, 0x0000, 0x0000, 0x0000, 0x0000, 0x0000, 0x8360,
    0xEE20, 0xFEC0, 0xA440, 0xC540, 0x28E0, 0x0000, 0x0000, 0x0000, 0x0000, 0x0000, 0x0000, 0x0000,
    0x0000, 0x0000, 0x0000, 0x0000, 0x0000, 0x0000, 0x0000, 0x0000, 0x0000, 0x0000, 0x0066, 0x00CB,
    0x7000, 0xF822, 0xE801, 0xC000, 0xD000, 0xF001, 0xE001, 0xD821, 0xF862, 0xF801, 0xF821, 0xE001,
    0xE001, 0xF801, 0xF821, 0xF821, 0xF821, 0xF821, 0xF801, 0xF821, 0xF822, 0xF822, 0xF821, 0xF841,
    0xF821, 0xF801, 0xF801, 0xF821, 0xF801, 0xF821, 0xF801, 0xF821, 0xB801, 0x0001, 0x006A, 0x0022,
    0xA923, 0xF801, 0xF801, 0xF821, 0xF821, 0xF801, 0xF801, 0xF821, 0xF821, 0xF821, 0xF821, 0xF821,
    0xF821, 0xF801, 0xF801, 0xF821, 0xF822, 0xF822, 0xF821, 0xF822, 0xC821, 0x0001, 0x0003, 0x48E1,
    0xF882, 0xF801, 0xF801, 0xF821, 0xF821, 0xF821, 0xF822, 0x3800, 0x0046, 0x0069, 0x006A, 0x0068,
    0x0000, 0x0000, 0x0000, 0x0087, 0x00EE, 0x2860, 0xF103, 0xF801, 0xF801, 0xF801, 0xF801, 0xF801,
    0xF821, 0xF822, 0xB800, 0x0000, 0x0047, 0x0048, 0x0047, 0x0047, 0x0025, 0x0002, 0x8102, 0xF822,
    0xF801, 0xF822, 0xF821, 0xF822, 0xF822, 0xA800, 0x0001, 0x0047, 0x0002, 0x68E2, 0xF862, 0xF801,
    0xF801, 0xF821, 0xF821, 0xF822, 0xF821, 0xF821, 0xF821, 0xF821, 0xF821, 0xF821, 0xF822, 0xF821,
    0xF821, 0xF822, 0xF822, 0xF822, 0xF822, 0xF822, 0xF822, 0xF821, 0xF821, 0xF822, 0xF821, 0xF821,
    0xF821, 0xF822, 0xF821, 0xF841, 0xF842, 0xA800, 0x0001, 0x0005, 0x2080, 0xF8A2, 0xF801, 0xF821,
    0xF821, 0xF821, 0xF821, 0xF801, 0x8000, 0x0002, 0x0068, 0x0069, 0x0027, 0x3122, 0xF943, 0xF801,
    0xF841, 0xF841, 0xF821, 0xF821, 0xF841, 0xC021, 0x5820, 0xF821, 0xF821, 0xD820, 0xC020, 0xE800,
    0xF820, 0xF821, 0xD801, 0x1000, 0x0002, 0x0003, 0x0002, 0x0000, 0x0000, 0x0000, 0x0001, 0x0000,
    0x8000, 0xD000, 0xF821, 0xF821, 0xE800, 0x9800, 0x1000, 0x4240, 0x9C20, 0xAC40, 0xB480, 0xDDC0,
    0xFE60, 0xFE80, 0xFEC0, 0xFEE0, 0xFEA0, 0xFEA0, 0x9BE0, 0x6280, 0xAC40, 0xFE80, 0xD520, 0xCD60,
    0x28E0, 0x0000, 0x0000, 0x0000, 0x41A0, 0x1040, 0x0000, 0x0000, 0x0000, 0x0000, 0x3120, 0xFE60,
    0xFE60, 0xF600, 0xFE80, 0xB480, 0x0800, 0x3000, 0x0000, 0x0000, 0x0000, 0x0000, 0x0000, 0x0000,
    0x0000, 0x0000, 0x0000, 0x0000, 0x0000, 0x0000, 0x0000, 0x0000, 0x0000, 0x0000, 0x00CD, 0x0024,
    0xB000, 0xF001, 0xE801, 0xD001, 0xF001, 0xE001, 0xE001, 0xE801, 0xE000, 0xF821, 0xF821, 0xE001,
    0xF821, 0xD801, 0xD001, 0xD801, 0xD021, 0xD001, 0xD001, 0xD001, 0xD022, 0xD821, 0xD001, 0xD001,
    0xD001, 0xC801, 0xC801, 0xD001, 0xD821, 0xD821, 0xD801, 0xA800, 0x0800, 0x0045, 0x0027, 0x0000,
    0x9841, 0xC800, 0xB800, 0xC001, 0xC001, 0xC001, 0xC001, 0xC001, 0xB801, 0xB800, 0xC000, 0xB801,
    0xC001, 0xC000, 0xC000, 0xC001, 0xC001, 0xC001, 0xC001, 0xA001, 0x1800, 0x0003, 0x0002, 0x8081,
    0xC801, 0xB800, 0xC000, 0xC001, 0xC021, 0xC821, 0xA000, 0x0000, 0x0069, 0x0069, 0x008B, 0x0024,
    0x0000, 0x0000, 0x0000, 0x0045, 0x0000, 0x8840, 0xC801, 0xC001, 0xB801, 0xC000, 0xB800, 0xB801,
    0xB800, 0xB800, 0x1800, 0x0024, 0x0069, 0x0068, 0x0069, 0x0047, 0x0023, 0x0021, 0x9861, 0xC001,
    0xB000, 0xB800, 0xC021, 0xB821, 0xC021, 0x3800, 0x0003, 0x0047, 0x0001, 0x5840, 0xC821, 0xC000,
    0xB800, 0xA801, 0xB821, 0xC021, 0xC001, 0xC000, 0xC001, 0xC001, 0xC001, 0xC001, 0xC001, 0xC001,
    0xC001, 0xC001, 0xC001, 0xC001, 0xC001, 0xC001, 0xC001, 0xC001, 0xC001, 0xC001, 0xC001, 0xC001,
    0xC001, 0xC001, 0xC001, 0xC000, 0xB000, 0x2000, 0x0024, 0x0002, 0x4040, 0xC801, 0xC000, 0xB801,
    0xB801, 0xB801, 0xA801, 0xB800, 0x2800, 0x0068, 0x008B, 0x0089, 0x0002, 0x3820, 0x9801, 0x7000,
    0x6000, 0x6000, 0x7800, 0xA000, 0xA801, 0x4820, 0x8820, 0xC000, 0xC000, 0xA000, 0xA000, 0xA020,
    0xB000, 0x6800, 0x1800, 0x20E0, 0x3980, 0x5220, 0x7B40, 0x9BE0, 0xAC40, 0xA420, 0x93A0, 0x7B00,
    0x2120, 0x2800, 0xB800, 0xA800, 0x2800, 0x31A0, 0xB4C0, 0xFEE0, 0xFEC0, 0xFEC0, 0xFEC0, 0xFEA0,
    0xFE60, 0xFE40, 0xFE20, 0xF5E0, 0xF600, 0xC520, 0x5200, 0xBCE0, 0xFE80, 0xF620, 0xFE20, 0xE5A0,
    0x20A0, 0x1800, 0x0000, 0x4180, 0xD5E0, 0x41A0, 0x5240, 0x1040, 0x0000, 0x0000, 0x9C00, 0xFEC0,
    0xFE40, 0xFE40, 0xFE60, 0x6AE0, 0x2000, 0x5000, 0x1800, 0x0000, 0x0000, 0x0000, 0x0000, 0x0000,
    0x0000, 0x0000, 0x0000, 0x0000, 0x0000, 0x0000, 0x0000, 0x0000, 0x0000, 0x0023, 0x00CC, 0x4800,
    0xE801, 0xF001, 0xE801, 0xE821, 0xF801, 0xF801, 0xE001, 0xC800, 0xE001, 0xF801, 0xF801, 0xB000,
    0x4800, 0x0000, 0x0800, 0x0000, 0x0000, 0x0000, 0x0000, 0x0000, 0x0000, 0x0000, 0x0000, 0x0000,
    0x0000, 0x0000, 0x0000, 0x0000, 0x0000, 0x0000, 0x0000, 0x0000, 0x0046, 0x00AC, 0x008A, 0x0004,
    0x0000, 0x0000, 0x0000, 0x0000, 0x0000, 0x0000, 0x0000, 0x0000, 0x0000, 0x0000, 0x0000, 0x0000,
    0x0000, 0x0000, 0x0000, 0x0000, 0x0000, 0x0000, 0x0000, 0x0000, 0x0045, 0x0048, 0x0001, 0x0000,
    0x0000, 0x0000, 0x0000, 0x0000, 0x0000, 0x0000, 0x0000, 0x0046, 0x00AC, 0x008A, 0x0069, 0x0000,
    0x0000, 0x0000, 0x0000, 0x0000, 0x0000, 0x0001, 0x0021, 0x0021, 0x0000, 0x0000, 0x0000, 0x0000,
    0x0000, 0x0000, 0x0023, 0x0069, 0x0069, 0x0069, 0x006A, 0x0023, 0x0000, 0x0000, 0x0000, 0x0000,
    0x0000, 0x0000, 0x0000, 0x0000, 0x0000, 0x0001, 0x0068, 0x0048, 0x0025, 0x0000, 0x0000, 0x0000,
    0x0000, 0x0000, 0x0000, 0x0000, 0x0000, 0x0000, 0x0000, 0x0000, 0x0000, 0x0000, 0x0000, 0x0000,
    0x0000, 0x0000, 0x0000, 0x0000, 0x0000, 0x0000, 0x0000, 0x0000, 0x0000, 0x0000, 0x0000, 0x0000,
    0x0000, 0x0000, 0x0000, 0x0000, 0x0000, 0x0025, 0x0048, 0x0025, 0x0001, 0x0000, 0x0000, 0x0000,
    0x0000, 0x0000, 0x0020, 0x0000, 0x0002, 0x006A, 0x0007, 0x0003, 0x0840, 0x3960, 0x41E0, 0x31C0,
    0x3A00, 0x4200, 0x31A0, 0x2940, 0x0040, 0x0000, 0x0000, 0x0000, 0x0000, 0x0000, 0x0000, 0x0000,
    0x0060, 0x4A60, 0xB4C0, 0xEDE0, 0xFE60, 0xFEE0, 0xFEE0, 0xFEC0, 0xFEA0, 0xFEA0, 0xFE20, 0xFE20,
    0xFE60, 0x49E0, 0x0000, 0x0000, 0x0040, 0xDDA0, 0xFF20, 0xFE20, 0xFE40, 0xFE40, 0xFE60, 0xFE60,
    0xFE40, 0xFE40, 0xFE20, 0xFE20, 0xFEA0, 0x9BE0, 0x18A0, 0xDD60, 0xFEA0, 0xFE40, 0xFE60, 0xCD40,
    0x2040, 0x2000, 0x4A20, 0xE5C0, 0xFEA0, 0xD540, 0xA460, 0x0000, 0x0000, 0x2900, 0xF640, 0xFE60,
    0xFE40, 0xFE40, 0xE5C0, 0x20E0, 0x4000, 0x6800, 0x4000, 0x0000, 0x0000, 0x0000, 0x0000, 0x0000,
    0x0000, 0x0000, 0x0000, 0x0000, 0x0000, 0x0000, 0x0000, 0x0000, 0x0000, 0x00AB, 0x0045, 0xA800,
    0xF001, 0xF001, 0xE801, 0xF021, 0xF001, 0xF801, 0xD801, 0xE001, 0xF822, 0xF801, 0x8000, 0x0801,
    0x0024, 0x0024, 0x0003, 0x0024, 0x0024, 0x0024, 0x0025, 0x0025, 0x0025, 0x0025, 0x0025, 0x0025,
    0x0025, 0x0025, 0x0025, 0x0025, 0x0025, 0x0025, 0x0025, 0x0025, 0x008B, 0x008C, 0x008B, 0x0025,
    0x0025, 0x0026, 0x0025, 0x0024, 0x0024, 0x0024, 0x0024, 0x0024, 0x0024, 0x0024, 0x0024, 0x0025,
    0x0025, 0x0024, 0x0024, 0x0024, 0x0024, 0x0024, 0x0024, 0x0004, 0x0068, 0x0048, 0x0026, 0x0046,
    0x0046, 0x0025, 0x0004, 0x0004, 0x0024, 0x0024, 0x0003, 0x0048, 0x008C, 0x008C, 0x0046, 0x0000,
    0x0000, 0x0000, 0x0000, 0x0001, 0x008A, 0x0069, 0x0047, 0x0025, 0x0024, 0x0024, 0x0025, 0x0025,
    0x0024, 0x0004, 0x0068, 0x008B, 0x006A, 0x008A, 0x0045, 0x0000, 0x0000, 0x0002, 0x0047, 0x0026,
    0x0025, 0x0004, 0x0003, 0x0003, 0x0024, 0x0046, 0x008B, 0x008A, 0x0047, 0x0002, 0x0004, 0x0024,
    0x0025, 0x0046, 0x0026, 0x0025, 0x0025, 0x0025, 0x0025, 0x0025, 0x0025, 0x0025, 0x0025, 0x0024,
    0x0024, 0x0024, 0x0025, 0x0025, 0x0025, 0x0025, 0x0024, 0x0024, 0x0025, 0x0025, 0x0024, 0x0024,
    0x0025, 0x0025, 0x0024, 0x0024, 0x0024, 0x008B, 0x006A, 0x0026, 0x0024, 0x0026, 0x0004, 0x0023,
    0x0002, 0x3160, 0x5240, 0x0000, 0x0821, 0x0022, 0x2900, 0x6280, 0xDD80, 0xFEA0, 0xFEC0, 0xFEC0,
    0xFEC0, 0xFEC0, 0xFE80, 0xFE60, 0xE5E0, 0x8340, 0x0000, 0x0002, 0x0024, 0x0024, 0x0001, 0x6AA0,
    0xEE20, 0xFEE0, 0xFEA0, 0xFE60, 0xFE60, 0xFE20, 0xFE40, 0xFE60, 0xFE20, 0xFE00, 0xFDE0, 0xF5C0,
    0xFE00, 0xEDC0, 0x3960, 0x0820, 0xAC60, 0xFE80, 0xFE40, 0xFE40, 0xFE60, 0xFE80, 0xFE80, 0xFE60,
    0xFE40, 0xFE60, 0xFEA0, 0xFEA0, 0xFE80, 0x83A0, 0x49E0, 0xFE60, 0xFE60, 0xFE60, 0xFEA0, 0xB4A0,
    0x0800, 0x1840, 0xE5C0, 0xFEC0, 0xF620, 0xFEA0, 0xA400, 0x1000, 0x0000, 0x8B80, 0xFEC0, 0xFE40,
    0xFE40, 0xFE60, 0x9400, 0x0800, 0x5000, 0x5000, 0x2800, 0x0000, 0x0000, 0x0000, 0x0000, 0x0000,
    0x0000, 0x0000, 0x0000, 0x0000, 0x0000, 0x0000, 0x0000, 0x0000, 0x0002, 0x00CD, 0x3020, 0xF022,
    0xE801, 0xF001, 0xF001, 0xF002, 0xF001, 0xE801, 0xF801, 0xF801, 0xC000, 0x3000, 0x0044, 0x0047,
    0x0025, 0x0003, 0x0004, 0x0024, 0x0025, 0x0025, 0x0025, 0x0025, 0x0025, 0x0025, 0x0025, 0x0025,
    0x0025, 0x0025, 0x0025, 0x0025, 0x0026, 0x0046, 0x0046, 0x0026, 0x0069, 0x00AD, 0x00AD, 0x0024,
    0x0001, 0x0025, 0x0004, 0x0025, 0x0025, 0x0025, 0x0025, 0x0025, 0x0025, 0x0025, 0x0025, 0x0025,
    0x0025, 0x0025, 0x0024, 0x0025, 0x0025, 0x0025, 0x0025, 0x0024, 0x0047, 0x008B, 0x0026, 0x0024,
    0x0026, 0x0025, 0x0025, 0x0025, 0x0025, 0x0025, 0x0024, 0x0025, 0x00AC, 0x008B, 0x0001, 0x0000,
    0x0000, 0x0000, 0x0000, 0x0000, 0x0068, 0x006A, 0x0047, 0x0025, 0x0025, 0x0025, 0x0025, 0x0025,
    0x0025, 0x0024, 0x0026, 0x008C, 0x008C, 0x0068, 0x0000, 0x0000, 0x0000, 0x0000, 0x0046, 0x0026,
    0x0025, 0x0004, 0x0024, 0x0005, 0x0025, 0x0025, 0x006A, 0x008C, 0x0023, 0x0000, 0x0026, 0x0046,
    0x0026, 0x0026, 0x0026, 0x0025, 0x0025, 0x0025, 0x0026, 0x0026, 0x0025, 0x0025, 0x0025, 0x0025,
    0x0025, 0x0025, 0x0046, 0x0005, 0x0003, 0x0003, 0x0025, 0x0026, 0x0025, 0x0025, 0x0025, 0x0025,
    0x0025, 0x0025, 0x0024, 0x0001, 0x0801, 0x0003, 0x0026, 0x0046, 0x0000, 0x0026, 0x0005, 0x0001,
    0x0840, 0xCD80, 0x93C0, 0x41A0, 0x5A60, 0x0000, 0x8340, 0xFEE0, 0xFE80, 0xFE60, 0xFE60, 0xFE40,
    0xFE40, 0xFE20, 0xFE20, 0xFE40, 0xFE40, 0xFE40, 0xBCA0, 0x0840, 0x0004, 0x0001, 0x18A0, 0xBCC0,
    0xFEA0, 0xFE20, 0xFE60, 0xFE60, 0xFE60, 0xFE60, 0xFE60, 0xFE40, 0xF600, 0xFE20, 0xFE20, 0xFE20,
    0xFE40, 0xFEA0, 0x8360, 0x0000, 0xA420, 0xFEC0, 0xFE40, 0xFE60, 0xFE60, 0xFE60, 0xFEA0, 0xFEE0,
    0xFEE0, 0xF640, 0xB4A0, 0x5A60, 0x20E0, 0x0000, 0x6280, 0xFEC0, 0xFE40, 0xFE40, 0xFEE0, 0x8360,
    0x0000, 0x6280, 0xFEE0, 0xFE40, 0xF640, 0xFE80, 0x8B80, 0x0000, 0x28E0, 0xEE00, 0xFE60, 0xFE40,
    0xFE60, 0xF640, 0x2940, 0x3000, 0x4800, 0x5000, 0x1000, 0x0000, 0x0000, 0x0000, 0x0000, 0x0000,
    0x0000, 0x0000, 0x0000, 0x0000, 0x0000, 0x0000, 0x0000, 0x0000, 0x0089, 0x0067, 0x9840, 0xF802,
    0xF001, 0xF002, 0xF002, 0xF002, 0xE801, 0xF821, 0xE801, 0x6800, 0x0022, 0x0087, 0x0046, 0x0004,
    0x0004, 0x0004, 0x0024, 0x0025, 0x0025, 0x0025, 0x0026, 0x0026, 0x0025, 0x0026, 0x0026, 0x0046,
    0x0046, 0x0047, 0x0047, 0x0047, 0x0047, 0x0047, 0x0047, 0x0026, 0x0026, 0x00AE, 0x00AC, 0x0000,
    0x0000, 0x0025, 0x0027, 0x0046, 0x0026, 0x0026, 0x0047, 0x0047, 0x0046, 0x0046, 0x0026, 0x0026,
    0x0026, 0x0026, 0x0026, 0x0026, 0x0026, 0x0026, 0x0025, 0x0025, 0x0026, 0x00AD, 0x0044, 0x0002,
    0x0048, 0x0046, 0x0047, 0x0046, 0x0046, 0x0026, 0x0026, 0x0025, 0x00AD, 0x008A, 0x0000, 0x0000,
    0x0000, 0x0000, 0x0000, 0x0000, 0x0002, 0x006A, 0x0047, 0x0026, 0x0047, 0x0047, 0x0026, 0x0026,
    0x0026, 0x0046, 0x0026, 0x008B, 0x00AD, 0x0001, 0x0000, 0x0000, 0x0000, 0x0000, 0x0024, 0x0027,
    0x0026, 0x0046, 0x0026, 0x0026, 0x0026, 0x0026, 0x0048, 0x008A, 0x0000, 0x0000, 0x0026, 0x0048,
    0x0047, 0x0047, 0x0047, 0x0047, 0x0047, 0x0047, 0x0047, 0x0047, 0x0046, 0x0026, 0x0026, 0x0046,
    0x0046, 0x0047, 0x0004, 0x1060, 0x3140, 0x18A0, 0x0001, 0x0003, 0x0026, 0x0026, 0x0026, 0x0046,
    0x0047, 0x0024, 0x0001, 0x5220, 0x1060, 0x41C0, 0x1060, 0x0000, 0x0000, 0x0025, 0x0004, 0x41A0,
    0xBCC0, 0xFEA0, 0xC4C0, 0xD560, 0x49E0, 0x5200, 0xCD60, 0xF640, 0xFE40, 0xFE60, 0xFE60, 0xFE60,
    0xFE40, 0xFE40, 0xFE40, 0xFE40, 0xFE20, 0xF5C0, 0xFEA0, 0x8B80, 0x0001, 0x2900, 0xC500, 0xFE80,
    0xFE20, 0xFE20, 0xFE40, 0xFE60, 0xFE60, 0xFE80, 0xFEA0, 0xFEC0, 0xFE60, 0xFE00, 0xFE00, 0xFE60,
    0xFE40, 0xFEA0, 0xC520, 0x0000, 0x93A0, 0xFEE0, 0xFE40, 0xFE60, 0xFE40, 0xFE80, 0xEE00, 0xA460,
    0x5A80, 0x20C0, 0x0800, 0x1800, 0x3800, 0x0000, 0x9C20, 0xFEC0, 0xFE40, 0xFE60, 0xFEC0, 0x41C0,
    0x0000, 0xD580, 0xFEA0, 0xFE40, 0xFE40, 0xFEC0, 0x6AE0, 0x0000, 0x93C0, 0xFEC0, 0xFE40, 0xFE40,
    0xFEC0, 0xA460, 0x0800, 0x5000, 0x5000, 0x4000, 0x0000, 0x0000, 0x0000, 0x0000, 0x0000, 0x0000,
    0x0000, 0x0000, 0x0000, 0x0000, 0x0000, 0x0000, 0x0000, 0x0000, 0x00CE, 0x1801, 0xE822, 0xF001,
    0xF001, 0xF802, 0xF001, 0xF802, 0xF801, 0xA000, 0x1800, 0x0045, 0x0068, 0x0005, 0x0003, 0x0004,
    0x0024, 0x0025, 0x0025, 0x0025, 0x0025, 0x0025, 0x0025, 0x0025, 0x0025, 0x0026, 0x0046, 0x0046,
    0x0047, 0x0047, 0x0047, 0x0047, 0x0046, 0x0046, 0x0046, 0x0047, 0x0046, 0x008A, 0x0023, 0x0000,
    0x0000, 0x0024, 0x0047, 0x0026, 0x0046, 0x0047, 0x0047, 0x0047, 0x0046, 0x0046, 0x0046, 0x0046,
    0x0046, 0x0046, 0x0046, 0x0026, 0x0025, 0x0025, 0x0025, 0x0025, 0x0026, 0x0047, 0x0000, 0x0001,
    0x0068, 0x0047, 0x0046, 0x0046, 0x0046, 0x0046, 0x0046, 0x0047, 0x0069, 0x0024, 0x0000, 0x0000,
    0x0000, 0x0000, 0x0000, 0x0000, 0x0000, 0x0047, 0x0069, 0x0047, 0x0047, 0x0047, 0x0046, 0x0046,
    0x0046, 0x0046, 0x0046, 0x0069, 0x0045, 0x0000, 0x0000, 0x0000, 0x0000, 0x0000, 0x0001, 0x0046,
    0x0026, 0x0046, 0x0047, 0x0047, 0x0047, 0x0046, 0x0046, 0x0046, 0x0000, 0x0000, 0x0023, 0x0068,
    0x0047, 0x0047, 0x0047, 0x0047, 0x0047, 0x0047, 0x0047, 0x0046, 0x0046, 0x0046, 0x0046, 0x0046,
    0x0067, 0x0004, 0x2900, 0xC520, 0xFEC0, 0xEE00, 0xAC60, 0x18A0, 0x0002, 0x0046, 0x0026, 0x0046,
    0x0025, 0x0000, 0x6280, 0xFEC0, 0xBCC0, 0xE5C0, 0x6A80, 0x0000, 0x0000, 0x0022, 0x0002, 0x9C00,
    0xFF00, 0xFE40, 0xFE60, 0xF620, 0x3940, 0x62A0, 0xFF00, 0xFE60, 0xFE40, 0xFE60, 0xFE60, 0xFE40,
    0xFE40, 0xFE40, 0xFE40, 0xFE40, 0xFE00, 0xFE20, 0xFE60, 0xF600, 0x2900, 0x0000, 0xA420, 0xFEC0,
    0xF620, 0xFE40, 0xFE60, 0xFE80, 0xFE80, 0xFE80, 0xD560, 0xA440, 0xCD20, 0xFE20, 0xFE40, 0xFE60,
    0xFE60, 0xFEC0, 0xCD20, 0x2920, 0xE5E0, 0xFE80, 0xFE60, 0xFE60, 0xFE40, 0xFEC0, 0x41A0, 0x0000,
    0x2000, 0x3800, 0x4800, 0x5020, 0x5000, 0x1020, 0xD580, 0xFEA0, 0xFE60, 0xFE80, 0xEE20, 0x0000,
    0x5A60, 0xFEA0, 0xFE40, 0xFE40, 0xFE40, 0xFEC0, 0x41A0, 0x0860, 0xE5E0, 0xFE80, 0xFE60, 0xFE40,
    0xFEA0, 0x3180, 0x2800, 0x5020, 0x5800, 0x2000, 0x0000, 0x0000, 0x0000, 0x0000, 0x0000, 0x0000,
    0x0000, 0x0000, 0x0000, 0x0000, 0x0000, 0x0000, 0x0000, 0x0088, 0x00AB, 0x7800, 0xF802, 0xE801,
    0xF001, 0xF801, 0xF802, 0xD801, 0x5000, 0x0022, 0x0067, 0x0046, 0x0004, 0x0004, 0x0024, 0x0004,
    0x0025, 0x0025, 0x0002, 0x0000, 0x0000, 0x0000, 0x0000, 0x0000, 0x0000, 0x0000, 0x0000, 0x0000,
    0x0000, 0x0000, 0x0000, 0x0000, 0x0000, 0x0000, 0x0000, 0x0000, 0x0000, 0x0000, 0x0000, 0x0000,
    0x0000, 0x0000, 0x0000, 0x0000, 0x0000, 0x0000, 0x0000, 0x0000, 0x0000, 0x0000, 0x0000, 0x0000,
    0x0000, 0x0000, 0x0000, 0x0000, 0x0000, 0x0000, 0x0000, 0x0000, 0x0000, 0x0000, 0x0000, 0x0000,
    0x0000, 0x0000, 0x0000, 0x0000, 0x0000, 0x0000, 0x0000, 0x0000, 0x0000, 0x0000, 0x0000, 0x0000,
    0x0000, 0x0000, 0x0000, 0x0000, 0x0000, 0x0000, 0x0000, 0x0000, 0x0000, 0x0000, 0x0000, 0x0000,
    0x0000, 0x0000, 0x0000, 0x0000, 0x0000, 0x0000, 0x0000, 0x0000, 0x0000, 0x0000, 0x0000, 0x0000,
    0x0000, 0x0000, 0x0000, 0x0000, 0x0000, 0x0000, 0x0000, 0x0000, 0x0000, 0x0000, 0x0000, 0x0000,
    0x0000, 0x0000, 0x0000, 0x0000, 0x0000, 0x0000, 0x0000, 0x0000, 0x0000, 0x0000, 0x0000, 0x0000,
    0x0001, 0x0840, 0xC4E0, 0xFEC0, 0xFE40, 0xFE80, 0xFEA0, 0x6AE0, 0x1060, 0x0000, 0x0000, 0x0000,
    0x0000, 0x7B20, 0xF640, 0xFE80, 0xFEA0, 0xFE60, 0xB480, 0x0000, 0x0000, 0x0000, 0x1040, 0xDDA0,
    0xFE80, 0xFE60, 0xFE80, 0xE5A0, 0x0820, 0x41C0, 0xFEA0, 0xFE60, 0xFE40, 0xFE60, 0xFE60, 0xFEA0,
    0xFEE0, 0xFEE0, 0xFE80, 0xFE40, 0xFE40, 0xFE60, 0xFE40, 0xFEA0, 0x62A0, 0x0000, 0xBCC0, 0xFF00,
    0xFE40, 0xFE60, 0xFE40, 0xF600, 0xF620, 0x5200, 0x1000, 0x0800, 0x0000, 0xC500, 0xFEA0, 0xFE40,
    0xFE60, 0xFEE0, 0xC500, 0x0020, 0xA420, 0xFEC0, 0xFE40, 0xFE60, 0xFEC0, 0xCD40, 0x1020, 0x5820,
    0x5820, 0x5000, 0x4800, 0x4800, 0x3800, 0x20E0, 0xF660, 0xFE60, 0xFE40, 0xFEC0, 0xBCC0, 0x0000,
    0xD560, 0xFE60, 0xFE60, 0xFE60, 0xFE80, 0xFE40, 0x0840, 0x7300, 0xFEC0, 0xFE60, 0xFE60, 0xFEC0,
    0xB4C0, 0x0800, 0x4800, 0x4800, 0x4800, 0x0000, 0x0000, 0x0000, 0x0000, 0x0000, 0x0000, 0x0000,
    0x0000, 0x0000, 0x0000, 0x0000, 0x0000, 0x0000, 0x0000, 0x00ED, 0x0823, 0xD801, 0xF801, 0xF001,
    0xF802, 0xF801, 0x9000, 0x1000, 0x0045, 0x0067, 0x0005, 0x0004, 0x0025, 0x0025, 0x0025, 0x0025,
    0x0024, 0x0000, 0x0000, 0x0000, 0x0000, 0x0800, 0x0800, 0x0800, 0x0800, 0x0800, 0x0800, 0x0800,
    0x0800, 0x0800, 0x0800, 0x0800, 0x0800, 0x1000, 0x1000, 0x1000, 0x1000, 0x1000, 0x1000, 0x1000,
    0x1800, 0x1000, 0x1000, 0x1000, 0x1000, 0x1000, 0x1000, 0x1000, 0x1000, 0x1000, 0x1000, 0x1000,
    0x1000, 0x1000, 0x1000, 0x1000, 0x1000, 0x1000, 0x1000, 0x1000, 0x1000, 0x1000, 0x1800, 0x1800,
    0x1800, 0x1800, 0x1800, 0x1000, 0x1000, 0x1000, 0x1000, 0x1000, 0x1000, 0x1800, 0x1800, 0x1800,
    0x1800, 0x1800, 0x1800, 0x1800, 0x2000, 0x1800, 0x1800, 0x1800, 0x1000, 0x1000, 0x1000, 0x1000,
    0x1000, 0x1000, 0x1800, 0x1800, 0x1800, 0x2000, 0x2000, 0x1800, 0x1800, 0x2000, 0x1800, 0x1800,
    0x1800, 0x1000, 0x1000, 0x1000, 0x1000, 0x1000, 0x1800, 0x1800, 0x2000, 0x2000, 0x2000, 0x1800,
    0x1800, 0x1000, 0x1800, 0x1000, 0x1000, 0x1000, 0x1000, 0x1000, 0x1000, 0x1000, 0x1000, 0x0000,
    0x8360, 0xE600, 0xFE60, 0xFE60, 0xFE40, 0xFE60, 0xE5C0, 0xC540, 0x2920, 0x0800, 0x1000, 0x0800,
    0x0840, 0xE5C0, 0xFE80, 0xFE40, 0xFE40, 0xFE80, 0xD560, 0x1020, 0x1000, 0x0000, 0x3980, 0xFEA0,
    0xFE60, 0xFE60, 0xFEA0, 0xCD00, 0x1880, 0xC500, 0xFE80, 0xFE60, 0xFE60, 0xF620, 0xFE60, 0xCD40,
    0x6AE0, 0x8BC0, 0xEE00, 0xFE80, 0xFE40, 0xFE60, 0xFE40, 0xFEA0, 0xB480, 0x18C0, 0xCD20, 0xDDA0,
    0xFE80, 0xFE60, 0xFE40, 0xFE60, 0xCD00, 0x0000, 0x5000, 0x4820, 0x0840, 0xDDC0, 0xFEA0, 0xFE60,
    0xFE60, 0xFEE0, 0x8B80, 0x0000, 0xDD80, 0xFEA0, 0xFE60, 0xFE60, 0xFEE0, 0x5A60, 0x0000, 0x2000,
    0x0000, 0x1000, 0x2080, 0x1880, 0x0800, 0x4A20, 0xFEC0, 0xFE40, 0xFE40, 0xFF00, 0x72C0, 0x49E0,
    0xFEA0, 0xFE20, 0xFE80, 0xFE60, 0xFEC0, 0xC520, 0x1060, 0xEDE0, 0xFEA0, 0xFE60, 0xFE60, 0xFEC0,
    0x41E0, 0x2000, 0x5000, 0x5000, 0x2000, 0x0000, 0x0000, 0x0000, 0x0000, 0x0000, 0x0000, 0x0000,
    0x0000, 0x0000, 0x0000, 0x0000, 0x0000, 0x0000, 0x0044, 0x00CB, 0x5800, 0xF802, 0xF801, 0xF801,
    0xC801, 0x4000, 0x0023, 0x0068, 0x0047, 0x0025, 0x0025, 0x0025, 0x0025, 0x0025, 0x0025, 0x0002,
    0x0000, 0x0000, 0x0000, 0x0000, 0x1000, 0x1800, 0x2000, 0x2800, 0x2800, 0x2800, 0x2800, 0x3000,
    0x3000, 0x3800, 0x3800, 0x3801, 0x4801, 0x4801, 0x4801, 0x4801, 0x5001, 0x5001, 0x5801, 0x6801,
    0x6801, 0x5801, 0x6001, 0x6801, 0x6001, 0x5801, 0x5801, 0x6001, 0x5801, 0x6001, 0x6801, 0x6801,
    0x6801, 0x6801, 0x6801, 0x7001, 0x7001, 0x7001, 0x7001, 0x7801, 0x7001, 0x7001, 0x8001, 0x8801,
    0x7801, 0x7801, 0x8001, 0x7801, 0x7801, 0x8001, 0x7801, 0x7801, 0x8001, 0x8801, 0x9001, 0x9001,
    0x9001, 0x9001, 0x9801, 0xA801, 0xA801, 0x9802, 0x9802, 0x8802, 0x8001, 0x8001, 0x8001, 0x7801,
    0x7801, 0x8001, 0x8801, 0x8801, 0x9801, 0xA801, 0xA001, 0xA002, 0xB002, 0xB001, 0xA802, 0xA002,
    0x8801, 0x7801, 0x7801, 0x7801, 0x8001, 0x8801, 0x8801, 0x9801, 0xA801, 0x9802, 0x9002, 0x9002,
    0x9002, 0x8801, 0x8001, 0x7801, 0x7801, 0x7801, 0x7801, 0x8001, 0x7801, 0x7821, 0x3000, 0x39A0,
    0xFEC0, 0xFE40, 0xFE60, 0xFE80, 0xFE60, 0xFE60, 0xFE40, 0xE600, 0x28C0, 0x5800, 0x5021, 0x3001,
    0x39A0, 0xFE80, 0xFE40, 0xFE60, 0xFE40, 0xFE60, 0xE5E0, 0x1860, 0x4000, 0x0800, 0x7320, 0xFEC0,
    0xFE40, 0xFE40, 0xFEC0, 0x93C0, 0x18A0, 0x7B00, 0xE5C0, 0xFE60, 0xFE60, 0xF620, 0xFE40, 0x7320,
    0x0000, 0x0800, 0x2100, 0xEE00, 0xFE60, 0xFE40, 0xFE40, 0xFEA0, 0xD540, 0x20C0, 0x1080, 0xAC40,
    0xFEA0, 0xFE40, 0xFE40, 0xFEE0, 0x7B20, 0x0800, 0x4820, 0x0000, 0x93E0, 0xFEC0, 0xFE60, 0xFE80,
    0xFE80, 0xF640, 0x18C0, 0x3140, 0xFEA0, 0xFE40, 0xFE60, 0xFE80, 0xF640, 0x41C0, 0x4A00, 0x8380,
    0xB4A0, 0xCD80, 0xBD00, 0x4A00, 0x0000, 0x8360, 0xFEE0, 0xFE60, 0xFE60, 0xFEC0, 0x41E0, 0xC500,
    0xFE80, 0xFE40, 0xFE80, 0xFE60, 0xFF00, 0x93C0, 0x7300, 0xFF00, 0xFE40, 0xFE60, 0xFEC0, 0xBD00,
    0x0800, 0x5000, 0x4800, 0x4800, 0x0000, 0x0000, 0x0000, 0x0000, 0x0000, 0x0000, 0x0000, 0x0000,
    0x0000, 0x0000, 0x0000, 0x0000, 0x0000, 0x0000, 0x00CC, 0x0045, 0xB800, 0xF802, 0xF001, 0x7800,
    0x0001, 0x0046, 0x0047, 0x0005, 0x0025, 0x0026, 0x0026, 0x0046, 0x0046, 0x0023, 0x0000, 0x0000,
    0x0000, 0x0000, 0x0000, 0x0000, 0x0000, 0x0000, 0x0000, 0x0000, 0x0000, 0x0000, 0x0000, 0x0000,
    0x0000, 0x0000, 0x0000, 0x0000, 0x0000, 0x0000, 0x0000, 0x0000, 0x0000, 0x0000, 0x0000, 0x0000,
    0x0000, 0x0000, 0x0000, 0x0000, 0x0000, 0x0000, 0x0000, 0x0000, 0x0000, 0x0000, 0x0000, 0x0000,
    0x0000, 0x0000, 0x0000, 0x0000, 0x0000, 0x0000, 0x0000, 0x0000, 0x0000, 0x0000, 0x0000, 0x0000,
    0x0000, 0x0000, 0x0000, 0x0000, 0x0000, 0x0000, 0x0000, 0x0000, 0x0000, 0x0000, 0x0000, 0x0000,
    0x0000, 0x0000, 0x0000, 0x0000, 0x0000, 0x0000, 0x0000, 0x0000, 0x0000, 0x0000, 0x0000, 0x0000,
    0x0000, 0x0000, 0x0000, 0x0000, 0x0000, 0x0000, 0x0000, 0x0000, 0x0000, 0x0000, 0x0000, 0x0000,
    0x0000, 0x0000, 0x0000, 0x0000, 0x0000, 0x0000, 0x0000, 0x0000, 0x0000, 0x0000, 0x0000, 0x0000,
    0x0000, 0x0000, 0x0000, 0x0000, 0x0000, 0x0000, 0x0000, 0x0000, 0x0000, 0x0000, 0x0020, 0xD560,
    0xFE60, 0xF5E0, 0xFE60, 0xFE60, 0xFE60, 0xFE60, 0xFEA0, 0xD580, 0x1000, 0x4800, 0x0020, 0x0000,
    0x7B20, 0xFEC0, 0xFE20, 0xFE60, 0xFE60, 0xFE60, 0xF640, 0x20C0, 0x3000, 0x0000, 0xC4E0, 0xFEA0,
    0xFE60, 0xFE40, 0xFEE0, 0x5A40, 0x0000, 0x3960, 0xFEA0, 0xFE60, 0xFE60, 0xFE60, 0xFE80, 0x3140,
    0x4000, 0x6041, 0x0000, 0x93E0, 0xFEE0, 0xFE40, 0xFE40, 0xFE80, 0xDDC0, 0x0800, 0x1880, 0xF640,
    0xFE80, 0xFE80, 0xFE80, 0xFE80, 0x3140, 0x2000, 0x0000, 0x7B40, 0xFEC0, 0xFE40, 0xFE60, 0xFE40,
    0xFEE0, 0xB4A0, 0x0000, 0x93C0, 0xFEE0, 0xFE40, 0xFE80, 0xFE80, 0xFE60, 0xF660, 0xFEC0, 0xFEC0,
    0xFEC0, 0xF640, 0x7B20, 0x0820, 0x0000, 0xBCE0, 0xFEC0, 0xFE60, 0xFEA0, 0xDDA0, 0x6AE0, 0xFEA0,
    0xFE40, 0xFE60, 0xFE80, 0xFE60, 0xFEE0, 0x8380, 0xD560, 0xFE80, 0xFE60, 0xFE60, 0xFEC0, 0x41E0,
    0x2000, 0x5000, 0x5000, 0x2800, 0x0000, 0x0000, 0x0000, 0x0000, 0x0000, 0x0000, 0x0000, 0x0000,
    0x0000, 0x0000, 0x0000, 0x0000, 0x0000, 0x0022, 0x010E, 0x4000, 0xF802, 0xB001, 0x2800, 0x0002,
    0x0048, 0x0047, 0x0026, 0x0026, 0x0046, 0x0046, 0x0047, 0x0025, 0x0001, 0x0000, 0x0000, 0x0000,
    0x0800, 0x1000, 0x1800, 0x1800, 0x1800, 0x2000, 0x2000, 0x2000, 0x2800, 0x2800, 0x2800, 0x3000,
    0x3000, 0x3800, 0x3800, 0x4000, 0x4000, 0x4000, 0x4801, 0x4801, 0x5001, 0x4801, 0x5001, 0x5001,
    0x5001, 0x5801, 0x5001, 0x5001, 0x5001, 0x5801, 0x5801, 0x5801, 0x6001, 0x6001, 0x6001, 0x6001,
    0x6001, 0x6001, 0x6001, 0x6001, 0x6001, 0x6001, 0x6801, 0x6801, 0x6801, 0x7001, 0x7001, 0x7001,
    0x7001, 0x7001, 0x6801, 0x6801, 0x6801, 0x6801, 0x6801, 0x6801, 0x6801, 0x6801, 0x6801, 0x6801,
    0x6801, 0x7001, 0x7001, 0x7001, 0x6801, 0x6801, 0x7001, 0x7001, 0x7001, 0x7001, 0x6801, 0x6801,
    0x7001, 0x7001, 0x6801, 0x7001, 0x7001, 0x7801, 0x7001, 0x7001, 0x7001, 0x6801, 0x7001, 0x7801,
    0x7801, 0x7001, 0x7001, 0x6801, 0x6801, 0x7001, 0x6801, 0x7001, 0x7001, 0x7001, 0x7001, 0x7001,
    0x7001, 0x6801, 0x7001, 0x7001, 0x7001, 0x6801, 0x6801, 0x6801, 0x7001, 0x0800, 0x72E0, 0xFEE0,
    0xFE60, 0xF600, 0xFE60, 0xFE80, 0xFE60, 0xFE40, 0xFEA0, 0xB4E0, 0x1000, 0x6000, 0x3800, 0x0800,
    0xCD20, 0xFEA0, 0xFE40, 0xFE60, 0xFE60, 0xFE40, 0xFE80, 0x3960, 0x2000, 0x28E0, 0xF620, 0xFE80,
    0xFE60, 0xFEA0, 0xEE40, 0x20C0, 0x0000, 0x9400, 0xFEE0, 0xFE60, 0xFE60, 0xFEC0, 0xCD20, 0x0800,
    0x4800, 0x5021, 0x1000, 0x7300, 0xFEE0, 0xFE40, 0xFE40, 0xFEA0, 0xCD20, 0x0000, 0x6280, 0xFEC0,
    0xFE40, 0xFE60, 0xFEC0, 0xD560, 0x0000, 0x0800, 0x8BC0, 0xFEE0, 0xFE60, 0xFE80, 0xFE80, 0xFE80,
    0xF660, 0x2900, 0x0000, 0xD580, 0xFE80, 0xFE60, 0xFE80, 0xFE80, 0xFE80, 0xFE60, 0xFE00, 0xF600,
    0xF620, 0xF640, 0xAC80, 0x20E0, 0x1060, 0xEE20, 0xFEA0, 0xFE60, 0xFEC0, 0xBCE0, 0xC520, 0xFEA0,
    0xFE40, 0xFE60, 0xFE80, 0xFE80, 0xF660, 0xAC80, 0xFE60, 0xFE60, 0xFE60, 0xFEC0, 0xC500, 0x0000,
    0x4800, 0x4800, 0x4800, 0x0000, 0x0000, 0x0000, 0x0000, 0x0000, 0x0000, 0x0000, 0x0000, 0x0000,
    0x0000, 0x0000, 0x0000, 0x0000, 0x0000, 0x00CA, 0x00A7, 0x8800, 0x6000, 0x0000, 0x0025, 0x0047,
    0x0026, 0x0026, 0x0047, 0x0047, 0x0068, 0x0047, 0x0022, 0x0000, 0x0000, 0x0000, 0x0000, 0x0800,
    0x1000, 0x2000, 0x2800, 0x3000, 0x3800, 0x4000, 0x4800, 0x4800, 0x5001, 0x5801, 0x5801, 0x6001,
    0x6801, 0x7001, 0x7801, 0x7801, 0x7801, 0x8001, 0x8801, 0x9001, 0x9001, 0x9001, 0x9001, 0x9001,
    0x9001, 0x9801, 0x9001, 0x9002, 0x9802, 0xA002, 0x9801, 0xA001, 0xA802, 0xA002, 0xA002, 0xA802,
    0xA802, 0xA802, 0xA802, 0xA002, 0xA002, 0xA002, 0xB002, 0xB002, 0xB002, 0xC002, 0xC002, 0xC002,
    0xC002, 0xC002, 0xC002, 0xC002, 0xC002, 0xC002, 0xC802, 0xC802, 0xC802, 0xC802, 0xC802, 0xC802,
    0xC802, 0xC802, 0xC802, 0xC802, 0xC802, 0xC802, 0xD002, 0xD002, 0xD002, 0xC802, 0xC802, 0xD002,
    0xD802, 0xD002, 0xD002, 0xD802, 0xD802, 0xD002, 0xD002, 0xD802, 0xD002, 0xD802, 0xD802, 0xD802,
    0xD002, 0xC802, 0xD002, 0xD002, 0xD002, 0xD002, 0xD002, 0xD002, 0xD002, 0xD002, 0xD002, 0xD802,
    0xD002, 0xD002, 0xD002, 0xD002, 0xC802, 0xC802, 0xC002, 0xB822, 0x7801, 0x20C0, 0xEE00, 0xFE60,
    0xFE60, 0xFE20, 0xFE80, 0xFE80, 0xFE80, 0xFE60, 0xFEC0, 0x9C20, 0x2000, 0x6020, 0x3800, 0x2100,
    0xFE40, 0xFE60, 0xFE60, 0xFE60, 0xFE60, 0xFE60, 0xFEA0, 0x41C0, 0x0000, 0x5A40, 0xFEC0, 0xFE60,
    0xFE60, 0xFEC0, 0xB4C0, 0x0000, 0x1040, 0xDDC0, 0xFEA0, 0xFE60, 0xFE60, 0xFF00, 0x7300, 0x1800,
    0x5020, 0x5820, 0x0800, 0x8BA0, 0xFEE0, 0xFE40, 0xFE60, 0xFEC0, 0xAC40, 0x0000, 0xBCC0, 0xFEC0,
    0xFE40, 0xFE40, 0xFEE0, 0x72E0, 0x18C0, 0xC500, 0xFEE0, 0xFE60, 0xFE60, 0xFE80, 0xFE80, 0xFE60,
    0x5A60, 0x0000, 0xB480, 0xFE80, 0xFE60, 0xFE80, 0xFE80, 0xFE80, 0xFE60, 0xFE40, 0xFE20, 0xFE40,
    0xFEC0, 0xFEC0, 0x5A60, 0x0000, 0x3160, 0xFEA0, 0xFE80, 0xFE60, 0xFE80, 0xDDC0, 0xFE60, 0xFE60,
    0xFE60, 0xFE80, 0xFE80, 0xFE80, 0xFE60, 0xF640, 0xFE80, 0xFE80, 0xFE60, 0xFEA0, 0x4A20, 0x2000,
    0x5000, 0x5000, 0x2800, 0x0000, 0x0000, 0x0000, 0x0000, 0x0000, 0x0000, 0x0000, 0x0000, 0x0000,
    0x0000, 0x0000, 0x0000, 0x0000, 0x0000, 0x0023, 0x0000, 0x0800, 0x0003, 0x0047, 0x0068, 0x0048,
    0x0068, 0x0068, 0x0068, 0x0068, 0x0045, 0x0001, 0x0000, 0x0000, 0x0000, 0x0000, 0x0000, 0x0000,
    0x0000, 0x0000, 0x0000, 0x0000, 0x0000, 0x0000, 0x0000, 0x0000, 0x0000, 0x0000, 0x0000, 0x0000,
    0x0000, 0x0000, 0x0000, 0x0000, 0x0000, 0x0000, 0x0000, 0x0000, 0x0000, 0x0000, 0x0000, 0x0000,
    0x0000, 0x0000, 0x0000, 0x0000, 0x0000, 0x0000, 0x0000, 0x0000, 0x0000, 0x0000, 0x0000, 0x0000,
    0x0000, 0x0000, 0x0000, 0x0000, 0x0000, 0x0000, 0x0000, 0x0000, 0x0000, 0x0000, 0x0000, 0x0000,
    0x0000, 0x0000, 0x0000, 0x0000, 0x0000, 0x0000, 0x0000, 0x0000, 0x0000, 0x0000, 0x0000, 0x0000,
    0x0000, 0x0000, 0x0000, 0x0000, 0x0000, 0x0000, 0x0000, 0x0000, 0x0000, 0x0000, 0x0000, 0x0000,
    0x0000, 0x0000, 0x0000, 0x0000, 0x0000, 0x0000, 0x0000, 0x0000, 0x0000, 0x0000, 0x0000, 0x0000,
    0x0000, 0x0000, 0x0000, 0x0000, 0x0000, 0x0000, 0x0000, 0x0000, 0x0000, 0x0000, 0x0000, 0x0000,
    0x0000, 0x0000, 0x0000, 0x0000, 0x0000, 0x0000, 0x0000, 0x0000, 0x0000, 0xA420, 0xFEA0, 0xFE60,
    0xFE60, 0xF5C0, 0xFE80, 0xFE60, 0xFE80, 0xFE60, 0xFEC0, 0x7320, 0x2000, 0x5820, 0x0000, 0x6280,
    0xFEC0, 0xFE40, 0xFE60, 0xFE60, 0xFE60, 0xFE60, 0xFEC0, 0x4A00, 0x0000, 0xAC60, 0xFEE0, 0xFE60,
    0xFE40, 0xFEE0, 0x7300, 0x0000, 0x49E0, 0xFEA0, 0xFE60, 0xFE60, 0xFE80, 0xFEA0, 0x3120, 0x3800,
    0x5000, 0x3800, 0x0000, 0xC4C0, 0xFEC0, 0xFE60, 0xFE60, 0xFEE0, 0x7B20, 0x0840, 0xF620, 0xFE80,
    0xFE60, 0xFE80, 0xFE80, 0xAC80, 0xEE00, 0xFEE0, 0xFE60, 0xFE60, 0xFE80, 0xFEA0, 0xF660, 0x6AE0,
    0x0000, 0x0840, 0xDDA0, 0xFEA0, 0xFE40, 0xFE60, 0xFE80, 0xFE60, 0xFE60, 0xFEA0, 0xFEC0, 0xFE40,
    0xCD60, 0x6AE0, 0x1820, 0x1000, 0x62A0, 0xFEC0, 0xFE40, 0xFE80, 0xFE60, 0xFE80, 0xFE80, 0xFE60,
    0xFE60, 0xFE80, 0xFE80, 0xFE80, 0xFE80, 0xFE80, 0xFE80, 0xFE60, 0xFEA0, 0xC500, 0x0800, 0x4800,
    0x4800, 0x5000, 0x0000, 0x0000, 0x0000, 0x0000, 0x0000, 0x0000, 0x0000, 0x0000, 0x0000, 0x0000,
    0x0000, 0x0000, 0x0000, 0x0000, 0x0000, 0x0000, 0x0001, 0x0046, 0x0069, 0x0068, 0x0048, 0x0068,
    0x0069, 0x008A, 0x0067, 0x0002, 0x0000, 0x0000, 0x0000, 0x0800, 0x0800, 0x0800, 0x0800, 0x1000,
    0x1000, 0x1000, 0x1000, 0x1800, 0x1800, 0x1800, 0x2000, 0x2000, 0x2000, 0x2800, 0x3000, 0x3000,
    0x3000, 0x3800, 0x3800, 0x3800, 0x3800, 0x3800, 0x4800, 0x4800, 0x4800, 0x4800, 0x4800, 0x5001,
    0x5001, 0x5000, 0x5000, 0x4800, 0x4800, 0x5000, 0x5000, 0x5000, 0x5000, 0x5000, 0x5000, 0x5000,
    0x5000, 0x5000, 0x4800, 0x5000, 0x5000, 0x5000, 0x5000, 0x5801, 0x5801, 0x5801, 0x5801, 0x5801,
    0x5801, 0x5000, 0x5000, 0x5001, 0x5801, 0x5801, 0x5001, 0x5801, 0x5801, 0x5001, 0x5001, 0x5801,
    0x5801, 0x5801, 0x5801, 0x6001, 0x6001, 0x5801, 0x5800, 0x5000, 0x5001, 0x5801, 0x5801, 0x5800,
    0x5000, 0x5800, 0x5801, 0x5801, 0x5001, 0x5801, 0x5801, 0x5801, 0x5801, 0x5801, 0x5801, 0x6001,
    0x6001, 0x6001, 0x6001, 0x5800, 0x5000, 0x5000, 0x5000, 0x5000, 0x5000, 0x5800, 0x5000, 0x5000,
    0x5001, 0x5800, 0x5800, 0x5001, 0x5001, 0x5001, 0x6021, 0x1000, 0x3980, 0xFE40, 0xFE20, 0xFE60,
    0xFE20, 0xF5C0, 0xFE80, 0xFE60, 0xFE80, 0xFE80, 0xFEA0, 0x4A00, 0x2800, 0x4820, 0x0000, 0xAC60,
    0xFEC0, 0xFE40, 0xFE60, 0xFE60, 0xFE60, 0xFE40, 0xFEE0, 0x6280, 0x0000, 0xE5E0, 0xFEA0, 0xFE60,
    0xFE80, 0xF640, 0x28E0, 0x0000, 0x8380, 0xFEE0, 0xFE60, 0xFE60, 0xFEC0, 0xBCE0, 0x0800, 0x5000,
    0x5800, 0x1800, 0x20E0, 0xF660, 0xFE80, 0xFE60, 0xFE60, 0xFEC0, 0x3140, 0x5220, 0xFEC0, 0xFE60,
    0xFE80, 0xFE80, 0xFE80, 0xFEA0, 0xFE40, 0xFE40, 0xFE80, 0xFE60, 0xFE80, 0xF640, 0x6300, 0x1000,
    0x4801, 0x1080, 0xE5E0, 0xFEA0, 0xFE60, 0xFE60, 0xFE80, 0xFEE0, 0xFEE0, 0xDDA0, 0x8360, 0x2920,
    0x0800, 0x1000, 0x5821, 0x1800, 0x9C40, 0xFEE0, 0xFE40, 0xFE60, 0xFE60, 0xFE60, 0xFE80, 0xFE60,
    0xFE80, 0xFE80, 0xFE80, 0xFE80, 0xFE60, 0xFE60, 0xFE80, 0xFE80, 0xFEC0, 0x4A20, 0x1800, 0x5000,
    0x5000, 0x3000, 0x0000, 0x0000, 0x0000, 0x0000, 0x0000, 0x0000, 0x0000, 0x0000, 0x0000, 0x0000,
    0x0000, 0x0000, 0x0000, 0x0000, 0x0000, 0x0000, 0x0046, 0x008B, 0x0089, 0x008A, 0x006A, 0x008A,
    0x008A, 0x0045, 0x0000, 0x0000, 0x0000, 0x0000, 0x0800, 0x2000, 0x3000, 0x3000, 0x3800, 0x4000,
    0x4801, 0x4801, 0x5001, 0x5801, 0x5801, 0x6001, 0x6801, 0x7801, 0x7822, 0x9002, 0x9802, 0x9802,
    0x9002, 0x9802, 0xA002, 0xA802, 0xB002, 0xB002, 0xB002, 0xB002, 0xC002, 0xC002, 0xC002, 0xC802,
    0xC002, 0xC002, 0xC002, 0xC802, 0xC802, 0xC802, 0xD002, 0xD002, 0xD802, 0xD802, 0xD802, 0xD802,
    0xD002, 0xD002, 0xD002, 0xD002, 0xD802, 0xD802, 0xD802, 0xD802, 0xE002, 0xE002, 0xE002, 0xE002,
    0xE002, 0xE002, 0xE002, 0xE002, 0xE802, 0xE802, 0xE002, 0xE002, 0xE002, 0xE802, 0xE803, 0xE803,
    0xE803, 0xF002, 0xE802, 0xE802, 0xE802, 0xE002, 0xE002, 0xE002, 0xE002, 0xE002, 0xE802, 0xE802,
    0xE802, 0xE802, 0xF002, 0xF002, 0xF003, 0xF003, 0xF002, 0xE803, 0xE802, 0xF002, 0xF002, 0xF802,
    0xF802, 0xF002, 0xF002, 0xF002, 0xF002, 0xF002, 0xF002, 0xF002, 0xE802, 0xE802, 0xE802, 0xE802,
    0xF002, 0xE802, 0xE802, 0xE002, 0xE002, 0xD823, 0xB002, 0x1020, 0xCD00, 0xFE60, 0xFE40, 0xFE60,
    0xFE00, 0xFE60, 0xFE80, 0xFE80, 0xFE80, 0xFE80, 0xF660, 0x2920, 0x3800, 0x4000, 0x1060, 0xEE00,
    0xFE80, 0xFE60, 0xFE60, 0xFE60, 0xFE60, 0xFE40, 0xFF00, 0x7320, 0x20E0, 0xFEA0, 0xFE60, 0xFE60,
    0xFEC0, 0xC540, 0x0800, 0x0000, 0xCD20, 0xFEC0, 0xFE60, 0xFE60, 0xFF00, 0x62A0, 0x1800, 0x5800,
    0x5820, 0x0000, 0x7B20, 0xFF00, 0xFE60, 0xFE60, 0xFEA0, 0xE600, 0x5A60, 0xDDA0, 0xFE80, 0xFE60,
    0xFE60, 0xFE60, 0xFE60, 0xFE60, 0xFE40, 0xFE20, 0xFE60, 0xFE80, 0xDD80, 0x4200, 0x0000, 0x5821,
    0x2800, 0x39A0, 0xFEA0, 0xFE80, 0xFEA0, 0xFEA0, 0xFEA0, 0x9C20, 0x41E0, 0x1860, 0x1800, 0x3000,
    0x5000, 0x5020, 0x4800, 0x0800, 0xD580, 0xFEA0, 0xFE60, 0xFE80, 0xFE80, 0xFE60, 0xFE80, 0xFE60,
    0xCD60, 0xFE80, 0xFE60, 0xFE80, 0xFE60, 0xFE80, 0xFE60, 0xFEC0, 0xCD60, 0x0800, 0x4800, 0x4800,
    0x5000, 0x0800, 0x0000, 0x0000, 0x0000, 0x0000, 0x0000, 0x0000, 0x0000, 0x0000, 0x0000, 0x0000,
    0x0000, 0x0000, 0x0000, 0x0000, 0x0000, 0x0000, 0x0022, 0x00AB, 0x008B, 0x00AC, 0x00AC, 0x0067,
    0x0001, 0x0000, 0x0000, 0x0000, 0x0000, 0x0000, 0x0000, 0x0000, 0x0000, 0x0000, 0x0000, 0x0000,
    0x0000, 0x0000, 0x0000, 0x0000, 0x0000, 0x0000, 0x0000, 0x0000, 0x0000, 0x0000, 0x0000, 0x0000,
    0x0000, 0x0000, 0x0000, 0x0000, 0x0000, 0x0000, 0x0000, 0x0000, 0x0000, 0x0000, 0x0000, 0x0000,
    0x0000, 0x0000, 0x0000, 0x0000, 0x0000, 0x0000, 0x0000, 0x0000, 0x0000, 0x0000, 0x0000, 0x0000,
    0x0000, 0x0000, 0x0000, 0x0000, 0x0000, 0x0800, 0x0000, 0x0000, 0x0800, 0x0800, 0x0800, 0x0800,
    0x0800, 0x0800, 0x0800, 0x0800, 0x0800, 0x0800, 0x0800, 0x0800, 0x0800, 0x1000, 0x1000, 0x1000,
    0x1000, 0x1000, 0x1000, 0x1000, 0x1000, 0x1000, 0x1000, 0x1000, 0x1800, 0x1800, 0x1800, 0x1800,
    0x1800, 0x1800, 0x1800, 0x1800, 0x1800, 0x1000, 0x1000, 0x1000, 0x1000, 0x1000, 0x1000, 0x1000,
    0x1000, 0x1000, 0x1000, 0x1000, 0x1000, 0x1800, 0x1800, 0x1000, 0x1000, 0x1000, 0x1000, 0x1000,
    0x1000, 0x0800, 0x0800, 0x0800, 0x0800, 0x1000, 0x0000, 0x72E0, 0xFEE0, 0xFE40, 0xFE40, 0xFE60,
    0xFE80, 0xE600, 0xFE80, 0xFE80, 0xFE80, 0xFEA0, 0xDDC0, 0x0820, 0x5000, 0x3800, 0x41C0, 0xFEA0,
    0xFE40, 0xFE60, 0xFE60, 0xFE80, 0xFE80, 0xFE60, 0xFF00, 0x8360, 0x6280, 0xFF00, 0xFE60, 0xFE40,
    0xFEE0, 0x8BC0, 0x0000, 0x5200, 0xFEA0, 0xFE40, 0xFE60, 0xFEA0, 0xF660, 0x20C0, 0x3000, 0x5800,
    0x3800, 0x1080, 0xEE00, 0xFE80, 0xFE60, 0xFE60, 0xFEA0, 0x8BC0, 0xA440, 0xFF00, 0xFE40, 0xFE60,
    0xFE60, 0xFE60, 0xFE60, 0xFE80, 0xFE60, 0xFE40, 0xFE60, 0xA460, 0x18E0, 0x1000, 0x4801, 0x5821,
    0x1800, 0x6AE0, 0xFEE0, 0xFE60, 0xFE80, 0xFEC0, 0xE600, 0x0000, 0x2000, 0x4800, 0x5820, 0x5820,
    0x5020, 0x5820, 0x4000, 0x18C0, 0xF620, 0xFE80, 0xFE80, 0xFE80, 0xFE80, 0xFE60, 0xFEE0, 0xB4A0,
    0x93E0, 0xFEE0, 0xFE60, 0xFE80, 0xFE80, 0xFE60, 0xFE60, 0xFEE0, 0x5240, 0x1800, 0x5000, 0x5000,
    0x3000, 0x0000, 0x0000, 0x0000, 0x0000, 0x0000, 0x0000, 0x0000, 0x0000, 0x0000, 0x0000, 0x0000,
    0x0000, 0x0000, 0x0000, 0x0000, 0x0000, 0x0000, 0x0000, 0x008B, 0x00CF, 0x00AB, 0x0024, 0x0000,
    0x0000, 0x0000, 0x0000, 0x0000, 0x0000, 0x0000, 0x0000, 0x0000, 0x0000, 0x0000, 0x0000, 0x0000,
    0x0000, 0x0800, 0x0800, 0x0800, 0x0800, 0x0800, 0x0800, 0x1000, 0x1000, 0x1000, 0x1000, 0x1000,
    0x1000, 0x1000, 0x1800, 0x1800, 0x1800, 0x1800, 0x2000, 0x2000, 0x1800, 0x1800, 0x1800, 0x2000,
    0x2000, 0x2000, 0x2000, 0x2000, 0x2000, 0x2800, 0x2800, 0x2000, 0x2800, 0x2800, 0x2800, 0x2800,
    0x2800, 0x2800, 0x2800, 0x2800, 0x2800, 0x2000, 0x2000, 0x2800, 0x2800, 0x2800, 0x2800, 0x2800,
    0x2800, 0x2800, 0x2800, 0x2800, 0x2800, 0x2800, 0x2800, 0x2800, 0x2800, 0x2800, 0x2000, 0x2800,
    0x2800, 0x2800, 0x2800, 0x2800, 0x2800, 0x3000, 0x2800, 0x2800, 0x2800, 0x2800, 0x2800, 0x2800,
    0x2800, 0x2800, 0x2800, 0x2800, 0x2800, 0x2800, 0x2800, 0x2800, 0x2800, 0x2800, 0x2800, 0x2800,
    0x2800, 0x2800, 0x2800, 0x2800, 0x2800, 0x2800, 0x2800, 0x2800, 0x2800, 0x2800, 0x2800, 0x2800,
    0x2000, 0x2800, 0x3000, 0x2800, 0x2800, 0x0800, 0x18C0, 0xF640, 0xFE60, 0xFE60, 0xFE60, 0xFEE0,
    0xCD80, 0x93A0, 0xFEC0, 0xFE60, 0xFE60, 0xFEA0, 0xCD80, 0x0800, 0x5800, 0x1000, 0x7320, 0xFEC0,
    0xFE40, 0xFE80, 0xFE80, 0xFE80, 0xFE80, 0xFE60, 0xFEC0, 0x9C00, 0xAC60, 0xFEE0, 0xFE60, 0xFE60,
    0xFE80, 0x3980, 0x0000, 0xBCE0, 0xFEC0, 0xFE40, 0xFE40, 0xFEC0, 0xBCE0, 0x1000, 0x5000, 0x5000,
    0x0000, 0x8BA0, 0xFEE0, 0xFE60, 0xFE80, 0xFE60, 0xFEE0, 0x2920, 0x72E0, 0xFF00, 0xFE40, 0xFE60,
    0xFE80, 0xFE80, 0xFE80, 0xFE60, 0xFE80, 0xEE00, 0x41C0, 0x0800, 0x3800, 0x5800, 0x4800, 0x5001,
    0x0800, 0xB4C0, 0xFEE0, 0xFE80, 0xFE60, 0xFEE0, 0x8380, 0x2000, 0x5820, 0x3800, 0x3000, 0x1800,
    0x0800, 0x0800, 0x0000, 0x5220, 0xFEC0, 0xFE60, 0xFE80, 0xFE80, 0xFE80, 0xFE80, 0xFEC0, 0x41C0,
    0xAC80, 0xFEE0, 0xFE60, 0xFE80, 0xFE80, 0xFE60, 0xFEA0, 0xC540, 0x0800, 0x4800, 0x4800, 0x5000,
    0x0800, 0x0000, 0x0000, 0x0000, 0x0000, 0x0000, 0x0000, 0x0000, 0x0000, 0x0000, 0x0000, 0x0000,
    0x0000, 0x0000, 0x0000, 0x0000, 0x0000, 0x0000, 0x0000, 0x0046, 0x0089, 0x0000, 0x0000, 0x0000,
    0x0000, 0x0000, 0x1000, 0x2000, 0x3800, 0x4000, 0x4000, 0x4800, 0x5000, 0x5000, 0x5801, 0x5801,
    0x6001, 0x6801, 0x7001, 0x7801, 0x8801, 0x8801, 0x9001, 0x8801, 0x9001, 0xA002, 0xA802, 0xA802,
    0xA002, 0xA802, 0xB002, 0xB002, 0xB002, 0xB002, 0xB802, 0xC002, 0xC002, 0xB802, 0xB802, 0xC002,
    0xC002, 0xC002, 0xC002, 0xC002, 0xC002, 0xC002, 0xC802, 0xC802, 0xC802, 0xC802, 0xD002, 0xD002,
    0xD802, 0xD802, 0xD802, 0xD002, 0xD002, 0xD002, 0xD002, 0xD002, 0xD022, 0xD002, 0xD002, 0xD002,
    0xD802, 0xD802, 0xD802, 0xE002, 0xE002, 0xD802, 0xD802, 0xD802, 0xE002, 0xE002, 0xD802, 0xD802,
    0xD802, 0xD802, 0xD802, 0xD802, 0xE002, 0xE002, 0xE002, 0xE002, 0xE002, 0xE002, 0xE002, 0xE002,
    0xE002, 0xE002, 0xE002, 0xE002, 0xE002, 0xE002, 0xE002, 0xE002, 0xD802, 0xE002, 0xE002, 0xE802,
    0xE802, 0xE802, 0xE802, 0xE002, 0xE002, 0xE002, 0xE002, 0xE002, 0xE002, 0xD802, 0xD802, 0xD002,
    0xD002, 0xC802, 0xC002, 0xB802, 0xA802, 0x1000, 0x9C20, 0xFEE0, 0xFE40, 0xFE80, 0xFE60, 0xFF00,
    0x41A0, 0x93C0, 0xFF00, 0xFE60, 0xFE60, 0xFEA0, 0xBD00, 0x1800, 0x5800, 0x0000, 0xC500, 0xFEC0,
    0xFE60, 0xFE80, 0xFE80, 0xFE80, 0xFE60, 0xFE60, 0xFEA0, 0xD560, 0xE5C0, 0xFE80, 0xFE60, 0xFEC0,
    0xDDA0, 0x0020, 0x0000, 0xD560, 0xFEA0, 0xFE80, 0xFE60, 0xFEE0, 0x5A80, 0x1800, 0x6820, 0x1800,
    0x3980, 0xFEA0, 0xFE60, 0xFE80, 0xFE60, 0xFEC0, 0xBCC0, 0x0000, 0xBCE0, 0xFEA0, 0xFE40, 0xFE80,
    0xFE60, 0xFE60, 0xFE80, 0xFE60, 0xFE60, 0xFE80, 0x2940, 0x1800, 0x5820, 0x4800, 0x5800, 0x4800,
    0x18A0, 0xEE00, 0xFE80, 0xFE80, 0xFE80, 0xFE60, 0x1080, 0x0000, 0x1000, 0x18A0, 0x2100, 0x5240,
    0x8380, 0x83A0, 0x4A00, 0x9C00, 0xFEE0, 0xFE60, 0xFE80, 0xFE80, 0xFE40, 0xFE80, 0xB4A0, 0x0000,
    0xDDC1, 0xFEA0, 0xFE60, 0xFE60, 0xFE80, 0xFE60, 0xFE60, 0x41E0, 0x2000, 0x5000, 0x5000, 0x3800,
    0x0000, 0x0000, 0x0000, 0x0000, 0x0000, 0x0000, 0x0000, 0x0000, 0x0000, 0x0000, 0x0000, 0x0000,
    0x0000, 0x0000, 0x0000, 0x0000, 0x0000, 0x0000, 0x0000, 0x0000, 0x0000, 0x0000, 0x0000, 0x0000,
    0x0000, 0x0000, 0x0000, 0x0000, 0x0000, 0x0000, 0x0000, 0x0000, 0x0000, 0x0000, 0x0000, 0x0000,
    0x0000, 0x0000, 0x0000, 0x0000, 0x0000, 0x0000, 0x0000, 0x0000, 0x0000, 0x0000, 0x0000, 0x0000,
    0x0000, 0x0000, 0x0000, 0x0800, 0x0800, 0x0800, 0x0800, 0x0800, 0x0800, 0x0800, 0x0800, 0x0800,
    0x0800, 0x0800, 0x0800, 0x0800, 0x0800, 0x0800, 0x0800, 0x1000, 0x0800, 0x1000, 0x1000, 0x1000,
    0x1000, 0x1000, 0x1000, 0x1000, 0x1000, 0x1000, 0x1000, 0x1000, 0x1000, 0x1000, 0x1000, 0x1000,
    0x1800, 0x1800, 0x1800, 0x1800, 0x1800, 0x1800, 0x1800, 0x1800, 0x1800, 0x1800, 0x1800, 0x1800,
    0x1800, 0x1800, 0x1800, 0x1800, 0x1800, 0x1800, 0x1800, 0x1800, 0x1800, 0x1800, 0x1800, 0x1800,
    0x1800, 0x1800, 0x1800, 0x1800, 0x1800, 0x1800, 0x1800, 0x1800, 0x1800, 0x1800, 0x1800, 0x1800,
    0x1800, 0x1800, 0x1800, 0x1800, 0x1800, 0x1800, 0x1800, 0x1800, 0x1800, 0x1000, 0x1000, 0x1000,
    0x1000, 0x1000, 0x0800, 0x0800, 0x0000, 0x41A0, 0xFEC0, 0xFE60, 0xFE60, 0xFE60, 0xFEE0, 0xB4A0,
    0x0000, 0xB4A0, 0xFEC0, 0xFE60, 0xFE60, 0xFEE0, 0x93E0, 0x0000, 0x1800, 0x2100, 0xF680, 0xFE80,
    0xFE80, 0xFE80, 0xF660, 0xEE20, 0xFE80, 0xFE60, 0xFE60, 0xFE60, 0xFE60, 0xFE60, 0xFE60, 0xFEE0,
    0x93C0, 0x0000, 0x41A0, 0xFE80, 0xFE40, 0xFE60, 0xFE80, 0xF640, 0x18A0, 0x4800, 0x2000, 0x1080,
    0xE5E0, 0xFEA0, 0xFE60, 0xFE80, 0xFE60, 0xFE80, 0x2100, 0x1060, 0xF640, 0xFE80, 0xFE60, 0xFE80,
    0xFE80, 0xFE60, 0xFE60, 0xFE60, 0xFE60, 0xFEC0, 0xC520, 0x0800, 0x5000, 0x5000, 0x5000, 0x1800,
    0x5240, 0xFEE0, 0xFE60, 0xFE60, 0xFEA0, 0xE5C0, 0x5A60, 0x93E0, 0xD580, 0xEE20, 0xFE60, 0xFEA0,
    0xFEA0, 0xD560, 0x3980, 0xB480, 0xFEC0, 0xFE60, 0xFE80, 0xFE60, 0xFE40, 0xF620, 0x3140, 0x0840,
    0xEE20, 0xFE60, 0xFE60, 0xFE60, 0xFE40, 0xFE80, 0xAC60, 0x0000, 0x4800, 0x4800, 0x5000, 0x0800,
    0x0000, 0x0000, 0x0000, 0x0000, 0x0000, 0x0000, 0x0000, 0x0000, 0x0000, 0x0000, 0x0000, 0x0000,
    0x0000, 0x0000, 0x0000, 0x0000, 0x0000, 0x0000, 0x0000, 0x0000, 0x0000, 0x0000, 0x0000, 0x0000,
    0x0000, 0x0000, 0x0000, 0x0000, 0x0000, 0x0000, 0x0000, 0x0000, 0x0000, 0x0000, 0x0000, 0x0000,
    0x0000, 0x0000, 0x0000, 0x0000, 0x0000, 0x0000, 0x0000, 0x0000, 0x0000, 0x0000, 0x0000, 0x0000,
    0x0000, 0x0000, 0x0000, 0x0000, 0x0000, 0x0000, 0x0000, 0x0000, 0x0000, 0x0000, 0x0000, 0x0000,
    0x0000, 0x0000, 0x0000, 0x0000, 0x0000, 0x0000, 0x0000, 0x0000, 0x0000, 0x0000, 0x0000, 0x0000,
    0x0000, 0x0000, 0x0000, 0x0000, 0x0000, 0x0000, 0x0000, 0x0000, 0x0000, 0x0000, 0x0000, 0x0000,
    0x0000, 0x0000, 0x0000, 0x0000, 0x0000, 0x0000, 0x0000, 0x0000, 0x0000, 0x0000, 0x0000, 0x0000,
    0x0000, 0x0000, 0x0000, 0x0000, 0x0000, 0x0000, 0x0000, 0x0000, 0x0000, 0x0000, 0x0000, 0x0000,
    0x0000, 0x0000, 0x0000, 0x0000, 0x0000, 0x0000, 0x0000, 0x0000, 0x0000, 0x0000, 0x0000, 0x0000,
    0x0000, 0x0000, 0x0000, 0x0000, 0x0000, 0x0000, 0x0000, 0x0000, 0x0000, 0x0000, 0x0000, 0x0000,
    0x0000, 0x0000, 0x0000, 0x0000, 0x0020, 0xCD40, 0xFEC0, 0xFE60, 0xFE80, 0xFEA0, 0xF660, 0x20E0,
    0x0000, 0xCD20, 0xFEA0, 0xFE60, 0xFE80, 0xFEC0, 0xAC40, 0x5A60, 0x2900, 0x6280, 0xFEE0, 0xFE40,
    0xFE60, 0xFEC0, 0xCD40, 0xAC80, 0xFEE0, 0xFE60, 0xFE80, 0xFE60, 0xFE60, 0xFE80, 0xFE60, 0xFEE0,
    0x5240, 0x0000, 0x8340, 0xFF00, 0xFE60, 0xFE40, 0xFEC0, 0xAC60, 0x1000, 0x3000, 0x0860, 0xCD40,
    0xFEC0, 0xFE40, 0xFE80, 0xFE40, 0xFEC0, 0x8380, 0x0000, 0x5A60, 0xFEC0, 0xFE60, 0xFE60, 0xFEA0,
    0xD560, 0xD540, 0xFEA0, 0xFE60, 0xFE80, 0xFE40, 0xFEE0, 0x4A20, 0x2000, 0x4800, 0x1000, 0x0000,
    0xA460, 0xFEA0, 0xFE60, 0xFE60, 0xFE60, 0xFE80, 0xFEE0, 0xFF00, 0xFEA0, 0xFE40, 0xFE60, 0xEDC0,
    0xCD00, 0x72C0, 0x3120, 0xDDA0, 0xFE80, 0xFE60, 0xFE60, 0xFE40, 0xFEA0, 0xAC20, 0x0000, 0x20C0,
    0xEDE0, 0xFE80, 0xFE80, 0xFE80, 0xFE60, 0xFE80, 0x3160, 0x2000, 0x5000, 0x5000, 0x3800, 0x0000,
    0x0000, 0x0000, 0x0000, 0x0000, 0x0000, 0x0000, 0x0000, 0x0000, 0x0000, 0x0000, 0x0000, 0x0000,
    0x0000, 0x0000, 0x0000, 0x0000, 0x0000, 0x0000, 0x0000, 0x0000, 0x0000, 0x0000, 0x0000, 0x0000,
    0x0000, 0x0000, 0x0000, 0x0000, 0x0000, 0x0000, 0x0000, 0x0000, 0x0000, 0x0000, 0x0000, 0x0000,
    0x0000, 0x0000, 0x0000, 0x0000, 0x0000, 0x0000, 0x0000, 0x0000, 0x0000, 0x0000, 0x0000, 0x0000,
    0x0000, 0x0000, 0x0000, 0x0000, 0x0000, 0x0000, 0x0000, 0x0000, 0x0000, 0x0000, 0x0000, 0x0000,
    0x0000, 0x0000, 0x0000, 0x0000, 0x0000, 0x0000, 0x0000, 0x0000, 0x0000, 0x0000, 0x0000, 0x0000,
    0x0000, 0x0000, 0x0000, 0x0000, 0x0000, 0x0000, 0x0000, 0x0000, 0x0000, 0x0000, 0x0000, 0x0000,
    0x0000, 0x0000, 0x0000, 0x0000, 0x0000, 0x0000, 0x0000, 0x0000, 0x0000, 0x0000, 0x0000, 0x0000,
    0x0000, 0x0000, 0x0000, 0x0000, 0x0000, 0x0000, 0x0000, 0x0000, 0x0000, 0x0000, 0x0000, 0x0000,
    0x0000, 0x0000, 0x0000, 0x0000, 0x0000, 0x0000, 0x0000, 0x0000, 0x0000, 0x0000, 0x0000, 0x0000,
    0x0000, 0x0000, 0x0000, 0x0000, 0x0000, 0x0000, 0x0000, 0x0000, 0x0000, 0x0000, 0x0000, 0x0000,
    0x0000, 0x0000, 0x0000, 0x0000, 0x6280, 0xFEC0, 0xFE60, 0xFE60, 0xFE40, 0xFEE0, 0x8360, 0x0000,
    0x3160, 0xEE01, 0xFE80, 0xFE60, 0xFE60, 0xFE60, 0xFEC1, 0xDDA0, 0x3120, 0x9C00, 0xFEC0, 0xFE60,
    0xFE60, 0xFF00, 0x93C0, 0x8340, 0xFEE0, 0xFE40, 0xFE80, 0xFE80, 0xFE80, 0xFE60, 0xFE80, 0xEE20,
    0x18A0, 0x0000, 0xBCC0, 0xFEC0, 0xFE60, 0xFE60, 0xFEE0, 0x5A60, 0x0000, 0x10A0, 0xCD40, 0xFEE0,
    0xFE60, 0xFE80, 0xFE60, 0xFEE0, 0xC500, 0x0820, 0x0000, 0xAC80, 0xFEE0, 0xFE60, 0xFE60, 0xFF00,
    0x7B20, 0x3960, 0xFEC0, 0xFE60, 0xFE80, 0xFE60, 0xFEA0, 0xBCC0, 0x0000, 0x0000, 0x0000, 0x0000,
    0x9C40, 0xFE80, 0xFE80, 0xFE80, 0xFE80, 0xFE60, 0xFE60, 0xFE60, 0xFE20, 0xFE00, 0xF5E0, 0xFE80,
    0xDDA0, 0x18C0, 0x20C0, 0xEDE0, 0xFE60, 0xFE60, 0xFE60, 0xFE80, 0xF620, 0x28E0, 0x1800, 0x3960,
    0xF640, 0xFE60, 0xFE60, 0xFE40, 0xFEC0, 0xBCE0, 0x0000, 0x5000, 0x4800, 0x5000, 0x0800, 0x0000,
    0x0000, 0x0000, 0x0000, 0x0000, 0x0000, 0x0000, 0x0000, 0x0000, 0x0000, 0x0000, 0x0000, 0x0000,
    0x0000, 0x0000, 0x0000, 0x0000, 0x0000, 0x0000, 0x0000, 0x0000, 0x0000, 0x0000, 0x0000, 0x0000,
    0x0000, 0x0000, 0x0000, 0x0000, 0x0000, 0x0000, 0x0000, 0x0000, 0x0000, 0x0000, 0x0000, 0x0000,
    0x0000, 0x0000, 0x0000, 0x0000, 0x0000, 0x0000, 0x0000, 0x0000, 0x0000, 0x0000, 0x0000, 0x0000,
    0x0000, 0x0000, 0x0000, 0x0000, 0x0000, 0x0000, 0x0000, 0x0000, 0x0000, 0x0000, 0x0000, 0x0000,
    0x0000, 0x0000, 0x0000, 0x0000, 0x0000, 0x0000, 0x0000, 0x0000, 0x0000, 0x0000, 0x0000, 0x0000,
    0x0000, 0x0000, 0x0000, 0x0000, 0x0000, 0x0000, 0x0000, 0x0000, 0x0000, 0x0000, 0x0000, 0x0000,
    0x0000, 0x0000, 0x0000, 0x0000, 0x0000, 0x0000, 0x0000, 0x0000, 0x0000, 0x0000, 0x0000, 0x0000,
    0x0000, 0x0000, 0x0000, 0x0000, 0x0000, 0x0000, 0x0000, 0x0000, 0x0000, 0x0000, 0x0000, 0x0000,
    0x0000, 0x0000, 0x0000, 0x0000, 0x0000, 0x0000, 0x0000, 0x0000, 0x0000, 0x0000, 0x0000, 0x0000,
    0x0000, 0x0000, 0x0000, 0x0000, 0x0000, 0x0000, 0x0000, 0x0000, 0x0000, 0x0000, 0x0000, 0x0000,
    0x0000, 0x0020, 0x0000, 0x1880, 0xE5E0, 0xFE60, 0xFE40, 0xFE60, 0xFE00, 0xFE80, 0xC500, 0xD540,
    0xEDE0, 0xFE60, 0xFE60, 0xFE60, 0xFE80, 0xFE80, 0xF660, 0x93A0, 0x18A0, 0xDDA1, 0xFEC0, 0xFE60,
    0xFE60, 0xFEE0, 0x41C0, 0x62C0, 0xFF00, 0xFE60, 0xFE80, 0xFE80, 0xFE80, 0xFE60, 0xFEC0, 0xAC60,
    0x0000, 0x2900, 0xF680, 0xFE60, 0xFE60, 0xFEA0, 0xF640, 0x0820, 0x3140, 0xE5E0, 0xFEC0, 0xFE60,
    0xFE60, 0xFE60, 0xFE80, 0xE5E0, 0x18E0, 0x2800, 0x2080, 0xE600, 0xFE80, 0xFE60, 0xFE60, 0xF620,
    0x3960, 0x0000, 0xCD20, 0xFEA0, 0xFE60, 0xFE80, 0xFE60, 0xFE80, 0x49E0, 0x0000, 0x0000, 0x5A40,
    0xEE20, 0xFE60, 0xFE60, 0xFE60, 0xFE80, 0xFE80, 0xFE80, 0xFE40, 0xFE40, 0xFE80, 0xFE80, 0xFEC0,
    0xC540, 0x3160, 0x51E0, 0xEDE0, 0xFE60, 0xFE60, 0xFE60, 0xFEE0, 0x9C20, 0x0800, 0x2800, 0x39C0,
    0xEE00, 0xFE80, 0xFE80, 0xFE80, 0xFEC0, 0x39C0, 0x2000, 0x5000, 0x5000, 0x3800, 0x0000, 0x0000,
    0x0000, 0x0000, 0x0000, 0x0000, 0x0000, 0x0000, 0x0000, 0x0000, 0x0000, 0x0000, 0x0000, 0x0000,
    0x0000, 0x0000, 0x0000, 0x0000, 0x0000, 0x0000, 0x0000, 0x0000, 0x0000, 0x0000, 0x0000, 0x0000,
    0x0000, 0x0000, 0x0000, 0x0000, 0x0000, 0x0000, 0x0000, 0x0000, 0x0000, 0x0000, 0x0000, 0x0000,
    0x0000, 0x0000, 0x0000, 0x0000, 0x0000, 0x0000, 0x0000, 0x0000, 0x0000, 0x0000, 0x0000, 0x0000,
    0x0000, 0x0000, 0x0000, 0x0000, 0x0000, 0x0000, 0x0000, 0x0000, 0x0000, 0x0000, 0x0000, 0x0000,
    0x0000, 0x0000, 0x0000, 0x0000, 0x0000, 0x0000, 0x0000, 0x0000, 0x0000, 0x0000, 0x0000, 0x0000,
    0x0000, 0x0000, 0x0000, 0x0000, 0x0000, 0x0000, 0x0000, 0x0000, 0x0000, 0x0000, 0x0000, 0x0000,
    0x0000, 0x0000, 0x0000, 0x0000, 0x0000, 0x0000, 0x0000, 0x0000, 0x0000, 0x0000, 0x0000, 0x0000,
    0x0000, 0x0000, 0x0000, 0x0000, 0x0000, 0x0000, 0x0000, 0x0000, 0x0000, 0x0000, 0x0000, 0x0000,
    0x0000, 0x0000, 0x0000, 0x0000, 0x0000, 0x0000, 0x0000, 0x0000, 0x0000, 0x0000, 0x0000, 0x0000,
    0x0000, 0x0000, 0x0000, 0x0000, 0x0000, 0x0000, 0x0000, 0x0000, 0x0000, 0x0000, 0x0000, 0x0000,
    0x0000, 0x0000, 0x0000, 0x93E0, 0xFEC0, 0xFE40, 0xFE80, 0xFE60, 0xFE80, 0xFE60, 0xFEC0, 0xFE60,
    0xE520, 0xFE40, 0xFE80, 0xFE80, 0xFE80, 0xFE80, 0xF660, 0x6280, 0x49E0, 0xFEC0, 0xFE80, 0xFE60,
    0xFE80, 0xFE60, 0x0840, 0x5240, 0xFEE0, 0xFE60, 0xFE80, 0xFE80, 0xFE80, 0xFE80, 0xFEC0, 0x6AA0,
    0x0000, 0x62A0, 0xFEA0, 0xFE60, 0xFE80, 0xFEC0, 0xAC60, 0x5A60, 0xF680, 0xFEA0, 0xFE40, 0xFE80,
    0xFE60, 0xFEA0, 0xF640, 0x2960, 0x2800, 0x2800, 0x41E0, 0xFE80, 0xFE60, 0xFE80, 0xFE60, 0xCD40,
    0x1840, 0x1800, 0x41C0, 0xFEA0, 0xFE60, 0xFE80, 0xFE60, 0xFEC0, 0xB480, 0x0000, 0x0840, 0xE5C0,
    0xFE80, 0xFE20, 0xFE40, 0xFE60, 0xFE60, 0xFE60, 0xFE80, 0xFEC0, 0xFEC0, 0xF640, 0xAC80, 0x6280,
    0x1880, 0x0000, 0x7300, 0xF620, 0xFE80, 0xFE60, 0xFE80, 0xFE80, 0x2100, 0x3800, 0x2800, 0x2120,
    0xE5E0, 0xFE80, 0xCD20, 0xFEC0, 0x93C0, 0x0800, 0x4800, 0x4800, 0x5800, 0x0800, 0x0000, 0x0000,
    0x0000, 0x0000, 0x0000, 0x0000, 0x0000, 0x0000, 0x0000, 0x0000, 0x0000, 0x0000, 0x0000, 0x0000,
    0x0000, 0x0000, 0x0000, 0x0000, 0x0000, 0x0000, 0x0000, 0x0000, 0x0000, 0x0000, 0x0000, 0x0000,
    0x0000, 0x0000, 0x0000, 0x0000, 0x0000, 0x0000, 0x0000, 0x0000, 0x0000, 0x0000, 0x0000, 0x0000,
    0x0000, 0x0000, 0x0000, 0x0000, 0x0000, 0x0000, 0x0000, 0x0000, 0x0000, 0x0000, 0x0000, 0x0000,
    0x0000, 0x0000, 0x0000, 0x0000, 0x0000, 0x0000, 0x0000, 0x0000, 0x0000, 0x0000, 0x0000, 0x0000,
    0x0000, 0x0000, 0x0000, 0x0000, 0x0000, 0x0000, 0x0000, 0x0000, 0x0000, 0x0000, 0x0000, 0x0000,
    0x0000, 0x0000, 0x0000, 0x0000, 0x0000, 0x0000, 0x0000, 0x0000, 0x0000, 0x0000, 0x0000, 0x0000,
    0x0000, 0x0000, 0x0000, 0x0000, 0x0000, 0x0000, 0x0000, 0x0000, 0x0000, 0x0000, 0x0000, 0x0000,
    0x0000, 0x0000, 0x0000, 0x0000, 0x0000, 0x0000, 0x0000, 0x0000, 0x0000, 0x0000, 0x0000, 0x0000,
    0x0000, 0x0000, 0x0000, 0x0000, 0x0000, 0x0000, 0x0000, 0x0000, 0x0000, 0x0000, 0x0000, 0x0000,
    0x0000, 0x0000, 0x0000, 0x0000, 0x0000, 0x0000, 0x0000, 0x0000, 0x0000, 0x0000, 0x0000, 0x0000,
    0x3940, 0x93C0, 0xD540, 0xFE60, 0xFE60, 0xFE60, 0xFE80, 0xFE80, 0xFE80, 0xFE60, 0xFE20, 0xFE40,
    0xF5C0, 0xFE40, 0xFE80, 0xFE60, 0xFE80, 0xFE80, 0xFEA0, 0x7B20, 0x8B80, 0xFEC0, 0xFE40, 0xFE60,
    0xFEC0, 0xC4E0, 0x0000, 0x41E0, 0xFEC0, 0xFE60, 0xFE80, 0xFE80, 0xFE60, 0xFEA0, 0xEDE0, 0x28E0,
    0x0000, 0x9BE0, 0xFE60, 0xFE80, 0xFE80, 0xF640, 0xE5C0, 0xFEC0, 0xFE80, 0xFE60, 0xFE80, 0xFE60,
    0xFE80, 0xEE00, 0x39C0, 0x1000, 0x6821, 0x0800, 0x8BC0, 0xF620, 0xFE60, 0xFE40, 0xFEC0, 0x8BC0,
    0x1000, 0x5800, 0x0000, 0xAC80, 0xFEE0, 0xFE60, 0xFE60, 0xFE60, 0xF620, 0x3960, 0x0020, 0xE5C0,
    0xFE80, 0xFE20, 0xFE60, 0xFE80, 0xFEE0, 0xFF20, 0xFE80, 0xC500, 0x7B40, 0x2920, 0x0000, 0x2000,
    0x4800, 0x1800, 0x49E0, 0xEE00, 0xFEC0, 0xDDA0, 0xFF00, 0x8340, 0x0800, 0x5800, 0x3800, 0x0000,
    0xAC80, 0x7B40, 0x2900, 0x5A60, 0x0000, 0x4800, 0x5000, 0x5000, 0x3800, 0x0000, 0x0000, 0x0000,
    0x0000, 0x0000, 0x0000, 0x0000, 0x0000, 0x0000, 0x0000, 0x0000, 0x0000, 0x0000, 0x0000, 0x0000,
    0x0000, 0x0000, 0x0000, 0x0000, 0x0000, 0x0000, 0x0000, 0x0000, 0x0000, 0x0000, 0x0000, 0x0000,
    0x0000, 0x0000, 0x0000, 0x0000, 0x0000, 0x0000, 0x0000, 0x0000, 0x0000, 0x0000, 0x0000, 0x0000,
    0x0000, 0x0000, 0x0000, 0x0000, 0x0000, 0x0000, 0x0000, 0x0000, 0x0000, 0x0000, 0x0000, 0x0000,
    0x0000, 0x0000, 0x0000, 0x0000, 0x0000, 0x0000, 0x0000, 0x0000, 0x0000, 0x0000, 0x0000, 0x0000,
    0x0000, 0x0000, 0x0000, 0x0000, 0x0000, 0x0000, 0x0000, 0x0000, 0x0000, 0x0000, 0x0000, 0x0000,
    0x0000, 0x0000, 0x0000, 0x0000, 0x0000, 0x0000, 0x0000, 0x0000, 0x0000, 0x0000, 0x0000, 0x0000,
    0x0000, 0x0000, 0x0000, 0x0000, 0x0000, 0x0000, 0x0000, 0x0000, 0x0000, 0x0000, 0x0000, 0x0000,
    0x0000, 0x0000, 0x0000, 0x0000, 0x0000, 0x0000, 0x0000, 0x0000, 0x0000, 0x0000, 0x0000, 0x0000,
    0x0000, 0x0000, 0x0000, 0x0000, 0x0000, 0x0000, 0x0000, 0x0000, 0x0000, 0x0000, 0x0000, 0x0000,
    0x0000, 0x0000, 0x0000, 0x0000, 0x0000, 0x0000, 0x0000, 0x0000, 0x0000, 0x0000, 0x20C0, 0x4A20,
    0xDDA0, 0xFEE0, 0xFE60, 0xFE40, 0xFE60, 0xFE60, 0xFE60, 0xFE80, 0xFE60, 0xF620, 0xFE20, 0xFE60,
    0xFE80, 0xFE60, 0xFE80, 0xFE60, 0xFE80, 0xFE60, 0x6280, 0x0000, 0xA400, 0xFEC0, 0xFE40, 0xFE60,
    0xFEA0, 0x72E0, 0x0000, 0x3140, 0xFE80, 0xFE80, 0xFE60, 0xFE60, 0xFE60, 0xFEC0, 0xB4A0, 0x0000,
    0x20A0, 0xB4A0, 0xF600, 0xF640, 0xFE80, 0xFE80, 0xFE80, 0xFE40, 0xFE60, 0xFE60, 0xFE80, 0xFEA0,
    0xE5A0, 0x2940, 0x1000, 0x5820, 0x4000, 0x1060, 0xB4A0, 0xF620, 0xFE80, 0xFE60, 0xFEC0, 0x39A0,
    0x3000, 0x5820, 0x2800, 0x2100, 0xF660, 0xFE60, 0xFE80, 0xFE60, 0xFEC0, 0xAC60, 0x0000, 0x7300,
    0xE5C0, 0xFEA0, 0xFEE0, 0xF640, 0xCD60, 0x7B80, 0x2900, 0x0800, 0x1000, 0x3000, 0x5000, 0x5821,
    0x5821, 0x0000, 0x2100, 0xDDC0, 0x7300, 0x5A40, 0x8BC0, 0x0000, 0x3800, 0x4800, 0x4800, 0x0800,
    0x0880, 0x0800, 0x0800, 0x1000, 0x4000, 0x4800, 0x4800, 0x5000, 0x0800, 0x0000, 0x0000, 0x0000,
    0x0000, 0x0000, 0x0000, 0x0000, 0x0000, 0x0000, 0x0000, 0x0000, 0x0000, 0x0000, 0x0000, 0x0000,
    0x0000, 0x0000, 0x0000, 0x0000, 0x0000, 0x0000, 0x0000, 0x0000, 0x0000, 0x0000, 0x0000, 0x0000,
    0x0000, 0x0000, 0x0000, 0x0000, 0x0000, 0x0000, 0x0000, 0x0000, 0x0000, 0x0000, 0x0000, 0x0000,
    0x0000, 0x0000, 0x0000, 0x0000, 0x0000, 0x0000, 0x0000, 0x0000, 0x0000, 0x0000, 0x0000, 0x0000,
    0x0000, 0x0000, 0x0000, 0x0000, 0x0000, 0x0000, 0x0000, 0x0000, 0x0000, 0x0000, 0x0000, 0x0000,
    0x0000, 0x0000, 0x0000, 0x0000, 0x0000, 0x0000, 0x0000, 0x0000, 0x0000, 0x0000, 0x0000, 0x0000,
    0x0000, 0x0000, 0x0000, 0x0000, 0x0000, 0x0000, 0x0000, 0x0000, 0x0000, 0x0000, 0x0000, 0x0000,
    0x0000, 0x0000, 0x0000, 0x0000, 0x0000, 0x0000, 0x0000, 0x0000, 0x0000, 0x0000, 0x0000, 0x0000,
    0x0000, 0x0000, 0x0000, 0x0000, 0x0000, 0x0000, 0x0000, 0x0000, 0x0000, 0x0000, 0x0000, 0x0000,
    0x0000, 0x0000, 0x0000, 0x0000, 0x0000, 0x0000, 0x0000, 0x0000, 0x0000, 0x0000, 0x0000, 0x0000,
    0x0000, 0x0000, 0x0000, 0x0000, 0x0000, 0x0000, 0x0000, 0x0000, 0x0000, 0x0000, 0x1080, 0x6280,
    0xEDE0, 0xFE20, 0xF5C0, 0xFE40, 0xFE60, 0xFE60, 0xFE60, 0xFE40, 0xFE60, 0xFEC0, 0xFEC0, 0xE5A0,
    0xDDA0, 0xFE80, 0xFE60, 0xFE60, 0xFEA0, 0xEE20, 0x0800, 0x1040, 0xE600, 0xFE80, 0xFE40, 0xFE60,
    0xF620, 0x3980, 0x2000, 0x20C0, 0xF620, 0xFE60, 0xFE60, 0xFE60, 0xFE60, 0xFEC0, 0x6AC0, 0x0000,
    0x2920, 0xB4A0, 0xF660, 0xF620, 0xFE80, 0xFE60, 0xFE60, 0xFE60, 0xFE80, 0xFE80, 0xFEC0, 0xBCC0,
    0x18E0, 0x2000, 0x5800, 0x5820, 0x3000, 0x39A0, 0xB4A0, 0xFE60, 0xFE60, 0xFEA0, 0xDDC0, 0x1020,
    0x4800, 0x5000, 0x2800, 0x0000, 0x8360, 0xFE80, 0xFE60, 0xFE80, 0xF620, 0xEE00, 0x49C0, 0x0000,
    0x62A0, 0xDDC0, 0xA460, 0x2920, 0x0800, 0x1800, 0x3800, 0x5000, 0x5821, 0x5001, 0x5000, 0x5000,
    0x5801, 0x4800, 0x0860, 0x4A00, 0x0000, 0x0020, 0x1800, 0x4800, 0x4800, 0x5000, 0x3000, 0x2800,
    0x3800, 0x4000, 0x5000, 0x5000, 0x5000, 0x4000, 0x5000, 0x3000, 0x0000, 0x0000, 0x0000, 0x0000,
    0x0000, 0x0000, 0x0000, 0x0000, 0x0000, 0x0000, 0x0000, 0x0000, 0x0000, 0x0000, 0x0000, 0x0000,
    0x0000, 0x0000, 0x0000, 0x0000, 0x0000, 0x0000, 0x0000, 0x0000, 0x0000, 0x0000, 0x0000, 0x0000,
    0x0000, 0x0000, 0x0000, 0x0000, 0x0000, 0x0000, 0x0000, 0x0000, 0x0000, 0x0000, 0x0000, 0x0000,
    0x0000, 0x0000, 0x0000, 0x0000, 0x0000, 0x0000, 0x0000, 0x0000, 0x0000, 0x0000, 0x0000, 0x0000,
    0x0000, 0x0000, 0x0000, 0x0000, 0x0000, 0x0000, 0x0000, 0x0000, 0x0000, 0x0000, 0x0000, 0x0000,
    0x0000, 0x0000, 0x0000, 0x0000, 0x0000, 0x0000, 0x0000, 0x0000, 0x0000, 0x0000, 0x0000, 0x0000,
    0x0000, 0x0000, 0x0000, 0x0000, 0x0000, 0x0000, 0x0000, 0x0000, 0x0000, 0x0000, 0x0000, 0x0000,
    0x0000, 0x0000, 0x0000, 0x0000, 0x0000, 0x0000, 0x0000, 0x0000, 0x0000, 0x0000, 0x0000, 0x0000,
    0x0000, 0x0000, 0x0000, 0x0000, 0x0000, 0x0000, 0x0000, 0x0000, 0x0000, 0x0000, 0x0000, 0x0000,
    0x0000, 0x0000, 0x0000, 0x0000, 0x0000, 0x0000, 0x0000, 0x0000, 0x0000, 0x0000, 0x0000, 0x0000,
    0x0000, 0x0000, 0x0000, 0x0000, 0x0000, 0x0000, 0x0000, 0x0000, 0x0000, 0x0840, 0x9BE0, 0xFEC0,
    0xFE80, 0xFE40, 0xFE00, 0xFE40, 0xFE60, 0xFE60, 0xFEA0, 0xFEE0, 0xFEA0, 0xCD40, 0x7B60, 0x18A0,
    0x7300, 0xFEC0, 0xFE40, 0xFE60, 0xFEA0, 0xDDC0, 0x0000, 0x41A0, 0xFE60, 0xFE40, 0xFE40, 0xFE60,
    0xD560, 0x1040, 0x3800, 0x1860, 0xDDA0, 0xFE80, 0xFE60, 0xFE60, 0xFE80, 0xFEA1, 0x3960, 0x0000,
    0x49E0, 0xE5C0, 0xFEA0, 0xFE80, 0xFE60, 0xFE20, 0xFE40, 0xFE80, 0xFE80, 0xF620, 0x7B60, 0x0000,
    0x3000, 0x5820, 0x4800, 0x5000, 0x2000, 0x3160, 0xC4E0, 0xFEE0, 0xB460, 0xFE60, 0x5220, 0x1000,
    0x4800, 0x5000, 0x0800, 0x0800, 0x1060, 0xCD60, 0xFE40, 0xFE60, 0xFE40, 0xE5A0, 0x8BC0, 0x0000,
    0x1000, 0x1020, 0x1000, 0x2800, 0x4800, 0x5020, 0x5000, 0x4800, 0x4800, 0x4800, 0x5000, 0x5801,
    0x6000, 0x4800, 0x2800, 0x1000, 0x3800, 0x3800, 0x5000, 0x5000, 0x4000, 0x5000, 0x1000, 0x1800,
    0x6000, 0x4800, 0x4000, 0x4000, 0x4000, 0x5000, 0x4800, 0x0000, 0x0000, 0x0000, 0x0000, 0x0000,
    0x0000, 0x0000, 0x0000, 0x0000, 0x0000, 0x0000, 0x0000, 0x0000, 0x0000, 0x0000, 0x0000, 0x0000,
    0x0000, 0x0000, 0x0000, 0x0000, 0x0000, 0x0000, 0x0000, 0x0000, 0x0000, 0x0000, 0x0000, 0x0000,
    0x0000, 0x0000, 0x0000, 0x0000, 0x0000, 0x0000, 0x0000, 0x0000, 0x0000, 0x0000, 0x0000, 0x0000,
    0x0000, 0x0000, 0x0000, 0x0000, 0x0000, 0x0000, 0x0000, 0x0000, 0x0000, 0x0000, 0x0000, 0x0000,
    0x0000, 0x0000, 0x0000, 0x0000, 0x0000, 0x0000, 0x0000, 0x0000, 0x0000, 0x0000, 0x0000, 0x0000,
    0x0000, 0x0000, 0x0000, 0x0000, 0x0000, 0x0000, 0x0000, 0x0000, 0x0000, 0x0000, 0x0000, 0x0000,
    0x0000, 0x0000, 0x0000, 0x0000, 0x0000, 0x0000, 0x0000, 0x0000, 0x0000, 0x0000, 0x0000, 0x0000,
    0x0000, 0x0000, 0x0000, 0x0000, 0x0000, 0x0000, 0x0000, 0x0000, 0x0000, 0x0000, 0x0000, 0x0000,
    0x0000, 0x0000, 0x0000, 0x0000, 0x0000, 0x0000, 0x0000, 0x0000, 0x0000, 0x0000, 0x0000, 0x0000,
    0x0000, 0x0000, 0x0000, 0x0000, 0x0000, 0x0000, 0x0000, 0x0000, 0x0000, 0x0000, 0x0000, 0x0000,
    0x0000, 0x0000, 0x0000, 0x0000, 0x0000, 0x0000, 0x0000, 0x0000, 0x0000, 0x0000, 0x51E0, 0xF620,
    0xFE40, 0xFE40, 0xFE40, 0xFE40, 0xFE60, 0xFEA0, 0xE5E0, 0x83A0, 0x39A0, 0x0800, 0x1800, 0x0000,
    0x8BA0, 0xFEE0, 0xFE60, 0xFE60, 0xFEA0, 0xC500, 0x0000, 0x72E0, 0xF620, 0xFE60, 0xFE40, 0xFEA0,
    0xAC60, 0x1000, 0x5800, 0x1000, 0xC500, 0xFE80, 0xFE40, 0xFE40, 0xFEA0, 0xE5E0, 0x0820, 0x7B20,
    0xFEA0, 0xFE60, 0xFE60, 0xFE60, 0xFE60, 0xFE60, 0xFE80, 0xEDE0, 0xAC80, 0x3180, 0x0800, 0x4000,
    0x5000, 0x4800, 0x4800, 0x5000, 0x0800, 0x18C0, 0xD560, 0x8B80, 0x3120, 0x6B20, 0x0000, 0x4000,
    0x5000, 0x4000, 0x0000, 0x0800, 0x1000, 0x3180, 0xCD20, 0xFE60, 0xFE80, 0xE5C0, 0x8340, 0x2920,
    0x3800, 0x5000, 0x5000, 0x5000, 0x4800, 0x4800, 0x4800, 0x5000, 0x6000, 0x6000, 0x4800, 0x2800,
    0x1000, 0x0000, 0x5800, 0x6000, 0x4800, 0x4800, 0x4000, 0x4000, 0x5000, 0x3000, 0x0000, 0x0000,
    0x3800, 0x5800, 0x5800, 0x5800, 0x6000, 0x4800, 0x0000, 0x0000, 0x0000, 0x0000, 0x0000, 0x0000,
    0x0000, 0x0000, 0x0000, 0x0000, 0x0000, 0x0000, 0x0000, 0x0000, 0x0000, 0x0000, 0x0000, 0x0000,
    0x0000, 0x0000, 0x0000, 0x0000, 0x0000, 0x0000, 0x0000, 0x0000, 0x0000, 0x0000, 0x0000, 0x0000,
    0x0000, 0x0000, 0x0000, 0x0000, 0x0000, 0x0000, 0x0000, 0x0000, 0x0000, 0x0000, 0x0000, 0x0000,
    0x0000, 0x0000, 0x0000, 0x0000, 0x0000, 0x0000, 0x0000, 0x0000, 0x0000, 0x0000, 0x0000, 0x0000,
    0x0000, 0x0000, 0x0000, 0x0000, 0x0000, 0x0000, 0x0000, 0x0000, 0x0000, 0x0000, 0x0000, 0x0000,
    0x0000, 0x0000, 0x0000, 0x0000, 0x0000, 0x0000, 0x0000, 0x0000, 0x0000, 0x0000, 0x0000, 0x0000,
    0x0000, 0x0000, 0x0000, 0x0000, 0x0000, 0x0000, 0x0000, 0x0000, 0x0000, 0x0000, 0x0000, 0x0000,
    0x0000, 0x0000, 0x0000, 0x0000, 0x0000, 0x0000, 0x0000, 0x0000, 0x0000, 0x0000, 0x0000, 0x0000,
    0x0000, 0x0000, 0x0000, 0x0000, 0x0000, 0x0000, 0x0000, 0x0000, 0x0000, 0x0000, 0x0000, 0x0000,
    0x0000, 0x0000, 0x0000, 0x0000, 0x0000, 0x0000, 0x0000, 0x0000, 0x0000, 0x0000, 0x0000, 0x0000,
    0x0000, 0x0000, 0x0000, 0x0000, 0x0000, 0x0000, 0x0000, 0x0000, 0x0000, 0x18A0, 0xB4A0, 0xFE80,
    0xFE40, 0xFE20, 0xFE20, 0xFE20, 0xFE40, 0xFEA0, 0x41A0, 0x1000, 0x3000, 0x4800, 0x5821, 0x0800,
    0x9400, 0xFF00, 0xFE60, 0xFE60, 0xFEA0, 0xAC60, 0x0000, 0x9C20, 0xF620, 0xFE80, 0xFE40, 0xFEE0,
    0x5A80, 0x1800, 0x5820, 0x1000, 0x9C20, 0xFE80, 0xFE60, 0xFE60, 0xFEA0, 0x8BA0, 0x1880, 0xCD20,
    0xFEC0, 0xFE40, 0xFE40, 0xFEA0, 0xFEE0, 0xEE20, 0xA440, 0x41E0, 0x0800, 0x2800, 0x5000, 0x5000,
    0x4800, 0x5000, 0x5800, 0x2000, 0x0000, 0x20C0, 0x83A0, 0x0020, 0x0020, 0x1800, 0x5000, 0x4800,
    0x5000, 0x2000, 0x0000, 0x0000, 0x1800, 0x0000, 0x41E0, 0xBCE0, 0xFEE1, 0xE5A0, 0x6280, 0x0820,
    0x3800, 0x4800, 0x4000, 0x4800, 0x5000, 0x6000, 0x5800, 0x4800, 0x3000, 0x1000, 0x0000, 0x0000,
    0x0000, 0x0000, 0x1800, 0x5000, 0x5000, 0x5800, 0x5800, 0x6000, 0x4000, 0x0800, 0x0000, 0x0000,
    0x0000, 0x5000, 0x4800, 0x2000, 0x3000, 0x0000, 0x0000, 0x0000, 0x0000, 0x0000, 0x0000, 0x0000,
    0x0000, 0x0000, 0x0000, 0x0000, 0x0000, 0x0000, 0x0000, 0x0000, 0x0000, 0x0000, 0x0000, 0x0000,
    0x0000, 0x0000, 0x0000, 0x0000, 0x0000, 0x0000, 0x0000, 0x0000, 0x0000, 0x0000, 0x0000, 0x0000,
    0x0000, 0x0000, 0x0000, 0x0000, 0x0000, 0x0000, 0x0000, 0x0000, 0x0000, 0x0000, 0x0000, 0x0000,
    0x0000, 0x0000, 0x0000, 0x0000, 0x0000, 0x0000, 0x0000, 0x0000, 0x0000, 0x0000, 0x0000, 0x0000,
    0x0000, 0x0000, 0x0000, 0x0000, 0x0000, 0x0000, 0x0000, 0x0000, 0x0000, 0x0000, 0x0000, 0x0000,
    0x0000, 0x0000, 0x0000, 0x0000, 0x0000, 0x0000, 0x0000, 0x0000, 0x0000, 0x0000, 0x0000, 0x0000,
    0x0000, 0x0000, 0x0000, 0x0000, 0x0000, 0x0000, 0x0000, 0x0000, 0x0000, 0x0000, 0x0000, 0x0000,
    0x0000, 0x0000, 0x0000, 0x0000, 0x0000, 0x0000, 0x0000, 0x0000, 0x0000, 0x0000, 0x0000, 0x0000,
    0x0000, 0x0000, 0x0000, 0x0000, 0x0000, 0x0000, 0x0000, 0x0000, 0x0000, 0x0000, 0x0000, 0x0000,
    0x0000, 0x0000, 0x0000, 0x0000, 0x0000, 0x0000, 0x0000, 0x0000, 0x0000, 0x0000, 0x0000, 0x0000,
    0x0000, 0x0000, 0x0000, 0x0000, 0x0000, 0x0000, 0x0000, 0x0000, 0x0000, 0x6AE0, 0xBD00, 0xD520,
    0xFE00, 0xFE20, 0xFE20, 0xFE40, 0xFEE0, 0xAC80, 0x0800, 0x6020, 0x5000, 0x4800, 0x5000, 0x0800,
    0xA480, 0xFEE0, 0xFE40, 0xFE40, 0xFE80, 0x8360, 0x0840, 0xAC60, 0xF640, 0xFE80, 0xFE80, 0xFE60,
    0x28E0, 0x3800, 0x5820, 0x1000, 0x5260, 0xF620, 0xFEA0, 0xBCC0, 0xD580, 0x18A0, 0x0820, 0x72E0,
    0xEE20, 0xFEC0, 0xFEE0, 0xDDA0, 0x7B20, 0x3160, 0x0800, 0x1800, 0x4800, 0x5800, 0x5000, 0x5000,
    0x5800, 0x5000, 0x1800, 0x0000, 0x0000, 0x0800, 0x0840, 0x2800, 0x3000, 0x4800, 0x5800, 0x4800,
    0x4800, 0x0000, 0x0000, 0x0000, 0x0000, 0x3000, 0x0800, 0x1080, 0x9C20, 0x7B20, 0x9C40, 0x1880,
    0x3800, 0x5000, 0x5800, 0x5800, 0x4000, 0x3000, 0x1000, 0x0000, 0x0000, 0x0000, 0x0000, 0x0000,
    0x0000, 0x0000, 0x0000, 0x3800, 0x6000, 0x6000, 0x4000, 0x3800, 0x0000, 0x0000, 0x0000, 0x0000,
    0x0000, 0x0800, 0x0000, 0x0000, 0x0000, 0x0000, 0x0000, 0x0000, 0x0000, 0x0000, 0x0000, 0x0000,
    0x0000, 0x0000, 0x0000, 0x0000, 0x0000, 0x0000, 0x0000, 0x0000, 0x0000, 0x0000, 0x0000, 0x0000,
    0x0000, 0x0000, 0x0000, 0x0000, 0x0000, 0x0000, 0x0000, 0x0000, 0x0000, 0x0000, 0x0000, 0x0000,
    0x0000, 0x0000, 0x0000, 0x0000, 0x0000, 0x0000, 0x0000, 0x0000, 0x0000, 0x0000, 0x0000, 0x0000,
    0x0000, 0x0000, 0x0000, 0x0000, 0x0000, 0x0000, 0x0000, 0x0000, 0x0000, 0x0000, 0x0000, 0x0000,
    0x0000, 0x0000, 0x0000, 0x0000, 0x0000, 0x0000, 0x0000, 0x0000, 0x0000, 0x0000, 0x0000, 0x0000,
    0x0000, 0x0000, 0x0000, 0x0000, 0x0000, 0x0000, 0x0000, 0x0000, 0x0000, 0x0000, 0x0000, 0x0000,
    0x0000, 0x0000, 0x0000, 0x0000, 0x0000, 0x0000, 0x0000, 0x0000, 0x0000, 0x0000, 0x0000, 0x0000,
    0x0000, 0x0000, 0x0000, 0x0000, 0x0000, 0x0000, 0x0000, 0x0000, 0x0000, 0x0000, 0x0000, 0x0000,
    0x0000, 0x0000, 0x0000, 0x0000, 0x0000, 0x0000, 0x0000, 0x0000, 0x0000, 0x0000, 0x0000, 0x0000,
    0x0000, 0x0000, 0x0000, 0x0000, 0x0000, 0x0000, 0x0000, 0x0000, 0x0000, 0x0000, 0x0000, 0x0000,
    0x0000, 0x0000, 0x0000, 0x0000, 0x0000, 0x0000, 0x0000, 0x0000, 0x0800, 0x0000, 0x1060, 0xDD20,
    0xFE20, 0xFE60, 0xFE60, 0xFE80, 0xEE40, 0x18C0, 0x3000, 0x4800, 0x4000, 0x5000, 0x6800, 0x1800,
    0xA440, 0xFE20, 0xFE20, 0xFE40, 0xFE80, 0x6AC0, 0x2900, 0xB480, 0xFEC0, 0xF600, 0xFE60, 0xC500,
    0x1000, 0x5000, 0x5000, 0x1800, 0x0020, 0xAC60, 0xA400, 0x20E0, 0x5A80, 0x0000, 0x0000, 0x3980,
    0xCD40, 0xCD80, 0x62A0, 0x0020, 0x0000, 0x2800, 0x4800, 0x5000, 0x5000, 0x4800, 0x5000, 0x5800,
    0x4000, 0x0800, 0x0000, 0x0000, 0x0000, 0x4000, 0x4800, 0x5000, 0x5000, 0x4000, 0x4000, 0x5800,
    0x3000, 0x0000, 0x0000, 0x0000, 0x0000, 0x1000, 0x5000, 0x2800, 0x0020, 0x0000, 0x3140, 0x3160,
    0x0000, 0x1000, 0x3000, 0x1800, 0x0000, 0x0000, 0x0000, 0x0000, 0x0000, 0x0000, 0x0000, 0x0000,
    0x0000, 0x0000, 0x0000, 0x0000, 0x2000, 0x0000, 0x0000, 0x0000, 0x0000, 0x0000, 0x0000, 0x0000,
    0x0000, 0x0000, 0x0000, 0x0000, 0x0000, 0x0000, 0x0000, 0x0000, 0x0000, 0x0000, 0x0000, 0x0000,
    0x0000, 0x0000, 0x0000, 0x0000, 0x0000, 0x0000, 0x0000, 0x0000, 0x0000, 0x0000, 0x0000, 0x0000,
    0x0000, 0x0000, 0x0000, 0x0000, 0x0000, 0x0000, 0x0000, 0x0000, 0x0000, 0x0000, 0x0000, 0x0000,
    0x0000, 0x0000, 0x0000, 0x0000, 0x0000, 0x0000, 0x0000, 0x0000, 0x0000, 0x0000, 0x0000, 0x0000,
    0x0000, 0x0000, 0x0000, 0x0000, 0x0000, 0x0000, 0x0000, 0x0000, 0x0000, 0x0000, 0x0000, 0x0000,
    0x0000, 0x0000, 0x0000, 0x0000, 0x0000, 0x0000, 0x0000, 0x0000, 0x0000, 0x0000, 0x0000, 0x0000,
    0x0000, 0x0000, 0x0000, 0x0000, 0x0000, 0x0000, 0x0000, 0x0000, 0x0000, 0x0000, 0x0000, 0x0000,
    0x0000, 0x0000, 0x0000, 0x0000, 0x0000, 0x0000, 0x0000, 0x0000, 0x0000, 0x0000, 0x0000, 0x0000,
    0x0000, 0x0000, 0x0000, 0x0000, 0x0000, 0x0000, 0x0000, 0x0000, 0x0000, 0x0000, 0x0000, 0x0000,
    0x0000, 0x0000, 0x0000, 0x0000, 0x0000, 0x0000, 0x0000, 0x0000, 0x0000, 0x0000, 0x0000, 0x0000,
    0x0000, 0x0000, 0x0000, 0x0000, 0x0000, 0x0000, 0x0000, 0x0000, 0x0000, 0x0000, 0x0000, 0x0000,
    0x0000, 0x0000, 0x0000, 0x0000, 0x0000, 0x0000, 0x0000, 0x0000, 0x0000, 0x0000, 0xA420, 0xFE60,
    0xFE40, 0xFE40, 0xFE40, 0xFEE0, 0x7300, 0x1000, 0x5000, 0x4800, 0x5000, 0x3800, 0x3000, 0x0000,
    0xA420, 0xFE40, 0xFE60, 0xFE40, 0xF620, 0x5240, 0x0840, 0xAC60, 0xFEE0, 0x93C0, 0xEE00, 0x41C0,
    0x1800, 0x5000, 0x4000, 0x0000, 0x0000, 0x41E0, 0x10A0, 0x0000, 0x1000, 0x3000, 0x0040, 0x5280,
    0x3980, 0x0800, 0x2000, 0x4000, 0x5000, 0x5000, 0x4800, 0x4800, 0x4800, 0x5800, 0x5000, 0x2000,
    0x0000, 0x0000, 0x0000, 0x0000, 0x0000, 0x3800, 0x5800, 0x4000, 0x4800, 0x5800, 0x5800, 0x4000,
    0x0000, 0x0000, 0x0000, 0x0000, 0x0000, 0x0000, 0x3000, 0x5000, 0x3800, 0x4000, 0x2800, 0x1000,
    0x1800, 0x0000, 0x0000, 0x0000, 0x0000, 0x0000, 0x0000, 0x0000, 0x0000, 0x0000, 0x0000, 0x0000,
    0x0000, 0x0000, 0x0000, 0x0000, 0x0000, 0x0000, 0x0000, 0x0000, 0x0000, 0x0000, 0x0000, 0x0000,
    0x0000, 0x0000, 0x0000, 0x0000, 0x0000, 0x0000, 0x0000, 0x0000, 0x0000, 0x0000, 0x0000, 0x0000,
    0x0000, 0x0000, 0x0000, 0x0000, 0x0000, 0x0000, 0x0000, 0x0000, 0x0000, 0x0000, 0x0000, 0x0000,
    0x0000, 0x0000, 0x0000, 0x0000, 0x0000, 0x0000, 0x0000, 0x0000, 0x0000, 0x0000, 0x0000, 0x0000,
    0x0000, 0x0000, 0x0000, 0x0000, 0x0000, 0x0000, 0x0000, 0x0000, 0x0000, 0x0000, 0x0000, 0x0000,
    0x0000, 0x0000, 0x0000, 0x0000, 0x0000, 0x0000, 0x0000, 0x0000, 0x0000, 0x0000, 0x0000, 0x0000,
    0x0000, 0x0000, 0x0000, 0x0000, 0x0000, 0x0000, 0x0000, 0x0000, 0x0000, 0x0000, 0x0000, 0x0000,
    0x0000, 0x0000, 0x0000, 0x0000, 0x0000, 0x0000, 0x0000, 0x0000, 0x0000, 0x0000, 0x0000, 0x0000,
    0x0000, 0x0000, 0x0000, 0x0000, 0x0000, 0x0000, 0x0000, 0x0000, 0x0000, 0x0000, 0x0000, 0x0000,
    0x0000, 0x0000, 0x0000, 0x0000, 0x0000, 0x0000, 0x0000, 0x0000, 0x0000, 0x0000, 0x0000, 0x0000,
    0x0000, 0x0000, 0x0000, 0x0000, 0x0000, 0x0000, 0x0000, 0x0000, 0x0000, 0x0000, 0x0000, 0x0000,
    0x0000, 0x0000, 0x0000, 0x0000, 0x0000, 0x0000, 0x0000, 0x0000, 0x0000, 0x0000, 0x0000, 0x0000,
    0x0000, 0x0000, 0x0000, 0x0000, 0x0000, 0x0000, 0x0000, 0x0000, 0x0000, 0x3980, 0xFE60, 0xFE20,
    0xFE60, 0xFE40, 0xFEC0, 0xB4A0, 0x0000, 0x5000, 0x5000, 0x5800, 0x2000, 0x0000, 0x0000, 0x0000,
    0xACA0, 0xFE60, 0xFE60, 0xFE20, 0xDD80, 0x3140, 0x0000, 0xBCE0, 0x93C0, 0x20E0, 0x62C0, 0x0000,
    0x4800, 0x5000, 0x3800, 0x0000, 0x2000, 0x2000, 0x1800, 0x3800, 0x4800, 0x4800, 0x3800, 0x1000,
    0x2000, 0x4800, 0x5020, 0x5000, 0x4800, 0x4000, 0x4800, 0x5800, 0x5800, 0x3800, 0x0800, 0x0000,
    0x0000, 0x0000, 0x0000, 0x0000, 0x0000, 0x0000, 0x5000, 0x6800, 0x5800, 0x4000, 0x3800, 0x0000,
    0x0000, 0x0000, 0x0000, 0x0000, 0x0000, 0x0000, 0x0000, 0x4000, 0x5800, 0x4800, 0x4800, 0x5000,
    0x5800, 0x0800, 0x0000, 0x0000, 0x0000, 0x0000, 0x0000, 0x0000, 0x0000, 0x0000, 0x0000, 0x0000,
    0x0000, 0x0000, 0x0000, 0x0000, 0x0000, 0x0000, 0x0000, 0x0000, 0x0000, 0x0000, 0x0000, 0x0000,
    0x0000, 0x0000, 0x0000, 0x0000, 0x0000, 0x0000, 0x0000, 0x0000, 0x0000, 0x0000, 0x0000, 0x0000,
    0x0000, 0x0000, 0x0000, 0x0000, 0x0000, 0x0000, 0x0000, 0x0000, 0x0000, 0x0000, 0x0000, 0x0000,
    0x0000, 0x0000, 0x0000, 0x0000, 0x0000, 0x0000, 0x0000, 0x0000, 0x0000, 0x0000, 0x0000, 0x0000,
    0x0000, 0x0000, 0x0000, 0x0000, 0x0000, 0x0000, 0x0000, 0x0000, 0x0000, 0x0000, 0x0000, 0x0000,
    0x0000, 0x0000, 0x0000, 0x0000, 0x0000, 0x0000, 0x0000, 0x0000, 0x0000, 0x0000, 0x0000, 0x0000,
    0x0000, 0x0000, 0x0000, 0x0000, 0x0000, 0x0000, 0x0000, 0x0000, 0x0000, 0x0000, 0x0000, 0x0000,
    0x0000, 0x0000, 0x0000, 0x0000, 0x0000, 0x0000, 0x0000, 0x0000, 0x0000, 0x0000, 0x0000, 0x0000,
    0x0000, 0x0000, 0x0000, 0x0000, 0x0000, 0x0000, 0x0000, 0x0000, 0x0000, 0x0000, 0x0000, 0x0000,
    0x0000, 0x0000, 0x0000, 0x0000, 0x0000, 0x0000, 0x0000, 0x0000, 0x0000, 0x0000, 0x0000, 0x0000,
    0x0000, 0x0000, 0x0000, 0x0000, 0x0000, 0x0000, 0x0000, 0x0000, 0x0000, 0x0000, 0x0000, 0x0000,
    0x0000, 0x0000, 0x0000, 0x0000, 0x0000, 0x0000, 0x0000, 0x0000, 0x0000, 0x0000, 0x0000, 0x0000,
    0x0000, 0x0000, 0x0000, 0x0000, 0x0000, 0x0000, 0x0000, 0x0000, 0x0820, 0xB4C0, 0xEDE0, 0xFE40,
    0xFE40, 0xFE60, 0xFEA0, 0x2920, 0x2800, 0x5800, 0x5000, 0x5000, 0x0000, 0x0000, 0x0000, 0x0000,
    0x9C20, 0xF600, 0xFE80, 0xF600, 0xB4C0, 0x1040, 0x0020, 0x6B00, 0x18C0, 0x0000, 0x1000, 0x4000,
    0x4000, 0x5000, 0x2000, 0x0000, 0x1800, 0x6800, 0x4000, 0x4000, 0x3800, 0x4000, 0x5800, 0x4800,
    0x5000, 0x4000, 0x4000, 0x4800, 0x5000, 0x6800, 0x6000, 0x3000, 0x0800, 0x0000, 0x0000, 0x0000,
    0x0000, 0x0000, 0x0000, 0x0000, 0x0000, 0x0000, 0x1800, 0x5000, 0x0800, 0x0000, 0x0000, 0x0000,
    0x0000, 0x0000, 0x0000, 0x0000, 0x0000, 0x0000, 0x0000, 0x0800, 0x5000, 0x5800, 0x5000, 0x4800,
    0x5000, 0x1800, 0x0000, 0x0000, 0x0000, 0x0000, 0x0000, 0x0000, 0x0000, 0x0000, 0x0000, 0x0000,
    0x0000, 0x0000, 0x0000, 0x0000, 0x0000, 0x0000, 0x0000, 0x0000, 0x0000, 0x0000, 0x0000, 0x0000,
    0x0000, 0x0000, 0x0000, 0x0000, 0x0000, 0x0000, 0x0000, 0x0000, 0x0000, 0x0000, 0x0000, 0x0000,
    0x0000, 0x0000, 0x0000, 0x0000, 0x0000, 0x0000, 0x0000, 0x0000, 0x0000, 0x0000, 0x0000, 0x0000,
    0x0000, 0x0000, 0x0000, 0x0000, 0x0000, 0x0000, 0x0000, 0x0000, 0x0000, 0x0000, 0x0000, 0x0000,
    0x0000, 0x0000, 0x0000, 0x0000, 0x0000, 0x0000, 0x0000, 0x0000, 0x0000, 0x0000, 0x0000, 0x0000,
    0x0000, 0x0000, 0x0000, 0x0000, 0x0000, 0x0000, 0x0000, 0x0000, 0x0000, 0x0000, 0x0000, 0x0000,
    0x0000, 0x0000, 0x0000, 0x0000, 0x0000, 0x0000, 0x0000, 0x0000, 0x0000, 0x0000, 0x0000, 0x0000,
    0x0000, 0x0000, 0x0000, 0x0000, 0x0000, 0x0000, 0x0000, 0x0000, 0x0000, 0x0000, 0x0000, 0x0000,
    0x0000, 0x0000, 0x0000, 0x0000, 0x0000, 0x0000, 0x0000, 0x0000, 0x0000, 0x0000, 0x0000, 0x0000,
    0x0000, 0x0000, 0x0000, 0x0000, 0x0000, 0x0000, 0x0000, 0x0000, 0x0000, 0x0000, 0x0000, 0x0000,
    0x0000, 0x0000, 0x0000, 0x0000, 0x0000, 0x0000, 0x0000, 0x0000, 0x0000, 0x0000, 0x0000, 0x0000,
    0x0000, 0x0000, 0x0000, 0x0000, 0x0000, 0x0000, 0x0000, 0x0000, 0x0000, 0x0000, 0x0000, 0x0000,
    0x0000, 0x0000, 0x0000, 0x0000, 0x0000, 0x0000, 0x0000, 0x0000, 0x4A00, 0xBCC0, 0xF600, 0xFE40,
    0xF620, 0xFEC0, 0x9C20, 0x0800, 0x5800, 0x4000, 0x5000, 0x1800, 0x0000, 0x0000, 0x0000, 0x0020,
    0x5A60, 0xE5C0, 0xF660, 0x9C00, 0x9C40, 0x1040, 0x2000, 0x0000, 0x2000, 0x3800, 0x4800, 0x5000,
    0x4000, 0x5000, 0x0800, 0x0000, 0x0000, 0x4000, 0x4800, 0x4000, 0x4800, 0x5000, 0x1800, 0x3000,
    0x5000, 0x6000, 0x6800, 0x6800, 0x5800, 0x3800, 0x0800, 0x0000, 0x0000, 0x0000, 0x0000, 0x0000,
    0x0000, 0x0000, 0x0000, 0x0000, 0x0000, 0x0000, 0x0000, 0x0000, 0x0000, 0x0000, 0x0000, 0x0000,
    0x0000, 0x0000, 0x0000, 0x0000, 0x0000, 0x0000, 0x0000, 0x0000, 0x0000, 0x2800, 0x3800, 0x6000,
    0x4000, 0x0000, 0x0000, 0x0000, 0x0000, 0x0000, 0x0000, 0x0000, 0x0000, 0x0000, 0x0000, 0x0000,
    0x0000, 0x0000, 0x0000, 0x0000, 0x0000, 0x0000, 0x0000, 0x0000, 0x0000, 0x0000, 0x0000, 0x0000,
    0x0000, 0x0000, 0x0000, 0x0000, 0x0000, 0x0000, 0x0000, 0x0000, 0x0000, 0x0000, 0x0000, 0x0000,
    0x0000, 0x0000, 0x0000, 0x0000, 0x0000, 0x0000, 0x0000, 0x0000, 0x0000, 0x0000, 0x0000, 0x0000,
    0x0000, 0x0000, 0x0000, 0x0000, 0x0000, 0x0000, 0x0000, 0x0000, 0x0000, 0x0000, 0x0000, 0x0000,
    0x0000, 0x0000, 0x0000, 0x0000, 0x0000, 0x0000, 0x0000, 0x0000, 0x0000, 0x0000, 0x0000, 0x0000,
    0x0000, 0x0000, 0x0000, 0x0000, 0x0000, 0x0000, 0x0000, 0x0000, 0x0000, 0x0000, 0x0000, 0x0000,
    0x0000, 0x0000, 0x0000, 0x0000, 0x0000, 0x0000, 0x0000, 0x0000, 0x0000, 0x0000, 0x0000, 0x0000,
    0x0000, 0x0000, 0x0000, 0x0000, 0x0000, 0x0000, 0x0000, 0x0000, 0x0000, 0x0000, 0x0000, 0x0000,
    0x0000, 0x0000, 0x0000, 0x0000, 0x0000, 0x0000, 0x0000, 0x0000, 0x0000, 0x0000, 0x0000, 0x0000,
    0x0000, 0x0000, 0x0000, 0x0000, 0x0000, 0x0000, 0x0000, 0x0000, 0x0000, 0x0000, 0x0000, 0x0000,
    0x0000, 0x0000, 0x0000, 0x0000, 0x0000, 0x0000, 0x0000, 0x0000, 0x0000, 0x0000, 0x0000, 0x0000,
    0x0000, 0x0000, 0x0000, 0x0000, 0x0000, 0x0000, 0x0000, 0x0000, 0x0000, 0x0000, 0x0000, 0x0000,
    0x0000, 0x0000, 0x0000, 0x0000, 0x0000, 0x0000, 0x0000, 0x18A0, 0x5A40, 0xC4E0, 0xFEE0, 0xF620,
    0xFEA0, 0xEE00, 0x10A0, 0x3800, 0x4800, 0x5000, 0x3800, 0x0000, 0x0000, 0x0000, 0x0000, 0x0000,
    0x18A0, 0xDDC0, 0x93E0, 0x18A0, 0x4A20, 0x1000, 0x5800, 0x4800, 0x4800, 0x4800, 0x3800, 0x4000,
    0x5000, 0x3000, 0x0000, 0x0000, 0x0000, 0x0800, 0x5800, 0x6800, 0x3800, 0x3000, 0x0000, 0x0800,
    0x5800, 0x6000, 0x4000, 0x2000, 0x0000, 0x0000, 0x0000, 0x0000, 0x0000, 0x0000, 0x0000, 0x0000,
    0x0000, 0x0000, 0x0000, 0x0000, 0x0000, 0x0000, 0x0000, 0x0000, 0x0000, 0x0000, 0x0000, 0x0000,
    0x0000, 0x0000, 0x0000, 0x0000, 0x0000, 0x0000, 0x0000, 0x0000, 0x0000, 0x0000, 0x0000, 0x1800,
    0x2800, 0x0000, 0x0000, 0x0000, 0x0000, 0x0000, 0x0000, 0x0000, 0x0000, 0x0000, 0x0000, 0x0000,
    0x0000, 0x0000, 0x0000, 0x0000, 0x0000, 0x0000, 0x0000, 0x0000, 0x0000, 0x0000, 0x0000, 0x0000,
    0x0000, 0x0000, 0x0000, 0x0000, 0x0000, 0x0000, 0x0000, 0x0000, 0x0000, 0x0000, 0x0000, 0x0000,
    0x0000, 0x0000, 0x0000, 0x0000, 0x0000, 0x0000, 0x0000, 0x0000, 0x0000, 0x0000, 0x0000, 0x0000,
    0x0000, 0x0000, 0x0000, 0x0000, 0x0000, 0x0000, 0x0000, 0x0000, 0x0000, 0x0000, 0x0000, 0x0000,
    0x0000, 0x0000, 0x0000, 0x0000, 0x0000, 0x0000, 0x0000, 0x0000, 0x0000, 0x0000, 0x0000, 0x0000,
    0x0000, 0x0000, 0x0000, 0x0000, 0x0000, 0x0000, 0x0000, 0x0000, 0x0000, 0x0000, 0x0000, 0x0000,
    0x0000, 0x0000, 0x0000, 0x0000, 0x0000, 0x0000, 0x0000, 0x0000, 0x0000, 0x0000, 0x0000, 0x0000,
    0x0000, 0x0000, 0x0000, 0x0000, 0x0000, 0x0000, 0x0000, 0x0000, 0x0000, 0x0000, 0x0000, 0x0000,
    0x0000, 0x0000, 0x0000, 0x0000, 0x0000, 0x0000, 0x0000, 0x0000, 0x0000, 0x0000, 0x0000, 0x0000,
    0x0000, 0x0000, 0x0000, 0x0000, 0x0000, 0x0000, 0x0000, 0x0000, 0x0000, 0x0000, 0x0000, 0x0000,
    0x0000, 0x0000, 0x0000, 0x0000, 0x0000, 0x0000, 0x0000, 0x0000, 0x0000, 0x0000, 0x0000, 0x0000,
    0x0000, 0x0000, 0x0000, 0x0000, 0x0000, 0x0000, 0x0000, 0x0000, 0x0000, 0x0000, 0x0000, 0x0000,
    0x0000, 0x0000, 0x0000, 0x0000, 0x0000, 0x0000, 0x0000, 0x3160, 0x62A0, 0xFE80, 0xAC40, 0xBCE0,
    0xEE00, 0x39A0, 0x1800, 0x5000, 0x4000, 0x5800, 0x1000, 0x0000, 0x0000, 0x0000, 0x0000, 0x0000,
    0x0020, 0x8BA0, 0x3960, 0x0000, 0x0800, 0x3800, 0x4800, 0x4800, 0x4000, 0x5000, 0x5000, 0x6000,
    0x5000, 0x0800, 0x0000, 0x0000, 0x0000, 0x0000, 0x1800, 0x1800, 0x0000, 0x0000, 0x0000, 0x0800,
    0x1800, 0x0000, 0x0000, 0x0000, 0x0000, 0x0000, 0x0000, 0x0000, 0x0000, 0x0000, 0x0000, 0x0000,
    0x0000, 0x0000, 0x0000, 0x0000, 0x0000, 0x0000, 0x0000, 0x0000, 0x0000, 0x0000, 0x0000, 0x0000,
    0x0000, 0x0000, 0x0000, 0x0000, 0x0000, 0x0000, 0x0000, 0x0000, 0x0000, 0x0000, 0x0000, 0x0000,
    0x0000, 0x0000, 0x0000, 0x0000, 0x0000, 0x0000, 0x0000, 0x0000, 0x0000, 0x0000, 0x0000, 0x0000,
    0x0000, 0x0000, 0x0000, 0x0000, 0x0000, 0x0000, 0x0000, 0x0000, 0x0000, 0x0000, 0x0000, 0x0000,
    0x0000, 0x0000, 0x0000, 0x0000, 0x0000, 0x0000, 0x0000, 0x0000, 0x0000, 0x0000, 0x0000, 0x0000,
    0x0000, 0x0000, 0x0000, 0x0000, 0x0000, 0x0000, 0x0000, 0x0000, 0x0000, 0x0000, 0x0000, 0x0000,
    0x0000, 0x0000, 0x0000, 0x0000, 0x0000, 0x0000, 0x0000, 0x0000, 0x0000, 0x0000, 0x0000, 0x0000,
    0x0000, 0x0000, 0x0000, 0x0000, 0x0000, 0x0000, 0x0000, 0x0000, 0x0000, 0x0000, 0x0000, 0x0000,
    0x0000, 0x0000, 0x0000, 0x0000, 0x0000, 0x0000, 0x0000, 0x0000, 0x0000, 0x0000, 0x0000, 0x0000,
    0x0000, 0x0000, 0x0000, 0x0000, 0x0000, 0x0000, 0x0000, 0x0000, 0x0000, 0x0000, 0x0000, 0x0000,
    0x0000, 0x0000, 0x0000, 0x0000, 0x0000, 0x0000, 0x0000, 0x0000, 0x0000, 0x0000, 0x0000, 0x0000,
    0x0000, 0x0000, 0x0000, 0x0000, 0x0000, 0x0000, 0x0000, 0x0000, 0x0000, 0x0000, 0x0000, 0x0000,
    0x0000, 0x0000, 0x0000, 0x0000, 0x0000, 0x0000, 0x0000, 0x0000, 0x0000, 0x0000, 0x0000, 0x0000,
    0x0000, 0x0000, 0x0000, 0x0000, 0x0000, 0x0000, 0x0000, 0x0000, 0x0000, 0x0000, 0x0000, 0x0000,
    0x0000, 0x0000, 0x0000, 0x0000, 0x0000, 0x0000, 0x0000, 0x0000, 0x0000, 0x0000, 0x0000, 0x0000,
    0x0000, 0x0000, 0x0000, 0x0000, 0x0000, 0x0000, 0x0000, 0x0840, 0xAC80, 0xA420, 0x3980, 0x9BE0,
    0x2920, 0x0800, 0x4800, 0x4000, 0x5000, 0x3000, 0x0000, 0x0000, 0x0000, 0x0000, 0x0000, 0x0000,
    0x1800, 0x0860, 0x0800, 0x2800, 0x4800, 0x5000, 0x4000, 0x3000, 0x5000, 0x5800, 0x3800, 0x3000,
    0x0000, 0x0000, 0x0000, 0x0000, 0x0000, 0x0000, 0x0000, 0x0000, 0x0000, 0x0000, 0x0000, 0x0000,
    0x0000, 0x0000, 0x0000, 0x0000, 0x0000, 0x0000, 0x0000, 0x0000, 0x0000, 0x0000, 0x0000, 0x0000,
    0x0000, 0x0000, 0x0000, 0x0000, 0x0000, 0x0000, 0x0000, 0x0000, 0x0000, 0x0000, 0x0000, 0x0000,
    0x0000, 0x0000, 0x0000, 0x0000, 0x0000, 0x0000, 0x0000, 0x0000, 0x0000, 0x0000, 0x0000, 0x0000,
    0x0000, 0x0000, 0x0000, 0x0000, 0x0000, 0x0000, 0x0000, 0x0000, 0x0000, 0x0000, 0x0000, 0x0000,
    0x0000, 0x0000, 0x0000, 0x0000, 0x0000, 0x0000, 0x0000, 0x0000, 0x0000, 0x0000, 0x0000, 0x0000,
    0x0000, 0x0000, 0x0000, 0x0000, 0x0000, 0x0000, 0x0000, 0x0000, 0x0000, 0x0000, 0x0000, 0x0000,
    0x0000, 0x0000, 0x0000, 0x0000, 0x0000, 0x0000, 0x0000, 0x0000, 0x0000, 0x0000, 0x0000, 0x0000,
    0x0000, 0x0000, 0x0000, 0x0000, 0x0000, 0x0000, 0x0000, 0x0000, 0x0000, 0x0000, 0x0000, 0x0000,
    0x0000, 0x0000, 0x0000, 0x0000, 0x0000, 0x0000, 0x0000, 0x0000, 0x0000, 0x0000, 0x0000, 0x0000,
    0x0000, 0x0000, 0x0000, 0x0000, 0x0000, 0x0000, 0x0000, 0x0000, 0x0000, 0x0000, 0x0000, 0x0000,
    0x0000, 0x0000, 0x0000, 0x0000, 0x0000, 0x0000, 0x0000, 0x0000, 0x0000, 0x0000, 0x0000, 0x0000,
    0x0000, 0x0000, 0x0000, 0x0000, 0x0000, 0x0000, 0x0000, 0x0000, 0x0000, 0x0000, 0x0000, 0x0000,
    0x0000, 0x0000, 0x0000, 0x0000, 0x0000, 0x0000, 0x0000, 0x0000, 0x0000, 0x0000, 0x0000, 0x0000,
    0x0000, 0x0000, 0x0000, 0x0000, 0x0000, 0x0000, 0x0000, 0x0000, 0x0000, 0x0000, 0x0000, 0x0000,
    0x0000, 0x0000, 0x0000, 0x0000, 0x0000, 0x0000, 0x0000, 0x0000, 0x0000, 0x0000, 0x0000, 0x0000,
    0x0000, 0x0000, 0x0000, 0x0000, 0x0000, 0x0000, 0x0000, 0x0000, 0x0000, 0x0000, 0x0000, 0x0000,
    0x0000, 0x0000, 0x0000, 0x0000, 0x0000, 0x0000, 0x0000, 0x5240, 0x7B40, 0x0860, 0x2100, 0x2920,
    0x2800, 0x5000, 0x4800, 0x4800, 0x5000, 0x0000, 0x0000, 0x0000, 0x0000, 0x0000, 0x0000, 0x0000,
    0x3000, 0x3000, 0x3800, 0x4000, 0x4000, 0x4000, 0x4800, 0x0800, 0x4000, 0x1000, 0x0000, 0x0000,
    0x0000, 0x0000, 0x0000, 0x0000, 0x0000, 0x0000, 0x0000, 0x0000, 0x0000, 0x0000, 0x0000, 0x0000,
    0x0000, 0x0000, 0x0000, 0x0000, 0x0000, 0x0000, 0x0000, 0x0000, 0x0000, 0x0000, 0x0000, 0x0000,
    0x0000, 0x0000, 0x0000, 0x0000, 0x0000, 0x0000, 0x0000, 0x0000, 0x0000, 0x0000, 0x0000, 0x0000,
    0x0000, 0x0000, 0x0000, 0x0000, 0x0000, 0x0000, 0x0000, 0x0000, 0x0000, 0x0000, 0x0000, 0x0000,
    0x0000, 0x0000, 0x0000, 0x0000, 0x0000, 0x0000, 0x0000, 0x0000, 0x0000, 0x0000, 0x0000, 0x0000,
    0x0000, 0x0000, 0x0000, 0x0000, 0x0000, 0x0000, 0x0000, 0x0000, 0x0000, 0x0000, 0x0000, 0x0000,
    0x0000, 0x0000, 0x0000, 0x0000, 0x0000, 0x0000, 0x0000, 0x0000, 0x0000, 0x0000, 0x0000, 0x0000,
    0x0000, 0x0000, 0x0000, 0x0000, 0x0000, 0x0000, 0x0000, 0x0000, 0x0000, 0x0000, 0x0000, 0x0000,
    0x0000, 0x0000, 0x0000, 0x0000, 0x0000, 0x0000, 0x0000, 0x0000, 0x0000, 0x0000, 0x0000, 0x0000,
    0x0000, 0x0000, 0x0000, 0x0000, 0x0000, 0x0000, 0x0000, 0x0000, 0x0000, 0x0000, 0x0000, 0x0000,
    0x0000, 0x0000, 0x0000, 0x0000, 0x0000, 0x0000, 0x0000, 0x0000, 0x0000, 0x0000, 0x0000, 0x0000,
    0x0000, 0x0000, 0x0000, 0x0000, 0x0000, 0x0000, 0x0000, 0x0000, 0x0000, 0x0000, 0x0000, 0x0000,
    0x0000, 0x0000, 0x0000, 0x0000, 0x0000, 0x0000, 0x0000, 0x0000, 0x0000, 0x0000, 0x0000, 0x0000,
    0x0000, 0x0000, 0x0000, 0x0000, 0x0000, 0x0000, 0x0000, 0x0000, 0x0000, 0x0000, 0x0000, 0x0000,
    0x0000, 0x0000, 0x0000, 0x0000, 0x0000, 0x0000, 0x0000, 0x0000, 0x0000, 0x0000, 0x0000, 0x0000,
    0x0000, 0x0000, 0x0000, 0x0000, 0x0000, 0x0000, 0x0000, 0x0000, 0x0000, 0x0000, 0x0000, 0x0000,
    0x0000, 0x0000, 0x0000, 0x0000, 0x0000, 0x0000, 0x0000, 0x0000, 0x0000, 0x0000, 0x0000, 0x0000,
    0x0000, 0x0000, 0x0000, 0x0000, 0x0000, 0x0000, 0x0000, 0x18E0, 0x0800, 0x1800, 0x1800, 0x3800,
    0x6000, 0x4800, 0x4000, 0x5800, 0x2000, 0x0000, 0x0000, 0x0000, 0x0000, 0x0000, 0x0000, 0x0000,
    0x1800, 0x5800, 0x4000, 0x3800, 0x4000, 0x5000, 0x3800, 0x0000, 0x0000, 0x0000, 0x0000, 0x0000,
    0x0000, 0x0000, 0x0000, 0x0000, 0x0000, 0x0000, 0x0000, 0x0000, 0x0000, 0x0000, 0x0000, 0x0000,
    0x0000, 0x0000, 0x0000, 0x0000, 0x0000, 0x0000, 0x0000, 0x0000, 0x0000, 0x0000, 0x0000, 0x0000,
    0x0000, 0x0000, 0x0000, 0x0000, 0x0000, 0x0000, 0x0000, 0x0000, 0x0000, 0x0000, 0x0000, 0x0000,
    0x0000, 0x0000, 0x0000, 0x0000, 0x0000, 0x0000, 0x0000, 0x0000, 0x0000, 0x0000, 0x0000, 0x0000,
    0x0000, 0x0000, 0x0000, 0x0000, 0x0000, 0x0000, 0x0000, 0x0000, 0x0000, 0x0000, 0x0000, 0x0000,
    0x0000, 0x0000, 0x0000, 0x0000, 0x0000, 0x0000, 0x0000, 0x0000, 0x0000, 0x0000, 0x0000, 0x0000,
    0x0000, 0x0000, 0x0000, 0x0000, 0x0000, 0x0000, 0x0000, 0x0000, 0x0000, 0x0000, 0x0000, 0x0000,
    0x0000, 0x0000, 0x0000, 0x0000, 0x0000, 0x0000, 0x0000, 0x0000, 0x0000, 0x0000, 0x0000, 0x0000,
    0x0000, 0x0000, 0x0000, 0x0000, 0x0000, 0x0000, 0x0000, 0x0000, 0x0000, 0x0000, 0x0000, 0x0000,
    0x0000, 0x0000, 0x0000, 0x0000, 0x0000, 0x0000, 0x0000, 0x0000, 0x0000, 0x0000, 0x0000, 0x0000,
    0x0000, 0x0000, 0x0000, 0x0000, 0x0000, 0x0000, 0x0000, 0x0000, 0x0000, 0x0000, 0x0000, 0x0000,
    0x0000, 0x0000, 0x0000, 0x0000, 0x0000, 0x0000, 0x0000, 0x0000, 0x0000, 0x0000, 0x0000, 0x0000,
    0x0000, 0x0000, 0x0000, 0x0000, 0x0000, 0x0000, 0x0000, 0x0000, 0x0000, 0x0000, 0x0000, 0x0000,
    0x0000, 0x0000, 0x0000, 0x0000, 0x0000, 0x0000, 0x0000, 0x0000, 0x0000, 0x0000, 0x0000, 0x0000,
    0x0000, 0x0000, 0x0000, 0x0000, 0x0000, 0x0000, 0x0000, 0x0000, 0x0000, 0x0000, 0x0000, 0x0000,
    0x0000, 0x0000, 0x0000, 0x0000, 0x0000, 0x0000, 0x0000, 0x0000, 0x0000, 0x0000, 0x0000, 0x0000,
    0x0000, 0x0000, 0x0000, 0x0000, 0x0000, 0x0000, 0x0000, 0x0000, 0x0000, 0x0000, 0x0000, 0x0000,
    0x0000, 0x0000, 0x0000, 0x0000, 0x0000, 0x0000, 0x0000, 0x3800, 0x4000, 0x4000, 0x5800, 0x5800,
    0x4800, 0x4000, 0x5800, 0x3000, 0x0000, 0x0000, 0x0000, 0x0000, 0x0000, 0x0000, 0x0000, 0x0000,
    0x0000, 0x3800, 0x5000, 0x4800, 0x4000, 0x4800, 0x0800, 0x0000, 0x0000, 0x0000, 0x0000, 0x0000,
    0x0000, 0x0000, 0x0000, 0x0000, 0x0000, 0x0000, 0x0000, 0x0000, 0x0000, 0x0000, 0x0000, 0x0000,
    0x0000, 0x0000, 0x0000, 0x0000, 0x0000, 0x0000, 0x0000, 0x0000, 0x0000, 0x0000, 0x0000, 0x0000,
    0x0000, 0x0000, 0x0000, 0x0000, 0x0000, 0x0000, 0x0000, 0x0000, 0x0000, 0x0000, 0x0000, 0x0000,
    0x0000, 0x0000, 0x0000, 0x0000, 0x0000, 0x0000, 0x0000, 0x0000, 0x0000, 0x0000, 0x0000, 0x0000,
    0x0000, 0x0000, 0x0000, 0x0000, 0x0000, 0x0000, 0x0000, 0x0000, 0x0000, 0x0000, 0x0000, 0x0000,
    0x0000, 0x0000, 0x0000, 0x0000, 0x0000, 0x0000, 0x0000, 0x0000, 0x0000, 0x0000, 0x0000, 0x0000,
    0x0000, 0x0000, 0x0000, 0x0000, 0x0000, 0x0000, 0x0000, 0x0000, 0x0000, 0x0000, 0x0000, 0x0000,
    0x0000, 0x0000, 0x0000, 0x0000, 0x0000, 0x0000, 0x0000, 0x0000, 0x0000, 0x0000, 0x0000, 0x0000,
    0x0000, 0x0000, 0x0000, 0x0000, 0x0000, 0x0000, 0x0000, 0x0000, 0x0000, 0x0000, 0x0000, 0x0000,
    0x0000, 0x0000, 0x0000, 0x0000, 0x0000, 0x0000, 0x0000, 0x0000, 0x0000, 0x0000, 0x0000, 0x0000,
    0x0000, 0x0000, 0x0000, 0x0000, 0x0000, 0x0000, 0x0000, 0x0000, 0x0000, 0x0000, 0x0000, 0x0000,
    0x0000, 0x0000, 0x0000, 0x0000, 0x0000, 0x0000, 0x0000, 0x0000, 0x0000, 0x0000, 0x0000, 0x0000,
    0x0000, 0x0000, 0x0000, 0x0000, 0x0000, 0x0000, 0x0000, 0x0000, 0x0000, 0x0000, 0x0000, 0x0000,
    0x0000, 0x0000, 0x0000, 0x0000, 0x0000, 0x0000, 0x0000, 0x0000, 0x0000, 0x0000, 0x0000, 0x0000,
    0x0000, 0x0000, 0x0000, 0x0000, 0x0000, 0x0000, 0x0000, 0x0000, 0x0000, 0x0000, 0x0000, 0x0000,
    0x0000, 0x0000, 0x0000, 0x0000, 0x0000, 0x0000, 0x0000, 0x0000, 0x0000, 0x0000, 0x0000, 0x0000,
    0x0000, 0x0000, 0x0000, 0x0000, 0x0000, 0x0000, 0x0000, 0x0000, 0x0000, 0x0000, 0x0000, 0x0000,
    0x0000, 0x0000, 0x0000, 0x0000, 0x0000, 0x0000, 0x0000, 0x5800, 0x4000, 0x4800, 0x4800, 0x4800,
    0x4800, 0x6000, 0x3000, 0x0000, 0x0000, 0x0000, 0x0000, 0x0000, 0x0000, 0x0000, 0x0000, 0x0000,
    0x0000, 0x0000, 0x5800, 0x5000, 0x0800, 0x0000, 0x0000, 0x0000, 0x0000, 0x0000, 0x0000, 0x0000,
    0x0000, 0x0000, 0x0000, 0x0000, 0x0000, 0x0000, 0x0000, 0x0000, 0x0000, 0x0000, 0x0000, 0x0000,
    0x0000, 0x0000, 0x0000, 0x0000, 0x0000, 0x0000, 0x0000, 0x0000, 0x0000, 0x0000, 0x0000, 0x0000,
    0x0000, 0x0000, 0x0000, 0x0000, 0x0000, 0x0000, 0x0000, 0x0000, 0x0000, 0x0000, 0x0000, 0x0000,
    0x0000, 0x0000, 0x0000, 0x0000, 0x0000, 0x0000, 0x0000, 0x0000, 0x0000, 0x0000, 0x0000, 0x0000,
    0x0000, 0x0000, 0x0000, 0x0000, 0x0000, 0x0000, 0x0000, 0x0000, 0x0000, 0x0000, 0x0000, 0x0000,
    0x0000, 0x0000, 0x0000, 0x0000, 0x0000, 0x0000, 0x0000, 0x0000, 0x0000, 0x0000, 0x0000, 0x0000,
    0x0000, 0x0000, 0x0000, 0x0000, 0x0000, 0x0000, 0x0000, 0x0000, 0x0000, 0x0000, 0x0000, 0x0000,
    0x0000, 0x0000, 0x0000, 0x0000, 0x0000, 0x0000, 0x0000, 0x0000, 0x0000, 0x0000, 0x0000, 0x0000,
    0x0000, 0x0000, 0x0000, 0x0000, 0x0000, 0x0000, 0x0000, 0x0000, 0x0000, 0x0000, 0x0000, 0x0000,
    0x0000, 0x0000, 0x0000, 0x0000, 0x0000, 0x0000, 0x0000, 0x0000, 0x0000, 0x0000, 0x0000, 0x0000,
    0x0000, 0x0000, 0x0000, 0x0000, 0x0000, 0x0000, 0x0000, 0x0000, 0x0000, 0x0000, 0x0000, 0x0000,
    0x0000, 0x0000, 0x0000, 0x0000, 0x0000, 0x0000, 0x0000, 0x0000, 0x0000, 0x0000, 0x0000, 0x0000,
    0x0000, 0x0000, 0x0000, 0x0000, 0x0000, 0x0000, 0x0000, 0x0000, 0x0000, 0x0000, 0x0000, 0x0000,
    0x0000, 0x0000, 0x0000, 0x0000, 0x0000, 0x0000, 0x0000, 0x0000, 0x0000, 0x0000, 0x0000, 0x0000,
    0x0000, 0x0000, 0x0000, 0x0000, 0x0000, 0x0000, 0x0000, 0x0000, 0x0000, 0x0000, 0x0000, 0x0000,
    0x0000, 0x0000, 0x0000, 0x0000, 0x0000, 0x0000, 0x0000, 0x0000, 0x0000, 0x0000, 0x0000, 0x0000,
    0x0000, 0x0000, 0x0000, 0x0000, 0x0000, 0x0000, 0x0000, 0x0000, 0x0000, 0x0000, 0x0000, 0x0000,
    0x0000, 0x0000, 0x0000, 0x0000, 0x0000, 0x0000, 0x0000, 0x0800, 0x4000, 0x6800, 0x6800, 0x6000,
    0x5800, 0x2000, 0x0000, 0x0000, 0x0000, 0x0000, 0x0000, 0x0000, 0x0000, 0x0000, 0x0000, 0x0000,
    0x0000, 0x0000, 0x1000, 0x0000, 0x0000, 0x0000, 0x0000, 0x0000, 0x0000, 0x0000, 0x0000, 0x0000,
    0x0000, 0x0000, 0x0000, 0x0000, 0x0000, 0x0000, 0x0000, 0x0000, 0x0000, 0x0000, 0x0000, 0x0000,
    0x0000, 0x0000, 0x0000, 0x0000, 0x0000, 0x0000, 0x0000, 0x0000, 0x0000, 0x0000, 0x0000, 0x0000,
    0x0000, 0x0000, 0x0000, 0x0000, 0x0000, 0x0000, 0x0000, 0x0000, 0x0000, 0x0000, 0x0000, 0x0000,
    0x0000, 0x0000, 0x0000, 0x0000, 0x0000, 0x0000, 0x0000, 0x0000, 0x0000, 0x0000, 0x0000, 0x0000,
    0x0000, 0x0000, 0x0000, 0x0000, 0x0000, 0x0000, 0x0000, 0x0000, 0x0000, 0x0000, 0x0000, 0x0000,
    0x0000, 0x0000, 0x0000, 0x0000, 0x0000, 0x0000, 0x0000, 0x0000, 0x0000, 0x0000, 0x0000, 0x0000,
    0x0000, 0x0000, 0x0000, 0x0000, 0x0000, 0x0000, 0x0000, 0x0000, 0x0000, 0x0000, 0x0000, 0x0000,
    0x0000, 0x0000, 0x0000, 0x0000, 0x0000, 0x0000, 0x0000, 0x0000, 0x0000, 0x0000, 0x0000, 0x0000,
    0x0000, 0x0000, 0x0000, 0x0000, 0x0000, 0x0000, 0x0000, 0x0000, 0x0000, 0x0000, 0x0000, 0x0000,
    0x0000, 0x0000, 0x0000, 0x0000, 0x0000, 0x0000, 0x0000, 0x0000, 0x0000, 0x0000, 0x0000, 0x0000,
    0x0000, 0x0000, 0x0000, 0x0000, 0x0000, 0x0000, 0x0000, 0x0000, 0x0000, 0x0000, 0x0000, 0x0000,
    0x0000, 0x0000, 0x0000, 0x0000, 0x0000, 0x0000, 0x0000, 0x0000, 0x0000, 0x0000, 0x0000, 0x0000,
    0x0000, 0x0000, 0x0000, 0x0000, 0x0000, 0x0000, 0x0000, 0x0000, 0x0000, 0x0000, 0x0000, 0x0000,
    0x0000, 0x0000, 0x0000, 0x0000, 0x0000, 0x0000, 0x0000, 0x0000, 0x0000, 0x0000, 0x0000, 0x0000,
    0x0000, 0x0000, 0x0000, 0x0000, 0x0000, 0x0000, 0x0000, 0x0000, 0x0000, 0x0000, 0x0000, 0x0000,
    0x0000, 0x0000, 0x0000, 0x0000, 0x0000, 0x0000, 0x0000, 0x0000, 0x0000, 0x0000, 0x0000, 0x0000,
    0x0000, 0x0000, 0x0000, 0x0000, 0x0000, 0x0000, 0x0000, 0x0000, 0x0000, 0x0000, 0x0000, 0x0000,
    0x0000, 0x0000, 0x0000, 0x0000, 0x0000, 0x0000, 0x0000, 0x0000, 0x5000, 0x5800, 0x2000, 0x1800,
    0x1800, 0x0000, 0x0000, 0x0000, 0x0000, 0x0000, 0x0000, 0x0000, 0x0000, 0x0000, 0x0000, 0x0000,
    0x0000, 0x0000, 0x0000, 0x0000, 0x0000, 0x0000, 0x0000, 0x0000, 0x0000, 0x0000, 0x0000, 0x0000,
    0x0000, 0x0000, 0x0000, 0x0000, 0x0000, 0x0000, 0x0000, 0x0000, 0x0000, 0x0000, 0x0000, 0x0000,
    0x0000, 0x0000, 0x0000, 0x0000, 0x0000, 0x0000, 0x0000, 0x0000, 0x0000, 0x0000, 0x0000, 0x0000,
    0x0000, 0x0000, 0x0000, 0x0000, 0x0000, 0x0000, 0x0000, 0x0000, 0x0000, 0x0000, 0x0000, 0x0000,
    0x0000, 0x0000, 0x0000, 0x0000, 0x0000, 0x0000, 0x0000, 0x0000, 0x0000, 0x0000, 0x0000, 0x0000,
    0x0000, 0x0000, 0x0000, 0x0000, 0x0000, 0x0000, 0x0000, 0x0000, 0x0000, 0x0000, 0x0000, 0x0000,
    0x0000, 0x0000, 0x0000, 0x0000, 0x0000, 0x0000, 0x0000, 0x0000, 0x0000, 0x0000, 0x0000, 0x0000,
    0x0000, 0x0000, 0x0000, 0x0000, 0x0000, 0x0000, 0x0000, 0x0000, 0x0000, 0x0000, 0x0000, 0x0000,
    0x0000, 0x0000, 0x0000, 0x0000, 0x0000, 0x0000, 0x0000, 0x0000, 0x0000, 0x0000, 0x0000, 0x0000,
    0x0000, 0x0000, 0x0000, 0x0000, 0x0000, 0x0000, 0x0000, 0x0000, 0x0000, 0x0000, 0x0000, 0x0000,
    0x0000, 0x0000, 0x0000, 0x0000, 0x0000, 0x0000, 0x0000, 0x0000, 0x0000, 0x0000, 0x0000, 0x0000,
    0x0000, 0x0000, 0x0000, 0x0000, 0x0000, 0x0000, 0x0000, 0x0000, 0x0000, 0x0000, 0x0000, 0x0000,
    0x0000, 0x0000, 0x0000, 0x0000, 0x0000, 0x0000, 0x0000, 0x0000, 0x0000, 0x0000, 0x0000, 0x0000,
    0x0000, 0x0000, 0x0000, 0x0000, 0x0000, 0x0000, 0x0000, 0x0000, 0x0000, 0x0000, 0x0000, 0x0000,
    0x0000, 0x0000, 0x0000, 0x0000, 0x0000, 0x0000, 0x0000, 0x0000, 0x0000, 0x0000, 0x0000, 0x0000,
    0x0000, 0x0000, 0x0000, 0x0000, 0x0000, 0x0000, 0x0000, 0x0000, 0x0000, 0x0000, 0x0000, 0x0000,
    0x0000, 0x0000, 0x0000, 0x0000, 0x0000, 0x0000, 0x0000, 0x0000, 0x0000, 0x0000, 0x0000, 0x0000,
    0x0000, 0x0000, 0x0000, 0x0000, 0x0000, 0x0000, 0x0000, 0x0000, 0x0000, 0x0000, 0x0000, 0x0000,
    0x0000, 0x0000, 0x0000, 0x0000, 0x0000, 0x0000, 0x0000, 0x0000, 0x1800, 0x0000, 0x0000, 0x0000,
    0x0000, 0x0000, 0x0000, 0x0000, 0x0000, 0x0000, 0x0000, 0x0000, 0x0000, 0x0000, 0x0000, 0x0000,
    0x0000, 0x0000, 0x0000, 0x0000, 0x0000, 0x0000, 0x0000, 0x0000, 0x0000, 0x0000, 0x0000, 0x0000,
    0x0000, 0x0000, 0x0000, 0x0000, 0x0000, 0x0000, 0x0000, 0x0000, 0x0000, 0x0000, 0x0000, 0x0000,
    0x0000, 0x0000, 0x0000, 0x0000, 0x0000, 0x0000, 0x0000, 0x0000, 0x0000, 0x0000, 0x0000, 0x0000,
    0x0000, 0x0000, 0x0000, 0x0000, 0x0000, 0x0000, 0x0000, 0x0000, 0x0000, 0x0000, 0x0000, 0x0000,
    0x0000, 0x0000, 0x0000, 0x0000, 0x0000, 0x0000, 0x0000, 0x0000, 0x0000, 0x0000, 0x0000, 0x0000,
    0x0000, 0x0000, 0x0000, 0x0000, 0x0000, 0x0000, 0x0000, 0x0000, 0x0000, 0x0000, 0x0000, 0x0000,
    0x0000, 0x0000, 0x0000, 0x0000, 0x0000, 0x0000, 0x0000, 0x0000, 0x0000, 0x0000, 0x0000, 0x0000,
    0x0000, 0x0000, 0x0000, 0x0000, 0x0000, 0x0000, 0x0000, 0x0000, 0x0000, 0x0000, 0x0000, 0x0000,
    0x0000, 0x0000, 0x0000, 0x0000, 0x0000, 0x0000, 0x0000, 0x0000, 0x0000, 0x0000, 0x0000, 0x0000,
    0x0000, 0x0000, 0x0000, 0x0000, 0x0000, 0x0000, 0x0000, 0x0000, 0x0000, 0x0000, 0x0000, 0x0000,
    0x0000, 0x0000, 0x0000, 0x0000, 0x0000, 0x0000, 0x0000, 0x0000, 0x0000, 0x0000, 0x0000, 0x0000,
    0x0000, 0x0000, 0x0000, 0x0000, 0x0000, 0x0000, 0x0000, 0x0000, 0x0000, 0x0000, 0x0000, 0x0000,
    0x0000, 0x0000, 0x0000, 0x0000, 0x0000, 0x0000, 0x0000, 0x0000, 0x0000, 0x0000, 0x0000, 0x0000,
    0x0000, 0x0000, 0x0000, 0x0000, 0x0000, 0x0000, 0x0000, 0x0000, 0x0000, 0x0000, 0x0000, 0x0000,
    0x0000, 0x0000, 0x0000, 0x0000, 0x0000, 0x0000, 0x0000, 0x0000, 0x0000, 0x0000, 0x0000, 0x0000,
    0x0000, 0x0000, 0x0000, 0x0000, 0x0000, 0x0000, 0x0000, 0x0000, 0x0000, 0x0000, 0x0000, 0x0000,
    0x0000, 0x0000, 0x0000, 0x0000, 0x0000, 0x0000, 0x0000, 0x0000, 0x0000, 0x0000, 0x0000, 0x0000,
    0x0000, 0x0000, 0x0000, 0x0000, 0x0000, 0x0000, 0x0000, 0x0000, 0x0000, 0x0000, 0x0000, 0x0000,
    0x0000, 0x0000, 0x0000, 0x0000, 0x0000, 0x0000, 0x0000, 0x0000, 0x0000, 0x0000, 0x0000, 0x0000,
    0x0000, 0x0000, 0x0000, 0x0000, 0x0000, 0x0000, 0x0000, 0x0000, 0x0000, 0x0000, 0x0000, 0x0000,
    0x0000, 0x0000, 0x0000, 0x0000, 0x0000, 0x0000, 0x0000, 0x0000, 0x0000, 0x0000, 0x0000, 0x0000,
    0x0000, 0x0000, 0x0000, 0x0000, 0x0000, 0x0000, 0x0000, 0x0000, 0x0000, 0x0000, 0x0000, 0x0000,
    0x0000, 0x0000, 0x0000, 0x0000, 0x0000, 0x0000, 0x0000, 0x0000, 0x0000, 0x0000, 0x0000, 0x0000,
    0x0000, 0x0000, 0x0000, 0x0000, 0x0000, 0x0000, 0x0000, 0x0000, 0x0000, 0x0000, 0x0000, 0x0000,
    0x0000, 0x0000, 0x0000, 0x0000, 0x0000, 0x0000, 0x0000, 0x0000, 0x0000, 0x0000, 0x0000, 0x0000,
    0x0000, 0x0000, 0x0000, 0x0000, 0x0000, 0x0000, 0x0000, 0x0000, 0x0000, 0x0000, 0x0000, 0x0000,
    0x0000, 0x0000, 0x0000, 0x0000, 0x0000, 0x0000, 0x0000, 0x0000, 0x0000, 0x0000, 0x0000, 0x0000,
    0x0000, 0x0000, 0x0000, 0x0000, 0x0000, 0x0000, 0x0000, 0x0000, 0x0000, 0x0000, 0x0000, 0x0000,
    0x0000, 0x0000, 0x0000, 0x0000, 0x0000, 0x0000, 0x0000, 0x0000, 0x0000, 0x0000, 0x0000, 0x0000,
    0x0000, 0x0000, 0x0000, 0x0000, 0x0000, 0x0000, 0x0000, 0x0000, 0x0000, 0x0000, 0x0000, 0x0000,
    0x0000, 0x0000, 0x0000, 0x0000, 0x0000, 0x0000, 0x0000, 0x0000, 0x0000, 0x0000, 0x0000, 0x0000,
    0x0000, 0x0000, 0x0000, 0x0000, 0x0000, 0x0000, 0x0000, 0x0000, 0x0000, 0x0000, 0x0000, 0x0000,
    0x0000, 0x0000, 0x0000, 0x0000, 0x0000, 0x0000, 0x0000, 0x0000, 0x0000, 0x0000, 0x0000, 0x0000,
    0x0000, 0x0000, 0x0000, 0x0000, 0x0000, 0x0000, 0x0000, 0x0000, 0x0000, 0x0000, 0x0000, 0x0000,
    0x0000, 0x0000, 0x0000, 0x0000, 0x0000, 0x0000, 0x0000, 0x0000, 0x0000, 0x0000, 0x0000, 0x0000,
    0x0000, 0x0000, 0x0000, 0x0000, 0x0000, 0x0000, 0x0000, 0x0000, 0x0000, 0x0000, 0x0000, 0x0000,
    0x0000, 0x0000, 0x0000, 0x0000, 0x0000, 0x0000, 0x0000, 0x0000, 0x0000, 0x0000, 0x0000, 0x0000,
    0x0000, 0x0000, 0x0000, 0x0000, 0x0000, 0x0000, 0x0000, 0x0000, 0x0000, 0x0000, 0x0000, 0x0000,
    0x0000, 0x0000, 0x0000, 0x0000, 0x0000, 0x0000, 0x0000, 0x0000, 0x0000, 0x0000, 0x0000, 0x0000,
    0x0000, 0x0000, 0x0000, 0x0000, 0x0000, 0x0000, 0x0000, 0x0000, 0x0000, 0x0000, 0x0000, 0x0000,
    0x0000, 0x0000, 0x0000, 0x0000, 0x0000, 0x0000, 0x0000, 0x0000, 0x0000, 0x0000, 0x0000, 0x0000,
    0x0000, 0x0000, 0x0000, 0x0000, 0x0000, 0x0000, 0x0000, 0x0000, 0x0000, 0x0000, 0x0000, 0x0000,
    0x0000, 0x0000, 0x0000, 0x0000, 0x0000, 0x0000, 0x0000, 0x0000, 0x0000, 0x0000, 0x0000, 0x0000,
    0x0000, 0x0000, 0x0000, 0x0000, 0x0000, 0x0000, 0x0000, 0x0000, 0x0000, 0x0000, 0x0000, 0x0000,
    0x0000, 0x0000, 0x0000, 0x0000, 0x0000, 0x0000, 0x0000, 0x0000, 0x0000, 0x0000, 0x0000, 0x0000,
    0x0000, 0x0000, 0x0000, 0x0000, 0x0000, 0x0000, 0x0000, 0x0000, 0x0000, 0x0000, 0x0000, 0x0000,
    0x0000, 0x0000, 0x0000, 0x0000, 0x0000, 0x0000, 0x0000, 0x0000, 0x0000, 0x0000, 0x0000, 0x0000,
    0x0000, 0x0000, 0x0000, 0x0000, 0x0000, 0x0000, 0x0000, 0x0000, 0x0000, 0x0000, 0x0000, 0x0000,
    0x0000, 0x0000, 0x0000, 0x0000, 0x0000, 0x0000, 0x0000, 0x0000, 0x0000, 0x0000, 0x0000, 0x0000,
    0x0000, 0x0000, 0x0000, 0x0000, 0x0000, 0x0000, 0x0000, 0x0000, 0x0000, 0x0000, 0x0000, 0x0000,
    0x0000, 0x0000, 0x0000, 0x0000, 0x0000, 0x0000, 0x0000, 0x0000, 0x0000, 0x0000, 0x0000, 0x0000,
    0x0000, 0x0000, 0x0000, 0x0000, 0x0000, 0x0000, 0x0000, 0x0000, 0x0000, 0x0000, 0x0000, 0x0000,
    0x0000, 0x0000, 0x0000, 0x0000, 0x0000, 0x0000, 0x0000, 0x0000, 0x0000, 0x0000, 0x0000, 0x0000,
    0x0000, 0x0000, 0x0000, 0x0000, 0x0000, 0x0000, 0x0000, 0x0000, 0x0000, 0x0000, 0x0000, 0x0000,
    0x0000, 0x0000, 0x0000, 0x0000, 0x0000, 0x0000, 0x0000, 0x0000, 0x0000, 0x0000, 0x0000, 0x0000,
    0x0000, 0x0000, 0x0000, 0x0000, 0x0000, 0x0000, 0x0000, 0x0000, 0x0000, 0x0000, 0x0000, 0x0000,
    0x0000, 0x0000, 0x0000, 0x0000, 0x0000, 0x0000, 0x0000, 0x0000, 0x0000, 0x0000, 0x0000, 0x0000,
    0x0000, 0x0000, 0x0000, 0x0000, 0x0000, 0x0000, 0x0000, 0x0000, 0x0000, 0x0000, 0x0000, 0x0000,
    0x0000, 0x0000, 0x0000, 0x0000, 0x0000, 0x0000, 0x0000, 0x0000, 0x0000, 0x0000, 0x0000, 0x0000,
    0x0000, 0x0000, 0x0000, 0x0000, 0x0000, 0x0000, 0x0000, 0x0000, 0x0000, 0x0000, 0x0000, 0x0000,
    0x0000, 0x0000, 0x0000, 0x0000, 0x0000, 0x0000, 0x0000, 0x0000, 0x0000, 0x0000, 0x0000, 0x0000,
    0x0000, 0x0000, 0x0000, 0x0000, 0x0000, 0x0000, 0x0000, 0x0000, 0x0000, 0x0000, 0x0000, 0x0000,
    0x0000, 0x0000, 0x0000, 0x0000, 0x0000, 0x0000, 0x0000, 0x0000, 0x0000, 0x0000, 0x0000, 0x0000,
    0x0000, 0x0000, 0x0000, 0x0000, 0x0000, 0x0000, 0x0000, 0x0000, 0x0000, 0x0000, 0x0000, 0x0000,
    0x0000, 0x0000, 0x0000, 0x0000, 0x0000, 0x0000, 0x0000, 0x0000, 0x0000, 0x0000, 0x0000, 0x0000,
    0x0000, 0x0000, 0x0000, 0x0000, 0x0000, 0x0000, 0x0000, 0x0000, 0x0000, 0x0000, 0x0000, 0x0000,
    0x0000, 0x0000, 0x0000, 0x0000, 0x0000, 0x0000, 0x0000, 0x0000, 0x0000, 0x0000, 0x0000, 0x0000,
    0x0000, 0x0000, 0x0000, 0x0000, 0x0000, 0x0000, 0x0000, 0x0000, 0x0000, 0x0000, 0x0000, 0x0000,
    0x0000, 0x0000, 0x0000, 0x0000, 0x0000, 0x0000, 0x0000, 0x0000, 0x0000, 0x0000, 0x0000, 0x0000,
    0x0000, 0x0000, 0x0000, 0x0000, 0x0000, 0x0000, 0x0000, 0x0000, 0x0000, 0x0000, 0x0000, 0x0000,
    0x0000, 0x0000, 0x0000, 0x0000, 0x0000, 0x0000, 0x0000, 0x0000, 0x0000, 0x0000, 0x0000, 0x0000,
    0x0000, 0x0000, 0x0000, 0x0000, 0x0000, 0x0000, 0x0000, 0x0000, 0x0000, 0x0000, 0x0000, 0x0000,
    0x0000, 0x0000, 0x0000, 0x0000, 0x0000, 0x0000, 0x0000, 0x0000, 0x0000, 0x0000, 0x0000, 0x0000,
    0x0000, 0x0000, 0x0000, 0x0000, 0x0000, 0x0000, 0x0000, 0x0000, 0x0000, 0x0000, 0x0000, 0x0000,
    0x0000, 0x0000, 0x0000, 0x0000, 0x0000, 0x0000, 0x0000, 0x0000, 0x0000, 0x0000, 0x0000, 0x0000,
    0x0000, 0x0000, 0x0000, 0x0000, 0x0000, 0x0000, 0x0000, 0x0000, 0x0000, 0x0000, 0x0000, 0x0000,
    0x0000, 0x0000, 0x0000, 0x0000, 0x0000, 0x0000, 0x0000, 0x0000, 0x0000, 0x0000, 0x0000, 0x0000,
    0x0000, 0x0000, 0x0000, 0x0000, 0x0000, 0x0000, 0x0000, 0x0000, 0x0000, 0x0000, 0x0000, 0x0000,
    0x0000, 0x0000, 0x0000, 0x0000, 0x0000, 0x0000, 0x0000, 0x0000, 0x0000, 0x0000, 0x0000, 0x0000,
    0x0000, 0x0000, 0x0000, 0x0000, 0x0000, 0x0000, 0x0000, 0x0000, 0x0000, 0x0000, 0x0000, 0x0000,
    0x0000, 0x0000, 0x0000, 0x0000, 0x0000, 0x0000, 0x0000, 0x0000, 0x0000, 0x0000, 0x0000, 0x0000,
    0x0000, 0x0000, 0x0000, 0x0000, 0x0000, 0x0000, 0x0000, 0x0000, 0x0000, 0x0000, 0x0000, 0x0000,
    0x0000, 0x0000, 0x0000, 0x0000, 0x0000, 0x0000, 0x0000, 0x0000, 0x0000, 0x0000, 0x0000, 0x0000,
    0x0000, 0x0000, 0x0000, 0x0000, 0x0000, 0x0000, 0x0000, 0x0000, 0x0000, 0x0000, 0x0000, 0x0000,
    0x0000, 0x0000, 0x0000, 0x0000, 0x0000, 0x0000, 0x0000, 0x0000, 0x0000, 0x0000, 0x0000, 0x0000,
    0x0000, 0x0000, 0x0000, 0x0000, 0x0000, 0x0000, 0x0000, 0x0000, 0x0000, 0x0000, 0x0000, 0x0000,
    0x0000, 0x0000, 0x0000, 0x0000, 0x0000, 0x0000, 0x0000, 0x0000, 0x0000, 0x0000, 0x0000, 0x0000,
    0x0000, 0x0000, 0x0000, 0x0000, 0x0000, 0x0000, 0x0000, 0x0000, 0x0000, 0x0000, 0x0000, 0x0000,
    0x0000, 0x0000, 0x0000, 0x0000, 0x0000, 0x0000, 0x0000, 0x0000, 0x0000, 0x0000, 0x0000, 0x0000,
    0x0000, 0x0000, 0x0000, 0x0000, 0x0000, 0x0000, 0x0000, 0x0000, 0x0000, 0x0000, 0x0000, 0x0000,
    0x0000, 0x0000, 0x0000, 0x0000, 0x0000, 0x0000, 0x0000, 0x0000, 0x0000, 0x0000, 0x0000, 0x0000,
    0x0000, 0x0000, 0x0000, 0x0000, 0x0000, 0x0000, 0x0000, 0x0000, 0x0000, 0x0000, 0x0000, 0x0000,
    0x0000, 0x0000, 0x0000, 0x0000, 0x0000, 0x0000, 0x0000, 0x0000, 0x0000, 0x0000, 0x0000, 0x0000,
    0x0000, 0x0000, 0x0000, 0x0000, 0x0000, 0x0000, 0x0000, 0x0000, 0x0000, 0x0000, 0x0000, 0x0000,
    0x0000, 0x0000, 0x0000, 0x0000, 0x0000, 0x0000, 0x0000, 0x0000, 0x0000, 0x0000, 0x0000, 0x0000,
    0x0000, 0x0000, 0x0000, 0x0000, 0x0000, 0x0000, 0x0000, 0x0000, 0x0000, 0x0000, 0x0000, 0x0000,
    0x0000, 0x0000, 0x0000, 0x0000, 0x0000, 0x0000, 0x0000, 0x0000, 0x0000, 0x0000, 0x0000, 0x0000,
    0x0000, 0x0000, 0x0000, 0x0000, 0x0000, 0x0000, 0x0000, 0x0000, 0x0000, 0x0000, 0x0000, 0x0000,
    0x0000, 0x0000, 0x0000, 0x0000, 0x0000, 0x0000, 0x0000, 0x0000, 0x0000, 0x0000, 0x0000, 0x0000,
    0x0000, 0x0000, 0x0000, 0x0000, 0x0000, 0x0000, 0x0000, 0x0000, 0x0000, 0x0000, 0x0000, 0x0000,
    0x0000, 0x0000, 0x0000, 0x0000, 0x0000, 0x0000, 0x0000, 0x0000, 0x0000, 0x0000, 0x0000, 0x0000,
    0x0000, 0x0000, 0x0000, 0x0000, 0x0000, 0x0000, 0x0000, 0x0000, 0x0000, 0x0000, 0x0000, 0x0000,
    0x0000, 0x0000, 0x0000, 0x0000, 0x0000, 0x0000, 0x0000, 0x0000, 0x0000, 0x0000, 0x0000, 0x0000,
    0x0000, 0x0000, 0x0000, 0x0000, 0x0000, 0x0000, 0x0000, 0x0000, 0x0000, 0x0000, 0x0000, 0x0000,
    0x0000, 0x0000, 0x0000, 0x0000, 0x0000, 0x0000, 0x0000, 0x0000, 0x0000, 0x0000, 0x0000, 0x0000,
    0x0000, 0x0000, 0x0000, 0x0000, 0x0000, 0x0000, 0x0000, 0x0000, 0x0000, 0x0000, 0x0000, 0x0000,
    0x0000, 0x0000, 0x0000, 0x0000, 0x0000, 0x0000, 0x0000, 0x0000, 0x0000, 0x0000, 0x0000, 0x0000,
    0x0000, 0x0000, 0x0000, 0x0000, 0x0000, 0x0000, 0x0000, 0x0000, 0x0000, 0x0000, 0x0000, 0x0000,
    0x0000, 0x0000, 0x0000, 0x0000, 0x0000, 0x0000, 0x0000, 0x0000, 0x0000, 0x0000, 0x0000, 0x0000,
    0x0000, 0x0000, 0x0000, 0x0000, 0x0000, 0x0000, 0x0000, 0x0000, 0x0000, 0x0000, 0x0000, 0x0000,
    0x0000, 0x0000, 0x0000, 0x0000, 0x0000, 0x0000, 0x0000, 0x0000, 0x0000, 0x0000, 0x0000, 0x0000,
    0x0000, 0x0000, 0x0000, 0x0000, 0x0000, 0x0000, 0x0000, 0x0000, 0x0000, 0x0000, 0x0000, 0x0000,
    0x0000, 0x0000, 0x0000, 0x0000, 0x0000, 0x0000, 0x0000, 0x0000, 0x0000, 0x0000, 0x0000, 0x0000,
    0x0000, 0x0000, 0x0000, 0x0000, 0x0000, 0x0000, 0x0000, 0x0000, 0x0000, 0x0000, 0x0000, 0x0000,
    0x0000, 0x0000, 0x0000, 0x0000, 0x0000, 0x0000, 0x0000, 0x0000, 0x0000, 0x0000, 0x0000, 0x0000,
    0x0000, 0x0000, 0x0000, 0x0000, 0x0000, 0x0000, 0x0000, 0x0000, 0x0000, 0x0000, 0x0000, 0x0000,
    0x0000, 0x0000, 0x0000, 0x0000, 0x0000, 0x0000, 0x0000, 0x0000, 0x0000, 0x0000, 0x0000, 0x0000,
    0x0000, 0x0000, 0x0000, 0x0000, 0x0000, 0x0000, 0x0000, 0x0000, 0x0000, 0x0000, 0x0000, 0x0000,
    0x0000, 0x0000, 0x0000, 0x0000, 0x0000, 0x0000, 0x0000, 0x0000, 0x0000, 0x0000, 0x0000, 0x0000,
    0x0000, 0x0000, 0x0000, 0x0000, 0x0000, 0x0000, 0x0000, 0x0000, 0x0000, 0x0000, 0x0000, 0x0000,
    0x0000, 0x0000, 0x0000, 0x0000, 0x0000, 0x0000, 0x0000, 0x0000, 0x0000, 0x0000, 0x0000, 0x0000,
    0x0000, 0x0000, 0x0000, 0x0000, 0x0000, 0x0000, 0x0000, 0x0000, 0x0000, 0x0000, 0x0000, 0x0000,
    0x0000, 0x0000, 0x0000, 0x0000, 0x0000, 0x0000, 0x0000, 0x0000, 0x0000, 0x0000, 0x0000, 0x0000,
    0x0000, 0x0000, 0x0000, 0x0000, 0x0000, 0x0000, 0x0000, 0x0000, 0x0000, 0x0000, 0x0000, 0x0000,
    0x0000, 0x0000, 0x0000, 0x0000, 0x0000, 0x0000, 0x0000, 0x0000, 0x0000, 0x0000, 0x0000, 0x0000,
    0x0000, 0x0000, 0x0000, 0x0000, 0x0000, 0x0000, 0x0000, 0x0000, 0x0000, 0x0000, 0x0000, 0x0000,
    0x0000, 0x0000, 0x0000, 0x0000, 0x0000, 0x0000, 0x0000, 0x0000, 0x0000, 0x0000, 0x0000, 0x0000,
    0x0000, 0x0000, 0x0000, 0x0000, 0x0000, 0x0000, 0x0000, 0x0000, 0x0000, 0x0000, 0x0000, 0x0000,
    0x0000, 0x0000, 0x0000, 0x0000, 0x0000, 0x0000, 0x0000, 0x0000, 0x0000, 0x0000, 0x0000, 0x0000,
    0x0000, 0x0000, 0x0000, 0x0000, 0x0000, 0x0000, 0x0000, 0x0000, 0x0000, 0x0000, 0x0000, 0x0000,
    0x0000, 0x0000, 0x0000, 0x0000, 0x0000, 0x0000, 0x0000, 0x0000, 0x0000, 0x0000, 0x0000, 0x0000,
    0x0000, 0x0000, 0x0000, 0x0000, 0x0000, 0x0000, 0x0000, 0x0000, 0x0000, 0x0000, 0x0000, 0x0000,
    0x0000, 0x0000, 0x0000, 0x0000, 0x0000, 0x0000, 0x0000, 0x0000, 0x0000, 0x0000, 0x0000, 0x0000,
    0x0000, 0x0000, 0x0000, 0x0000, 0x0000, 0x0000, 0x0000, 0x0000, 0x0000, 0x0000, 0x0000, 0x0000,
    0x0000, 0x0000, 0x0000, 0x0000, 0x0000, 0x0000, 0x0000, 0x0000, 0x0000, 0x0000, 0x0000, 0x0000,
    0x0000, 0x0000, 0x0000, 0x0000, 0x0000, 0x0000, 0x0000, 0x0000, 0x0000, 0x0000, 0x0000, 0x0000,
    0x0000, 0x0000, 0x0000, 0x0000, 0x0000, 0x0000, 0x0000, 0x0000, 0x0000, 0x0000, 0x0000, 0x0000,
    0x0000, 0x0000, 0x0000, 0x0000, 0x0000, 0x0000, 0x0000, 0x0000, 0x0000, 0x0000, 0x0000, 0x0000,
    0x0000, 0x0000, 0x0000, 0x0000, 0x0000, 0x0000, 0x0000, 0x0000, 0x0000, 0x0000, 0x0000, 0x0000,
    0x0000, 0x0000, 0x0000, 0x0000, 0x0000, 0x0000, 0x0000, 0x0000, 0x0000, 0x0000, 0x0000, 0x0000,
    0x0000, 0x0000, 0x0000, 0x0000, 0x0000, 0x0000, 0x0000, 0x0000, 0x0000, 0x0000, 0x0000, 0x0000,
    0x0000, 0x0000, 0x0000, 0x0000, 0x0000, 0x0000, 0x0000, 0x0000, 0x0000, 0x0000, 0x0000, 0x0000,
    0x0000, 0x0000, 0x0000, 0x0000, 0x0000, 0x0000, 0x0000, 0x0000, 0x0000, 0x0000, 0x0000, 0x0000,
    0x0000, 0x0000, 0x0000, 0x0000, 0x0000, 0x0000, 0x0000, 0x0000, 0x0000, 0x0000, 0x0000, 0x0000,
    0x0000, 0x0000, 0x0000, 0x0000, 0x0000, 0x0000, 0x0000, 0x0000, 0x0000, 0x0000, 0x0000, 0x0000,
    0x0000, 0x0000, 0x0000, 0x0000, 0x0000, 0x0000, 0x0000, 0x0000, 0x0000, 0x0000, 0x0000, 0x0000,
    0x0000, 0x0000, 0x0000, 0x0000, 0x0000, 0x0000, 0x0000, 0x0000, 0x0000, 0x0000, 0x0000, 0x0000,
    0x0000, 0x0000, 0x0000, 0x0000, 0x0000, 0x0000, 0x0000, 0x0000, 0x0000, 0x0000, 0x0000, 0x0000,
    0x0000, 0x0000, 0x0000, 0x0000, 0x0000, 0x0000, 0x0000, 0x0000, 0x0000, 0x0000, 0x0000, 0x0000,
    0x0000, 0x0000, 0x0000, 0x0000, 0x0000, 0x0000, 0x0000, 0x0000, 0x0000, 0x0000, 0x0000, 0x0000,
    0x0000, 0x0000, 0x0000, 0x0000, 0x0000, 0x0000, 0x0000, 0x0000, 0x0000, 0x0000, 0x0000, 0x0000,
    0x0000, 0x0000, 0x0000, 0x0000, 0x0000, 0x0000, 0x0000, 0x0000, 0x0000, 0x0000, 0x0000, 0x0000,
    0x0000, 0x0000, 0x0000, 0x0000, 0x0000, 0x0000, 0x0000, 0x0000, 0x0000, 0x0000, 0x0000, 0x0000,
    0x0000, 0x0000, 0x0000, 0x0000, 0x0000, 0x0000, 0x0000, 0x0000, 0x0000, 0x0000, 0x0000, 0x0000,
    0x0000, 0x0000, 0x0000, 0x0000, 0x0000, 0x0000, 0x0000, 0x0000, 0x0000, 0x0000, 0x0000, 0x0000,
    0x0000, 0x0000, 0x0000, 0x0000, 0x0000, 0x0000, 0x0000, 0x0000, 0x0000, 0x0000, 0x0000, 0x0000,
    0x0000, 0x0000, 0x0000, 0x0000, 0x0000, 0x0000, 0x0000, 0x0000, 0x0000, 0x0000, 0x0000, 0x0000,
    0x0000, 0x0000, 0x0000, 0x0000, 0x0000, 0x0000, 0x0000, 0x0000, 0x0000, 0x0000, 0x0000, 0x0000,
    0x0000, 0x0000, 0x0000, 0x0000, 0x0000, 0x0000, 0x0000, 0x0000, 0x0000, 0x0000, 0x0000, 0x0000,
    0x0000, 0x0000, 0x0000, 0x0000, 0x0000, 0x0000, 0x0000, 0x0000, 0x0000, 0x0000, 0x0000, 0x0000,
    0x0000, 0x0000, 0x0000, 0x0000, 0x0000, 0x0000, 0x0000, 0x0000, 0x0000, 0x0000, 0x0000, 0x0000,
    0x0000, 0x0000, 0x0000, 0x0000, 0x0000, 0x0000, 0x0000, 0x0000, 0x0000, 0x0000, 0x0000, 0x0000,
    0x0000, 0x0000, 0x0000, 0x0000, 0x0000, 0x0000, 0x0000, 0x0000, 0x0000, 0x0000, 0x0000, 0x0000,
    0x0000, 0x0000, 0x0000, 0x0000, 0x0000, 0x0000, 0x0000, 0x0000, 0x0000, 0x0000, 0x0000, 0x0000,
    0x0000, 0x0000, 0x0000, 0x0000, 0x0000, 0x0000, 0x0000, 0x0000, 0x0000, 0x0000, 0x0000, 0x0000,
    0x0000, 0x0000, 0x0000, 0x0000, 0x0000, 0x0000, 0x0000, 0x0000, 0x0000, 0x0000, 0x0000, 0x0000,
    0x0000, 0x0000, 0x0000, 0x0000, 0x0000, 0x0000, 0x0000, 0x0000, 0x0000, 0x0000, 0x0000, 0x0000,
    0x0000, 0x0000, 0x0000, 0x0000, 0x0000, 0x0000, 0x0000, 0x0000, 0x0000, 0x0000, 0x0000, 0x0000,
    0x0000, 0x0000, 0x0000, 0x0000, 0x0000, 0x0000, 0x0000, 0x0000, 0x0000, 0x0000, 0x0000, 0x0000,
    0x0000, 0x0000, 0x0000, 0x0000, 0x0000, 0x0000, 0x0000, 0x0000, 0x0000, 0x0000, 0x0000, 0x0000,
    0x0000, 0x0000, 0x0000, 0x0000, 0x0000, 0x0000, 0x0000, 0x0000, 0x0000, 0x0000, 0x0000, 0x0000,
    0x0000, 0x0000, 0x0000, 0x0000, 0x0000, 0x0000, 0x0000, 0x0000, 0x0000, 0x0000, 0x0000, 0x0000,
    0x0000, 0x0000, 0x0000, 0x0000, 0x0000, 0x0000, 0x0000, 0x0000, 0x0000, 0x0000, 0x0000, 0x0000,
    0x0000, 0x0000, 0x0000, 0x0000, 0x0000, 0x0000, 0x0000, 0x0000, 0x0000, 0x0000, 0x0000, 0x0000,
    0x0000, 0x0000, 0x0000, 0x0000, 0x0000, 0x0000, 0x0000, 0x0000, 0x0000, 0x0000, 0x0000, 0x0000,
    0x0000, 0x0000, 0x0000, 0x0000, 0x0000, 0x0000, 0x0000, 0x0000, 0x0000, 0x0000, 0x0000, 0x0000,
    0x0000, 0x0000, 0x0000, 0x0000, 0x0000, 0x0000, 0x0000, 0x0000, 0x0000, 0x0000, 0x0000, 0x0000,
    0x0000, 0x0000, 0x0000, 0x0000, 0x0000, 0x0000, 0x0000, 0x0000, 0x0000, 0x0000, 0x0000, 0x0000,
    0x0000, 0x0000, 0x0000, 0x0000, 0x0000, 0x0000, 0x0000, 0x0000, 0x0000, 0x0000, 0x0000, 0x0000,
    0x0000, 0x0000, 0x0000, 0x0000, 0x0000, 0x0000, 0x0000, 0x0000, 0x0000, 0x0000, 0x0000, 0x0000,
    0x0000, 0x0000, 0x0000, 0x0000, 0x0000, 0x0000, 0x0000, 0x0000, 0x0000, 0x0000, 0x0000, 0x0000,
    0x0000, 0x0000, 0x0000, 0x0000, 0x0000, 0x0000, 0x0000, 0x0000, 0x0000, 0x0000, 0x0000, 0x0000,
    0x0000, 0x0000, 0x0000, 0x0000, 0x0000, 0x0000, 0x0000, 0x0000, 0x0000, 0x0000, 0x0000, 0x0000,
    0x0000, 0x0000, 0x0000, 0x0000, 0x0000, 0x0000, 0x0000, 0x0000, 0x0000, 0x0000, 0x0000, 0x0000,
    0x0000, 0x0000, 0x0000, 0x0000, 0x0000, 0x0000, 0x0000, 0x0000, 0x0000, 0x0000, 0x0000, 0x0000,
    0x0000, 0x0000, 0x0000, 0x0000, 0x0000, 0x0000, 0x0000, 0x0000, 0x0000, 0x0000, 0x0000, 0x0000,
    0x0000, 0x0000, 0x0000, 0x0000, 0x0000, 0x0000, 0x0000, 0x0000, 0x0000, 0x0000, 0x0000, 0x0000,
    0x0000, 0x0000, 0x0000, 0x0000, 0x0000, 0x0000, 0x0000, 0x0000, 0x0000, 0x0000, 0x0000, 0x0000,
    0x0000, 0x0000, 0x0000, 0x0000, 0x0000, 0x0000, 0x0000, 0x0000, 0x0000, 0x0000, 0x0000, 0x0000,
    0x0000, 0x0000, 0x0000, 0x0000, 0x0000, 0x0000, 0x0000, 0x0000, 0x0000, 0x0000, 0x0000, 0x0000,
    0x0000, 0x0000, 0x0000, 0x0000, 0x0000, 0x0000, 0x0000, 0x0000, 0x0000, 0x0000, 0x0000, 0x0000,
    0x0000, 0x0000, 0x0000, 0x0000, 0x0000, 0x0000, 0x0000, 0x0000, 0x0000, 0x0000, 0x0000, 0x0000,
    0x0000, 0x0000, 0x0000, 0x0000, 0x0000, 0x0000, 0x0000, 0x0000, 0x0000, 0x0000, 0x0000, 0x0000,
    0x0000, 0x0000, 0x0000, 0x0000, 0x0000, 0x0000, 0x0000, 0x0000, 0x0000, 0x0000, 0x0000, 0x0000,
    0x0000, 0x0000, 0x0000, 0x0000, 0x0000, 0x0000, 0x0000, 0x0000, 0x0000, 0x0000, 0x0000, 0x0000,
    0x0000, 0x0000, 0x0000, 0x0000, 0x0000, 0x0000, 0x0000, 0x0000, 0x0000, 0x0000, 0x0000, 0x0000,
    0x0000, 0x0000, 0x0000, 0x0000, 0x0000, 0x0000, 0x0000, 0x0000, 0x0000, 0x0000, 0x0000, 0x0000,
    0x0000, 0x0000, 0x0000, 0x0000, 0x0000, 0x0000, 0x0000, 0x0000, 0x0000, 0x0000, 0x0000, 0x0000,
    0x0000, 0x0000, 0x0000, 0x0000, 0x0000, 0x0000, 0x0000, 0x0000, 0x0000, 0x0000, 0x0000, 0x0000,
    0x0000, 0x0000, 0x0000, 0x0000, 0x0000, 0x0000, 0x0000, 0x0000, 0x0000, 0x0000, 0x0000, 0x0000,
    0x0000, 0x0000, 0x0000, 0x0000, 0x0000, 0x0000, 0x0000, 0x0000, 0x0000, 0x0000, 0x0000, 0x0000,
    0x0000, 0x0000, 0x0000, 0x0000, 0x0000, 0x0000, 0x0000, 0x0000, 0x0000, 0x0000, 0x0000, 0x0000,
    0x0000, 0x0000, 0x0000, 0x0000, 0x0000, 0x0000, 0x0000, 0x0000, 0x0000, 0x0000, 0x0000, 0x0000,
    0x0000, 0x0000, 0x0000, 0x0000, 0x0000, 0x0000, 0x0000, 0x0000, 0x0000, 0x0000, 0x0000, 0x0000,
    0x0000, 0x0000, 0x0000, 0x0000, 0x0000, 0x0000, 0x0000, 0x0000, 0x0000, 0x0000, 0x0000, 0x0000,
    0x0000, 0x0000, 0x0000, 0x0000, 0x0000, 0x0000, 0x0000, 0x0000, 0x0000, 0x0000, 0x0000, 0x0000,
    0x0000, 0x0000, 0x0000, 0x0000, 0x0000, 0x0000, 0x0000, 0x0000, 0x0000, 0x0000, 0x0000, 0x0000,
    0x0000, 0x0000, 0x0000, 0x0000, 0x0000, 0x0000, 0x0000, 0x0000, 0x0000, 0x0000, 0x0000, 0x0000,
    0x0000, 0x0000, 0x0000, 0x0000, 0x0000, 0x0000, 0x0000, 0x0000, 0x0000, 0x0000, 0x0000, 0x0000,
    0x0000, 0x0000, 0x0000, 0x0000, 0x0000, 0x0000, 0x0000, 0x0000, 0x0000, 0x0000, 0x0000, 0x0000,
    0x0000, 0x0000, 0x0000, 0x0000, 0x0000, 0x0000, 0x0000, 0x0000, 0x0000, 0x0000, 0x0000, 0x0000,
    0x0000, 0x0000, 0x0000, 0x0000, 0x0000, 0x0000, 0x0000, 0x0000, 0x0000, 0x0000, 0x0000, 0x0000,
    0x0000, 0x0000, 0x0000, 0x0000, 0x0000, 0x0000, 0x0000, 0x0000, 0x0000, 0x0000, 0x0000, 0x0000,
    0x0000, 0x0000, 0x0000, 0x0000, 0x0000, 0x0000, 0x0000, 0x0000, 0x0000, 0x0000, 0x0000, 0x0000,
    0x0000, 0x0000, 0x0000, 0x0000, 0x0000, 0x0000, 0x0000, 0x0000, 0x0000, 0x0000, 0x0000, 0x0000,
    0x0000, 0x0000, 0x0000, 0x0000, 0x0000, 0x0000, 0x0000, 0x0000, 0x0000, 0x0000, 0x0000, 0x0000,
    0x0000, 0x0000, 0x0000, 0x0000, 0x0000, 0x0000, 0x0000, 0x0000, 0x0000, 0x0000, 0x0000, 0x0000,
    0x0000, 0x0000, 0x0000, 0x0000, 0x0000, 0x0000, 0x0000, 0x0000, 0x0000, 0x0000, 0x0000, 0x0000,
    0x0000, 0x0000, 0x0000, 0x0000, 0x0000, 0x0000, 0x0000, 0x0000, 0x0000, 0x0000, 0x0000, 0x0000,
    0x0000, 0x0000, 0x0000, 0x0000, 0x0000, 0x0000, 0x0000, 0x0000, 0x0000, 0x0000, 0x0000, 0x0000,
    0x0000, 0x0000, 0x0000, 0x0000, 0x0000, 0x0000, 0x0000, 0x0000, 0x0000, 0x0000, 0x0000, 0x0000,
    0x0000, 0x0000, 0x0000, 0x0000, 0x0000, 0x0000, 0x0000, 0x0000, 0x0000, 0x0000, 0x0000, 0x0000,
    0x0000, 0x0000, 0x0000, 0x0000, 0x0000, 0x0000, 0x0000, 0x0000, 0x0000, 0x0000, 0x0000, 0x0000,
    0x0000, 0x0000, 0x0000, 0x0000, 0x0000, 0x0000, 0x0000, 0x0000, 0x0000, 0x0000, 0x0000, 0x0000,
    0x0000, 0x0000, 0x0000, 0x0000, 0x0000, 0x0000, 0x0000, 0x0000, 0x0000, 0x0000, 0x0000, 0x0000,
    0x0000, 0x0000, 0x0000, 0x0000, 0x0000, 0x0000, 0x0000, 0x0000, 0x0000, 0x0000, 0x0000, 0x0000,
    0x0000, 0x0000, 0x0000, 0x0000, 0x0000, 0x0000, 0x0000, 0x0000, 0x0000, 0x0000, 0x0000, 0x0000,
    0x0000, 0x0000, 0x0000, 0x0000, 0x0000, 0x0000, 0x0000, 0x0000, 0x0000, 0x0000, 0x0000, 0x0000,
    0x0000, 0x0000, 0x0000, 0x0000, 0x0000, 0x0000, 0x0000, 0x0000, 0x0000, 0x0000, 0x0000, 0x0000,
    0x0000, 0x0000, 0x0000, 0x0000, 0x0000, 0x0000, 0x0000, 0x0000, 0x0000, 0x0000, 0x0000, 0x0000,
    0x0000, 0x0000, 0x0000, 0x0000, 0x0000, 0x0000, 0x0000, 0x0000, 0x0000, 0x0000, 0x0000, 0x0000,
    0x0000, 0x0000, 0x0000, 0x0000, 0x0000, 0x0000, 0x0000, 0x0000, 0x0000, 0x0000, 0x0000, 0x0000,
    0x0000, 0x0000, 0x0000, 0x0000, 0x0000, 0x0000, 0x0000, 0x0000, 0x0000, 0x0000, 0x0000, 0x0000,
    0x0000, 0x0000, 0x0000, 0x0000, 0x0000, 0x0000, 0x0000, 0x0000, 0x0000, 0x0000, 0x0000, 0x0000,
    0x0000, 0x0000, 0x0000, 0x0000, 0x0000, 0x0000, 0x0000, 0x0000, 0x0000, 0x0000, 0x0000, 0x0000,
    0x0000, 0x0000, 0x0000, 0x0000, 0x0000, 0x0000, 0x0000, 0x0000, 0x0000, 0x0000, 0x0000, 0x0000,
    0x0000, 0x0000, 0x0000, 0x0000, 0x0000, 0x0000, 0x0000, 0x0000, 0x0000, 0x0000, 0x0000, 0x0000,
    0x0000, 0x0000, 0x0000, 0x0000, 0x0000, 0x0000, 0x0000, 0x0000, 0x0000, 0x0000, 0x0000, 0x0000,
    0x0000, 0x0000, 0x0000, 0x0000, 0x0000, 0x0000, 0x0000, 0x0000, 0x0000, 0x0000, 0x0000, 0x0000,
    0x0000, 0x0000, 0x0000, 0x0000, 0x0000, 0x0000, 0x0000, 0x0000, 0x0000, 0x0000, 0x0000, 0x0000,
    0x0000, 0x0000, 0x0000, 0x0000, 0x0000, 0x0000, 0x0000, 0x0000, 0x0000, 0x0000, 0x0000, 0x0000,
    0x0000, 0x0000, 0x0000, 0x0000, 0x0000, 0x0000, 0x0000, 0x0000, 0x0000, 0x0000, 0x0000, 0x0000,
    0x0000, 0x0000, 0x0000, 0x0000, 0x0000, 0x0000, 0x0000, 0x0000, 0x0000, 0x0000, 0x0000, 0x0000,
    0x0000, 0x0000, 0x0000, 0x0000, 0x0000, 0x0000, 0x0000, 0x0000, 0x0000, 0x0000, 0x0000, 0x0000,
    0x0000, 0x0000, 0x0000, 0x0000, 0x0000, 0x0000, 0x0000, 0x0000, 0x0000, 0x0000, 0x0000, 0x0000,
    0x0000, 0x0000, 0x0000, 0x0000, 0x0000, 0x0000, 0x0000, 0x0000, 0x0000, 0x0000, 0x0000, 0x0000,
    0x0000, 0x0000, 0x0000, 0x0000, 0x0000, 0x0000, 0x0000, 0x0000, 0x0000, 0x0000, 0x0000, 0x0000,
    0x0000, 0x0000, 0x0000, 0x0000, 0x0000, 0x0000, 0x0000, 0x0000, 0x0000, 0x0000, 0x0000, 0x0000,
    0x0000, 0x0000, 0x0000, 0x0000, 0x0000, 0x0000, 0x0000, 0x0000, 0x0000, 0x0000, 0x0000, 0x0000,
    0x0000, 0x0000, 0x0000, 0x0000, 0x0000, 0x0000, 0x0000, 0x0000, 0x0000, 0x0000, 0x0000, 0x0000,
    0x0000, 0x0000, 0x0000, 0x0000, 0x0000, 0x0000, 0x0000, 0x0000, 0x0000, 0x0000, 0x0000, 0x0000,
    0x0000, 0x0000, 0x0000, 0x0000, 0x0000, 0x0000, 0x0000, 0x0000, 0x0000, 0x0000, 0x0000, 0x0000,
    0x0000, 0x0000, 0x0000, 0x0000, 0x0000, 0x0000, 0x0000, 0x0000, 0x0000, 0x0000, 0x0000, 0x0000,
    0x0000, 0x0000, 0x0000, 0x0000, 0x0000, 0x0000, 0x0000, 0x0000, 0x0000, 0x0000, 0x0000, 0x0000,
    0x0000, 0x0000, 0x0000, 0x0000, 0x0000, 0x0000, 0x0000, 0x0000, 0x0000, 0x0000, 0x0000, 0x0000,
    0x0000, 0x0000, 0x0000, 0x0000, 0x0000, 0x0000, 0x0000, 0x0000, 0x0000, 0x0000, 0x0000, 0x0000,
    0x0000, 0x0000, 0x0000, 0x0000, 0x0000, 0x0000, 0x0000, 0x0000, 0x0000, 0x0000, 0x0000, 0x0000,
    0x0000, 0x0000, 0x0000, 0x0000, 0x0000, 0x0000, 0x0000, 0x0000, 0x0000, 0x0000, 0x0000, 0x0000,
    0x0000, 0x0000, 0x0000, 0x0000, 0x0000, 0x0000, 0x0000, 0x0000, 0x0000, 0x0000, 0x0000, 0x0000,
    0x0000, 0x0000, 0x0000, 0x0000, 0x0000, 0x0000, 0x0000, 0x0000, 0x0000, 0x0000, 0x0000, 0x0000,
    0x0000, 0x0000, 0x0000, 0x0000, 0x0000, 0x0000, 0x0000, 0x0000, 0x0000, 0x0000, 0x0000, 0x0000,
    0x0000, 0x0000, 0x0000, 0x0000, 0x0000, 0x0000, 0x0000, 0x0000, 0x0000, 0x0000, 0x0000, 0x0000,
    0x0000, 0x0000, 0x0000, 0x0000, 0x0000, 0x0000, 0x0000, 0x0000, 0x0000, 0x0000, 0x0000, 0x0000,
    0x0000, 0x0000, 0x0000, 0x0000, 0x0000, 0x0000, 0x0000, 0x0000, 0x0000, 0x0000, 0x0000, 0x0000,
    0x0000, 0x0000, 0x0000, 0x0000, 0x0000, 0x0000, 0x0000, 0x0000, 0x0000, 0x0000, 0x0000, 0x0000,
    0x0000, 0x0000, 0x0000, 0x0000, 0x0000, 0x0000, 0x0000, 0x0000, 0x0000, 0x0000, 0x0000, 0x0000,
    0x0000, 0x0000, 0x0000, 0x0000, 0x0000, 0x0000, 0x0000, 0x0000, 0x0000, 0x0000, 0x0000, 0x0000,
    0x0000, 0x0000, 0x0000, 0x0000, 0x0000, 0x0000, 0x0000, 0x0000, 0x0000, 0x0000, 0x0000, 0x0000,
    0x0000, 0x0000, 0x0000, 0x0000, 0x0000, 0x0000, 0x0000, 0x0000, 0x0000, 0x0000, 0x0000, 0x0000,
    0x0000, 0x0000, 0x0000, 0x0000, 0x0000, 0x0000, 0x0000, 0x0000, 0x0000, 0x0000, 0x0000, 0x0000,
    0x0000, 0x0000, 0x0000, 0x0000, 0x0000, 0x0000, 0x0000, 0x0000, 0x0000, 0x0000, 0x0000, 0x0000,
    0x0000, 0x0000, 0x0000, 0x0000, 0x0000, 0x0000, 0x0000, 0x0000, 0x0000, 0x0000, 0x0000, 0x0000,
    0x0000, 0x0000, 0x0000, 0x0000, 0x0000, 0x0000, 0x0000, 0x0000, 0x0000, 0x0000, 0x0000, 0x0000,
    0x0000, 0x0000, 0x0000, 0x0000, 0x0000, 0x0000, 0x0000, 0x0000, 0x0000, 0x0000, 0x0000, 0x0000,
    0x0000, 0x0000, 0x0000, 0x0000, 0x0000, 0x0000, 0x0000, 0x0000, 0x0000, 0x0000, 0x0000, 0x0000,
    0x0000, 0x0000, 0x0000, 0x0000, 0x0000, 0x0000, 0x0000, 0x0000, 0x0000, 0x0000, 0x0000, 0x0000,
    0x0000, 0x0000, 0x0000, 0x0000, 0x0000, 0x0000, 0x0000, 0x0000, 0x0000, 0x0000, 0x0000, 0x0000,
    0x0000, 0x0000, 0x0000, 0x0000, 0x0000, 0x0000, 0x0000, 0x0000, 0x0000, 0x0000, 0x0000, 0x0000,
    0x0000, 0x0000, 0x0000, 0x0000, 0x0000, 0x0000, 0x0000, 0x0000, 0x0000, 0x0000, 0x0000, 0x0000,
    0x0000, 0x0000, 0x0000, 0x0000, 0x0000, 0x0000, 0x0000, 0x0000, 0x0000, 0x0000, 0x0000, 0x0000,
    0x0000, 0x0000, 0x0000, 0x0000, 0x0000, 0x0000, 0x0000, 0x0000, 0x0000, 0x0000, 0x0000, 0x0000,
    0x0000, 0x0000, 0x0000, 0x0000, 0x0000, 0x0000, 0x0000, 0x0000, 0x0000, 0x0000, 0x0000, 0x0000,
    0x0000, 0x0000, 0x0000, 0x0000, 0x0000, 0x0000, 0x0000, 0x0000, 0x0000, 0x0000, 0x0000, 0x0000,
    0x0000, 0x0000, 0x0000, 0x0000, 0x0000, 0x0000, 0x0000, 0x0000, 0x0000, 0x0000, 0x0000, 0x0000,
    0x0000, 0x0000, 0x0000, 0x0000, 0x0000, 0x0000, 0x0000, 0x0000, 0x0000, 0x0000, 0x0000, 0x0000,
    0x0000, 0x0000, 0x0000, 0x0000, 0x0000, 0x0000, 0x0000, 0x0000, 0x0000, 0x0000, 0x0000, 0x0000,
    0x0000, 0x0000, 0x0000, 0x0000, 0x0000, 0x0000, 0x0000, 0x0000, 0x0000, 0x0000, 0x0000, 0x0000,
    0x0000, 0x0000, 0x0000, 0x0000, 0x0000, 0x0000, 0x0000, 0x0000, 0x0000, 0x0000, 0x0000, 0x0000,
    0x0000, 0x0000, 0x0000, 0x0000, 0x0000, 0x0000, 0x0000, 0x0000, 0x0000, 0x0000, 0x0000, 0x0000,
    0x0000, 0x0000, 0x0000, 0x0000, 0x0000, 0x0000, 0x0000, 0x0000, 0x0000, 0x0000, 0x0000, 0x0000,
    0x0000, 0x0000, 0x0000, 0x0000, 0x0000, 0x0000, 0x0000, 0x0000, 0x0000, 0x0000, 0x0000, 0x0000,
    0x0000, 0x0000, 0x0000, 0x0000, 0x0000, 0x0000, 0x0000, 0x0000, 0x0000, 0x0000, 0x0000, 0x0000,
    0x0000, 0x0000, 0x0000, 0x0000, 0x0000, 0x0000, 0x0000, 0x0000, 0x0000, 0x0000, 0x0000, 0x0000,
    0x0000, 0x0000, 0x0000, 0x0000, 0x0000, 0x0000, 0x0000, 0x0000, 0x0000, 0x0000, 0x0000, 0x0000,
    0x0000, 0x0000, 0x0000, 0x0000, 0x0000, 0x0000, 0x0000, 0x0000, 0x0000, 0x0000, 0x0000, 0x0000,
    0x0000, 0x0000, 0x0000, 0x0000, 0x0000, 0x0000, 0x0000, 0x0000, 0x0000, 0x0000, 0x0000, 0x0000,
    0x0000, 0x0000, 0x0000, 0x0000, 0x0000, 0x0000, 0x0000, 0x0000, 0x0000, 0x0000, 0x0000, 0x0000,
    0x0000, 0x0000, 0x0000, 0x0000, 0x0000, 0x0000, 0x0000, 0x0000, 0x0000, 0x0000, 0x0000, 0x0000,
    0x0000, 0x0000, 0x0000, 0x0000, 0x0000, 0x0000, 0x0000, 0x0000, 0x0000, 0x0000, 0x0000, 0x0000,
    0x0000, 0x0000, 0x0000, 0x0000, 0x0000, 0x0000, 0x0000, 0x0000, 0x0000, 0x0000, 0x0000, 0x0000,
    0x0000, 0x0000, 0x0000, 0x0000, 0x0000, 0x0000, 0x0000, 0x0000, 0x0000, 0x0000, 0x0000, 0x0000,
    0x0000, 0x0000, 0x0000, 0x0000, 0x0000, 0x0000, 0x0000, 0x0000, 0x0000, 0x0000, 0x0000, 0x0000,
    0x0000, 0x0000, 0x0000, 0x0000, 0x0000, 0x0000, 0x0000, 0x0000, 0x0000, 0x0000, 0x0000, 0x0000,
    0x0000, 0x0000, 0x0000, 0x0000, 0x0000, 0x0000, 0x0000, 0x0000, 0x0000, 0x0000, 0x0000, 0x0000,
    0x0000, 0x0000, 0x0000, 0x0000, 0x0000, 0x0000, 0x0000, 0x0000, 0x0000, 0x0000, 0x0000, 0x0000,
    0x0000, 0x0000, 0x0000, 0x0000, 0x0000, 0x0000, 0x0000, 0x0000, 0x0000, 0x0000, 0x0000, 0x0000,
    0x0000, 0x0000, 0x0000, 0x0000, 0x0000, 0x0000, 0x0000, 0x0000, 0x0000, 0x0000, 0x0000, 0x0000,
    0x0000, 0x0000, 0x0000, 0x0000, 0x0000, 0x0000, 0x0000, 0x0000, 0x0000, 0x0000, 0x0000, 0x0000,
    0x0000, 0x0000, 0x0000, 0x0000, 0x0000, 0x0000, 0x0000, 0x0000, 0x0000, 0x0000, 0x0000, 0x0000,
    0x0000, 0x0000, 0x0000, 0x0000, 0x0000, 0x0000, 0x0000, 0x0000, 0x0000, 0x0000, 0x0000, 0x0000,
    0x0000, 0x0000, 0x0000, 0x0000, 0x0000, 0x0000, 0x0000, 0x0000, 0x0000, 0x0000, 0x0000, 0x0000,
    0x0000, 0x0000, 0x0000, 0x0000, 0x0000, 0x0000, 0x0000, 0x0000, 0x0000, 0x0000, 0x0000, 0x0000,
    0x0000, 0x0000, 0x0000, 0x0000, 0x0000, 0x0000, 0x0000, 0x0000, 0x0000, 0x0000, 0x0000, 0x0000,
    0x0000, 0x0000, 0x0000, 0x0000, 0x0000, 0x0000, 0x0000, 0x0000, 0x0000, 0x0000, 0x0000, 0x0000,
    0x0000, 0x0000, 0x0000, 0x0000, 0x0000, 0x0000, 0x0000, 0x0000, 0x0000, 0x0000, 0x0000, 0x0000,
    0x0000, 0x0000, 0x0000, 0x0000, 0x0000, 0x0000, 0x0000, 0x0000, 0x0000, 0x0000, 0x0000, 0x0000,
    0x0000, 0x0000, 0x0000, 0x0000, 0x0000, 0x0000, 0x0000, 0x0000, 0x0000, 0x0000, 0x0000, 0x0000,
    0x0000, 0x0000, 0x0000, 0x0000, 0x0000, 0x0000, 0x0000, 0x0000, 0x0000, 0x0000, 0x0000, 0x0000,
    0x0000, 0x0000, 0x0000, 0x0000, 0x0000, 0x0000, 0x0000, 0x0000, 0x0000, 0x0000, 0x0000, 0x0000,
    0x0000, 0x0000, 0x0000, 0x0000, 0x0000, 0x0000, 0x0000, 0x0000, 0x0000, 0x0000, 0x0000, 0x0000,
    0x0000, 0x0000, 0x0000, 0x0000, 0x0000, 0x0000, 0x0000, 0x0000, 0x0000, 0x0000, 0x0000, 0x0000,
    0x0000, 0x0000, 0x0000, 0x0000, 0x0000, 0x0000, 0x0000, 0x0000, 0x0000, 0x0000, 0x0000, 0x0000,
    0x0000, 0x0000, 0x0000, 0x0000, 0x0000, 0x0000, 0x0000, 0x0000, 0x0000, 0x0000, 0x0000, 0x0000,
    0x0000, 0x0000, 0x0000, 0x0000, 0x0000, 0x0000, 0x0000, 0x0000, 0x0000, 0x0000, 0x0000, 0x0000,
    0x0000, 0x0000, 0x0000, 0x0000, 0x0000, 0x0000, 0x0000, 0x0000, 0x0000, 0x0000, 0x0000, 0x0000,
    0x0000, 0x0000, 0x0000, 0x0000, 0x0000, 0x0000, 0x0000, 0x0000, 0x0000, 0x0000, 0x0000, 0x0000,
    0x0000, 0x0000, 0x0000, 0x0000, 0x0000, 0x0000, 0x0000, 0x0000, 0x0000, 0x0000, 0x0000, 0x0000,
    0x0000, 0x0000, 0x0000, 0x0000, 0x0000, 0x0000, 0x0000, 0x0000, 0x0000, 0x0000, 0x0000, 0x0000,
    0x0000, 0x0000, 0x0000, 0x0000, 0x0000, 0x0000, 0x0000, 0x0000, 0x0000, 0x0000, 0x0000, 0x0000,
    0x0000, 0x0000, 0x0000, 0x0000, 0x0000, 0x0000, 0x0000, 0x0000, 0x0000, 0x0000, 0x0000, 0x0000,
    0x0000, 0x0000, 0x0000, 0x0000, 0x0000, 0x0000, 0x0000, 0x0000, 0x0000, 0x0000, 0x0000, 0x0000,
    0x0000, 0x0000, 0x0000, 0x0000, 0x0000, 0x0000, 0x0000, 0x0000, 0x0000, 0x0000, 0x0000, 0x0000,
    0x0000, 0x0000, 0x0000, 0x0000, 0x0000, 0x0000, 0x0000, 0x0000, 0x0000, 0x0000, 0x0000, 0x0000,
    0x0000, 0x0000, 0x0000, 0x0000, 0x0000, 0x0000, 0x0000, 0x0000, 0x0000, 0x0000, 0x0000, 0x0000,
    0x0000, 0x0000, 0x0000, 0x0000, 0x0000, 0x0000, 0x0000, 0x0000, 0x0000, 0x0000, 0x0000, 0x0000,
    0x0000, 0x0000, 0x0000, 0x0000, 0x0000, 0x0000, 0x0000, 0x0000, 0x0000, 0x0000, 0x0000, 0x0000,
    0x0000, 0x0000, 0x0000, 0x0000, 0x0000, 0x0000, 0x0000, 0x0000, 0x0000, 0x0000, 0x0000, 0x0000,
    0x0000, 0x0000, 0x0000, 0x0000, 0x0000, 0x0000, 0x0000, 0x0000, 0x0000, 0x0000, 0x0000, 0x0000,
    0x0000, 0x0000, 0x0000, 0x0000, 0x0000, 0x0000, 0x0000, 0x0000, 0x0000, 0x0000, 0x0000, 0x0000,
    0x0000, 0x0000, 0x0000, 0x0000, 0x0000, 0x0000, 0x0000, 0x0000, 0x0000, 0x0000, 0x0000, 0x0000,
    0x0000, 0x0000, 0x0000, 0x0000, 0x0000, 0x0000, 0x0000, 0x0000, 0x0000, 0x0000, 0x0000, 0x0000,
    0x0000, 0x0000, 0x0000, 0x0000, 0x0000, 0x0000, 0x0000, 0x0000, 0x0000, 0x0000, 0x0000, 0x0000,
    0x0000, 0x0000, 0x0000, 0x0000, 0x0000, 0x0000, 0x0000, 0x0000, 0x0000, 0x0000, 0x0000, 0x0000,
    0x0000, 0x0000, 0x0000, 0x0000, 0x0000, 0x0000, 0x0000, 0x0000, 0x0000, 0x0000, 0x0000, 0x0000,
    0x0000, 0x0000, 0x0000, 0x0000, 0x0000, 0x0000, 0x0000, 0x0000, 0x0000, 0x0000, 0x0000, 0x0000,
    0x0000, 0x0000, 0x0000, 0x0000, 0x0000, 0x0000, 0x0000, 0x0000, 0x0000, 0x0000, 0x0000, 0x0000,
    0x0000, 0x0000, 0x0000, 0x0000, 0x0000, 0x0000, 0x0000, 0x0000, 0x0000, 0x0000, 0x0000, 0x0000,
    0x0000, 0x0000, 0x0000, 0x0000, 0x0000, 0x0000, 0x0000, 0x0000, 0x0000, 0x0000, 0x0000, 0x0000,
    0x0000, 0x0000, 0x0000, 0x0000, 0x0000, 0x0000, 0x0000, 0x0000, 0x0000, 0x0000, 0x0000, 0x0000,
    0x0000, 0x0000, 0x0000, 0x0000, 0x0000, 0x0000, 0x0000, 0x0000, 0x0000, 0x0000, 0x0000, 0x0000,
    0x0000, 0x0000, 0x0000, 0x0000, 0x0000, 0x0000, 0x0000, 0x0000, 0x0000, 0x0000, 0x0000, 0x0000,
    0x0000, 0x0000, 0x0000, 0x0000, 0x0000, 0x0000, 0x0000, 0x0000, 0x0000, 0x0000, 0x0000, 0x0000,
    0x0000, 0x0000, 0x0000, 0x0000, 0x0000, 0x0000, 0x0000, 0x0000, 0x0000, 0x0000, 0x0000, 0x0000,
    0x0000, 0x0000, 0x0000, 0x0000, 0x0000, 0x0000, 0x0000, 0x0000, 0x0000, 0x0000, 0x0000, 0x0000,
    0x0000, 0x0000, 0x0000, 0x0000, 0x0000, 0x0000, 0x0000, 0x0000, 0x0000, 0x0000, 0x0000, 0x0000,
    0x0000, 0x0000, 0x0000, 0x0000, 0x0000, 0x0000, 0x0000, 0x0000, 0x0000, 0x0000, 0x0000, 0x0000,
    0x0000, 0x0000, 0x0000, 0x0000, 0x0000, 0x0000, 0x0000, 0x0000, 0x0000, 0x0000, 0x0000, 0x0000,
    0x0000, 0x0000, 0x0000, 0x0000, 0x0000, 0x0000, 0x0000, 0x0000, 0x0000, 0x0000, 0x0000, 0x0000,
    0x0000, 0x0000, 0x0000, 0x0000, 0x0000, 0x0000, 0x0000, 0x0000, 0x0000, 0x0000, 0x0000, 0x0000,
    0x0000, 0x0000, 0x0000, 0x0000, 0x0000, 0x0000, 0x0000, 0x0000, 0x0000, 0x0000, 0x0000, 0x0000,
    0x0000, 0x0000, 0x0000, 0x0000, 0x0000, 0x0000, 0x0000, 0x0000, 0x0000, 0x0000, 0x0000, 0x0000,
    0x0000, 0x0000, 0x0000, 0x0000, 0x0000, 0x0000, 0x0000, 0x0000, 0x0000, 0x0000, 0x0000, 0x0000,
    0x0000, 0x0000, 0x0000, 0x0000, 0x0000, 0x0000, 0x0000, 0x0000, 0x0000, 0x0000, 0x0000, 0x0000,
    0x0000, 0x0000, 0x0000, 0x0000, 0x0000, 0x0000, 0x0000, 0x0000, 0x0000, 0x0000, 0x0000, 0x0000,
    0x0000, 0x0000, 0x0000, 0x0000, 0x0000, 0x0000, 0x0000, 0x0000, 0x0000, 0x0000, 0x0000, 0x0000,
    0x0000, 0x0000, 0x0000, 0x0000, 0x0000, 0x0000, 0x0000, 0x0000, 0x0000, 0x0000, 0x0000, 0x0000,
    0x0000, 0x0000, 0x0000, 0x0000, 0x0000, 0x0000, 0x0000, 0x0000, 0x0000, 0x0000, 0x0000, 0x0000,
    0x0000, 0x0000, 0x0000, 0x0000, 0x0000, 0x0000, 0x0000, 0x0000, 0x0000, 0x0000, 0x0000, 0x0000,
    0x0000, 0x0000, 0x0000, 0x0000, 0x0000, 0x0000, 0x0000, 0x0000, 0x0000, 0x0000, 0x0000, 0x0000,
};
