#pragma once

#include <Arduino.h>

constexpr int kSupaChatSplashWidth = 240;
constexpr int kSupaChatSplashHeight = 135;
const uint16_t kSupaChatSplash[] PROGMEM = {
    0x0000, 0x0000, 0x0000, 0x0000, 0x0000, 0x0000, 0x0000, 0x0000, 0x0000, 0x0000, 0x0000, 0x0000,
    0x0000, 0x0000, 0x0000, 0x0000, 0x0000, 0x0000, 0x0000, 0x0000, 0x0000, 0x0000, 0x0000, 0x0000,
    0x0000, 0x0000, 0x0000, 0x0000, 0x0000, 0x0000, 0x0000, 0x0000, 0x0000, 0x0000, 0x0000, 0x0000,
    0x0000, 0x0000, 0x0000, 0x0000, 0x0000, 0x0000, 0x0000, 0x0000, 0x0000, 0x0000, 0x0000, 0x0000,
    0x0000, 0x0000, 0x0000, 0x0000, 0x0000, 0x0000, 0x0000, 0x0000, 0x0000, 0x0000, 0x0000, 0x0000,
    0x0000, 0x0000, 0x0000, 0x0000, 0x0000, 0x0000, 0x0000, 0x0000, 0x0000, 0x0000, 0x0000, 0x0000,
    0x0000, 0x0000, 0x0000, 0x0000, 0x0000, 0x0000, 0x0000, 0x0000, 0x0000, 0x0000, 0x0000, 0x0000,
    0x0000, 0x0000, 0x0000, 0x0000, 0x0000, 0x0000, 0x0000, 0x0000, 0x0000, 0x0000, 0x0000, 0x0000,
    0x0000, 0x0000, 0x0000, 0x0000, 0x0000, 0x0000, 0x0000, 0x0000, 0x0000, 0x0000, 0x0000, 0x0000,
    0x0000, 0x0000, 0x0000, 0x0000, 0x0000, 0x0000, 0x0000, 0x0000, 0x0000, 0x0000, 0x0000, 0x0000,
    0x0000, 0x0000, 0x0000, 0x0000, 0x0000, 0x0000, 0x0000, 0x0000, 0x0000, 0x0000, 0x0000, 0x0000,
    0x0000, 0x0000, 0x0000, 0x0000, 0x0000, 0x0000, 0x0000, 0x0000, 0x0000, 0x0000, 0x0000, 0x0000,
    0x0000, 0x0000, 0x0000, 0x0000, 0x0000, 0x0000, 0x0000, 0x0000, 0x0000, 0x0000, 0x0000, 0x0000,
    0x0000, 0x0000, 0x0000, 0x0000, 0x0000, 0x0000, 0x0000, 0x0000, 0x0000, 0x0000, 0x0000, 0x0000,
    0x0000, 0x0000, 0x0000, 0x0000, 0x0000, 0x0000, 0x0000, 0x0000, 0x0000, 0x0000, 0x0000, 0x0000,
    0x0000, 0x0000, 0x0000, 0x0000, 0x0000, 0x0000, 0x0000, 0x0000, 0x0000, 0x0000, 0x0000, 0x0000,
    0x0000, 0x0000, 0x0000, 0x0000, 0x0000, 0x0000, 0x0000, 0x0000, 0x0000, 0x0000, 0x0000, 0x0000,
    0x0000, 0x0000, 0x0000, 0x0000, 0x0000, 0x0000, 0x0000, 0x0000, 0x0000, 0x0000, 0x0000, 0x0000,
    0x0000, 0x0000, 0x0000, 0x0000, 0x0000, 0x0000, 0x0000, 0x0000, 0x0000, 0x0000, 0x0000, 0x0000,
    0x0000, 0x0000, 0x0000, 0x0000, 0x0000, 0x0000, 0x0000, 0x0000, 0x0000, 0x0000, 0x0000, 0x0000,
    0x0000, 0x0000, 0x0000, 0x0000, 0x0000, 0x0000, 0x0000, 0x0000, 0x0000, 0x0000, 0x0000, 0x0000,
    0x0000, 0x0000, 0x0000, 0x0000, 0x0000, 0x0000, 0x0000, 0x0000, 0x0000, 0x0000, 0x0000, 0x0000,
    0x0000, 0x0000, 0x0000, 0x0000, 0x0000, 0x0000, 0x0000, 0x0000, 0x0000, 0x0000, 0x0000, 0x0000,
    0x0000, 0x0000, 0x0000, 0x0000, 0x0000, 0x0000, 0x0000, 0x0000, 0x0000, 0x0000, 0x0000, 0x0000,
    0x0000, 0x0000, 0x0000, 0x0000, 0x0000, 0x0000, 0x0000, 0x0000, 0x0000, 0x0000, 0x0000, 0x0000,
    0x0000, 0x0000, 0x0000, 0x0000, 0x0000, 0x0000, 0x0000, 0x0000, 0x0000, 0x0000, 0x0000, 0x0000,
    0x0000, 0x0000, 0x0000, 0x0000, 0x0000, 0x0000, 0x0000, 0x0000, 0x0000, 0x0000, 0x0000, 0x0000,
    0x0000, 0x0000, 0x0000, 0x0000, 0x0000, 0x0000, 0x0000, 0x0000, 0x0000, 0x0000, 0x0000, 0x0000,
    0x0000, 0x0000, 0x0000, 0x0000, 0x0000, 0x0000, 0x0000, 0x0000, 0x0000, 0x0000, 0x0000, 0x0000,
    0x0000, 0x0000, 0x0000, 0x0000, 0x0000, 0x0000, 0x0000, 0x0000, 0x0000, 0x0000, 0x0000, 0x0000,
    0x0000, 0x0000, 0x0000, 0x0000, 0x0000, 0x0000, 0x0000, 0x0000, 0x0000, 0x0000, 0x0000, 0x0000,
    0x0000, 0x0000, 0x0000, 0x0000, 0x0000, 0x0000, 0x0000, 0x0000, 0x0000, 0x0000, 0x0000, 0x0000,
    0x0000, 0x0000, 0x0000, 0x0000, 0x0000, 0x0000, 0x0000, 0x0000, 0x0000, 0x0000, 0x0000, 0x0000,
    0x0000, 0x0000, 0x0000, 0x0000, 0x0000, 0x0000, 0x0000, 0x0000, 0x0000, 0x0000, 0x0000, 0x0000,
    0x0000, 0x0000, 0x0000, 0x0000, 0x0000, 0x0000, 0x0000, 0x0000, 0x0000, 0x0000, 0x0000, 0x0000,
    0x0000, 0x0000, 0x0000, 0x0000, 0x0000, 0x0000, 0x0000, 0x0000, 0x0000, 0x0000, 0x0000, 0x0000,
    0x0000, 0x0000, 0x0000, 0x0000, 0x0000, 0x0000, 0x0000, 0x0000, 0x0000, 0x0000, 0x0000, 0x0000,
    0x0000, 0x0000, 0x0000, 0x0000, 0x0000, 0x0000, 0x0000, 0x0000, 0x0000, 0x0000, 0x0000, 0x0000,
    0x0000, 0x0000, 0x0000, 0x0000, 0x0000, 0x0000, 0x0000, 0x0000, 0x0000, 0x0000, 0x0000, 0x0000,
    0x0000, 0x0000, 0x0000, 0x0000, 0x0000, 0x0000, 0x0000, 0x0000, 0x0000, 0x0000, 0x0000, 0x0000,
    0x0000, 0x0000, 0x0000, 0x0000, 0x0000, 0x0000, 0x0000, 0x0000, 0x0000, 0x0000, 0x0000, 0x0000,
    0x0000, 0x0000, 0x0000, 0x0000, 0x0000, 0x0000, 0x0000, 0x0000, 0x0000, 0x0000, 0x0000, 0x0000,
    0x0000, 0x0000, 0x0000, 0x0000, 0x0000, 0x0000, 0x0000, 0x0000, 0x0000, 0x0000, 0x0000, 0x0000,
    0x0000, 0x0000, 0x0000, 0x0000, 0x0000, 0x0000, 0x0000, 0x0000, 0x0000, 0x0000, 0x0000, 0x0000,
    0x0000, 0x0000, 0x0000, 0x0000, 0x0000, 0x0000, 0x0000, 0x0000, 0x0000, 0x0000, 0x0000, 0x0000,
    0x0000, 0x0000, 0x0000, 0x0000, 0x0000, 0x0000, 0x0000, 0x0000, 0x0000, 0x0000, 0x0000, 0x0000,
    0x0000, 0x0000, 0x0000, 0x0000, 0x0000, 0x0000, 0x0000, 0x0000, 0x0000, 0x0000, 0x0000, 0x0000,
    0x0000, 0x0000, 0x0000, 0x0000, 0x0000, 0x0000, 0x0000, 0x0000, 0x0000, 0x0000, 0x0000, 0x0000,
    0x0000, 0x0000, 0x0000, 0x0000, 0x0000, 0x0000, 0x0000, 0x0000, 0x0000, 0x0000, 0x0000, 0x0000,
    0x0000, 0x0000, 0x0000, 0x0000, 0x0000, 0x0000, 0x0000, 0x0000, 0x0000, 0x0000, 0x0000, 0x0000,
    0x0000, 0x0000, 0x0000, 0x0000, 0x0000, 0x0000, 0x0000, 0x0000, 0x0000, 0x0000, 0x0000, 0x0000,
    0x0000, 0x0000, 0x0000, 0x0000, 0x0000, 0x0000, 0x0000, 0x0000, 0x0000, 0x0000, 0x0000, 0x0000,
    0x0000, 0x0000, 0x0000, 0x0000, 0x0000, 0x0000, 0x0000, 0x0000, 0x0000, 0x0000, 0x0000, 0x0000,
    0x0000, 0x0000, 0x0000, 0x0000, 0x0000, 0x0000, 0x0000, 0x0000, 0x0000, 0x0000, 0x0000, 0x0000,
    0x0000, 0x0000, 0x0000, 0x0000, 0x0000, 0x0000, 0x0000, 0x0000, 0x0000, 0x0000, 0x0000, 0x0000,
    0x0000, 0x0000, 0x0000, 0x0000, 0x0000, 0x0000, 0x0000, 0x0000, 0x0000, 0x0000, 0x0000, 0x0000,
    0x0000, 0x0000, 0x0000, 0x0000, 0x0000, 0x0000, 0x0000, 0x0000, 0x0000, 0x0000, 0x0000, 0x0000,
    0x0000, 0x0000, 0x0000, 0x0000, 0x0000, 0x0000, 0x0000, 0x0000, 0x0000, 0x0000, 0x0000, 0x0000,
    0x0000, 0x0000, 0x0000, 0x0000, 0x0000, 0x0000, 0x0000, 0x0000, 0x0000, 0x0000, 0x0000, 0x0000,
    0x0000, 0x0000, 0x0000, 0x0000, 0x0000, 0x0000, 0x0000, 0x0000, 0x0000, 0x0000, 0x0000, 0x0000,
    0x0000, 0x0000, 0x0000, 0x0000, 0x0000, 0x0000, 0x0000, 0x0000, 0x0000, 0x0000, 0x0000, 0x0000,
    0x0000, 0x0000, 0x0000, 0x0000, 0x0000, 0x0000, 0x0000, 0x0000, 0x0000, 0x0000, 0x0000, 0x0000,
    0x0000, 0x0000, 0x0000, 0x0000, 0x0000, 0x0000, 0x0000, 0x0000, 0x0000, 0x0000, 0x0000, 0x0000,
    0x0000, 0x0000, 0x0000, 0x0000, 0x0000, 0x0000, 0x0000, 0x0000, 0x0000, 0x0000, 0x0000, 0x0000,
    0x0000, 0x0000, 0x0000, 0x0000, 0x0000, 0x0000, 0x0000, 0x0000, 0x0000, 0x0000, 0x0000, 0x0000,
    0x0000, 0x0000, 0x0000, 0x0000, 0x0000, 0x0000, 0x0000, 0x0000, 0x0000, 0x0000, 0x0000, 0x0000,
    0x0000, 0x0000, 0x0000, 0x0000, 0x0000, 0x0000, 0x0000, 0x0000, 0x0000, 0x0000, 0x0000, 0x0000,
    0x0000, 0x0000, 0x0000, 0x0000, 0x0000, 0x0000, 0x0000, 0x0000, 0x0000, 0x0000, 0x0000, 0x0000,
    0x0000, 0x0000, 0x0000, 0x0000, 0x0000, 0x0000, 0x0000, 0x0000, 0x0000, 0x0000, 0x0000, 0x0000,
    0x0000, 0x0000, 0x0000, 0x0000, 0x0000, 0x0000, 0x0000, 0x0000, 0x0000, 0x0000, 0x0000, 0x0000,
    0x0000, 0x0000, 0x0000, 0x0000, 0x0000, 0x0000, 0x0000, 0x0000, 0x0000, 0x0000, 0x0000, 0x0000,
    0x0000, 0x0000, 0x0000, 0x0000, 0x0000, 0x0000, 0x0000, 0x0000, 0x0000, 0x0000, 0x0000, 0x0000,
    0x0000, 0x0000, 0x0000, 0x0000, 0x0000, 0x0000, 0x0000, 0x0000, 0x0000, 0x0000, 0x0000, 0x0000,
    0x0000, 0x0000, 0x0000, 0x0000, 0x0000, 0x0000, 0x0000, 0x0000, 0x0000, 0x0000, 0x0000, 0x0000,
    0x0000, 0x0000, 0x0000, 0x0000, 0x0000, 0x0000, 0x0000, 0x0000, 0x0000, 0x0000, 0x0000, 0x0000,
    0x0000, 0x0000, 0x0000, 0x0000, 0x0000, 0x0000, 0x0000, 0x0000, 0x0000, 0x0000, 0x0000, 0x0000,
    0x0000, 0x0000, 0x0000, 0x0000, 0x0000, 0x0000, 0x0000, 0x0000, 0x0000, 0x0000, 0x0000, 0x0000,
    0x0000, 0x0000, 0x0000, 0x0000, 0x0000, 0x0000, 0x0000, 0x0000, 0x0000, 0x0000, 0x0000, 0x0000,
    0x0000, 0x0000, 0x0000, 0x0000, 0x0000, 0x0000, 0x0000, 0x0000, 0x0000, 0x0000, 0x0000, 0x0000,
    0x0000, 0x0000, 0x0000, 0x0000, 0x0000, 0x0000, 0x0000, 0x0000, 0x0000, 0x0000, 0x0000, 0x0000,
    0x0000, 0x0000, 0x0000, 0x0000, 0x0000, 0x0000, 0x0000, 0x0000, 0x0000, 0x0000, 0x0000, 0x0000,
    0x0000, 0x0000, 0x0000, 0x0000, 0x0000, 0x0000, 0x0000, 0x0000, 0x0000, 0x0000, 0x0000, 0x0000,
    0x0000, 0x0000, 0x0000, 0x0000, 0x0000, 0x0000, 0x0000, 0x0000, 0x0000, 0x0000, 0x0000, 0x0000,
    0x0000, 0x0000, 0x0000, 0x0000, 0x0000, 0x0000, 0x0000, 0x0000, 0x0000, 0x0000, 0x0000, 0x0000,
    0x0000, 0x0000, 0x0000, 0x0000, 0x0000, 0x0000, 0x0000, 0x0000, 0x0000, 0x0000, 0x0000, 0x0000,
    0x0000, 0x0000, 0x0000, 0x0000, 0x0000, 0x0000, 0x0000, 0x0000, 0x0000, 0x0000, 0x0000, 0x0000,
    0x0000, 0x0000, 0x0000, 0x0000, 0x0000, 0x0000, 0x0000, 0x0000, 0x0000, 0x0000, 0x0000, 0x0000,
    0x0000, 0x0000, 0x0000, 0x0000, 0x0000, 0x0000, 0x0000, 0x0000, 0x0000, 0x0000, 0x0000, 0x0000,
    0x0000, 0x0000, 0x0000, 0x0000, 0x0000, 0x0000, 0x0000, 0x0000, 0x0000, 0x0000, 0x0000, 0x0000,
    0x0000, 0x0000, 0x0000, 0x0000, 0x0000, 0x0000, 0x0000, 0x0000, 0x0000, 0x0000, 0x0000, 0x0000,
    0x0000, 0x0000, 0x0000, 0x0000, 0x0000, 0x0000, 0x0000, 0x0000, 0x0000, 0x0000, 0x0000, 0x0000,
    0x0000, 0x0000, 0x0000, 0x0000, 0x0000, 0x0000, 0x0000, 0x0000, 0x0000, 0x0000, 0x0000, 0x0000,
    0x0000, 0x0000, 0x0000, 0x0000, 0x0000, 0x0000, 0x0000, 0x0000, 0x0000, 0x0000, 0x0000, 0x0000,
    0x0000, 0x0000, 0x0000, 0x0000, 0x0000, 0x0000, 0x0000, 0x0000, 0x0000, 0x0000, 0x0000, 0x0000,
    0x0000, 0x0000, 0x0000, 0x0000, 0x0000, 0x0000, 0x0000, 0x0000, 0x0000, 0x0000, 0x0000, 0x0000,
    0x0000, 0x0000, 0x0000, 0x0000, 0x0000, 0x0000, 0x0000, 0x0000, 0x0000, 0x0000, 0x0000, 0x0000,
    0x0000, 0x0000, 0x0000, 0x0000, 0x0000, 0x0000, 0x0000, 0x0000, 0x0000, 0x0000, 0x0000, 0x0000,
    0x0000, 0x0000, 0x0000, 0x0000, 0x0000, 0x0000, 0x0000, 0x0000, 0x0000, 0x0000, 0x0000, 0x0000,
    0x0000, 0x0000, 0x0000, 0x0000, 0x0000, 0x0000, 0x0000, 0x0000, 0x0000, 0x0000, 0x0000, 0x0000,
    0x0000, 0x0000, 0x0000, 0x0000, 0x0000, 0x0000, 0x0000, 0x0000, 0x0000, 0x0000, 0x0000, 0x0000,
    0x0000, 0x0000, 0x0000, 0x0000, 0x0000, 0x0000, 0x0000, 0x0000, 0x0000, 0x0000, 0x0000, 0x0000,
    0x0000, 0x0000, 0x0000, 0x0000, 0x0000, 0x0000, 0x0000, 0x0000, 0x0000, 0x0000, 0x0000, 0x0000,
    0x0000, 0x0000, 0x0000, 0x0000, 0x0000, 0x0000, 0x0000, 0x0000, 0x0000, 0x0000, 0x0000, 0x0000,
    0x0000, 0x0000, 0x0000, 0x0000, 0x0000, 0x0000, 0x0000, 0x0000, 0x0000, 0x0000, 0x0000, 0x0000,
    0x0000, 0x0000, 0x0000, 0x0000, 0x0000, 0x0000, 0x0000, 0x0000, 0x0000, 0x0000, 0x0000, 0x0000,
    0x0000, 0x0000, 0x0000, 0x0000, 0x0000, 0x0000, 0x0000, 0x0000, 0x0000, 0x0000, 0x0000, 0x0000,
    0x0000, 0x0000, 0x0000, 0x0000, 0x0000, 0x0000, 0x0000, 0x0000, 0x0000, 0x0000, 0x0000, 0x0000,
    0x0000, 0x0000, 0x0000, 0x0000, 0x0000, 0x0000, 0x0000, 0x0000, 0x0000, 0x0000, 0x0000, 0x0000,
    0x0000, 0x0000, 0x0000, 0x0000, 0x0000, 0x0000, 0x0000, 0x0000, 0x0000, 0x0000, 0x0000, 0x0000,
    0x0000, 0x0000, 0x0000, 0x0000, 0x0000, 0x0000, 0x0000, 0x0000, 0x0000, 0x0000, 0x0000, 0x0000,
    0x0000, 0x0000, 0x0000, 0x0000, 0x0000, 0x0000, 0x0000, 0x0000, 0x0000, 0x0000, 0x0000, 0x0000,
    0x0000, 0x0000, 0x0000, 0x0000, 0x0000, 0x0000, 0x0000, 0x0000, 0x0000, 0x0000, 0x0000, 0x0000,
    0x0000, 0x0000, 0x0000, 0x0000, 0x0000, 0x0000, 0x0000, 0x0000, 0x0000, 0x0000, 0x0000, 0x0000,
    0x0000, 0x0000, 0x0000, 0x0000, 0x0000, 0x0000, 0x0000, 0x0000, 0x0000, 0x0000, 0x0000, 0x0000,
    0x0000, 0x0000, 0x0000, 0x0000, 0x0000, 0x0000, 0x0000, 0x0000, 0x0000, 0x0000, 0x0000, 0x0000,
    0x0000, 0x0000, 0x0000, 0x0000, 0x0000, 0x0000, 0x0000, 0x0000, 0x0000, 0x0000, 0x0000, 0x0000,
    0x0000, 0x0000, 0x0000, 0x0000, 0x0000, 0x0000, 0x0000, 0x0000, 0x0000, 0x0000, 0x0000, 0x0000,
    0x0000, 0x0000, 0x0000, 0x0000, 0x0000, 0x0000, 0x0000, 0x0000, 0x0000, 0x0000, 0x0000, 0x0000,
    0x0000, 0x0000, 0x0000, 0x0000, 0x0000, 0x0000, 0x0000, 0x0000, 0x0000, 0x0000, 0x0000, 0x0000,
    0x0000, 0x0000, 0x0000, 0x0000, 0x0000, 0x0000, 0x0000, 0x0000, 0x0000, 0x0000, 0x0000, 0x0000,
    0x0000, 0x0000, 0x0000, 0x0000, 0x0000, 0x0000, 0x0000, 0x0000, 0x0000, 0x0000, 0x0000, 0x0000,
    0x0000, 0x0000, 0x0000, 0x0000, 0x0000, 0x0000, 0x0000, 0x0000, 0x0000, 0x0000, 0x0000, 0x0000,
    0x0000, 0x0000, 0x0000, 0x0000, 0x0000, 0x0000, 0x0000, 0x0000, 0x0000, 0x0000, 0x0000, 0x0000,
    0x0000, 0x0000, 0x0000, 0x0000, 0x0000, 0x0000, 0x0000, 0x0000, 0x0000, 0x0000, 0x0000, 0x0000,
    0x0000, 0x0000, 0x0000, 0x0000, 0x0000, 0x0000, 0x0000, 0x0000, 0x0000, 0x0000, 0x0000, 0x0000,
    0x0000, 0x0000, 0x0000, 0x0000, 0x0000, 0x0000, 0x0000, 0x0000, 0x0000, 0x0000, 0x0000, 0x0000,
    0x0000, 0x0000, 0x0000, 0x0000, 0x0000, 0x0000, 0x0000, 0x0000, 0x0000, 0x0000, 0x0000, 0x0000,
    0x0000, 0x0000, 0x0000, 0x0000, 0x0000, 0x0000, 0x0000, 0x0000, 0x0000, 0x0000, 0x0000, 0x0000,
    0x0000, 0x0000, 0x0000, 0x0000, 0x0000, 0x0000, 0x0000, 0x0000, 0x0000, 0x0000, 0x0000, 0x0000,
    0x0000, 0x0000, 0x0000, 0x0000, 0x0000, 0x0000, 0x0000, 0x0000, 0x0000, 0x0000, 0x0000, 0x0000,
    0x0000, 0x0000, 0x0000, 0x0000, 0x0000, 0x0000, 0x0000, 0x0000, 0x0000, 0x0000, 0x0000, 0x0000,
    0x0000, 0x0000, 0x0000, 0x0000, 0x0000, 0x0000, 0x0000, 0x0000, 0x0000, 0x0000, 0x0000, 0x0000,
    0x0000, 0x0000, 0x0000, 0x0000, 0x0000, 0x0000, 0x0000, 0x0000, 0x0000, 0x0000, 0x0000, 0x0000,
    0x0000, 0x0000, 0x0000, 0x0000, 0x0000, 0x0000, 0x0000, 0x0000, 0x0000, 0x0000, 0x0000, 0x0000,
    0x0000, 0x0000, 0x0000, 0x0000, 0x0000, 0x0000, 0x0000, 0x0000, 0x0000, 0x0000, 0x0000, 0x0000,
    0x0000, 0x0000, 0x0000, 0x0000, 0x0000, 0x0000, 0x0000, 0x0000, 0x0000, 0x0000, 0x0000, 0x0000,
    0x0000, 0x0000, 0x0000, 0x0000, 0x0000, 0x0000, 0x0000, 0x0000, 0x0000, 0x0000, 0x0000, 0x0000,
    0x0000, 0x0000, 0x0000, 0x0000, 0x0000, 0x0000, 0x0000, 0x0000, 0x0000, 0x0000, 0x0000, 0x0000,
    0x0000, 0x0000, 0x0000, 0x0000, 0x0000, 0x0000, 0x0000, 0x0000, 0x0000, 0x0000, 0x0000, 0x0000,
    0x0000, 0x0000, 0x0000, 0x0000, 0x0000, 0x0000, 0x0000, 0x0000, 0x0000, 0x0000, 0x0000, 0x0000,
    0x0000, 0x0000, 0x0000, 0x0000, 0x0000, 0x0000, 0x0000, 0x0000, 0x0000, 0x0000, 0x0000, 0x0000,
    0x0000, 0x0000, 0x0000, 0x0000, 0x0000, 0x0000, 0x0000, 0x0000, 0x0000, 0x0000, 0x0000, 0x0000,
    0x0000, 0x0000, 0x0000, 0x0000, 0x0000, 0x0000, 0x0000, 0x0000, 0x0000, 0x0000, 0x0000, 0x0000,
    0x0000, 0x0000, 0x0000, 0x0000, 0x0000, 0x0000, 0x0000, 0x0000, 0x0000, 0x0000, 0x0000, 0x0000,
    0x0000, 0x0000, 0x0000, 0x0000, 0x0000, 0x0000, 0x0000, 0x0000, 0x0000, 0x0000, 0x0000, 0x0000,
    0x0000, 0x0000, 0x0000, 0x0000, 0x0000, 0x0000, 0x0000, 0x0000, 0x0000, 0x0000, 0x0000, 0x0000,
    0x0000, 0x0000, 0x0000, 0x0000, 0x0000, 0x0000, 0x0000, 0x0000, 0x0000, 0x0000, 0x0000, 0x0000,
    0x0000, 0x0000, 0x0000, 0x0000, 0x0000, 0x0000, 0x0000, 0x0000, 0x0000, 0x0000, 0x0000, 0x0000,
    0x0000, 0x0000, 0x0000, 0x0000, 0x0000, 0x0000, 0x0000, 0x0000, 0x0000, 0x0000, 0x0000, 0x0000,
    0x0000, 0x0000, 0x0000, 0x0000, 0x0000, 0x0000, 0x0000, 0x0000, 0x0000, 0x0000, 0x0000, 0x0000,
    0x0000, 0x0000, 0x0000, 0x0000, 0x0000, 0x0000, 0x0000, 0x0000, 0x0000, 0x0000, 0x0000, 0x0000,
    0x0000, 0x0000, 0x0000, 0x0000, 0x0000, 0x0000, 0x0000, 0x0000, 0x0000, 0x0000, 0x0000, 0x0000,
    0x0000, 0x0000, 0x0000, 0x0000, 0x0000, 0x0000, 0x0000, 0x0000, 0x0000, 0x0000, 0x0000, 0x0000,
    0x0000, 0x0000, 0x0000, 0x0000, 0x0000, 0x0000, 0x0000, 0x0000, 0x0000, 0x0000, 0x0000, 0x0000,
    0x0000, 0x0000, 0x0000, 0x0000, 0x0000, 0x0000, 0x0000, 0x0000, 0x0000, 0x0000, 0x0000, 0x0000,
    0x0000, 0x0000, 0x0000, 0x0000, 0x0000, 0x0000, 0x0000, 0x0000, 0x0000, 0x0000, 0x0000, 0x0000,
    0x0000, 0x0000, 0x0000, 0x0000, 0x0000, 0x0000, 0x0000, 0x0000, 0x0000, 0x0000, 0x0000, 0x0000,
    0x0000, 0x0000, 0x0000, 0x0000, 0x0000, 0x0000, 0x0000, 0x0000, 0x0000, 0x0000, 0x0000, 0x0000,
    0x0000, 0x0000, 0x0000, 0x0000, 0x0000, 0x0000, 0x0000, 0x0000, 0x0000, 0x0000, 0x0000, 0x0000,
    0x0000, 0x0000, 0x0000, 0x0000, 0x0000, 0x0000, 0x0000, 0x0000, 0x0000, 0x0000, 0x0000, 0x0000,
    0x0000, 0x0000, 0x0000, 0x0000, 0x0000, 0x0000, 0x0000, 0x0000, 0x0000, 0x0000, 0x0000, 0x0000,
    0x0000, 0x0000, 0x0000, 0x0000, 0x0000, 0x0000, 0x0000, 0x0000, 0x0000, 0x0000, 0x0000, 0x0000,
    0x0000, 0x0000, 0x0000, 0x0000, 0x0000, 0x0000, 0x0000, 0x0000, 0x0000, 0x0000, 0x0000, 0x0000,
    0x0000, 0x0000, 0x0000, 0x0000, 0x0000, 0x0000, 0x0000, 0x0000, 0x0000, 0x0000, 0x0000, 0x0000,
    0x0000, 0x0000, 0x0000, 0x0000, 0x0000, 0x0000, 0x0000, 0x0000, 0x0000, 0x0000, 0x0000, 0x0000,
    0x0000, 0x0000, 0x0000, 0x0000, 0x0000, 0x0000, 0x0000, 0x0000, 0x0000, 0x0000, 0x0000, 0x0000,
    0x0000, 0x0000, 0x0000, 0x0000, 0x0000, 0x0000, 0x0000, 0x0000, 0x0000, 0x0000, 0x0000, 0x0000,
    0x0000, 0x0000, 0x0000, 0x0000, 0x0000, 0x0000, 0x0000, 0x0000, 0x0000, 0x0000, 0x0000, 0x0000,
    0x0000, 0x0000, 0x0000, 0x0000, 0x0000, 0x0000, 0x0000, 0x0000, 0x0000, 0x0000, 0x0000, 0x0000,
    0x0000, 0x0000, 0x0000, 0x0000, 0x0000, 0x0000, 0x0000, 0x0000, 0x0000, 0x0000, 0x0000, 0x0000,
    0x0000, 0x0000, 0x0000, 0x0000, 0x0000, 0x0000, 0x0000, 0x0000, 0x0000, 0x0000, 0x0000, 0x0000,
    0x0000, 0x0000, 0x0000, 0x0000, 0x0000, 0x0000, 0x0000, 0x0000, 0x0000, 0x0000, 0x0000, 0x0000,
    0x0000, 0x0000, 0x0000, 0x0000, 0x0000, 0x0000, 0x0000, 0x0000, 0x0000, 0x0000, 0x0000, 0x0000,
    0x0000, 0x0000, 0x0000, 0x0000, 0x0000, 0x0000, 0x0000, 0x0000, 0x0000, 0x0000, 0x0000, 0x0000,
    0x0000, 0x0000, 0x0000, 0x0000, 0x0000, 0x0000, 0x0000, 0x0000, 0x0000, 0x0000, 0x0000, 0x0000,
    0x0000, 0x0000, 0x0000, 0x0000, 0x0000, 0x0000, 0x0000, 0x0000, 0x0000, 0x0000, 0x0000, 0x0000,
    0x0000, 0x0000, 0x0000, 0x0000, 0x0000, 0x0000, 0x0000, 0x0000, 0x0000, 0x0000, 0x0000, 0x0000,
    0x0000, 0x0000, 0x0000, 0x0000, 0x0000, 0x0000, 0x0000, 0x0000, 0x0000, 0x0000, 0x0000, 0x0000,
    0x0000, 0x0000, 0x0000, 0x0000, 0x0000, 0x0000, 0x0000, 0x0000, 0x0000, 0x0000, 0x0000, 0x0000,
    0x0000, 0x0000, 0x0000, 0x0000, 0x0000, 0x0000, 0x0000, 0x0000, 0x0000, 0x0000, 0x0000, 0x0000,
    0x0000, 0x0000, 0x0000, 0x0000, 0x0000, 0x0000, 0x0000, 0x0000, 0x0000, 0x0000, 0x0000, 0x0000,
    0x0000, 0x0000, 0x0000, 0x0000, 0x0000, 0x0000, 0x0000, 0x0000, 0x0000, 0x0000, 0x0000, 0x0000,
    0x0000, 0x0000, 0x0000, 0x0000, 0x0000, 0x0000, 0x0000, 0x0000, 0x0000, 0x0000, 0x0000, 0x0000,
    0x0000, 0x0000, 0x0000, 0x0000, 0x0000, 0x0000, 0x0000, 0x0000, 0x0000, 0x0000, 0x0000, 0x0000,
    0x0000, 0x0000, 0x0000, 0x0000, 0x0000, 0x0000, 0x0000, 0x0000, 0x0000, 0x0000, 0x0000, 0x0000,
    0x0000, 0x0000, 0x0000, 0x0000, 0x0000, 0x0000, 0x0000, 0x0000, 0x0000, 0x0000, 0x0000, 0x0000,
    0x0000, 0x0000, 0x0000, 0x0000, 0x0000, 0x0000, 0x0000, 0x0000, 0x0000, 0x0000, 0x0000, 0x0000,
    0x0000, 0x0000, 0x0000, 0x0000, 0x0000, 0x0000, 0x0000, 0x0000, 0x0000, 0x0000, 0x0000, 0x0000,
    0x0000, 0x0000, 0x0000, 0x0000, 0x0000, 0x0000, 0x0000, 0x0000, 0x0000, 0x0000, 0x0000, 0x0000,
    0x0000, 0x0000, 0x0000, 0x0000, 0x0000, 0x0000, 0x0000, 0x0000, 0x0000, 0x0000, 0x0000, 0x0000,
    0x0000, 0x0000, 0x0000, 0x0000, 0x0000, 0x0000, 0x0000, 0x0000, 0x0000, 0x0000, 0x0000, 0x0000,
    0x0000, 0x0000, 0x0000, 0x0000, 0x0000, 0x0000, 0x0000, 0x0000, 0x0000, 0x0000, 0x0000, 0x0000,
    0x0000, 0x0000, 0x0000, 0x0000, 0x0000, 0x0000, 0x0000, 0x0000, 0x0000, 0x0000, 0x0000, 0x0000,
    0x0000, 0x0000, 0x0000, 0x0000, 0x0000, 0x0000, 0x0000, 0x0000, 0x0000, 0x0000, 0x0000, 0x0000,
    0x0000, 0x0000, 0x0000, 0x0000, 0x0000, 0x0000, 0x0000, 0x0000, 0x0000, 0x0000, 0x0000, 0x0000,
    0x0000, 0x0000, 0x0000, 0x0000, 0x0000, 0x0000, 0x0000, 0x0000, 0x0000, 0x0000, 0x0000, 0x0000,
    0x0000, 0x0000, 0x0000, 0x0000, 0x0000, 0x0000, 0x0000, 0x0000, 0x0000, 0x0000, 0x0000, 0x0000,
    0x0000, 0x0000, 0x0000, 0x0000, 0x0000, 0x0000, 0x0000, 0x0000, 0x0000, 0x0000, 0x0000, 0x0000,
    0x0000, 0x0000, 0x0000, 0x0000, 0x0000, 0x0000, 0x0000, 0x0000, 0x0000, 0x0000, 0x0000, 0x0000,
    0x0000, 0x0000, 0x0000, 0x0000, 0x0000, 0x0000, 0x0000, 0x0000, 0x0000, 0x0000, 0x0000, 0x0000,
    0x0000, 0x0000, 0x0000, 0x0000, 0x0000, 0x0000, 0x0000, 0x0000, 0x0000, 0x0000, 0x0000, 0x0000,
    0x0000, 0x0000, 0x0000, 0x0000, 0x0000, 0x0000, 0x0000, 0x0000, 0x0000, 0x0000, 0x0000, 0x0000,
    0x0000, 0x0000, 0x0000, 0x0000, 0x0000, 0x0000, 0x0000, 0x0000, 0x0000, 0x0000, 0x0000, 0x0000,
    0x0000, 0x0000, 0x0000, 0x0000, 0x0000, 0x0000, 0x0000, 0x0000, 0x0000, 0x0000, 0x0000, 0x0000,
    0x0000, 0x0000, 0x0000, 0x0000, 0x0000, 0x0000, 0x0000, 0x0000, 0x0000, 0x0000, 0x0000, 0x0000,
    0x0000, 0x0000, 0x0000, 0x0000, 0x0000, 0x0000, 0x0000, 0x0000, 0x0000, 0x0000, 0x0000, 0x0000,
    0x0000, 0x0000, 0x0000, 0x0000, 0x0000, 0x0000, 0x0000, 0x0000, 0x0000, 0x0000, 0x0000, 0x0000,
    0x0000, 0x0000, 0x0000, 0x0000, 0x0000, 0x0000, 0x0000, 0x0000, 0x0000, 0x0000, 0x0000, 0x0000,
    0x0000, 0x0000, 0x0000, 0x0000, 0x0000, 0x0000, 0x0000, 0x0000, 0x0000, 0x0000, 0x0000, 0x0000,
    0x0000, 0x0000, 0x0000, 0x0000, 0x0000, 0x0000, 0x0000, 0x0000, 0x0000, 0x0000, 0x0000, 0x0000,
    0x0000, 0x0000, 0x0000, 0x0000, 0x0000, 0x0000, 0x0000, 0x0000, 0x0000, 0x0000, 0x0000, 0x0000,
    0x0000, 0x0000, 0x0000, 0x0000, 0x0000, 0x0000, 0x0000, 0x0000, 0x0000, 0x0000, 0x0000, 0x0000,
    0x0000, 0x0000, 0x0000, 0x0000, 0x0000, 0x0000, 0x0000, 0x0000, 0x0000, 0x0000, 0x0000, 0x0000,
    0x0000, 0x0000, 0x0000, 0x0000, 0x0000, 0x0000, 0x0000, 0x0000, 0x0000, 0x0000, 0x0000, 0x0000,
    0x0000, 0x0000, 0x0000, 0x0000, 0x0000, 0x0000, 0x0000, 0x0000, 0x0000, 0x0000, 0x0000, 0x0000,
    0x0000, 0x0000, 0x0000, 0x0000, 0x0000, 0x0000, 0x0000, 0x0000, 0x0000, 0x0000, 0x0000, 0x0000,
    0x0000, 0x0000, 0x0000, 0x0000, 0x0000, 0x0000, 0x0000, 0x0000, 0x0000, 0x0000, 0x0000, 0x0000,
    0x0000, 0x0000, 0x0000, 0x0000, 0x0000, 0x0000, 0x0000, 0x0000, 0x0000, 0x0000, 0x0000, 0x0000,
    0x0000, 0x0000, 0x0000, 0x0000, 0x0000, 0x0000, 0x0000, 0x0000, 0x0000, 0x0000, 0x0000, 0x0000,
    0x0000, 0x0000, 0x0000, 0x0000, 0x0000, 0x0000, 0x0000, 0x0000, 0x0000, 0x0000, 0x0000, 0x0000,
    0x0000, 0x0000, 0x0000, 0x0000, 0x0000, 0x0000, 0x0000, 0x0000, 0x0000, 0x0000, 0x0000, 0x0000,
    0x0000, 0x0000, 0x0000, 0x0000, 0x0000, 0x0000, 0x0000, 0x0000, 0x0000, 0x0000, 0x0000, 0x0000,
    0x0000, 0x0000, 0x0000, 0x0000, 0x0000, 0x0000, 0x0000, 0x0000, 0x0000, 0x0000, 0x0000, 0x0000,
    0x0000, 0x0000, 0x0000, 0x0000, 0x0000, 0x0000, 0x0000, 0x0000, 0x0000, 0x0000, 0x0000, 0x0000,
    0x0000, 0x0000, 0x0000, 0x0000, 0x0000, 0x0000, 0x0000, 0x0000, 0x0000, 0x0000, 0x0000, 0x0000,
    0x0000, 0x0000, 0x0000, 0x0000, 0x0000, 0x0000, 0x0000, 0x0000, 0x0000, 0x0000, 0x0000, 0x0000,
    0x0000, 0x0000, 0x0000, 0x0000, 0x0000, 0x0000, 0x0000, 0x0000, 0x0000, 0x0000, 0x0000, 0x0000,
    0x0000, 0x0000, 0x0000, 0x0000, 0x0000, 0x0000, 0x0000, 0x0000, 0x0000, 0x0000, 0x0000, 0x0000,
    0x0000, 0x0000, 0x0000, 0x0000, 0x0000, 0x0000, 0x0000, 0x0000, 0x0000, 0x0000, 0x0000, 0x0000,
    0x0000, 0x0000, 0x0000, 0x0000, 0x0000, 0x0000, 0x0000, 0x0000, 0x0000, 0x0000, 0x0000, 0x0000,
    0x0000, 0x0000, 0x0000, 0x0000, 0x0000, 0x0000, 0x0000, 0x0000, 0x0000, 0x0000, 0x0000, 0x0000,
    0x0000, 0x0000, 0x0000, 0x0000, 0x0000, 0x0000, 0x0000, 0x0000, 0x0000, 0x0000, 0x0000, 0x0000,
    0x0000, 0x0000, 0x0000, 0x0000, 0x0000, 0x0000, 0x0000, 0x0000, 0x0000, 0x0000, 0x0000, 0x0000,
    0x0000, 0x0000, 0x0000, 0x0000, 0x0000, 0x0000, 0x0000, 0x0000, 0x0000, 0x0000, 0x0000, 0x0000,
    0x0000, 0x0000, 0x0000, 0x0000, 0x0000, 0x0000, 0x0000, 0x0000, 0x0000, 0x0000, 0x0000, 0x0000,
    0x0000, 0x0000, 0x0000, 0x0000, 0x0000, 0x0000, 0x0000, 0x0000, 0x0000, 0x0000, 0x0000, 0x0000,
    0x0000, 0x0000, 0x0000, 0x0000, 0x0000, 0x0000, 0x0000, 0x0000, 0x0000, 0x0000, 0x0000, 0x0000,
    0x0000, 0x0000, 0x0000, 0x0000, 0x0000, 0x0000, 0x0000, 0x0000, 0x0000, 0x0000, 0x0000, 0x0000,
    0x0000, 0x0000, 0x0000, 0x0000, 0x0000, 0x0000, 0x0000, 0x0000, 0x0000, 0x0000, 0x0000, 0x0000,
    0x0000, 0x0000, 0x0000, 0x0000, 0x0000, 0x0000, 0x0000, 0x0000, 0x0000, 0x0000, 0x0000, 0x0000,
    0x0000, 0x0000, 0x0000, 0x0000, 0x0000, 0x0000, 0x0000, 0x0000, 0x0000, 0x0000, 0x0000, 0x0000,
    0x0000, 0x0000, 0x0000, 0x0000, 0x0000, 0x0000, 0x0000, 0x0000, 0x0000, 0x0000, 0x0000, 0x0000,
    0x0000, 0x0000, 0x0000, 0x0000, 0x0000, 0x0000, 0x0000, 0x0000, 0x0000, 0x0000, 0x0000, 0x0000,
    0x0000, 0x0000, 0x0000, 0x0000, 0x0000, 0x0000, 0x0000, 0x0000, 0x0000, 0x0000, 0x0000, 0x0000,
    0x0000, 0x0000, 0x0000, 0x0000, 0x0000, 0x0000, 0x0000, 0x0000, 0x0000, 0x0000, 0x0000, 0x0000,
    0x0000, 0x0000, 0x0000, 0x0000, 0x0000, 0x0000, 0x0000, 0x0000, 0x0000, 0x0000, 0x0000, 0x0000,
    0x0000, 0x0000, 0x0000, 0x0000, 0x0000, 0x0000, 0x0000, 0x0000, 0x0000, 0x0000, 0x0000, 0x0000,
    0x0000, 0x0000, 0x0000, 0x0000, 0x0000, 0x0000, 0x0000, 0x0000, 0x0000, 0x0000, 0x0000, 0x0000,
    0x0000, 0x0000, 0x0000, 0x0000, 0x0000, 0x0000, 0x0000, 0x0000, 0x0000, 0x0000, 0x0000, 0x0000,
    0x0000, 0x0000, 0x0000, 0x0000, 0x0000, 0x0000, 0x0000, 0x0000, 0x0000, 0x0000, 0x0000, 0x0000,
    0x0000, 0x0000, 0x0000, 0x0000, 0x0000, 0x0000, 0x0000, 0x0000, 0x0000, 0x0000, 0x0000, 0x0000,
    0x0000, 0x0000, 0x0000, 0x0000, 0x0000, 0x0000, 0x0000, 0x0000, 0x0000, 0x0000, 0x0000, 0x0000,
    0x0000, 0x0000, 0x0000, 0x0000, 0x0000, 0x0000, 0x0000, 0x0000, 0x0000, 0x0000, 0x0000, 0x0000,
    0x0000, 0x0000, 0x0000, 0x0000, 0x0000, 0x0000, 0x0000, 0x0000, 0x0000, 0x0000, 0x0000, 0x0000,
    0x0000, 0x0000, 0x0000, 0x0000, 0x0000, 0x0000, 0x0000, 0x0000, 0x0000, 0x0000, 0x0000, 0x0000,
    0x0000, 0x0000, 0x0000, 0x0000, 0x0000, 0x0000, 0x0000, 0x0000, 0x0000, 0x0000, 0x0000, 0x0000,
    0x0000, 0x0000, 0x0000, 0x0000, 0x0000, 0x0000, 0x0000, 0x0000, 0x0000, 0x0000, 0x0000, 0x0000,
    0x0000, 0x0000, 0x0000, 0x0000, 0x0000, 0x0000, 0x0000, 0x0000, 0x0000, 0x0000, 0x0000, 0x0000,
    0x0000, 0x0000, 0x0000, 0x0000, 0x0000, 0x0000, 0x0000, 0x0000, 0x0000, 0x0000, 0x0000, 0x0000,
    0x0000, 0x0000, 0x0000, 0x0000, 0x0000, 0x0000, 0x0000, 0x0000, 0x0000, 0x0000, 0x0000, 0x0000,
    0x0000, 0x0000, 0x0000, 0x0000, 0x0000, 0x0000, 0x0000, 0x0000, 0x0000, 0x0000, 0x0000, 0x0000,
    0x0000, 0x0000, 0x0000, 0x0000, 0x0000, 0x0000, 0x0000, 0x0000, 0x0000, 0x0000, 0x0000, 0x0000,
    0x0000, 0x0000, 0x0000, 0x0000, 0x0000, 0x0000, 0x0000, 0x0000, 0x0000, 0x0000, 0x0000, 0x0000,
    0x0000, 0x0000, 0x0000, 0x0000, 0x0000, 0x0000, 0x0000, 0x0000, 0x0000, 0x0000, 0x0000, 0x0000,
    0x0000, 0x0000, 0x0000, 0x0000, 0x0000, 0x0000, 0x0000, 0x0000, 0x0000, 0x0000, 0x0000, 0x0000,
    0x0000, 0x0000, 0x0000, 0x0000, 0x0000, 0x0000, 0x0000, 0x0000, 0x0000, 0x0000, 0x0000, 0x0000,
    0x0000, 0x0000, 0x0000, 0x0000, 0x0000, 0x0000, 0x0000, 0x0000, 0x0000, 0x0000, 0x0000, 0x0000,
    0x0000, 0x0000, 0x0000, 0x0000, 0x0000, 0x0000, 0x0000, 0x0000, 0x0000, 0x0000, 0x0000, 0x0000,
    0x0000, 0x0000, 0x0000, 0x0000, 0x0000, 0x0000, 0x0000, 0x0000, 0x0000, 0x0000, 0x0000, 0x0000,
    0x0000, 0x0000, 0x0000, 0x0000, 0x0000, 0x0000, 0x0000, 0x0000, 0x0000, 0x0000, 0x0000, 0x0000,
    0x0000, 0x0000, 0x0000, 0x0000, 0x0000, 0x0000, 0x0000, 0x0000, 0x0000, 0x0000, 0x0000, 0x0000,
    0x0000, 0x0000, 0x0000, 0x0000, 0x0000, 0x0000, 0x0000, 0x0000, 0x0000, 0x0000, 0x0000, 0x0000,
    0x0000, 0x0000, 0x0000, 0x0000, 0x0000, 0x0000, 0x0000, 0x0000, 0x0000, 0x0000, 0x0000, 0x0000,
    0x0000, 0x0000, 0x0000, 0x0000, 0x0000, 0x0000, 0x0000, 0x0000, 0x0000, 0x0000, 0x0000, 0x0000,
    0x0000, 0x0000, 0x0000, 0x0000, 0x0000, 0x0000, 0x0000, 0x0000, 0x0000, 0x0000, 0x0000, 0x0000,
    0x0000, 0x0000, 0x0000, 0x0000, 0x0000, 0x0000, 0x0000, 0x0000, 0x0000, 0x0000, 0x0000, 0x0000,
    0x0000, 0x0000, 0x0000, 0x0000, 0x0000, 0x0000, 0x0000, 0x0000, 0x0000, 0x0000, 0x0000, 0x0000,
    0x0000, 0x0000, 0x0000, 0x0000, 0x0000, 0x0000, 0x0000, 0x0000, 0x0000, 0x0000, 0x0000, 0x0000,
    0x0000, 0x0000, 0x0000, 0x0000, 0x0000, 0x0000, 0x0000, 0x0000, 0x0000, 0x0000, 0x0000, 0x0000,
    0x0000, 0x0000, 0x0000, 0x0000, 0x0000, 0x0000, 0x0000, 0x0000, 0x0000, 0x0000, 0x0000, 0x0000,
    0x0000, 0x0000, 0x0000, 0x0000, 0x0000, 0x0000, 0x0000, 0x0000, 0x0000, 0x0000, 0x0000, 0x0000,
    0x0000, 0x0000, 0x0000, 0x0000, 0x0000, 0x0000, 0x0000, 0x0000, 0x0000, 0x0000, 0x0000, 0x0000,
    0x0000, 0x0000, 0x0000, 0x0000, 0x0000, 0x0000, 0x0000, 0x0000, 0x0000, 0x0000, 0x0000, 0x0000,
    0x0000, 0x0000, 0x0000, 0x0000, 0x0000, 0x0000, 0x0000, 0x0000, 0x0000, 0x0000, 0x0000, 0x0000,
    0x0000, 0x0000, 0x0000, 0x0000, 0x0000, 0x0000, 0x0000, 0x0000, 0x0000, 0x0000, 0x0000, 0x0000,
    0x0000, 0x0000, 0x0000, 0x0000, 0x0000, 0x0000, 0x0000, 0x0000, 0x0000, 0x0000, 0x0000, 0x0000,
    0x0000, 0x0000, 0x0000, 0x0000, 0x0000, 0x0000, 0x0000, 0x0000, 0x0000, 0x0000, 0x0000, 0x0000,
    0x0000, 0x0000, 0x0000, 0x0000, 0x0000, 0x0000, 0x0000, 0x0000, 0x0000, 0x0000, 0x0000, 0x0000,
    0x0000, 0x0000, 0x0000, 0x0000, 0x0000, 0x0000, 0x0000, 0x0000, 0x0000, 0x0000, 0x0000, 0x0000,
    0x0000, 0x0000, 0x0000, 0x0000, 0x0000, 0x0000, 0x0000, 0x0000, 0x0000, 0x0000, 0x0000, 0x0000,
    0x0000, 0x0000, 0x0000, 0x0000, 0x0000, 0x0000, 0x0000, 0x0000, 0x0000, 0x0000, 0x0000, 0x0000,
    0x0000, 0x0000, 0x0000, 0x0000, 0x0000, 0x0000, 0x0000, 0x0000, 0x0000, 0x0000, 0x0000, 0x0000,
    0x0000, 0x0000, 0x0000, 0x0000, 0x0000, 0x0000, 0x0000, 0x0000, 0x0000, 0x0000, 0x0000, 0x0000,
    0x0000, 0x0000, 0x0000, 0x0000, 0x0000, 0x0000, 0x0000, 0x0000, 0x0000, 0x0000, 0x0000, 0x0000,
    0x0000, 0x0000, 0x0000, 0x0000, 0x0000, 0x0000, 0x0000, 0x0000, 0x0000, 0x0000, 0x0000, 0x0000,
    0x0000, 0x0000, 0x0000, 0x0000, 0x0000, 0x0000, 0x0000, 0x0000, 0x0000, 0x0000, 0x0000, 0x0000,
    0x0000, 0x0000, 0x0000, 0x0000, 0x0000, 0x0000, 0x0000, 0x0000, 0x0000, 0x0000, 0x0000, 0x0000,
    0x0000, 0x0000, 0x0000, 0x0000, 0x0000, 0x0000, 0x0000, 0x0000, 0x0000, 0x0000, 0x0000, 0x0000,
    0x0000, 0x0000, 0x0000, 0x0000, 0x0000, 0x0000, 0x0000, 0x0000, 0x0000, 0x0000, 0x0000, 0x0000,
    0x0000, 0x0000, 0x0000, 0x0000, 0x0000, 0x0000, 0x0000, 0x0000, 0x0000, 0x0000, 0x0000, 0x0000,
    0x0000, 0x0000, 0x0000, 0x0000, 0x0000, 0x0000, 0x0000, 0x0000, 0x0000, 0x0000, 0x0000, 0x0000,
    0x0000, 0x0000, 0x0000, 0x0000, 0x0000, 0x0000, 0x0000, 0x0000, 0x0000, 0x0000, 0x0000, 0x0000,
    0x0000, 0x0000, 0x0000, 0x0000, 0x0000, 0x0000, 0x0000, 0x0000, 0x0000, 0x0000, 0x0000, 0x0000,
    0x0000, 0x0000, 0x0000, 0x0000, 0x0000, 0x0000, 0x0000, 0x0000, 0x0000, 0x0000, 0x0000, 0x0000,
    0x0000, 0x0000, 0x0000, 0x0000, 0x0000, 0x0000, 0x0000, 0x0000, 0x0000, 0x0000, 0x0000, 0x0000,
    0x0000, 0x0000, 0x0000, 0x0000, 0x0000, 0x0000, 0x0000, 0x0000, 0x0000, 0x0000, 0x0000, 0x0000,
    0x0000, 0x0000, 0x0000, 0x0000, 0x0000, 0x0000, 0x0000, 0x0000, 0x0000, 0x0000, 0x0000, 0x0000,
    0x0000, 0x0000, 0x0000, 0x0000, 0x0000, 0x0000, 0x0000, 0x0000, 0x0000, 0x0000, 0x0000, 0x0000,
    0x0000, 0x0000, 0x0000, 0x0000, 0x0000, 0x0000, 0x0000, 0x0000, 0x0000, 0x0000, 0x0000, 0x0000,
    0x0000, 0x0000, 0x0000, 0x0000, 0x0000, 0x0000, 0x0000, 0x0000, 0x0000, 0x0000, 0x0000, 0x0000,
    0x0000, 0x0000, 0x0000, 0x0000, 0x0000, 0x0000, 0x0000, 0x0000, 0x0000, 0x0000, 0x0000, 0x0000,
    0x0000, 0x0000, 0x0000, 0x0000, 0x0000, 0x0000, 0x0000, 0x0000, 0x0000, 0x0000, 0x0000, 0x0000,
    0x0000, 0x0000, 0x0000, 0x0000, 0x0000, 0x0000, 0x0000, 0x0000, 0x0000, 0x0000, 0x0000, 0x0000,
    0x0000, 0x0000, 0x0000, 0x0000, 0x0000, 0x0000, 0x0000, 0x0000, 0x0000, 0x0000, 0x0000, 0x0000,
    0x0000, 0x0000, 0x0000, 0x0000, 0x0000, 0x0000, 0x0000, 0x0000, 0x0000, 0x0000, 0x0000, 0x0000,
    0x0000, 0x0000, 0x0000, 0x0000, 0x0000, 0x0000, 0x0000, 0x0000, 0x0000, 0x0000, 0x0000, 0x0000,
    0x0000, 0x0000, 0x0000, 0x0000, 0x0000, 0x0000, 0x0000, 0x0000, 0x0000, 0x0000, 0x0000, 0x0000,
    0x0000, 0x0000, 0x0000, 0x0000, 0x0000, 0x0000, 0x0000, 0x0000, 0x0000, 0x0000, 0x0000, 0x0000,
    0x0000, 0x0000, 0x0000, 0x0000, 0x0000, 0x0000, 0x0000, 0x0000, 0x0000, 0x0000, 0x0000, 0x0000,
    0x0000, 0x0000, 0x0000, 0x0000, 0x0000, 0x0000, 0x0000, 0x0000, 0x0000, 0x0000, 0x0000, 0x0000,
    0x0000, 0x0000, 0x0000, 0x0000, 0x0000, 0x0000, 0x0000, 0x0000, 0x0000, 0x0000, 0x0000, 0x0000,
    0x0000, 0x0000, 0x0000, 0x0000, 0x0000, 0x0000, 0x0000, 0x0000, 0x0000, 0x0000, 0x0000, 0x0000,
    0x0000, 0x0000, 0x0000, 0x0000, 0x0000, 0x0000, 0x0000, 0x0000, 0x0000, 0x0000, 0x0000, 0x0000,
    0x0000, 0x0000, 0x0000, 0x0000, 0x0000, 0x0000, 0x0000, 0x0000, 0x0000, 0x0000, 0x0000, 0x0000,
    0x0000, 0x0000, 0x0000, 0x0000, 0x0000, 0x0000, 0x0000, 0x0000, 0x0000, 0x0000, 0x0000, 0x0000,
    0x0000, 0x0000, 0x0000, 0x0000, 0x0000, 0x0000, 0x0000, 0x0000, 0x0000, 0x0000, 0x0000, 0x0000,
    0x0000, 0x0000, 0x0000, 0x0000, 0x0000, 0x0000, 0x0000, 0x0000, 0x0000, 0x0000, 0x0000, 0x0000,
    0x0000, 0x0000, 0x0000, 0x0000, 0x0000, 0x0000, 0x0000, 0x0000, 0x0000, 0x0000, 0x0000, 0x0000,
    0x0000, 0x0000, 0x0000, 0x0000, 0x0000, 0x0000, 0x0000, 0x0000, 0x0000, 0x0000, 0x0000, 0x0000,
    0x0000, 0x0000, 0x0000, 0x0000, 0x0000, 0x0000, 0x0000, 0x0000, 0x0000, 0x0000, 0x0000, 0x0000,
    0x0000, 0x0000, 0x0000, 0x0000, 0x0000, 0x0000, 0x0000, 0x0000, 0x0000, 0x0000, 0x0000, 0x0000,
    0x0000, 0x0000, 0x0000, 0x0000, 0x0000, 0x0000, 0x0000, 0x0000, 0x0000, 0x0000, 0x0000, 0x0000,
    0x0000, 0x0000, 0x0000, 0x0000, 0x0000, 0x0000, 0x0000, 0x0000, 0x0000, 0x0000, 0x0000, 0x0000,
    0x0000, 0x0000, 0x0000, 0x0000, 0x0000, 0x0000, 0x0000, 0x0000, 0x0000, 0x0000, 0x0000, 0x0000,
    0x0000, 0x0000, 0x0000, 0x0000, 0x0000, 0x0000, 0x0000, 0x0000, 0x0000, 0x0000, 0x0000, 0x0000,
    0x0000, 0x0000, 0x0000, 0x0000, 0x0000, 0x0000, 0x0000, 0x0000, 0x0000, 0x0000, 0x0000, 0x0000,
    0x0000, 0x0000, 0x0000, 0x0000, 0x0000, 0x0000, 0x0000, 0x0000, 0x0000, 0x0000, 0x0000, 0x0000,
    0x0000, 0x0000, 0x0000, 0x0000, 0x0000, 0x0000, 0x0000, 0x0000, 0x0000, 0x0000, 0x0000, 0x0000,
    0x0000, 0x0000, 0x0000, 0x0000, 0x0000, 0x0000, 0x0000, 0x0000, 0x0000, 0x0000, 0x0000, 0x0000,
    0x0000, 0x0000, 0x0000, 0x0000, 0x0000, 0x0000, 0x0000, 0x0000, 0x0000, 0x0000, 0x0000, 0x0000,
    0x0000, 0x0000, 0x0000, 0x0000, 0x0000, 0x0000, 0x0000, 0x0000, 0x0000, 0x0000, 0x0000, 0x0000,
    0x0000, 0x0000, 0x0000, 0x0000, 0x0000, 0x0000, 0x0000, 0x0000, 0x0000, 0x0000, 0x0000, 0x0000,
    0x0000, 0x0000, 0x0000, 0x0000, 0x0000, 0x0000, 0x0000, 0x0000, 0x0000, 0x0000, 0x0000, 0x0000,
    0x0000, 0x0000, 0x0000, 0x0000, 0x0000, 0x0000, 0x0000, 0x0000, 0x0000, 0x0000, 0x0000, 0x0000,
    0x0000, 0x0000, 0x0000, 0x0000, 0x0000, 0x0000, 0x0000, 0x0000, 0x0000, 0x0000, 0x0000, 0x0000,
    0x0000, 0x0000, 0x0000, 0x0000, 0x0000, 0x0000, 0x0000, 0x0000, 0x0000, 0x0000, 0x0000, 0x0000,
    0x0000, 0x0000, 0x0000, 0x0000, 0x0000, 0x0000, 0x0000, 0x0000, 0x0000, 0x0000, 0x0000, 0x0000,
    0x0000, 0x0000, 0x0000, 0x0000, 0x0000, 0x0000, 0x0000, 0x0000, 0x0000, 0x0000, 0x0000, 0x0000,
    0x0000, 0x0000, 0x0000, 0x0000, 0x0000, 0x0000, 0x0000, 0x0000, 0x0000, 0x0000, 0x0000, 0x0000,
    0x0000, 0x0000, 0x0000, 0x0000, 0x0000, 0x0000, 0x0000, 0x0000, 0x0000, 0x0000, 0x0000, 0x0000,
    0x0000, 0x0000, 0x0000, 0x0000, 0x0000, 0x0000, 0x0000, 0x0000, 0x0000, 0x0000, 0x0000, 0x0000,
    0x0000, 0x0000, 0x0000, 0x0000, 0x0000, 0x0000, 0x0000, 0x0000, 0x0000, 0x0000, 0x0000, 0x0000,
    0x0000, 0x0000, 0x0000, 0x0000, 0x0000, 0x0000, 0x0000, 0x0000, 0x0000, 0x0000, 0x0000, 0x0000,
    0x0000, 0x0000, 0x0000, 0x0000, 0x0000, 0x0000, 0x0000, 0x0000, 0x0000, 0x0000, 0x0000, 0x0000,
    0x0000, 0x0000, 0x0000, 0x0000, 0x0000, 0x0000, 0x0000, 0x0000, 0x0000, 0x0000, 0x0000, 0x0000,
    0x0000, 0x0000, 0x0000, 0x0000, 0x0000, 0x0000, 0x0000, 0x0000, 0x0000, 0x0000, 0x0000, 0x0000,
    0x0000, 0x0000, 0x0000, 0x0000, 0x0000, 0x0000, 0x0000, 0x0000, 0x0000, 0x0000, 0x0000, 0x0000,
    0x0000, 0x0000, 0x0000, 0x0000, 0x0000, 0x0000, 0x0000, 0x0000, 0x0000, 0x0000, 0x0000, 0x0000,
    0x0000, 0x0000, 0x0000, 0x0000, 0x0000, 0x0000, 0x0000, 0x0000, 0x0000, 0x0000, 0x0000, 0x0000,
    0x0000, 0x0000, 0x0000, 0x0000, 0x0000, 0x0000, 0x0000, 0x0000, 0x0000, 0x0000, 0x0000, 0x0000,
    0x0000, 0x0000, 0x0000, 0x0000, 0x0000, 0x0000, 0x0000, 0x0000, 0x0000, 0x0000, 0x0000, 0x0000,
    0x0000, 0x0000, 0x0000, 0x0000, 0x0000, 0x0000, 0x0000, 0x0000, 0x0000, 0x0000, 0x0000, 0x0000,
    0x0000, 0x0000, 0x0000, 0x0000, 0x0000, 0x0000, 0x0000, 0x0000, 0x0000, 0x0000, 0x0000, 0x0000,
    0x0000, 0x0000, 0x0000, 0x0000, 0x0000, 0x0000, 0x0000, 0x0000, 0x0000, 0x0000, 0x0000, 0x0000,
    0x0000, 0x0000, 0x0000, 0x0000, 0x0000, 0x0000, 0x0000, 0x0000, 0x0000, 0x0000, 0x0000, 0x0000,
    0x0000, 0x0000, 0x0000, 0x0000, 0x0000, 0x0000, 0x0000, 0x0000, 0x0000, 0x0000, 0x0000, 0x0000,
    0x0000, 0x0000, 0x0000, 0x0000, 0x0000, 0x0000, 0x0000, 0x0000, 0x0000, 0x0000, 0x0000, 0x0000,
    0x0000, 0x0000, 0x0000, 0x0000, 0x0000, 0x0000, 0x0000, 0x0000, 0x0000, 0x0000, 0x0000, 0x0000,
    0x0000, 0x0000, 0x0000, 0x0000, 0x0000, 0x0000, 0x0000, 0x0000, 0x0000, 0x0000, 0x0000, 0x0000,
    0x0000, 0x0000, 0x0000, 0x0000, 0x0000, 0x0000, 0x0000, 0x0000, 0x0000, 0x0000, 0x0000, 0x0000,
    0x0000, 0x0000, 0x0000, 0x0000, 0x0000, 0x0000, 0x0000, 0x0000, 0x0000, 0x0000, 0x0000, 0x0000,
    0x0000, 0x0000, 0x0000, 0x0000, 0x0000, 0x0000, 0x0000, 0x0000, 0x0000, 0x0000, 0x0000, 0x0000,
    0x0000, 0x0000, 0x0000, 0x0000, 0x0000, 0x0000, 0x0000, 0x0000, 0x0000, 0x0000, 0x0000, 0x0000,
    0x0000, 0x0000, 0x0000, 0x0000, 0x0000, 0x0000, 0x0000, 0x0000, 0x0000, 0x0000, 0x0000, 0x0000,
    0x0000, 0x0000, 0x0000, 0x0000, 0x0000, 0x0000, 0x0000, 0x0000, 0x0000, 0x0000, 0x0000, 0x0000,
    0x0000, 0x0000, 0x0000, 0x0000, 0x0000, 0x0000, 0x0000, 0x0000, 0x0000, 0x0000, 0x0000, 0x0000,
    0x0000, 0x0000, 0x0000, 0x0000, 0x0000, 0x0000, 0x0000, 0x0000, 0x0000, 0x0000, 0x0000, 0x0000,
    0x0000, 0x0000, 0x0000, 0x0000, 0x0000, 0x0000, 0x0000, 0x0000, 0x0000, 0x0000, 0x0000, 0x0000,
    0x0000, 0x0000, 0x0000, 0x0000, 0x0000, 0x0000, 0x0000, 0x0000, 0x0000, 0x0000, 0x0000, 0x0000,
    0x0000, 0x0000, 0x0000, 0x0000, 0x0000, 0x0000, 0x0000, 0x0000, 0x0000, 0x0000, 0x0000, 0x0000,
    0x0000, 0x0000, 0x0000, 0x0000, 0x0000, 0x0000, 0x0000, 0x0000, 0x0000, 0x0000, 0x0000, 0x0000,
    0x0000, 0x0000, 0x0000, 0x0000, 0x0000, 0x0000, 0x0000, 0x0000, 0x0000, 0x0000, 0x0000, 0x0000,
    0x0000, 0x0000, 0x0000, 0x0000, 0x0000, 0x0000, 0x0000, 0x0000, 0x0000, 0x0000, 0x0000, 0x0000,
    0x0000, 0x0000, 0x0000, 0x0000, 0x0000, 0x0000, 0x0000, 0x0000, 0x0000, 0x0000, 0x0000, 0x0000,
    0x0000, 0x0000, 0x0000, 0x0000, 0x0000, 0x0000, 0x0000, 0x0000, 0x0000, 0x0000, 0x0000, 0x0000,
    0x0000, 0x0000, 0x0000, 0x0000, 0x0000, 0x0000, 0x0000, 0x0000, 0x0000, 0x0000, 0x0000, 0x0000,
    0x0000, 0x0000, 0x0000, 0x0000, 0x0000, 0x0000, 0x0000, 0x0000, 0x0000, 0x0000, 0x0000, 0x0000,
    0x0000, 0x0000, 0x0000, 0x0000, 0x0000, 0x0000, 0x0000, 0x0000, 0x0000, 0x0000, 0x0000, 0x0000,
    0x0000, 0x0000, 0x0000, 0x0000, 0x0000, 0x0000, 0x0000, 0x0000, 0x0000, 0x0000, 0x0000, 0x0000,
    0x0000, 0x0000, 0x0000, 0x0000, 0x0000, 0x0000, 0x0000, 0x0000, 0x0000, 0x0000, 0x0000, 0x0000,
    0x0000, 0x0000, 0x0000, 0x0000, 0x0000, 0x0000, 0x0000, 0x0000, 0x0000, 0x0000, 0x0000, 0x0000,
    0x0000, 0x0000, 0x0000, 0x0000, 0x0000, 0x0000, 0x0000, 0x0000, 0x0000, 0x0000, 0x0000, 0x0000,
    0x0000, 0x0000, 0x0000, 0x0000, 0x0000, 0x0000, 0x0000, 0x0000, 0x0000, 0x0000, 0x0000, 0x0000,
    0x0000, 0x0000, 0x0000, 0x0000, 0x0000, 0x0000, 0x0000, 0x0000, 0x0000, 0x0000, 0x0000, 0x0000,
    0x0000, 0x0000, 0x0000, 0x0000, 0x0000, 0x0000, 0x0000, 0x0000, 0x0000, 0x0000, 0x0000, 0x0000,
    0x0000, 0x0000, 0x0000, 0x0000, 0x0000, 0x0000, 0x0000, 0x0000, 0x0000, 0x0000, 0x0000, 0x0000,
    0x0000, 0x0000, 0x0000, 0x0000, 0x0000, 0x0000, 0x0000, 0x0000, 0x0000, 0x0000, 0x0000, 0x0000,
    0x0000, 0x0000, 0x0000, 0x0000, 0x0000, 0x0000, 0x0000, 0x0000, 0x0000, 0x0000, 0x0000, 0x0000,
    0x0000, 0x0000, 0x0000, 0x0000, 0x0000, 0x0000, 0x0000, 0x0000, 0x0000, 0x0000, 0x0000, 0x0000,
    0x0000, 0x0000, 0x0000, 0x0000, 0x0000, 0x0000, 0x0000, 0x0000, 0x0000, 0x0000, 0x0000, 0x0000,
    0x0000, 0x0000, 0x0000, 0x0000, 0x0000, 0x0000, 0x0000, 0x0000, 0x0000, 0x0000, 0x0000, 0x0000,
    0x0000, 0x0000, 0x0000, 0x0000, 0x0000, 0x0000, 0x0000, 0x0000, 0x0000, 0x0000, 0x0000, 0x0000,
    0x0000, 0x0000, 0x0000, 0x0000, 0x0000, 0x0000, 0x00C9, 0x00C9, 0x00C9, 0x00C9, 0x00C9, 0x00C9,
    0x00C9, 0x00C9, 0x00C9, 0x00C9, 0x00C9, 0x00C9, 0x00C9, 0x00C9, 0x00C9, 0x00C9, 0x00C9, 0x00C9,
    0x00C9, 0x00C9, 0x00C9, 0x00E9, 0x00E9, 0x00E9, 0x00E9, 0x00E9, 0x00E9, 0x00E9, 0x00E9, 0x00C9,
    0x00C9, 0x00C9, 0x00C9, 0x00E9, 0x00E9, 0x00E9, 0x0065, 0x0000, 0x0000, 0x0000, 0x0000, 0x0000,
    0x0000, 0x0000, 0x0000, 0x0000, 0x0000, 0x0000, 0x0000, 0x0000, 0x0000, 0x0000, 0x0000, 0x0000,
    0x0000, 0x0000, 0x0000, 0x0000, 0x0000, 0x0000, 0x0000, 0x0000, 0x0000, 0x0000, 0x0000, 0x0000,
    0x0000, 0x0000, 0x0000, 0x0000, 0x0000, 0x0000, 0x0000, 0x0000, 0x0000, 0x0000, 0x0000, 0x0000,
    0x0000, 0x0000, 0x0000, 0x0000, 0x0000, 0x0000, 0x0000, 0x0000, 0x0000, 0x0000, 0x0000, 0x0000,
    0x0000, 0x0000, 0x0000, 0x0000, 0x0000, 0x0000, 0x0000, 0x0000, 0x0000, 0x0000, 0x0000, 0x0000,
    0x0000, 0x0000, 0x0000, 0x0043, 0x00EA, 0x00C9, 0x00C9, 0x00C9, 0x00C9, 0x00C9, 0x00E9, 0x00E9,
    0x00E9, 0x00E9, 0x00E9, 0x00E9, 0x00E9, 0x00E9, 0x00C9, 0x00C9, 0x00C9, 0x00E9, 0x00C9, 0x00C9,
    0x00C9, 0x00E9, 0x00E9, 0x00E9, 0x00E9, 0x00E9, 0x00E9, 0x00E9, 0x00E9, 0x00E9, 0x00E9, 0x010A,
    0x0109, 0x00E9, 0x0086, 0x0000, 0x0000, 0x0000, 0x0000, 0x0000, 0x0000, 0x0000, 0x0000, 0x0000,
    0x0000, 0x0000, 0x0000, 0x0000, 0x0000, 0x0000, 0x0000, 0x0000, 0x0000, 0x0000, 0x0000, 0x0000,
    0x0000, 0x0000, 0x0000, 0x0000, 0x0000, 0x0000, 0x0000, 0x0000, 0x0000, 0x0000, 0x0000, 0x0000,
    0x0000, 0x0000, 0x0000, 0x0000, 0x0000, 0x0000, 0x0000, 0x0000, 0x0000, 0x0000, 0x0000, 0x0000,
    0x0000, 0x0000, 0x0000, 0x0000, 0x0000, 0x0000, 0x0000, 0x0000, 0x0000, 0x0000, 0x0000, 0x0000,
    0x0000, 0x0000, 0x0000, 0x0000, 0x0000, 0x0000, 0x0000, 0x0000, 0x0000, 0x0000, 0x0000, 0x0000,
    0x0000, 0x0000, 0x0000, 0x0000, 0x0000, 0x0000, 0x0000, 0x0000, 0x0000, 0x0000, 0x0000, 0x0000,
    0x0000, 0x0000, 0x0000, 0x0000, 0x0000, 0x0000, 0x0000, 0x0000, 0x0000, 0x0000, 0x0000, 0x0000,
    0x0000, 0x0000, 0x0000, 0x0000, 0x0022, 0x0171, 0x00AD, 0x008B, 0x00AA, 0x00AA, 0x00AB, 0x00AB,
    0x006B, 0x008B, 0x00AB, 0x006B, 0x008B, 0x006A, 0x008B, 0x008B, 0x008B, 0x008B, 0x008B, 0x006B,
    0x006A, 0x006A, 0x006A, 0x006A, 0x006A, 0x006A, 0x006A, 0x006A, 0x006A, 0x006B, 0x006B, 0x004B,
    0x004A, 0x004A, 0x004A, 0x006A, 0x006A, 0x00CB, 0x0065, 0x0043, 0x0000, 0x0000, 0x0000, 0x0000,
    0x0000, 0x0000, 0x0000, 0x0000, 0x0000, 0x0000, 0x0000, 0x0000, 0x0000, 0x0000, 0x0000, 0x0000,
    0x0000, 0x0000, 0x0000, 0x0000, 0x0000, 0x0000, 0x0000, 0x0000, 0x0000, 0x0000, 0x0000, 0x0000,
    0x0000, 0x0000, 0x0000, 0x0000, 0x0000, 0x0000, 0x0000, 0x0000, 0x0000, 0x0000, 0x0000, 0x0000,
    0x0000, 0x0000, 0x0000, 0x0000, 0x0000, 0x0000, 0x0000, 0x0000, 0x0000, 0x0000, 0x0000, 0x0000,
    0x0000, 0x0000, 0x0000, 0x0000, 0x0000, 0x0000, 0x0000, 0x0000, 0x0000, 0x0000, 0x0000, 0x0000,
    0x0000, 0x0000, 0x00A8, 0x0172, 0x008B, 0x00AB, 0x00AB, 0x008B, 0x008B, 0x008B, 0x008B, 0x008B,
    0x008B, 0x008B, 0x008B, 0x008B, 0x008B, 0x008B, 0x008B, 0x008B, 0x008B, 0x008B, 0x008B, 0x006B,
    0x006B, 0x006B, 0x006B, 0x006B, 0x006B, 0x006B, 0x006B, 0x004A, 0x006B, 0x006A, 0x006A, 0x008B,
    0x008A, 0x00EB, 0x0086, 0x0063, 0x0000, 0x0000, 0x0000, 0x0000, 0x0000, 0x0000, 0x0000, 0x0000,
    0x0000, 0x0000, 0x0000, 0x0000, 0x0000, 0x0000, 0x0000, 0x0000, 0x0000, 0x0000, 0x0000, 0x0000,
    0x0000, 0x0000, 0x0000, 0x0000, 0x0000, 0x0000, 0x0000, 0x0000, 0x0000, 0x0000, 0x0000, 0x0000,
    0x0000, 0x0000, 0x0000, 0x0000, 0x0000, 0x0000, 0x0000, 0x0000, 0x0000, 0x0000, 0x0000, 0x0000,
    0x0000, 0x0000, 0x0000, 0x0000, 0x0000, 0x0000, 0x0000, 0x0000, 0x0000, 0x0000, 0x0000, 0x0000,
    0x0000, 0x0000, 0x0000, 0x0000, 0x0000, 0x0000, 0x0000, 0x0000, 0x0000, 0x0000, 0x0000, 0x0000,
    0x0000, 0x0000, 0x0000, 0x0000, 0x0000, 0x0000, 0x0000, 0x0000, 0x0000, 0x0000, 0x0000, 0x0000,
    0x0000, 0x0000, 0x0000, 0x0000, 0x0000, 0x0000, 0x0000, 0x0000, 0x0000, 0x0000, 0x0000, 0x0000,
    0x0000, 0x0000, 0x0000, 0x0022, 0x0153, 0x0026, 0x5220, 0x8260, 0x6980, 0x69A0, 0x69E0, 0x7260,
    0x8B40, 0x7AA0, 0x6A00, 0x7AC0, 0x7AA0, 0x82E0, 0x8280, 0x8B00, 0x7AA0, 0x7AE1, 0x7AC2, 0x8302,
    0x8323, 0x8344, 0x8344, 0x8364, 0x8364, 0x8365, 0x8364, 0x8384, 0x8384, 0x83A4, 0x83A4, 0x83A4,
    0x83A4, 0x83C5, 0x8BC5, 0x8BC6, 0x8BE6, 0x30C0, 0x0045, 0x0296, 0x0000, 0x0000, 0x0000, 0x0000,
    0x0000, 0x0000, 0x0000, 0x0000, 0x0000, 0x0000, 0x0000, 0x0000, 0x0000, 0x0000, 0x0000, 0x0000,
    0x0000, 0x0000, 0x0000, 0x0000, 0x0000, 0x0000, 0x0000, 0x0000, 0x0000, 0x0000, 0x0000, 0x0000,
    0x0000, 0x0000, 0x0000, 0x0000, 0x0000, 0x0000, 0x0000, 0x0000, 0x0000, 0x0000, 0x0000, 0x0000,
    0x0000, 0x0000, 0x0000, 0x0000, 0x0000, 0x0000, 0x0000, 0x0000, 0x0000, 0x0000, 0x0000, 0x0000,
    0x0000, 0x0000, 0x0000, 0x0000, 0x0000, 0x0000, 0x0000, 0x0000, 0x0000, 0x0000, 0x0000, 0x0000,
    0x0000, 0x0088, 0x0132, 0x0001, 0x7305, 0x8280, 0x7A40, 0x7A80, 0x82C0, 0x7A80, 0x82A0, 0x82C0,
    0x7AA0, 0x7AC0, 0x82E0, 0x7AA0, 0x82A0, 0x82A0, 0x7AC0, 0x7AC0, 0x7AE0, 0x8300, 0x8320, 0x8341,
    0x8363, 0x8383, 0x8384, 0x8384, 0x8384, 0x8384, 0x8384, 0x83A4, 0x83A4, 0x83C5, 0x8BA5, 0x83A7,
    0x8BE6, 0x28A0, 0x0045, 0x02F9, 0x0000, 0x0000, 0x0000, 0x0000, 0x0000, 0x0000, 0x0000, 0x0000,
    0x0000, 0x0000, 0x0000, 0x0000, 0x0000, 0x0000, 0x0000, 0x0000, 0x0000, 0x0000, 0x0000, 0x0000,
    0x0000, 0x0000, 0x0000, 0x0000, 0x0000, 0x0000, 0x0000, 0x0000, 0x0000, 0x0000, 0x0000, 0x0000,
    0x0000, 0x0000, 0x0000, 0x0000, 0x0000, 0x0000, 0x0000, 0x0000, 0x0000, 0x0000, 0x0000, 0x0000,
    0x0000, 0x0000, 0x0000, 0x0000, 0x0000, 0x0000, 0x0000, 0x0000, 0x0000, 0x0000, 0x0000, 0x0000,
    0x0000, 0x0000, 0x0000, 0x0000, 0x0000, 0x0000, 0x0000, 0x0000, 0x0000, 0x0000, 0x0000, 0x0000,
    0x0000, 0x0000, 0x0000, 0x0000, 0x0000, 0x0000, 0x0000, 0x0000, 0x0000, 0x0000, 0x0000, 0x0000,
    0x0000, 0x0000, 0x0000, 0x0000, 0x0000, 0x0000, 0x0000, 0x0000, 0x0000, 0x0000, 0x0000, 0x0000,
    0x0000, 0x0000, 0x0001, 0x006A, 0x0043, 0x72E1, 0xE423, 0xB9E0, 0xF401, 0xE320, 0xE3A0, 0xEC60,
    0xEC80, 0xC300, 0xF4A0, 0xFDA0, 0xFD80, 0xFD60, 0xFC40, 0xFD00, 0xFCC0, 0xFD41, 0xFDA1, 0xFE01,
    0xFE21, 0xFE41, 0xFE61, 0xFE81, 0xFEA1, 0xFEA1, 0xFEC1, 0xFEE1, 0xFF01, 0xFF21, 0xFF21, 0xFF41,
    0xFF62, 0xFFA2, 0xFFA3, 0xFFE5, 0xFDE3, 0x1860, 0x0114, 0x02FF, 0x00A5, 0x0000, 0x0000, 0x0000,
    0x0000, 0x0000, 0x0000, 0x0000, 0x0000, 0x0000, 0x0000, 0x0000, 0x0000, 0x0000, 0x0000, 0x0000,
    0x0000, 0x0000, 0x0000, 0x0000, 0x0000, 0x0000, 0x0000, 0x0000, 0x0000, 0x0000, 0x0000, 0x0000,
    0x0000, 0x0000, 0x0000, 0x0000, 0x0000, 0x0000, 0x0000, 0x0000, 0x0000, 0x0000, 0x0000, 0x0000,
    0x0000, 0x0000, 0x0000, 0x0000, 0x0000, 0x0000, 0x0000, 0x0000, 0x0000, 0x0000, 0x0000, 0x0000,
    0x0000, 0x0000, 0x0000, 0x0000, 0x0000, 0x0000, 0x0000, 0x0000, 0x0000, 0x0000, 0x0000, 0x0000,
    0x0045, 0x0048, 0x0860, 0xB508, 0xFD46, 0xEB80, 0xFC60, 0xF4C0, 0xFE00, 0xFCC0, 0xFDA0, 0xFDA0,
    0xFDA0, 0xFDC0, 0xFE40, 0xFD20, 0xFD00, 0xFD20, 0xFD80, 0xFDE0, 0xFE20, 0xFE20, 0xFE41, 0xFE61,
    0xFE81, 0xFEA1, 0xFEC1, 0xFEE1, 0xFF01, 0xFF21, 0xFF42, 0xFF62, 0xFF82, 0xFF83, 0xFF83, 0xFFE7,
    0xF5E4, 0x1840, 0x00F4, 0x035F, 0x0127, 0x0000, 0x0000, 0x0000, 0x0000, 0x0000, 0x0000, 0x0000,
    0x0000, 0x0000, 0x0000, 0x0000, 0x0000, 0x0000, 0x0000, 0x0000, 0x0000, 0x0000, 0x0000, 0x0000,
    0x0000, 0x0000, 0x0000, 0x0000, 0x0000, 0x0000, 0x0000, 0x0000, 0x0000, 0x0000, 0x0000, 0x0000,
    0x0000, 0x0000, 0x0000, 0x0000, 0x0000, 0x0000, 0x0000, 0x0000, 0x0000, 0x0000, 0x0000, 0x0000,
    0x0000, 0x0000, 0x0000, 0x0000, 0x0000, 0x0000, 0x0000, 0x0000, 0x0000, 0x0000, 0x0000, 0x0000,
    0x0000, 0x0000, 0x0000, 0x0000, 0x0000, 0x0000, 0x0000, 0x0000, 0x0000, 0x0000, 0x0000, 0x0000,
    0x0000, 0x0000, 0x0000, 0x0000, 0x0000, 0x0000, 0x0000, 0x0000, 0x0000, 0x0000, 0x0000, 0x0000,
    0x0000, 0x0000, 0x0000, 0x0000, 0x0000, 0x0000, 0x0000, 0x0000, 0x0000, 0x0000, 0x0000, 0x0000,
    0x0000, 0x0000, 0x00A9, 0x0049, 0x6A80, 0xF462, 0xDB40, 0xAA00, 0xB2C0, 0x9980, 0xF4A0, 0xF4A0,
    0xAA20, 0xECE0, 0xF500, 0xEC80, 0xFD20, 0xF4A0, 0xE420, 0xCB20, 0xF500, 0xECA0, 0xFD60, 0xFD80,
    0xFD80, 0xFDA0, 0xFDA0, 0xFDC0, 0xFDC0, 0xFDE0, 0xFE00, 0xFE00, 0xFE00, 0xFE20, 0xFE20, 0xFE40,
    0xFE60, 0xFE60, 0xF661, 0xFEE1, 0x6980, 0x0005, 0x0176, 0x023E, 0x01D2, 0x0000, 0x0000, 0x0000,
    0x0000, 0x0000, 0x0000, 0x0000, 0x0000, 0x0000, 0x0000, 0x0000, 0x0000, 0x0000, 0x0000, 0x0000,
    0x0000, 0x0000, 0x0000, 0x0000, 0x0000, 0x0000, 0x0000, 0x0000, 0x0000, 0x0000, 0x0000, 0x0000,
    0x0000, 0x0000, 0x0000, 0x0000, 0x0000, 0x0000, 0x0000, 0x0000, 0x0000, 0x0000, 0x0000, 0x0000,
    0x0000, 0x0000, 0x0000, 0x0000, 0x0000, 0x0000, 0x0000, 0x0000, 0x0000, 0x0000, 0x0000, 0x0000,
    0x0000, 0x0000, 0x0000, 0x0000, 0x0000, 0x0000, 0x0000, 0x0000, 0x0000, 0x0000, 0x0000, 0x0000,
    0x010E, 0x0043, 0xAC65, 0xFD62, 0xEC40, 0xF500, 0xECA0, 0xF500, 0xF520, 0xEC80, 0xF500, 0xFD40,
    0xF500, 0xF580, 0xF540, 0xEC80, 0xF540, 0xFDA0, 0xFDA0, 0xFDC0, 0xFDA0, 0xFDA0, 0xFDC0, 0xFDC0,
    0xFDC0, 0xFDC0, 0xFDE0, 0xFDE0, 0xFE00, 0xFE20, 0xFE20, 0xFE40, 0xFE40, 0xFE60, 0xF680, 0xFEC1,
    0x6140, 0x0006, 0x0198, 0x023E, 0x0235, 0x0000, 0x0000, 0x0000, 0x0000, 0x0000, 0x0000, 0x0000,
    0x0000, 0x0000, 0x0000, 0x0000, 0x0000, 0x0000, 0x0000, 0x0000, 0x0000, 0x0000, 0x0000, 0x0000,
    0x0000, 0x0000, 0x0000, 0x0000, 0x0000, 0x0000, 0x0000, 0x0000, 0x0000, 0x0000, 0x0000, 0x0000,
    0x0000, 0x0000, 0x0000, 0x0000, 0x0000, 0x0000, 0x0000, 0x0000, 0x0000, 0x0000, 0x0000, 0x0000,
    0x0000, 0x0000, 0x0000, 0x0000, 0x0000, 0x0000, 0x0000, 0x0000, 0x0000, 0x0000, 0x0000, 0x0000,
    0x0000, 0x0000, 0x0000, 0x0000, 0x0000, 0x0000, 0x0000, 0x0000, 0x0000, 0x0000, 0x0000, 0x0000,
    0x0000, 0x0000, 0x0000, 0x0000, 0x0000, 0x0000, 0x0000, 0x0000, 0x0000, 0x0000, 0x0000, 0x0000,
    0x0000, 0x0000, 0x0000, 0x0000, 0x0000, 0x0000, 0x0000, 0x0000, 0x0000, 0x0000, 0x0000, 0x0000,
    0x0000, 0x0000, 0x010F, 0x0042, 0xD4E3, 0xD2E0, 0xD360, 0xCAE0, 0xAAC0, 0x8200, 0xF4C0, 0xF4E0,
    0xFD40, 0xFDA0, 0xF4C0, 0xFD60, 0xF500, 0xEC40, 0xF500, 0xFD80, 0xFD80, 0xF560, 0xFDC0, 0xFDC0,
    0xFDC0, 0xFDE0, 0xFDE0, 0xFDE0, 0xFE00, 0xFE00, 0xFE20, 0xFE20, 0xFE20, 0xFE40, 0xFE40, 0xFE40,
    0xFE60, 0xFE20, 0xFEE1, 0xDCA0, 0x0800, 0x00EE, 0x0154, 0x01B9, 0x027C, 0x0021, 0x0000, 0x0000,
    0x0000, 0x0000, 0x0000, 0x0000, 0x0000, 0x0000, 0x0000, 0x0000, 0x0000, 0x0000, 0x0000, 0x0000,
    0x0000, 0x0000, 0x0000, 0x0000, 0x0000, 0x0000, 0x0000, 0x0000, 0x0000, 0x0000, 0x0000, 0x0000,
    0x0000, 0x0000, 0x0000, 0x0000, 0x0000, 0x0000, 0x0000, 0x0000, 0x0000, 0x0000, 0x0000, 0x0000,
    0x0000, 0x0000, 0x0000, 0x0000, 0x0000, 0x0000, 0x0000, 0x0000, 0x0000, 0x0000, 0x0000, 0x0000,
    0x0000, 0x0000, 0x0000, 0x0000, 0x0000, 0x0000, 0x0000, 0x0000, 0x0000, 0x0000, 0x0000, 0x0064,
    0x00AD, 0x31A3, 0xFDC4, 0xF480, 0xFDC0, 0xFDC0, 0xE460, 0xFDC0, 0xE4C0, 0xED40, 0xED00, 0xFDA0,
    0xFD60, 0xFDE0, 0xF540, 0xFDA0, 0xFE00, 0xFDE0, 0xFDE0, 0xFDE0, 0xFDE0, 0xFDE0, 0xFDE0, 0xFE00,
    0xFE00, 0xFE00, 0xFE00, 0xFE20, 0xFE20, 0xFE20, 0xFE40, 0xFE40, 0xFE40, 0xFE40, 0xFF22, 0xD480,
    0x0000, 0x010F, 0x0175, 0x01BA, 0x02BE, 0x0064, 0x0000, 0x0000, 0x0000, 0x0000, 0x0000, 0x0000,
    0x0000, 0x0000, 0x0000, 0x0000, 0x0000, 0x0000, 0x0000, 0x0000, 0x0000, 0x0000, 0x0000, 0x0000,
    0x0000, 0x0000, 0x0000, 0x0000, 0x0000, 0x0000, 0x0000, 0x0000, 0x0000, 0x0000, 0x0000, 0x0000,
    0x0000, 0x0000, 0x0000, 0x0000, 0x0000, 0x0000, 0x0000, 0x0000, 0x0000, 0x0000, 0x0000, 0x0000,
    0x0000, 0x0000, 0x0000, 0x0000, 0x0000, 0x0000, 0x0000, 0x0000, 0x0000, 0x0000, 0x0000, 0x0000,
    0x0000, 0x0000, 0x0000, 0x0000, 0x0000, 0x0000, 0x0000, 0x0000, 0x0000, 0x0000, 0x0000, 0x0000,
    0x0000, 0x0000, 0x0000, 0x0000, 0x0000, 0x0000, 0x0000, 0x0000, 0x0000, 0x0000, 0x0000, 0x0000,
    0x0000, 0x0000, 0x0000, 0x0000, 0x0000, 0x0000, 0x0000, 0x0000, 0x0000, 0x0000, 0x0000, 0x0000,
    0x0000, 0x0086, 0x008D, 0x4A01, 0xECC2, 0xD360, 0xCB60, 0xA240, 0xB320, 0xE480, 0xFD40, 0xFD40,
    0xF500, 0xFDA0, 0xFD60, 0xFDE0, 0xDCA0, 0xCC00, 0xFE00, 0xFD80, 0xFDC0, 0xFDC0, 0xFDC0, 0xFDE0,
    0xFE00, 0xFE00, 0xFE00, 0xFE00, 0xFE00, 0xFE20, 0xFE20, 0xFE20, 0xFE40, 0xFE40, 0xFE40, 0xFE60,
    0xFE40, 0xFE60, 0xFEA0, 0x5920, 0x0026, 0x0153, 0x0133, 0x0198, 0x0132, 0x0000, 0x0000, 0x0000,
    0x0000, 0x0000, 0x0000, 0x0000, 0x0000, 0x0000, 0x0000, 0x0000, 0x0000, 0x0000, 0x0000, 0x0000,
    0x0000, 0x0000, 0x0000, 0x0000, 0x0000, 0x0000, 0x0000, 0x0000, 0x0000, 0x0000, 0x0000, 0x0000,
    0x0000, 0x0000, 0x0000, 0x0000, 0x0000, 0x0000, 0x0000, 0x0000, 0x0000, 0x0000, 0x0000, 0x0000,
    0x0000, 0x0000, 0x0000, 0x0000, 0x0000, 0x0000, 0x0000, 0x0000, 0x0000, 0x0000, 0x0000, 0x0000,
    0x0000, 0x0000, 0x0000, 0x0000, 0x0000, 0x0000, 0x0000, 0x0000, 0x0000, 0x0000, 0x0000, 0x010C,
    0x0028, 0x8BC5, 0xFD81, 0xFDA0, 0xFDC0, 0xFDC0, 0xF520, 0xFE20, 0xED40, 0xFDC0, 0xFDE0, 0xFDE0,
    0xFE00, 0xFDE0, 0xFE00, 0xFE00, 0xFDE0, 0xFDE0, 0xFE00, 0xFE00, 0xFE00, 0xFE00, 0xFE00, 0xFE00,
    0xFE20, 0xFE20, 0xFE20, 0xFE20, 0xFE20, 0xFE20, 0xFE40, 0xFE60, 0xFE40, 0xFE60, 0xFEA1, 0x5100,
    0x0026, 0x0154, 0x0154, 0x01DB, 0x01B7, 0x0001, 0x0000, 0x0000, 0x0000, 0x0000, 0x0000, 0x0000,
    0x0000, 0x0000, 0x0000, 0x0000, 0x0000, 0x0000, 0x0000, 0x0000, 0x0000, 0x0000, 0x0000, 0x0000,
    0x0000, 0x0000, 0x0000, 0x0000, 0x0000, 0x0000, 0x0000, 0x0000, 0x0000, 0x0000, 0x0000, 0x0000,
    0x0000, 0x0000, 0x0000, 0x0000, 0x0000, 0x0000, 0x0000, 0x0000, 0x0000, 0x0000, 0x0000, 0x0000,
    0x0000, 0x0000, 0x0000, 0x0000, 0x0000, 0x0000, 0x0000, 0x0000, 0x0000, 0x0000, 0x0000, 0x0000,
    0x0000, 0x0000, 0x0000, 0x0000, 0x0000, 0x0000, 0x0000, 0x0000, 0x0000, 0x0000, 0x0000, 0x0000,
    0x0000, 0x0000, 0x0000, 0x0000, 0x0000, 0x0000, 0x0000, 0x0000, 0x0000, 0x0000, 0x0000, 0x0000,
    0x0000, 0x0000, 0x0000, 0x0000, 0x0000, 0x0000, 0x0000, 0x0000, 0x0000, 0x0000, 0x0000, 0x0000,
    0x0000, 0x00EE, 0x0026, 0x9BA0, 0xE3E0, 0xC320, 0xE420, 0x7960, 0xB380, 0xFDC0, 0xF540, 0xF4E0,
    0xE4C0, 0xED00, 0xFDC0, 0xF5A0, 0xCC40, 0xED60, 0xFE00, 0xFDC0, 0xFDC0, 0xFDE0, 0xFE00, 0xFE20,
    0xFE00, 0xFE20, 0xFE20, 0xFE20, 0xFE20, 0xFE40, 0xFE40, 0xFE40, 0xFE60, 0xFE60, 0xFE60, 0xFE80,
    0xFE60, 0xFF00, 0xCC40, 0x0000, 0x00EE, 0x0132, 0x0132, 0x0155, 0x0022, 0x0000, 0x0000, 0x0000,
    0x0000, 0x0000, 0x0000, 0x0000, 0x0000, 0x0000, 0x0000, 0x0000, 0x0000, 0x0000, 0x0000, 0x0000,
    0x0000, 0x0000, 0x0000, 0x0000, 0x0000, 0x0000, 0x0000, 0x0000, 0x0000, 0x0000, 0x0000, 0x0000,
    0x0000, 0x0000, 0x0000, 0x0000, 0x0000, 0x0000, 0x0000, 0x0000, 0x0000, 0x0000, 0x0000, 0x0000,
    0x0000, 0x0000, 0x0000, 0x0000, 0x0000, 0x0000, 0x0000, 0x0000, 0x0000, 0x0000, 0x0000, 0x0000,
    0x0000, 0x0000, 0x0000, 0x0000, 0x0000, 0x0000, 0x0000, 0x0000, 0x0000, 0x0000, 0x0000, 0x010F,
    0x08A4, 0xE5E7, 0xFDE0, 0xF5C0, 0xFDC0, 0xFD80, 0xF580, 0xFE40, 0xF5C0, 0xFE20, 0xFE00, 0xFE00,
    0xFE00, 0xFE20, 0xFE00, 0xFE00, 0xFE00, 0xFE20, 0xFE20, 0xFE20, 0xFE20, 0xFE20, 0xFE20, 0xFE20,
    0xFE40, 0xFE40, 0xFE20, 0xFE40, 0xFE20, 0xFE40, 0xFE60, 0xFE60, 0xFE40, 0xFF21, 0xC400, 0x0000,
    0x010F, 0x0133, 0x0153, 0x01B9, 0x0067, 0x0000, 0x0000, 0x0000, 0x0000, 0x0000, 0x0000, 0x0000,
    0x0000, 0x0000, 0x0000, 0x0000, 0x0000, 0x0000, 0x0000, 0x0000, 0x0000, 0x0000, 0x0000, 0x0000,
    0x0000, 0x0000, 0x0000, 0x0000, 0x0000, 0x0000, 0x0000, 0x0000, 0x0000, 0x0000, 0x0000, 0x0000,
    0x0000, 0x0000, 0x0000, 0x0000, 0x0000, 0x0000, 0x0000, 0x0000, 0x0000, 0x0000, 0x0000, 0x0000,
    0x0000, 0x0000, 0x0000, 0x0000, 0x0000, 0x0000, 0x0000, 0x0000, 0x0000, 0x0000, 0x0000, 0x0000,
    0x0000, 0x0000, 0x0000, 0x0000, 0x0000, 0x0000, 0x0000, 0x0000, 0x0000, 0x0000, 0x0000, 0x0000,
    0x0000, 0x0000, 0x0000, 0x0000, 0x0000, 0x0000, 0x0000, 0x0000, 0x0000, 0x0000, 0x0000, 0x0000,
    0x0000, 0x0000, 0x0000, 0x0000, 0x0000, 0x0000, 0x0000, 0x0000, 0x0000, 0x0000, 0x0000, 0x0000,
    0x0022, 0x00AE, 0x2100, 0xE540, 0xECC0, 0xFD80, 0xFD40, 0xA2A0, 0xED60, 0xF5E0, 0xE4E0, 0xF580,
    0xE540, 0xDCE0, 0xED40, 0xEDC1, 0xC440, 0xFE60, 0xFE00, 0xFE40, 0xFE40, 0xFE60, 0xFE60, 0xFE40,
    0xFE60, 0xFE60, 0xFE60, 0xFE60, 0xFE60, 0xFE60, 0xFE60, 0xFE60, 0xFE80, 0xFE80, 0xFE80, 0xFE80,
    0xFEA0, 0xFEA1, 0x4900, 0x0025, 0x00EF, 0x00EF, 0x0153, 0x00AC, 0x0000, 0x0000, 0x0000, 0x0000,
    0x0000, 0x0000, 0x0000, 0x0000, 0x0000, 0x0000, 0x0000, 0x0000, 0x0000, 0x0000, 0x0000, 0x0000,
    0x0000, 0x0000, 0x0000, 0x0000, 0x0000, 0x0000, 0x0000, 0x0000, 0x0000, 0x0000, 0x0000, 0x0000,
    0x0000, 0x0000, 0x0000, 0x0000, 0x0000, 0x0000, 0x0000, 0x0000, 0x0000, 0x0000, 0x0000, 0x0000,
    0x0000, 0x0000, 0x0000, 0x0000, 0x0000, 0x0000, 0x0000, 0x0000, 0x0000, 0x0000, 0x0000, 0x0000,
    0x0000, 0x0000, 0x0000, 0x0000, 0x0000, 0x0000, 0x0000, 0x0000, 0x0000, 0x0000, 0x0087, 0x006B,
    0x5264, 0xFEE4, 0xFE20, 0xFE40, 0xFE00, 0xFDE0, 0xFE60, 0xFE80, 0xFE60, 0xFE40, 0xFE40, 0xFE40,
    0xFE60, 0xFE60, 0xFE40, 0xFE40, 0xFE40, 0xFE40, 0xFE60, 0xFE60, 0xFE60, 0xFE60, 0xFE60, 0xFE60,
    0xFE60, 0xFE60, 0xFE60, 0xFE60, 0xFE60, 0xFE60, 0xFE60, 0xFE60, 0xFEA0, 0xFEC1, 0x40E0, 0x0026,
    0x0111, 0x0111, 0x0155, 0x0111, 0x0000, 0x0000, 0x0000, 0x0000, 0x0000, 0x0000, 0x0000, 0x0000,
    0x0000, 0x0000, 0x0000, 0x0000, 0x0000, 0x0000, 0x0000, 0x0000, 0x0000, 0x0000, 0x0000, 0x0000,
    0x0000, 0x0000, 0x0000, 0x0000, 0x0000, 0x0000, 0x0000, 0x0000, 0x0000, 0x0000, 0x0000, 0x0000,
    0x0000, 0x0000, 0x0000, 0x0000, 0x0000, 0x0000, 0x0000, 0x0000, 0x0000, 0x0000, 0x0000, 0x0000,
    0x0000, 0x0000, 0x0000, 0x0000, 0x0000, 0x0000, 0x0000, 0x0000, 0x0000, 0x0000, 0x0000, 0x0000,
    0x0000, 0x0000, 0x0000, 0x0000, 0x0000, 0x0000, 0x0000, 0x0000, 0x0000, 0x0000, 0x0000, 0x0000,
    0x0000, 0x0000, 0x0000, 0x0000, 0x0000, 0x0000, 0x0000, 0x0000, 0x0000, 0x0000, 0x0000, 0x0000,
    0x0000, 0x0000, 0x0000, 0x0000, 0x0000, 0x0000, 0x0000, 0x0000, 0x0000, 0x0000, 0x0000, 0x0000,
    0x00AA, 0x0028, 0x8380, 0xFDE1, 0xF560, 0xF560, 0xE480, 0xC380, 0xF5A0, 0xE540, 0xED60, 0xF600,
    0xFE40, 0xE540, 0xE520, 0xCCC0, 0xB3E0, 0xFEA0, 0xFE40, 0xFE40, 0xFE60, 0xFE40, 0xFE60, 0xFE80,
    0xFE80, 0xFE60, 0xFE60, 0xFE60, 0xFE60, 0xFE60, 0xFE60, 0xFE80, 0xFE80, 0xFE80, 0xFEA0, 0xFE80,
    0xFF00, 0xC400, 0x0001, 0x00AB, 0x00CD, 0x00EF, 0x0110, 0x0022, 0x0000, 0x0000, 0x0000, 0x0000,
    0x0000, 0x0000, 0x0000, 0x0000, 0x0000, 0x0000, 0x0000, 0x0000, 0x0000, 0x0000, 0x0000, 0x0000,
    0x0000, 0x0000, 0x0000, 0x0000, 0x0000, 0x0000, 0x0000, 0x0000, 0x0000, 0x0000, 0x0000, 0x0000,
    0x0000, 0x0000, 0x0000, 0x0000, 0x0000, 0x0000, 0x0000, 0x0000, 0x0000, 0x0000, 0x0000, 0x0000,
    0x0000, 0x0000, 0x0000, 0x0000, 0x0000, 0x0000, 0x0000, 0x0000, 0x0000, 0x0000, 0x0000, 0x0000,
    0x0000, 0x0000, 0x0000, 0x0000, 0x0000, 0x0000, 0x0000, 0x0000, 0x0000, 0x0000, 0x010E, 0x0005,
    0xACC6, 0xFE80, 0xFE20, 0xFE40, 0xFE20, 0xFE60, 0xFE60, 0xFE60, 0xFE40, 0xFE60, 0xFE60, 0xFE60,
    0xFE80, 0xFE80, 0xFE60, 0xFE60, 0xFE60, 0xFE60, 0xFE60, 0xFE60, 0xFE60, 0xFE80, 0xFE60, 0xFE60,
    0xFE60, 0xFE60, 0xFE60, 0xFE60, 0xFE60, 0xFE80, 0xFE60, 0xFE60, 0xFF20, 0xB3A0, 0x0001, 0x00EE,
    0x0110, 0x0111, 0x0153, 0x0045, 0x0000, 0x0000, 0x0000, 0x0000, 0x0000, 0x0000, 0x0000, 0x0000,
    0x0000, 0x0000, 0x0000, 0x0000, 0x0000, 0x0000, 0x0000, 0x0000, 0x0000, 0x0000, 0x0000, 0x0000,
    0x0000, 0x0000, 0x0000, 0x0000, 0x0000, 0x0000, 0x0000, 0x0000, 0x0000, 0x0000, 0x0000, 0x0000,
    0x0000, 0x0000, 0x0000, 0x0000, 0x0000, 0x0000, 0x0000, 0x0000, 0x0000, 0x0000, 0x0000, 0x0000,
    0x0000, 0x0000, 0x0000, 0x0000, 0x0000, 0x0000, 0x0000, 0x0000, 0x0000, 0x0000, 0x0000, 0x0000,
    0x0000, 0x0000, 0x0000, 0x0000, 0x0000, 0x0000, 0x0000, 0x0000, 0x0000, 0x0000, 0x0000, 0x0000,
    0x0000, 0x0000, 0x0000, 0x0000, 0x0000, 0x0000, 0x0000, 0x0000, 0x0000, 0x0000, 0x0000, 0x0000,
    0x0000, 0x0000, 0x0000, 0x0000, 0x0000, 0x0000, 0x0000, 0x0000, 0x0000, 0x0000, 0x0000, 0x0000,
    0x0110, 0x0882, 0xDDC3, 0xFE00, 0xFD80, 0xF520, 0xE4A0, 0xED00, 0xFDC0, 0xDC80, 0xF5E0, 0xFE60,
    0xFE40, 0xED80, 0xEDC0, 0x8AA0, 0xF600, 0xFE60, 0xFE80, 0xEDE0, 0xFE40, 0xF600, 0xFE80, 0xFE80,
    0xF620, 0xFE60, 0xFE40, 0xFE60, 0xFE60, 0xFE60, 0xFE60, 0xFE60, 0xFE60, 0xFE80, 0xFE80, 0xFEA0,
    0xFE40, 0x38C0, 0x0026, 0x00CD, 0x00AC, 0x00EF, 0x0068, 0x0000, 0x0000, 0x0000, 0x0000, 0x0000,
    0x0000, 0x0000, 0x0000, 0x0000, 0x0000, 0x0000, 0x0000, 0x0000, 0x0000, 0x0000, 0x0000, 0x0000,
    0x0000, 0x0000, 0x0000, 0x0000, 0x0000, 0x0000, 0x0000, 0x0000, 0x0000, 0x0000, 0x0000, 0x0000,
    0x0000, 0x0000, 0x0000, 0x0000, 0x0000, 0x0000, 0x0000, 0x0000, 0x0000, 0x0000, 0x0000, 0x0000,
    0x0000, 0x0000, 0x0000, 0x0000, 0x0000, 0x0000, 0x0000, 0x0000, 0x0000, 0x0000, 0x0000, 0x0000,
    0x0000, 0x0000, 0x0000, 0x0000, 0x0000, 0x0000, 0x0000, 0x0000, 0x0000, 0x0022, 0x00EE, 0x1903,
    0xDD86, 0xED80, 0xFE80, 0xFE60, 0xFE80, 0xFE60, 0xFE60, 0xFE60, 0xFE60, 0xFE60, 0xFE60, 0xFE60,
    0xFE40, 0xFE60, 0xFE60, 0xFE60, 0xFE60, 0xFE60, 0xFE60, 0xFE60, 0xFE80, 0xFE80, 0xFE40, 0xFE60,
    0xFE80, 0xFE60, 0xFE80, 0xFE80, 0xFE80, 0xFE80, 0xFE80, 0xFEC0, 0xFE41, 0x2880, 0x0048, 0x010F,
    0x00EE, 0x0131, 0x00CC, 0x0000, 0x0000, 0x0000, 0x0000, 0x0000, 0x0000, 0x0000, 0x0000, 0x0000,
    0x0000, 0x0000, 0x0000, 0x0000, 0x0000, 0x0000, 0x0000, 0x0000, 0x0000, 0x0000, 0x0000, 0x0000,
    0x0000, 0x0000, 0x0000, 0x0000, 0x0000, 0x0000, 0x0000, 0x0000, 0x0000, 0x0000, 0x0000, 0x0000,
    0x0000, 0x0000, 0x0000, 0x0000, 0x0000, 0x0000, 0x0000, 0x0000, 0x0000, 0x0000, 0x0000, 0x0000,
    0x0000, 0x0000, 0x0000, 0x0000, 0x0000, 0x0000, 0x0000, 0x0000, 0x0000, 0x0000, 0x0000, 0x0000,
    0x0000, 0x0000, 0x0000, 0x0000, 0x0000, 0x0000, 0x0000, 0x0000, 0x0000, 0x0000, 0x0000, 0x0000,
    0x0000, 0x0000, 0x0000, 0x0000, 0x0000, 0x0000, 0x0000, 0x0000, 0x0000, 0x0000, 0x0000, 0x0000,
    0x0000, 0x0000, 0x0000, 0x0000, 0x0000, 0x0000, 0x0000, 0x0000, 0x0000, 0x0000, 0x0000, 0x00A7,
    0x008C, 0x5221, 0xFE43, 0xF5C0, 0xF560, 0xE4C0, 0xECC0, 0xF5E0, 0xFDE0, 0xED20, 0xF5E0, 0xFE40,
    0xF5E0, 0xFE80, 0xE5A0, 0xB420, 0xFEE0, 0xFEA0, 0xFE80, 0xEDA0, 0xFE60, 0xF5E0, 0xE560, 0xEDE0,
    0xEDE0, 0xFEA0, 0xFEC0, 0xFEE0, 0xFEC0, 0xFEC0, 0xFEC0, 0xFEC0, 0xFEE0, 0xFEE0, 0xFEE0, 0xFF20,
    0xB340, 0x0000, 0x0089, 0x00AB, 0x00CC, 0x00CD, 0x0001, 0x0000, 0x0000, 0x0000, 0x0000, 0x0000,
    0x0000, 0x0000, 0x0000, 0x0000, 0x0000, 0x0000, 0x0000, 0x0000, 0x0000, 0x0000, 0x0000, 0x0000,
    0x0000, 0x0000, 0x0000, 0x0000, 0x0000, 0x0000, 0x0000, 0x0000, 0x0000, 0x0000, 0x0000, 0x0000,
    0x0000, 0x0000, 0x0000, 0x0000, 0x0000, 0x0000, 0x0000, 0x0000, 0x0000, 0x0000, 0x0000, 0x0000,
    0x0000, 0x0000, 0x0000, 0x0000, 0x0000, 0x0000, 0x0000, 0x0000, 0x0000, 0x0000, 0x0000, 0x0000,
    0x0000, 0x0000, 0x0000, 0x0000, 0x0000, 0x0000, 0x0000, 0x0000, 0x0000, 0x00CA, 0x0049, 0x7326,
    0xF621, 0xEDA0, 0xEDA0, 0xBB80, 0xDD00, 0xFEA0, 0xFE60, 0xFE60, 0xFE80, 0xFE80, 0xFEC0, 0xFEE0,
    0xFE60, 0xFF00, 0xFF00, 0xFF00, 0xFF00, 0xFF00, 0xFF00, 0xFF00, 0xFEA0, 0xFE80, 0xFE20, 0xFE80,
    0xFE80, 0xFE80, 0xFE80, 0xFE80, 0xFE80, 0xFE80, 0xFE60, 0xFF01, 0xA320, 0x0001, 0x00CC, 0x00CD,
    0x00EE, 0x0110, 0x0023, 0x0000, 0x0000, 0x0000, 0x0000, 0x0000, 0x0000, 0x0000, 0x0000, 0x0000,
    0x0000, 0x0000, 0x0000, 0x0000, 0x0000, 0x0000, 0x0000, 0x0000, 0x0000, 0x0000, 0x0000, 0x0000,
    0x0000, 0x0000, 0x0000, 0x0000, 0x0000, 0x0000, 0x0000, 0x0000, 0x0000, 0x0000, 0x0000, 0x0000,
    0x0000, 0x0000, 0x0000, 0x0000, 0x0000, 0x0000, 0x0000, 0x0000, 0x0000, 0x0000, 0x0000, 0x0000,
    0x0000, 0x0000, 0x0000, 0x0000, 0x0000, 0x0000, 0x0000, 0x0000, 0x0000, 0x0000, 0x0000, 0x0000,
    0x0000, 0x0000, 0x0000, 0x0000, 0x0000, 0x0000, 0x0000, 0x0000, 0x0000, 0x0000, 0x0000, 0x0000,
    0x0000, 0x0000, 0x0000, 0x0000, 0x0000, 0x0000, 0x0000, 0x0000, 0x0000, 0x0000, 0x0000, 0x0000,
    0x0000, 0x0000, 0x0000, 0x0000, 0x0000, 0x0000, 0x0000, 0x0000, 0x0000, 0x0000, 0x0000, 0x012E,
    0x0024, 0xB462, 0xED40, 0xF580, 0xECE0, 0xBB60, 0xBBE0, 0xFEC0, 0xF600, 0xFE40, 0xF5C0, 0xEDC0,
    0xEDA0, 0xFE40, 0xEC80, 0xE4C1, 0xED40, 0xECE0, 0xE4C0, 0xE4A0, 0xED40, 0xECA0, 0xDBA0, 0xED00,
    0xE480, 0xE4A0, 0xED20, 0xED20, 0xED00, 0xED40, 0xED40, 0xED60, 0xED80, 0xED60, 0xEDA0, 0xE4E0,
    0x2840, 0x0025, 0x0089, 0x0089, 0x00CD, 0x0046, 0x0000, 0x0000, 0x0000, 0x0000, 0x0000, 0x0000,
    0x0000, 0x0000, 0x0000, 0x0000, 0x0000, 0x0000, 0x0000, 0x0000, 0x0000, 0x0000, 0x0000, 0x0000,
    0x0000, 0x0000, 0x0000, 0x0000, 0x0000, 0x0000, 0x0000, 0x0000, 0x0000, 0x0000, 0x0000, 0x0000,
    0x0000, 0x0000, 0x0000, 0x0000, 0x0000, 0x0000, 0x0000, 0x0000, 0x0000, 0x0000, 0x0000, 0x0000,
    0x0000, 0x0000, 0x0000, 0x0000, 0x0000, 0x0000, 0x0000, 0x0000, 0x0000, 0x0000, 0x0000, 0x0000,
    0x0000, 0x0000, 0x0000, 0x0000, 0x0000, 0x0000, 0x0000, 0x0000, 0x0000, 0x010F, 0x0045, 0xC4E6,
    0xFDE0, 0xFE60, 0xFE40, 0xC3C0, 0xD500, 0xFE60, 0xF640, 0xFEA0, 0xFEA0, 0xFF00, 0xDC20, 0x9A80,
    0x9AA0, 0x9AA0, 0x9AA0, 0x9A80, 0x9AA0, 0xA2C0, 0x9AC0, 0xAB41, 0xFE81, 0xFE60, 0xFE80, 0xFE80,
    0xFE60, 0xFE60, 0xFE80, 0xFE80, 0xFE80, 0xFE60, 0xFEC0, 0xF5C0, 0x2040, 0x0047, 0x00CC, 0x00AC,
    0x00EF, 0x00A9, 0x0000, 0x0000, 0x0000, 0x0000, 0x0000, 0x0000, 0x0000, 0x0000, 0x0000, 0x0000,
    0x0000, 0x0000, 0x0000, 0x0000, 0x0000, 0x0000, 0x0000, 0x0000, 0x0000, 0x0000, 0x0000, 0x0000,
    0x0000, 0x0000, 0x0000, 0x0000, 0x0000, 0x0000, 0x0000, 0x0000, 0x0000, 0x0000, 0x0000, 0x0000,
    0x0000, 0x0000, 0x0000, 0x0000, 0x0000, 0x0000, 0x0000, 0x0000, 0x0000, 0x0000, 0x0000, 0x0000,
    0x0000, 0x0000, 0x0000, 0x0000, 0x0000, 0x0000, 0x0000, 0x0000, 0x0000, 0x0000, 0x0000, 0x0000,
    0x0000, 0x0000, 0x0000, 0x0000, 0x0000, 0x0000, 0x0000, 0x0000, 0x0000, 0x0000, 0x0000, 0x0000,
    0x0000, 0x0000, 0x0000, 0x0000, 0x0000, 0x0000, 0x0000, 0x0000, 0x0000, 0x0000, 0x0000, 0x0000,
    0x0000, 0x0000, 0x0000, 0x0000, 0x0000, 0x0000, 0x0000, 0x0000, 0x0000, 0x0000, 0x0043, 0x00CE,
    0x3140, 0xFE42, 0xFDC0, 0xFDE0, 0xFDE0, 0xF560, 0xFE20, 0xEDC0, 0xED80, 0xFE60, 0xFE60, 0xFE00,
    0xF5E0, 0xDC60, 0x2000, 0x1000, 0x1000, 0x1000, 0x1000, 0x1000, 0x1000, 0x1000, 0x1000, 0x1800,
    0x1000, 0x1000, 0x1000, 0x1000, 0x1000, 0x1000, 0x1000, 0x1000, 0x1000, 0x1000, 0x1000, 0x0800,
    0x0001, 0x0089, 0x0069, 0x008A, 0x0089, 0x0000, 0x0000, 0x0000, 0x0000, 0x0000, 0x0000, 0x0000,
    0x0000, 0x0000, 0x0000, 0x0000, 0x0000, 0x0000, 0x0000, 0x0000, 0x0000, 0x0000, 0x0000, 0x0000,
    0x0000, 0x0000, 0x0000, 0x0000, 0x0000, 0x0000, 0x0000, 0x0000, 0x0000, 0x0000, 0x0000, 0x0000,
    0x0000, 0x0000, 0x0000, 0x0000, 0x0000, 0x0000, 0x0000, 0x0000, 0x0000, 0x0000, 0x0000, 0x0000,
    0x0000, 0x0000, 0x0000, 0x0000, 0x0000, 0x0000, 0x0000, 0x0000, 0x0000, 0x0000, 0x0000, 0x0000,
    0x0000, 0x0000, 0x0000, 0x0000, 0x0000, 0x0000, 0x0000, 0x0000, 0x0064, 0x00CE, 0x41E4, 0xF685,
    0xF5A0, 0xED80, 0xF5E0, 0xDD20, 0xFEC0, 0xEDE0, 0xE560, 0xDD60, 0xD520, 0xD4A0, 0x5080, 0x0000,
    0x0000, 0x0000, 0x0000, 0x0000, 0x0000, 0x0000, 0x0000, 0x6B03, 0xFF01, 0xFE40, 0xFE80, 0xFE80,
    0xFE80, 0xFE80, 0xFE80, 0xFE80, 0xFEA0, 0xFE80, 0xFF00, 0x9260, 0x0001, 0x00AA, 0x00AB, 0x00CC,
    0x00EE, 0x0022, 0x0000, 0x0000, 0x0000, 0x0000, 0x0000, 0x0000, 0x0000, 0x0000, 0x0000, 0x0000,
    0x0000, 0x0000, 0x0000, 0x0000, 0x0000, 0x0000, 0x0000, 0x0000, 0x0000, 0x0000, 0x0000, 0x0000,
    0x0000, 0x0000, 0x0000, 0x0000, 0x0000, 0x0000, 0x0000, 0x0000, 0x0000, 0x0000, 0x0000, 0x0000,
    0x0000, 0x0000, 0x0000, 0x0000, 0x0000, 0x0000, 0x0000, 0x0000, 0x0000, 0x0000, 0x0000, 0x0000,
    0x0000, 0x0000, 0x0000, 0x0000, 0x0000, 0x0000, 0x0000, 0x0000, 0x0000, 0x0000, 0x0000, 0x0000,
    0x0000, 0x0000, 0x0000, 0x0000, 0x0000, 0x0000, 0x0000, 0x0000, 0x0000, 0x0000, 0x0000, 0x0000,
    0x0000, 0x0000, 0x0000, 0x0000, 0x0000, 0x0000, 0x0000, 0x0000, 0x0000, 0x0000, 0x0000, 0x0000,
    0x0000, 0x0000, 0x0000, 0x0000, 0x0000, 0x0000, 0x0000, 0x0000, 0x0000, 0x0000, 0x00EB, 0x0027,
    0x93E1, 0xFE00, 0xFE00, 0xFE00, 0xF5C0, 0xE540, 0xF600, 0xDD00, 0xF5E0, 0xFE80, 0xFE40, 0xFE20,
    0xFEA1, 0x81E0, 0x0003, 0x0022, 0x0001, 0x0001, 0x0001, 0x0001, 0x0001, 0x0001, 0x0001, 0x0001,
    0x0001, 0x0001, 0x0001, 0x0001, 0x0001, 0x0001, 0x0001, 0x0001, 0x0001, 0x0001, 0x0001, 0x0000,
    0x0024, 0x008A, 0x0089, 0x008A, 0x0044, 0x0000, 0x0000, 0x0000, 0x0000, 0x0000, 0x0000, 0x0000,
    0x0000, 0x0000, 0x0000, 0x0000, 0x0000, 0x0000, 0x0000, 0x0000, 0x0000, 0x0000, 0x0000, 0x0000,
    0x0000, 0x0000, 0x0000, 0x0000, 0x0000, 0x0000, 0x0000, 0x0000, 0x0000, 0x0000, 0x0000, 0x0000,
    0x0000, 0x0000, 0x0000, 0x0000, 0x0000, 0x0000, 0x0000, 0x0000, 0x0000, 0x0000, 0x0000, 0x0000,
    0x0000, 0x0000, 0x0000, 0x0000, 0x0000, 0x0000, 0x0000, 0x0000, 0x0000, 0x0000, 0x0000, 0x0000,
    0x0000, 0x0000, 0x0000, 0x0000, 0x0000, 0x0000, 0x0000, 0x0000, 0x012D, 0x0027, 0x93E7, 0xFEA1,
    0xFE20, 0xF5C0, 0xC460, 0xE580, 0xFEC0, 0xFEA0, 0xFEA0, 0xFE60, 0xFEC0, 0xCBA0, 0x0800, 0x00A8,
    0x0002, 0x0022, 0x0022, 0x0022, 0x0022, 0x0001, 0x0882, 0xE625, 0xFEA0, 0xFE60, 0xFE80, 0xFE80,
    0xFE80, 0xFE80, 0xFE80, 0xFEA0, 0xFE80, 0xFF00, 0xED40, 0x1800, 0x0046, 0x008A, 0x008A, 0x00AC,
    0x0067, 0x0000, 0x0000, 0x0000, 0x0000, 0x0000, 0x0000, 0x0000, 0x0000, 0x0000, 0x0000, 0x0000,
    0x0000, 0x0000, 0x0000, 0x0000, 0x0000, 0x0000, 0x0000, 0x0000, 0x0000, 0x0000, 0x0000, 0x0000,
    0x0000, 0x0000, 0x0000, 0x0000, 0x0000, 0x0000, 0x0000, 0x0000, 0x0000, 0x0000, 0x0000, 0x0000,
    0x0000, 0x0000, 0x0000, 0x0000, 0x0000, 0x0000, 0x0000, 0x0000, 0x0000, 0x0000, 0x0000, 0x0000,
    0x0000, 0x0000, 0x0000, 0x0000, 0x0000, 0x0000, 0x0000, 0x0000, 0x0000, 0x0000, 0x0000, 0x0000,
    0x0000, 0x0000, 0x0000, 0x0000, 0x0000, 0x0000, 0x0000, 0x0000, 0x0000, 0x0000, 0x0000, 0x0000,
    0x0000, 0x0000, 0x0000, 0x0000, 0x0000, 0x0000, 0x0000, 0x0000, 0x0000, 0x0000, 0x0000, 0x0000,
    0x0000, 0x0000, 0x0000, 0x0000, 0x0000, 0x0000, 0x0000, 0x0000, 0x0000, 0x0001, 0x0110, 0x0882,
    0xE5E3, 0xFE40, 0xFE20, 0xFE40, 0xED60, 0xE520, 0xFE20, 0xF5A0, 0xFE40, 0xEDA0, 0xF600, 0xFE80,
    0xF540, 0x2020, 0x00EF, 0x00CC, 0x0000, 0x0002, 0x0002, 0x0002, 0x0002, 0x0002, 0x0002, 0x0002,
    0x0002, 0x0002, 0x0002, 0x0002, 0x0002, 0x0001, 0x0001, 0x0001, 0x0001, 0x0001, 0x0001, 0x0001,
    0x0002, 0x0069, 0x008A, 0x0067, 0x0000, 0x0000, 0x0000, 0x0000, 0x0000, 0x0000, 0x0000, 0x0000,
    0x0000, 0x0000, 0x0000, 0x0000, 0x0000, 0x0000, 0x0000, 0x0000, 0x0000, 0x0000, 0x0000, 0x0000,
    0x0000, 0x0000, 0x0000, 0x0000, 0x0000, 0x0000, 0x0000, 0x0000, 0x0000, 0x0000, 0x0000, 0x0000,
    0x0000, 0x0000, 0x0000, 0x0000, 0x0000, 0x0000, 0x0000, 0x0000, 0x0000, 0x0000, 0x0000, 0x0000,
    0x0000, 0x0000, 0x0000, 0x0000, 0x0000, 0x0000, 0x0000, 0x0000, 0x0000, 0x0000, 0x0000, 0x0000,
    0x0000, 0x0000, 0x0000, 0x0000, 0x0000, 0x0000, 0x0000, 0x0000, 0x010F, 0x10C4, 0xE608, 0xF560,
    0xED40, 0xE540, 0xB3C0, 0xF640, 0xFEA0, 0xFEA0, 0xFEA0, 0xF620, 0xFE80, 0x91E0, 0x0004, 0x0155,
    0x0046, 0x0002, 0x0024, 0x0003, 0x0023, 0x0000, 0x5AA5, 0xFF22, 0xFE80, 0xFE80, 0xFE80, 0xFE80,
    0xFE80, 0xFEA0, 0xFEA0, 0xFEA0, 0xFEA0, 0xFEE0, 0x79C0, 0x0002, 0x0088, 0x0089, 0x008A, 0x00AB,
    0x0001, 0x0000, 0x0000, 0x0000, 0x0000, 0x0000, 0x0000, 0x0000, 0x0000, 0x0000, 0x0000, 0x0000,
    0x0000, 0x0000, 0x0000, 0x0000, 0x0000, 0x0000, 0x0000, 0x0000, 0x0000, 0x0000, 0x0000, 0x0000,
    0x0000, 0x0000, 0x0000, 0x0000, 0x0000, 0x0000, 0x0000, 0x0000, 0x0000, 0x0000, 0x0000, 0x0000,
    0x0000, 0x0000, 0x0000, 0x0000, 0x0000, 0x0000, 0x0000, 0x0000, 0x0000, 0x0000, 0x0000, 0x0000,
    0x0000, 0x0000, 0x0000, 0x0000, 0x0000, 0x0000, 0x0000, 0x0000, 0x0000, 0x0000, 0x0000, 0x0000,
    0x0000, 0x0000, 0x0000, 0x0000, 0x0000, 0x0000, 0x0000, 0x0000, 0x0000, 0x0000, 0x0000, 0x0000,
    0x0000, 0x0000, 0x0000, 0x0000, 0x0000, 0x0000, 0x0000, 0x0000, 0x0000, 0x0000, 0x0000, 0x0000,
    0x0000, 0x0000, 0x0000, 0x0000, 0x0000, 0x0000, 0x0000, 0x0000, 0x0000, 0x00C9, 0x006B, 0x62C1,
    0xFEE2, 0xFE40, 0xFE40, 0xFE40, 0xF5A0, 0xFE40, 0xF5C0, 0xFE40, 0xFE60, 0xEDA0, 0xF600, 0xFE80,
    0xA2A0, 0x0002, 0x0110, 0x0154, 0x0025, 0x0001, 0x0002, 0x0001, 0x0001, 0x0001, 0x0001, 0x0001,
    0x0001, 0x0001, 0x0001, 0x0001, 0x0001, 0x0001, 0x0001, 0x0001, 0x0001, 0x0002, 0x0002, 0x0001,
    0x0000, 0x0025, 0x0068, 0x0000, 0x0000, 0x0000, 0x0000, 0x0000, 0x0000, 0x0000, 0x0000, 0x0000,
    0x0000, 0x0000, 0x0000, 0x0000, 0x0000, 0x0000, 0x0000, 0x0000, 0x0000, 0x0000, 0x0000, 0x0000,
    0x0000, 0x0000, 0x0000, 0x0000, 0x0000, 0x0000, 0x0000, 0x0000, 0x0000, 0x0000, 0x0000, 0x0000,
    0x0000, 0x0000, 0x0000, 0x0000, 0x0000, 0x0000, 0x0000, 0x0000, 0x0000, 0x0000, 0x0000, 0x0000,
    0x0000, 0x0000, 0x0000, 0x0000, 0x0000, 0x0000, 0x0000, 0x0000, 0x0000, 0x0000, 0x0000, 0x0000,
    0x0000, 0x0000, 0x0000, 0x0000, 0x0000, 0x0000, 0x0000, 0x00A7, 0x006B, 0x62C5, 0xFE83, 0xED80,
    0xED80, 0xBB80, 0x9B60, 0xFF20, 0xF620, 0xEDE0, 0xFEA0, 0xD540, 0xE420, 0x3000, 0x0089, 0x0134,
    0x00CE, 0x0002, 0x0025, 0x0045, 0x0046, 0x0001, 0xC587, 0xFEA0, 0xF660, 0xFE80, 0xFEA0, 0xFE80,
    0xFE80, 0xFE80, 0xF640, 0xF660, 0xFEE0, 0xE4A0, 0x0800, 0x0046, 0x0068, 0x0047, 0x0068, 0x0003,
    0x0000, 0x0000, 0x0000, 0x0000, 0x0000, 0x0000, 0x0000, 0x0000, 0x0000, 0x0000, 0x0000, 0x0000,
    0x0000, 0x0000, 0x0000, 0x0000, 0x0000, 0x0000, 0x0000, 0x0000, 0x0000, 0x0000, 0x0000, 0x0000,
    0x0000, 0x0000, 0x0000, 0x0000, 0x0000, 0x0000, 0x0000, 0x0000, 0x0000, 0x0000, 0x0000, 0x0000,
    0x0000, 0x0000, 0x0000, 0x0000, 0x0000, 0x0000, 0x0000, 0x0000, 0x0000, 0x0000, 0x0000, 0x0000,
    0x0000, 0x0000, 0x0000, 0x0000, 0x0000, 0x0000, 0x0000, 0x0000, 0x0000, 0x0000, 0x0000, 0x0000,
    0x0000, 0x0000, 0x0000, 0x0000, 0x0000, 0x0000, 0x0000, 0x0000, 0x0000, 0x0000, 0x0000, 0x0000,
    0x0000, 0x0000, 0x0000, 0x0000, 0x0000, 0x0000, 0x0000, 0x0000, 0x0000, 0x0000, 0x0000, 0x0000,
    0x0000, 0x0000, 0x0000, 0x0000, 0x0000, 0x0000, 0x0000, 0x0000, 0x0000, 0x0130, 0x0043, 0xC542,
    0xFEA0, 0xFE60, 0xF620, 0xFE40, 0xF5E0, 0xFE41, 0xF5A0, 0xFE80, 0xFE60, 0xFE80, 0xFEA0, 0xFDC0,
    0x3880, 0x0046, 0x00CD, 0x0131, 0x010F, 0x0023, 0x0045, 0x0065, 0x0045, 0x0045, 0x0044, 0x0044,
    0x0044, 0x0043, 0x0023, 0x0044, 0x0023, 0x0024, 0x0044, 0x0044, 0x0003, 0x0002, 0x0001, 0x0023,
    0x0022, 0x0045, 0x00CD, 0x00C9, 0x00C9, 0x00E9, 0x00E9, 0x00A8, 0x0000, 0x0000, 0x0000, 0x0001,
    0x00E9, 0x00EA, 0x00E9, 0x00EA, 0x00EA, 0x00EA, 0x0109, 0x010A, 0x00C8, 0x0000, 0x0086, 0x00EA,
    0x00C9, 0x00EA, 0x00EA, 0x00EA, 0x00C9, 0x00E9, 0x00EA, 0x00EA, 0x00EA, 0x00E9, 0x00EA, 0x00EA,
    0x00E9, 0x00EA, 0x00EA, 0x00EA, 0x00EA, 0x010A, 0x00EA, 0x0022, 0x0000, 0x0000, 0x0000, 0x0000,
    0x0000, 0x0001, 0x00C9, 0x00E9, 0x00EA, 0x010A, 0x00E9, 0x00E9, 0x00E9, 0x00E9, 0x00E9, 0x00EA,
    0x010A, 0x010A, 0x00EA, 0x010A, 0x00C8, 0x0001, 0x0000, 0x012E, 0x0045, 0xAC86, 0xF5C0, 0xF640,
    0xFE20, 0xCC40, 0xDD80, 0xFEC0, 0xDD60, 0xE580, 0xFE80, 0xF600, 0xB1C0, 0x0002, 0x00EF, 0x0111,
    0x0133, 0x0069, 0x0024, 0x0067, 0x0005, 0x39C6, 0xFF06, 0xF600, 0xF620, 0xF600, 0xF640, 0xFE80,
    0xFEC0, 0xFEC0, 0xFF00, 0xFEE0, 0xFEA0, 0x6140, 0x0002, 0x0089, 0x0089, 0x00AA, 0x00ED, 0x00EA,
    0x010A, 0x012B, 0x012B, 0x010A, 0x0001, 0x0000, 0x0000, 0x0001, 0x010B, 0x010B, 0x010B, 0x010A,
    0x010A, 0x010A, 0x010B, 0x012B, 0x014C, 0x00A7, 0x0000, 0x0000, 0x0000, 0x0000, 0x0000, 0x0000,
    0x0043, 0x010B, 0x012B, 0x012B, 0x010A, 0x010A, 0x010A, 0x010A, 0x010B, 0x012B, 0x010B, 0x0064,
    0x0000, 0x0000, 0x00A7, 0x010B, 0x010A, 0x010B, 0x010B, 0x010B, 0x010A, 0x010A, 0x010A, 0x00EA,
    0x010A, 0x010A, 0x010B, 0x010B, 0x010B, 0x010B, 0x010B, 0x010B, 0x010A, 0x010A, 0x010A, 0x010A,
    0x012B, 0x012B, 0x012B, 0x010B, 0x010B, 0x0044, 0x0000, 0x0000, 0x0000, 0x0000, 0x0000, 0x0000,
    0x0000, 0x0000, 0x0000, 0x0000, 0x0000, 0x0000, 0x0000, 0x0000, 0x0000, 0x0000, 0x0000, 0x0000,
    0x0000, 0x0000, 0x0000, 0x0000, 0x0000, 0x0000, 0x0000, 0x0000, 0x0065, 0x00CF, 0x39A0, 0xF641,
    0xF620, 0xFE80, 0xFE80, 0xFE20, 0xFE80, 0xFE40, 0xFE60, 0xFEA0, 0xFE80, 0xFE60, 0xFF00, 0xBB60,
    0x0000, 0x0002, 0x0005, 0x0006, 0x0049, 0x006A, 0x00AD, 0x00CE, 0x00AD, 0x00AD, 0x008C, 0x008B,
    0x006B, 0x006A, 0x006A, 0x006B, 0x004A, 0x004A, 0x0029, 0x004A, 0x0024, 0x0000, 0x0045, 0x0003,
    0x0002, 0x0005, 0x006B, 0x008B, 0x008B, 0x00AC, 0x008B, 0x00A8, 0x0000, 0x0000, 0x0043, 0x00ED,
    0x008A, 0x008B, 0x006B, 0x008B, 0x008B, 0x00AB, 0x00AB, 0x00CC, 0x00A7, 0x00A9, 0x00EE, 0x006B,
    0x006B, 0x008B, 0x008C, 0x008C, 0x008B, 0x008B, 0x008C, 0x008C, 0x008C, 0x006C, 0x008C, 0x008C,
    0x008B, 0x008C, 0x008C, 0x008C, 0x008B, 0x008B, 0x008A, 0x0002, 0x0000, 0x0000, 0x0000, 0x0000,
    0x0022, 0x0172, 0x00AC, 0x006A, 0x008B, 0x00AB, 0x008B, 0x006B, 0x006A, 0x006B, 0x006B, 0x008B,
    0x008B, 0x008B, 0x006B, 0x00AC, 0x0089, 0x0000, 0x0001, 0x008A, 0x2124, 0xF685, 0xFEA0, 0xFEA0,
    0xFE60, 0xD4C0, 0xFEA0, 0xF620, 0xE580, 0xEDE0, 0xF660, 0xFD80, 0x5040, 0x0046, 0x00F0, 0x00EF,
    0x0154, 0x0068, 0x0000, 0x00CA, 0x0004, 0xAD0B, 0xFF41, 0xFF00, 0xFF00, 0xFEC0, 0xFDA0, 0xFDC0,
    0xED40, 0xDCA0, 0xBBC0, 0x92C0, 0x6980, 0x0000, 0x0024, 0x0002, 0x0004, 0x0025, 0x0048, 0x0089,
    0x00CA, 0x00CA, 0x00AA, 0x00A8, 0x0000, 0x0000, 0x0000, 0x0191, 0x00CB, 0x006A, 0x008A, 0x0069,
    0x0069, 0x0069, 0x008A, 0x008A, 0x00CA, 0x0065, 0x0000, 0x0000, 0x0000, 0x0000, 0x0000, 0x0065,
    0x0151, 0x0069, 0x008A, 0x008A, 0x006A, 0x006A, 0x008A, 0x006A, 0x008A, 0x008A, 0x008A, 0x0043,
    0x0000, 0x00CA, 0x00ED, 0x0069, 0x006A, 0x0069, 0x0069, 0x006A, 0x006A, 0x006A, 0x0049, 0x006A,
    0x0049, 0x006A, 0x006A, 0x006A, 0x006A, 0x006A, 0x006A, 0x006A, 0x006A, 0x006A, 0x004A, 0x004A,
    0x006A, 0x0069, 0x0049, 0x00AA, 0x00EA, 0x0025, 0x0001, 0x0000, 0x0000, 0x0000, 0x0000, 0x0000,
    0x0000, 0x0000, 0x0000, 0x0000, 0x0000, 0x0000, 0x0000, 0x0000, 0x0000, 0x0000, 0x0000, 0x0000,
    0x0000, 0x0000, 0x0000, 0x0000, 0x0000, 0x0000, 0x0000, 0x0000, 0x012E, 0x0006, 0x9C43, 0xFEC0,
    0xFEA0, 0xFE80, 0xFEA0, 0xFE40, 0xFEA0, 0xFE60, 0xFEA0, 0xFEC0, 0xFEA0, 0xFE60, 0xFE60, 0x8AA0,
    0x4205, 0x4A47, 0x4206, 0x41C4, 0x4204, 0x41E5, 0x4A25, 0x41C4, 0x4205, 0x41E5, 0x4A04, 0x4A05,
    0x4A45, 0x4A24, 0x4A04, 0x4A24, 0x4A22, 0x41C2, 0x4A22, 0x49E0, 0x0000, 0x0064, 0x0068, 0x3961,
    0x8B00, 0x8AA0, 0x7A40, 0x8240, 0x7A20, 0x7240, 0x8B00, 0x1020, 0x0089, 0x0000, 0x010C, 0x0066,
    0x6AA3, 0x8B85, 0x8344, 0x8B65, 0x8BA7, 0x9385, 0x8B41, 0x8B65, 0x1000, 0x0026, 0x2921, 0x93C4,
    0x8B40, 0x8AE0, 0x82A0, 0x8AC0, 0x8AE0, 0x8AE0, 0x8AC0, 0x8AE0, 0x8B00, 0x8B20, 0x8B20, 0x8300,
    0x8AE0, 0x8B00, 0x8B20, 0x8320, 0x8B20, 0x93E3, 0x6221, 0x0000, 0x0043, 0x0000, 0x0000, 0x0000,
    0x0130, 0x0025, 0x6283, 0x93E7, 0x8B65, 0x8B44, 0x8B65, 0x93A6, 0x8BA7, 0x8BA7, 0x93E7, 0x8BE7,
    0x8BE7, 0x9407, 0x9407, 0x9426, 0x30E0, 0x0001, 0x0088, 0x0004, 0x83E8, 0xFEE2, 0xEDE0, 0xFE60,
    0xEE00, 0xEDC0, 0xFEC0, 0xFEA0, 0xE560, 0xDD80, 0xEDA0, 0xDBE0, 0x0800, 0x00AB, 0x00EE, 0x010F,
    0x0110, 0x0000, 0x0022, 0x00CD, 0x2943, 0xF605, 0xDCC0, 0xC3E0, 0xA300, 0x7A00, 0x5120, 0x2860,
    0x1000, 0x0000, 0x0000, 0x0000, 0x0000, 0x0024, 0x0001, 0x5246, 0x9346, 0x8AE4, 0xAC07, 0x9303,
    0x92C4, 0x8262, 0xAC03, 0x4900, 0x0048, 0x0043, 0x00A6, 0x00CC, 0x5203, 0xAC87, 0xA405, 0xA427,
    0xA429, 0xAC68, 0xA407, 0xACA9, 0x82A2, 0x0000, 0x014E, 0x0000, 0x0000, 0x0000, 0x0000, 0x0152,
    0x0044, 0x93C9, 0xA448, 0xA427, 0xA427, 0xA425, 0xAC67, 0xA489, 0xA466, 0xACA6, 0x9B84, 0x0800,
    0x0088, 0x00CC, 0x18E3, 0xA46A, 0xA447, 0x9C07, 0x9C06, 0xA427, 0xA447, 0xA427, 0xA406, 0xA426,
    0xA448, 0xA448, 0x9C27, 0x9C27, 0x9C47, 0x9C46, 0xA467, 0xA488, 0xA4A8, 0xA4A8, 0xA4A8, 0xA487,
    0xA487, 0xA4A9, 0xA50B, 0xA385, 0x1000, 0x012D, 0x016F, 0x0000, 0x0000, 0x0000, 0x0000, 0x0000,
    0x0000, 0x0000, 0x0000, 0x0000, 0x0000, 0x0000, 0x0000, 0x0000, 0x0000, 0x0000, 0x0000, 0x0000,
    0x0000, 0x0000, 0x0000, 0x0000, 0x0000, 0x0000, 0x0000, 0x0022, 0x00EF, 0x18C1, 0xF6C5, 0xFE80,
    0xFEC0, 0xF640, 0xFE80, 0xFEC0, 0xFE80, 0xF620, 0xFE80, 0xFEA0, 0xFE20, 0xFE60, 0xFE40, 0xFE40,
    0xFEE2, 0xFEC4, 0xFEA3, 0xFEA3, 0xFEA3, 0xFE83, 0xFE63, 0xFE43, 0xFEE3, 0xFEC3, 0xFEE3, 0xFE83,
    0xFEA3, 0xE562, 0xFEC2, 0xFEA2, 0xFE61, 0xFEA1, 0xFF22, 0xFE01, 0x1800, 0x00CB, 0x0045, 0xC4E8,
    0xFD80, 0xFD41, 0xFCC0, 0xFD40, 0xFD40, 0xFCE0, 0xD3E0, 0x0801, 0x0153, 0x0045, 0x008A, 0x2125,
    0xFE47, 0xFDC0, 0xFDE1, 0xFDC1, 0xFE61, 0xFE01, 0xFE81, 0xD421, 0x0003, 0x0003, 0x9C05, 0xFE41,
    0xFDC0, 0xFDC0, 0xFDC0, 0xFDE0, 0xFDE0, 0xFDE0, 0xFDE0, 0xFE00, 0xFE20, 0xFE40, 0xFE40, 0xFE20,
    0xFE00, 0xFE00, 0xFE00, 0xFE00, 0xFE00, 0xFE81, 0xAB20, 0x0004, 0x00CA, 0x0000, 0x0000, 0x010D,
    0x006D, 0x4A00, 0xFE82, 0xFE21, 0xFE01, 0xFDC1, 0xFDC1, 0xFDE1, 0xFDE2, 0xFE01, 0xFEA1, 0xFE41,
    0xFE81, 0xFEA2, 0xFEC2, 0xFEC2, 0x50E0, 0x008B, 0x00EE, 0x0041, 0xD5C6, 0xFE60, 0xEDE0, 0xFE60,
    0xFE60, 0xFEC0, 0xFEA0, 0xFEC0, 0xBC40, 0xD540, 0xFDA0, 0x8960, 0x0003, 0x00ED, 0x00CD, 0x00EF,
    0x0089, 0x0000, 0x0022, 0x0002, 0x1060, 0x2860, 0x0800, 0x0000, 0x0000, 0x0001, 0x0002, 0x0002,
    0x0002, 0x0002, 0x0002, 0x0022, 0x0002, 0x0025, 0x0022, 0xCD49, 0xFD40, 0xF4E0, 0xFD80, 0xE3E0,
    0xF480, 0xFD20, 0xFC00, 0x3060, 0x00F1, 0x00A9, 0x0043, 0x0045, 0xCD48, 0xFE20, 0xFDE1, 0xFDE1,
    0xFDE1, 0xFE01, 0xFDC1, 0xFD41, 0x7160, 0x0026, 0x01FB, 0x0043, 0x0000, 0x0000, 0x010E, 0x0028,
    0x7B47, 0xFEC5, 0xFDE0, 0xFE21, 0xFE00, 0xFE00, 0xFE40, 0xFE61, 0xFE41, 0xFEC1, 0xE3E0, 0x0801,
    0x0153, 0x006C, 0x4226, 0xFEE6, 0xFE40, 0xFE41, 0xFE41, 0xFE61, 0xFE61, 0xFE61, 0xFE41, 0xFE21,
    0xFE81, 0xFEA1, 0xFE81, 0xFEA1, 0xFEA1, 0xFEC1, 0xFEC1, 0xFEE1, 0xFF01, 0xFF21, 0xFF41, 0xFF41,
    0xFF41, 0xFF82, 0xFF64, 0x89E1, 0x0023, 0x0177, 0x0219, 0x0000, 0x0000, 0x0000, 0x0000, 0x0000,
    0x0000, 0x0000, 0x0000, 0x0000, 0x0000, 0x0000, 0x0000, 0x0000, 0x0000, 0x0000, 0x0000, 0x0000,
    0x0000, 0x0000, 0x0000, 0x0000, 0x0000, 0x0000, 0x0000, 0x00EB, 0x0028, 0x7B86, 0xFF63, 0xF640,
    0xFE60, 0xFEA0, 0xFEC0, 0xFE80, 0xFE60, 0xFE60, 0xFEA0, 0xF600, 0xF5C0, 0xFEA0, 0xFEA0, 0xFE80,
    0xFE40, 0xFE40, 0xFE40, 0xFE60, 0xFE40, 0xFE60, 0xF640, 0xFE60, 0xFE60, 0xFE60, 0xFE60, 0xFE60,
    0xF640, 0xDD20, 0xFE20, 0xFE40, 0xEDA0, 0xF620, 0xFEA0, 0xB300, 0x0002, 0x0027, 0x2941, 0xF523,
    0xF4C0, 0xF4C0, 0xE440, 0xECA0, 0xF4C0, 0xFCA0, 0x50C0, 0x0004, 0x00F0, 0x0088, 0x0001, 0x8386,
    0xFE01, 0xF560, 0xF540, 0xF560, 0xFDC0, 0xF5A0, 0xFD60, 0x58E0, 0x0005, 0x18E4, 0xE583, 0xF540,
    0xFD80, 0xF560, 0xFDA0, 0xFD80, 0xFD80, 0xFD80, 0xFDA0, 0xFDC0, 0xFDC0, 0xFDC0, 0xFDE0, 0xFDE0,
    0xFDE0, 0xFDC0, 0xFDC0, 0xFDA0, 0xFDA0, 0xFD80, 0x40C0, 0x006A, 0x010F, 0x0000, 0x0066, 0x00D0,
    0x20C0, 0xF622, 0xF560, 0xF560, 0xF580, 0xFD80, 0xFD60, 0xFD80, 0xDCA0, 0xF5A0, 0xFDE0, 0xFDC0,
    0xFDA0, 0xF580, 0xFE00, 0xDC20, 0x0800, 0x0110, 0x0028, 0x41C4, 0xFE83, 0xFE80, 0xFE40, 0xFEA0,
    0xFE40, 0xFEA0, 0xF620, 0xEDA0, 0xF640, 0xEDA0, 0xFCE0, 0x3000, 0x0047, 0x00CC, 0x00CC, 0x00EE,
    0x0023, 0x0000, 0x0000, 0x0000, 0x0002, 0x0004, 0x0024, 0x0044, 0x0024, 0x0023, 0x0024, 0x0024,
    0x0023, 0x0003, 0x0002, 0x0002, 0x0024, 0x0003, 0x3184, 0xDC83, 0xCBE0, 0xE4A0, 0xD3C0, 0xD3C0,
    0xE4E0, 0xEC20, 0x8920, 0x0001, 0x00CE, 0x00ED, 0x0000, 0x31A5, 0xFE24, 0xFDA0, 0xFDC0, 0xFDA0,
    0xFDA0, 0xFD80, 0xED80, 0xD360, 0x1000, 0x008A, 0x0113, 0x00A9, 0x0000, 0x0087, 0x00EF, 0x2965,
    0xFE68, 0xFDA0, 0xFDC0, 0xFDC0, 0xFDC0, 0xFDC0, 0xFDC0, 0xFDC0, 0xF5A0, 0xFE40, 0xC300, 0x0002,
    0x0130, 0x0006, 0x62E6, 0xFEC3, 0xF5E0, 0xFDE0, 0xFE00, 0xFDE0, 0xFDE0, 0xFE20, 0xF5A0, 0xDCC0,
    0xF5E0, 0xFE00, 0xFE00, 0xFE20, 0xFE20, 0xFE20, 0xFE20, 0xFE20, 0xFE20, 0xFE20, 0xFE40, 0xFE60,
    0xF640, 0xFEE0, 0xB280, 0x0000, 0x00AB, 0x00F1, 0x01FC, 0x00A9, 0x0000, 0x0000, 0x0000, 0x0000,
    0x0000, 0x0000, 0x0000, 0x0000, 0x0000, 0x0000, 0x0000, 0x0000, 0x0000, 0x0000, 0x0000, 0x0000,
    0x0000, 0x0000, 0x0000, 0x0000, 0x0000, 0x0000, 0x0000, 0x0131, 0x0863, 0xDE46, 0xFEE0, 0xF640,
    0xF620, 0xFEC0, 0xFEC0, 0xFE80, 0xF600, 0xF5C0, 0xFE20, 0xFEC0, 0xFEA0, 0xFEC0, 0xFEA0, 0xFE80,
    0xFE80, 0xFE80, 0xFE80, 0xFE80, 0xFE80, 0xFEA0, 0xFEA0, 0xFE80, 0xFE80, 0xFE80, 0xFE80, 0xFE80,
    0xFEA0, 0xFE60, 0xF5C0, 0xF640, 0xF620, 0xEDE0, 0xFDE0, 0x5060, 0x0067, 0x0004, 0x9404, 0xFDE0,
    0xF560, 0xD460, 0xECE0, 0xF4E0, 0xFD40, 0xDB60, 0x0800, 0x0068, 0x00AC, 0x0068, 0x0021, 0xD523,
    0xFDC0, 0xFDE0, 0xFDE0, 0xFE00, 0xFE20, 0xFE60, 0xE480, 0x0801, 0x0004, 0x7347, 0xFE82, 0xFDC0,
    0xED60, 0xED80, 0xFE00, 0xFDE0, 0xFE00, 0xFE00, 0xFE00, 0xFE00, 0xFE20, 0xFE20, 0xFE20, 0xFE20,
    0xFE20, 0xFE20, 0xFE20, 0xFE00, 0xFE80, 0xCC20, 0x0000, 0x00AB, 0x00CD, 0x0044, 0x0131, 0x0001,
    0xC500, 0xFDA0, 0xCC40, 0xFE40, 0xF5E0, 0xFE00, 0xFDE0, 0xFDA0, 0xED60, 0xF600, 0xFDE0, 0xF5A0,
    0xFDC0, 0xFDC0, 0xFE40, 0x81E0, 0x0002, 0x00CB, 0x0002, 0xA487, 0xFEA0, 0xF620, 0xEDC0, 0xF620,
    0xFE60, 0xFEC0, 0xF600, 0xEDC0, 0xDCE0, 0xF560, 0xBA40, 0x0001, 0x00AB, 0x00AB, 0x00CD, 0x00AB,
    0x0000, 0x0000, 0x0000, 0x0000, 0x0047, 0x0046, 0x0025, 0x0025, 0x0025, 0x0024, 0x0024, 0x0003,
    0x0023, 0x0023, 0x0023, 0x0002, 0x0023, 0x0001, 0x93C6, 0xFDE1, 0xE4A0, 0xD420, 0xC380, 0xD440,
    0xD480, 0xEC20, 0x4060, 0x0025, 0x00AB, 0x00CC, 0x0002, 0x8BC6, 0xFE20, 0xF580, 0xFDE0, 0xFDE0,
    0xFDC0, 0xFDE0, 0xFE60, 0x9A60, 0x0002, 0x00AC, 0x00CD, 0x00AB, 0x0000, 0x014F, 0x0023, 0xCD68,
    0xFE00, 0xFE00, 0xFE20, 0xFE20, 0xFE60, 0xFE40, 0xF5C0, 0xFDE0, 0xFDE0, 0xFE80, 0xBAE0, 0x0002,
    0x0088, 0x0001, 0x8C05, 0xFF01, 0xFE40, 0xFE40, 0xFE40, 0xFE40, 0xFE40, 0xFE40, 0xE540, 0xFE20,
    0xFE40, 0xFE40, 0xFE60, 0xFE60, 0xF5E0, 0xFE40, 0xFE60, 0xFE60, 0xFE60, 0xFE60, 0xFE60, 0xFE40,
    0xFEE0, 0xF4C1, 0x1800, 0x0045, 0x008A, 0x00AC, 0x0176, 0x0154, 0x0000, 0x0000, 0x0000, 0x0000,
    0x0000, 0x0000, 0x0000, 0x0000, 0x0000, 0x0000, 0x0000, 0x0000, 0x0000, 0x0000, 0x0000, 0x0000,
    0x0000, 0x0000, 0x0000, 0x0000, 0x0000, 0x0000, 0x00C8, 0x008C, 0x5A82, 0xFF62, 0xFE60, 0xFE80,
    0xFE60, 0xFEC0, 0xFEC0, 0xF620, 0xF600, 0xEDC0, 0xFE80, 0xFF00, 0xFF00, 0xF640, 0xEDC0, 0xFEC0,
    0xFEA0, 0xFEA0, 0xFEA0, 0xFEA0, 0xFEA0, 0xFEC0, 0xFEC0, 0xFEA0, 0xFEA0, 0xFEC0, 0xFEC0, 0xFEC0,
    0xFEC0, 0xFEA0, 0xF660, 0xED80, 0xED60, 0xFE80, 0xDC20, 0x0800, 0x0046, 0x10C2, 0xEE84, 0xFEC0,
    0xF5E0, 0xD440, 0xF5E0, 0xED60, 0xFDE0, 0x81C0, 0x0002, 0x0067, 0x0089, 0x0004, 0x39A0, 0xF5E1,
    0xF5E0, 0xF5C0, 0xF580, 0xFE80, 0xFE80, 0xFEC0, 0x92A0, 0x0003, 0x0023, 0xC4E5, 0xFE40, 0xFE60,
    0xE560, 0xDD20, 0xFE60, 0xFE60, 0xFE40, 0xFE40, 0xFE40, 0xFE40, 0xFE60, 0xFE60, 0xFE60, 0xFE60,
    0xFE60, 0xFE60, 0xFE60, 0xFE60, 0xFEC0, 0x69E0, 0x0003, 0x00AA, 0x0047, 0x0131, 0x0006, 0x8BA0,
    0xFEE1, 0xDD20, 0xE560, 0xFE60, 0xFE60, 0xFE60, 0xFE20, 0xF620, 0xFEA0, 0xF620, 0xEDA0, 0xD480,
    0xED60, 0xFE00, 0xFD21, 0x3040, 0x0046, 0x0025, 0x10C2, 0xEE86, 0xFE80, 0xE540, 0xE560, 0xFE60,
    0xFEA0, 0xFE40, 0xFEA0, 0xF640, 0xE560, 0xF560, 0x58A0, 0x0004, 0x00AC, 0x00AB, 0x00CD, 0x0045,
    0x0000, 0x0000, 0x0000, 0x0000, 0x0045, 0x0068, 0x0046, 0x0046, 0x0046, 0x0046, 0x0045, 0x0025,
    0x0024, 0x0024, 0x0024, 0x0023, 0x0025, 0x0863, 0xDDA7, 0xFE80, 0xF5A0, 0xA2A0, 0xAB00, 0xDCE0,
    0xF540, 0xCAA0, 0x0800, 0x0046, 0x0068, 0x0046, 0x08A3, 0xCCA7, 0xF5E0, 0xEDC0, 0xE520, 0xF5C0,
    0xFE20, 0xFE40, 0xFD80, 0x3840, 0x0025, 0x0089, 0x00AB, 0x0024, 0x012D, 0x0027, 0x7B64, 0xFEC1,
    0xFE00, 0xFE80, 0xFE80, 0xFE80, 0xFEA0, 0xFE80, 0xFE40, 0xFE60, 0xFE60, 0xFE40, 0x9200, 0x0002,
    0x0067, 0x0001, 0xACE6, 0xFEE0, 0xFE60, 0xFE80, 0xFE80, 0xFE80, 0xFEA0, 0xFE40, 0xD500, 0xF640,
    0xFE60, 0xFE60, 0xFEC0, 0xFEA0, 0xF660, 0xFE80, 0xFE80, 0xFE60, 0xFE60, 0xFE80, 0xFE80, 0xFEA0,
    0xFE20, 0x58E0, 0x0003, 0x0068, 0x0068, 0x00AB, 0x0111, 0x0089, 0x0000, 0x0000, 0x0000, 0x0000,
    0x0000, 0x0000, 0x0000, 0x0000, 0x0000, 0x0000, 0x0000, 0x0000, 0x0000, 0x0000, 0x0000, 0x0000,
    0x0000, 0x0000, 0x0000, 0x0000, 0x0000, 0x0000, 0x014F, 0x0004, 0xBD44, 0xFEE0, 0xF660, 0xFEE0,
    0xFEC0, 0xF600, 0xFE80, 0xFE60, 0xFE80, 0xFEA0, 0xFEA0, 0xFE80, 0xFEC0, 0xFE80, 0xF660, 0xFEA0,
    0xFEA0, 0xFEA0, 0xFEA0, 0xFEA0, 0xFEC0, 0xFEC0, 0xFEC0, 0xFEC0, 0xFEC0, 0xFEC0, 0xFEC0, 0xFEC0,
    0xFEC0, 0xF660, 0xFEC0, 0xFEC0, 0xEDE0, 0xFEE0, 0x89C0, 0x0003, 0x0003, 0x6B03, 0xFF21, 0xFE60,
    0xFE80, 0xEDE0, 0xF640, 0xF5E0, 0xF540, 0x2020, 0x0025, 0x0047, 0x0066, 0x0001, 0xA465, 0xFEE0,
    0xFE80, 0xFE40, 0xF5C0, 0xFEA0, 0xFE60, 0xF5E0, 0x28A0, 0x0006, 0x31C3, 0xF662, 0xF5C0, 0xF600,
    0xED80, 0xFE40, 0xF5E0, 0xFE40, 0xEDC0, 0xFE60, 0xFE80, 0xFE60, 0xFE80, 0xFE80, 0xFE60, 0xFE80,
    0xFE80, 0xFE80, 0xFE60, 0xFEA0, 0xED60, 0x1020, 0x0068, 0x0069, 0x0110, 0x004A, 0x49E0, 0xFE80,
    0xDD60, 0xF660, 0xF620, 0xFE60, 0xFE60, 0xFE80, 0xFE80, 0xFEA0, 0xFEC0, 0xFEC0, 0xFEA0, 0xFE80,
    0xFE60, 0xFEE0, 0xB360, 0x0001, 0x00AA, 0x0003, 0x62E5, 0xFE21, 0xEDE0, 0xFE60, 0xE5A0, 0xE5C0,
    0xFEC0, 0xF620, 0xFEC0, 0xF600, 0xF620, 0xCAE0, 0x0800, 0x0068, 0x00AB, 0x00AB, 0x008A, 0x0000,
    0x0000, 0x0000, 0x0000, 0x0000, 0x0001, 0x0089, 0x0089, 0x0068, 0x0067, 0x0046, 0x0045, 0x0024,
    0x0022, 0x0001, 0x0000, 0x0044, 0x0028, 0x5286, 0xF603, 0xEDA0, 0xED20, 0xC3C0, 0xDD40, 0xF620,
    0xFDC0, 0x7060, 0x0002, 0x0046, 0x0066, 0x0001, 0x52A7, 0xFE04, 0xF640, 0xFE80, 0xE580, 0xF620,
    0xFE60, 0xFF00, 0xCBE0, 0x0000, 0x0068, 0x0068, 0x0046, 0x00CA, 0x00EF, 0x28E0, 0xDD62, 0xEDA0,
    0xFE80, 0xFE80, 0xFE80, 0xFE80, 0xFEA0, 0xFEA0, 0xFEA0, 0xFEA0, 0xFE80, 0xFE60, 0x79A0, 0x0002,
    0x0047, 0x0021, 0xCDE5, 0xFEE0, 0xFEA0, 0xFEA0, 0xFE60, 0xFE80, 0xFEA0, 0xFE80, 0xFE60, 0xFEA0,
    0xE580, 0xFE60, 0xFEC0, 0xFEA0, 0xFEA0, 0xFEA0, 0xFEA0, 0xFEA0, 0xFEA0, 0xFEA0, 0xFEA0, 0xFEE0,
    0x9A00, 0x0000, 0x0088, 0x0048, 0x0047, 0x00AB, 0x0088, 0x0000, 0x0000, 0x0000, 0x0000, 0x0000,
    0x0000, 0x0000, 0x0000, 0x0000, 0x0000, 0x0000, 0x0000, 0x0000, 0x0000, 0x0000, 0x0000, 0x0000,
    0x0000, 0x0000, 0x0000, 0x0000, 0x0000, 0x0064, 0x00CE, 0x3161, 0xFEE5, 0xFE60, 0xFEC0, 0xFEC0,
    0xFE80, 0xF5E0, 0xFEC0, 0xFE80, 0xF640, 0xFE80, 0xF660, 0xFE80, 0xEE00, 0xF640, 0xFEE0, 0xFEA0,
    0xFEA0, 0xFEA0, 0xFEA0, 0xFEC0, 0xFEC0, 0xFEC0, 0xFEC0, 0xFEC0, 0xFEC0, 0xFEC0, 0xFEC0, 0xFEE0,
    0xFEA0, 0xF620, 0xFEC0, 0xFEC0, 0xFEE0, 0xF560, 0x2020, 0x0046, 0x0002, 0xC564, 0xFEE0, 0xFEA0,
    0xFE80, 0xFEE0, 0xFEA0, 0xFEC0, 0xB3A0, 0x0000, 0x0046, 0x0047, 0x0004, 0x18C2, 0xF685, 0xFEC0,
    0xFE80, 0xFE60, 0xFEA0, 0xFEA0, 0xFF00, 0xB3E0, 0x0003, 0x0004, 0x9C67, 0xFF01, 0xFE60, 0xF600,
    0xED80, 0xF620, 0xDD00, 0xF5E0, 0xFDE0, 0xFEC0, 0xFE80, 0xFE60, 0xFE60, 0xFE80, 0xFE80, 0xFE80,
    0xFE80, 0xFE80, 0xFE60, 0xFF00, 0x9300, 0x0002, 0x008A, 0x00CC, 0x00AE, 0x1880, 0xEE60, 0xF600,
    0xEDE0, 0xD520, 0xEE00, 0xFEC0, 0xFE80, 0xFEC0, 0xFEA0, 0xFEA0, 0xFEC0, 0xFEA0, 0xFEC0, 0xFEC0,
    0xFEC0, 0xFEE1, 0x5960, 0x0004, 0x0089, 0x0022, 0xCDC8, 0xFE80, 0xEDE0, 0xFEA0, 0xDD40, 0xEE20,
    0xFEA0, 0xFF20, 0xF640, 0xE500, 0xFE60, 0xA240, 0x0001, 0x00AA, 0x008A, 0x00AC, 0x0066, 0x0000,
    0x0000, 0x0000, 0x0000, 0x0000, 0x0000, 0x0045, 0x0045, 0x0023, 0x0001, 0x0000, 0x0000, 0x0000,
    0x0000, 0x0000, 0x0000, 0x00CA, 0x0026, 0xB4E6, 0xFE20, 0xDD40, 0xDCE0, 0xED60, 0xFE60, 0xE540,
    0xF4E0, 0x2820, 0x0002, 0x0024, 0x0024, 0x0001, 0xB509, 0xFF00, 0xFE80, 0xFE60, 0xFE40, 0xFEA0,
    0xFE80, 0xFEA0, 0x6940, 0x0003, 0x0089, 0x0068, 0x0047, 0x010E, 0x0822, 0xCD63, 0xBBC0, 0xDD00,
    0xFEA0, 0xFE60, 0xFEA0, 0xFEA0, 0xFEA0, 0xFEA0, 0xFEA0, 0xFE80, 0xFE80, 0xFEC0, 0x7140, 0x0002,
    0x0004, 0x18C1, 0xFEC4, 0xFEC0, 0xFEA0, 0xFEC0, 0xFE80, 0xFE40, 0xFE80, 0xFEA0, 0xFEA0, 0xFEC0,
    0xDD40, 0xFE80, 0xFEC0, 0xFEC0, 0xFEC0, 0xFEA0, 0xFEA0, 0xFEA0, 0xFEC0, 0xFEA0, 0xFF00, 0xD400,
    0x0800, 0x0089, 0x008B, 0x0069, 0x0068, 0x0047, 0x0000, 0x0000, 0x0000, 0x0000, 0x0000, 0x0000,
    0x0000, 0x0000, 0x0000, 0x0000, 0x0000, 0x0000, 0x0000, 0x0000, 0x0000, 0x0000, 0x0000, 0x0000,
    0x0000, 0x0000, 0x0000, 0x0000, 0x0000, 0x012D, 0x0006, 0x9C89, 0xFF02, 0xFEE0, 0xFE80, 0xF6A0,
    0xF660, 0xFEA0, 0xFE80, 0xEDE0, 0xF660, 0xFEC0, 0xFE80, 0xFEC0, 0xEE20, 0xF640, 0xFEC0, 0xFEC0,
    0xFEC0, 0xFEC0, 0xFEC0, 0xFEC0, 0xFEC0, 0xFEE0, 0xFEE0, 0xFEE0, 0xFEE0, 0xFEE0, 0xFEE0, 0xFEE0,
    0xFEE0, 0xFEC0, 0xFEC0, 0xFEA0, 0xFF20, 0xAAC0, 0x0002, 0x0004, 0x39E6, 0xFF25, 0xFE80, 0xFEC0,
    0xFEC0, 0xFEC0, 0xFEC0, 0xFE60, 0x4100, 0x0003, 0x0045, 0x0045, 0x0001, 0x6B46, 0xFF21, 0xFE80,
    0xFEC0, 0xFEA0, 0xFEA0, 0xFE80, 0xFF00, 0x61A0, 0x0003, 0x10A3, 0xEE85, 0xFEE0, 0xFEC0, 0xEDA0,
    0xF620, 0xF640, 0xED60, 0x9B00, 0x3900, 0x4960, 0x4120, 0x38E0, 0xA422, 0xFF01, 0xFE80, 0xFEA0,
    0xFEA0, 0xFEA0, 0xFEC0, 0xFE40, 0x28A0, 0x0005, 0x0089, 0x008A, 0x0001, 0xBD00, 0xFEC0, 0xF640,
    0xD520, 0xCCE0, 0xFEC0, 0xFEA0, 0xFEC0, 0xFEE0, 0xFEA0, 0xFEA0, 0xFEC0, 0xFEC0, 0xFEC0, 0xFEA0,
    0xFF00, 0xED40, 0x1000, 0x00AA, 0x0006, 0x3182, 0xFF43, 0xFEE0, 0xF660, 0xF620, 0xEDE0, 0xFEE0,
    0xFEC0, 0xFEE0, 0xF620, 0xF680, 0xFD20, 0x4040, 0x0025, 0x008A, 0x008A, 0x00AB, 0x0002, 0x0000,
    0x0000, 0x0000, 0x0000, 0x0000, 0x0000, 0x0000, 0x0000, 0x0000, 0x0000, 0x0000, 0x0000, 0x0000,
    0x0000, 0x0000, 0x0022, 0x00EE, 0x2163, 0xDDA4, 0xF600, 0xF640, 0xE540, 0xF640, 0xFEC0, 0xED40,
    0xAA40, 0x0000, 0x0023, 0x0023, 0x0001, 0x2945, 0xF6E6, 0xFE80, 0xFEA0, 0xFE80, 0xFEC0, 0xFEA0,
    0xFEE0, 0xED20, 0x1000, 0x0045, 0x0068, 0x0047, 0x0130, 0x0005, 0x7B42, 0xFF01, 0xEDC0, 0xFE80,
    0xFE80, 0xFEC0, 0xFEC0, 0xFEC0, 0xFEC0, 0xFEC0, 0xFEC0, 0xFEA0, 0xFEA0, 0xFEA0, 0x5900, 0x0003,
    0x0003, 0x0840, 0x4140, 0x4100, 0x4120, 0x4940, 0x4900, 0x38C0, 0xAC87, 0xFF00, 0xFEA0, 0xFEA0,
    0xF620, 0xFEC0, 0xFEA0, 0xFF20, 0xCC00, 0x40E0, 0x4900, 0x4100, 0x4100, 0x4100, 0x5120, 0x2020,
    0x0068, 0x00EF, 0x00AC, 0x00AB, 0x0069, 0x0001, 0x0000, 0x0000, 0x0000, 0x0000, 0x0000, 0x0000,
    0x0000, 0x0000, 0x0000, 0x0000, 0x0000, 0x0000, 0x0000, 0x0000, 0x0000, 0x0000, 0x0000, 0x0000,
    0x0000, 0x0000, 0x0000, 0x0000, 0x0021, 0x00EE, 0x2122, 0xF6E7, 0xFE00, 0xFE00, 0xFDE0, 0xFE40,
    0xFE40, 0xFEC0, 0xED80, 0xFE40, 0xFF00, 0xFEA0, 0xFEA0, 0xFEA0, 0xFEA0, 0xFEE0, 0xF620, 0xFE80,
    0xFEA0, 0xFEC0, 0xFEC0, 0xFEA0, 0xFE80, 0xFEA0, 0xFEA0, 0xFEA0, 0xFEA0, 0xFEA0, 0xFEA0, 0xFEA0,
    0xFEA0, 0xFEA0, 0xFEA0, 0xFEA0, 0xFE60, 0x4880, 0x0003, 0x0001, 0xA4A5, 0xFF21, 0xFE80, 0xFE80,
    0xFE80, 0xFE80, 0xFEC0, 0xD480, 0x0000, 0x0023, 0x0025, 0x0004, 0x0020, 0xD5C3, 0xFEC0, 0xFE80,
    0xFE80, 0xFEA0, 0xFE80, 0xFEA0, 0xED00, 0x1001, 0x0004, 0x62C2, 0xFEE1, 0xFE60, 0xFE80, 0xFE40,
    0xFE60, 0xFE60, 0xFD80, 0x2040, 0x0002, 0x0001, 0x0001, 0x0021, 0xD583, 0xFEA0, 0xFE40, 0xFE40,
    0xFE60, 0xFE40, 0xFEA0, 0xBBC0, 0x0000, 0x0046, 0x0067, 0x0001, 0x8340, 0xFEE0, 0xFE20, 0xFE40,
    0xDD00, 0xFE60, 0xFE80, 0xFE60, 0xFE80, 0xB480, 0xF6A0, 0xFE80, 0xFE80, 0xFE80, 0xFEA0, 0xFE80,
    0xFF00, 0x9260, 0x0003, 0x00ED, 0x0003, 0x8BC3, 0xFF00, 0xF640, 0xF600, 0xFE20, 0xFE60, 0xFE80,
    0xFEE0, 0xF5C0, 0xD480, 0xFE40, 0xC320, 0x0000, 0x0088, 0x0089, 0x008A, 0x0088, 0x0000, 0x0000,
    0x0000, 0x0000, 0x0000, 0x0000, 0x0000, 0x0000, 0x0000, 0x0000, 0x0000, 0x0000, 0x0000, 0x0000,
    0x0000, 0x0000, 0x00C8, 0x004A, 0x8381, 0xFDE0, 0xF600, 0xFDA0, 0xF560, 0xFE60, 0xFE60, 0xFD60,
    0x58C0, 0x0002, 0x0824, 0x0843, 0x0000, 0x7B86, 0xFEA1, 0xFE60, 0xF620, 0xF5E0, 0xFE80, 0xFE60,
    0xFE80, 0x9240, 0x0001, 0x0067, 0x0025, 0x00CC, 0x008C, 0x41C0, 0xF622, 0xEDA0, 0xDD20, 0xFE40,
    0xFE40, 0xFE40, 0xFE40, 0xFE60, 0xFE80, 0xFE80, 0xFE80, 0xFE80, 0xFE80, 0xFDE0, 0x4080, 0x0004,
    0x0025, 0x0002, 0x0001, 0x0001, 0x0001, 0x0001, 0x0000, 0x0022, 0xDE29, 0xFEC0, 0xFE80, 0xFE60,
    0xFE80, 0xFEA0, 0xFE80, 0xFEA0, 0x6120, 0x0003, 0x0002, 0x0001, 0x0001, 0x0002, 0x0001, 0x0024,
    0x00F0, 0x00EF, 0x00EE, 0x00CE, 0x0024, 0x0000, 0x0000, 0x0000, 0x0000, 0x0000, 0x0000, 0x0000,
    0x0000, 0x0000, 0x0000, 0x0000, 0x0000, 0x0000, 0x0000, 0x0000, 0x0000, 0x0000, 0x0000, 0x0000,
    0x0000, 0x0000, 0x0000, 0x0000, 0x0023, 0x0004, 0x5A60, 0xF4C0, 0xE300, 0xE2C0, 0xF3E0, 0xE361,
    0xE3A0, 0xEBE0, 0xDB00, 0xEC80, 0xEC40, 0xE3E0, 0xEC80, 0xEBC0, 0xE340, 0xE360, 0xDB60, 0xEC00,
    0xEC00, 0xEC40, 0xEC40, 0xEC60, 0xF5A1, 0xFDE0, 0xFDC0, 0xFE00, 0xFDE0, 0xFDC0, 0xFE00, 0xFE00,
    0xFDE0, 0xFE00, 0xFDE0, 0xFE20, 0xD400, 0x0800, 0x0004, 0x18C1, 0xF602, 0xFDE0, 0xFDE0, 0xFDA0,
    0xFDC0, 0xFDC0, 0xFE20, 0x71E0, 0x0001, 0x0024, 0x0024, 0x0002, 0x41E0, 0xFE40, 0xFDC0, 0xFE00,
    0xFDE0, 0xFDE0, 0xFDC0, 0xFDE0, 0x8A00, 0x0002, 0x0021, 0xC520, 0xFE20, 0xFDE0, 0xFDC0, 0xFDE0,
    0xFDC0, 0xFDC0, 0xB300, 0x0005, 0x08ED, 0x0822, 0x0001, 0x5262, 0xFDE1, 0xFD40, 0xFD60, 0xFD20,
    0xFD60, 0xFD40, 0xFD60, 0x5920, 0x0001, 0x0045, 0x0001, 0x3980, 0xFDC0, 0xFD60, 0xFD60, 0xE4E0,
    0xFD80, 0xFD80, 0xF560, 0xFE20, 0x92A0, 0x8360, 0xFE80, 0xF580, 0xFDC0, 0xFDE0, 0xFDE0, 0xFE00,
    0xFD60, 0x3040, 0x0047, 0x008B, 0x0883, 0xE586, 0xFDA0, 0xF560, 0xFD40, 0xFD80, 0xFDC0, 0xFDE0,
    0xFE20, 0xF500, 0xE4C0, 0xFD60, 0x6900, 0x0003, 0x0089, 0x0068, 0x008A, 0x0044, 0x0000, 0x0000,
    0x0000, 0x0000, 0x0000, 0x0000, 0x0000, 0x0000, 0x0000, 0x0000, 0x0000, 0x0000, 0x0000, 0x0000,
    0x0000, 0x0000, 0x00ED, 0x0064, 0xDCC3, 0xFD00, 0xFD40, 0xF4A0, 0xF520, 0xFD40, 0xFD80, 0xCB00,
    0x0000, 0x0001, 0x0003, 0x0005, 0x0003, 0xD528, 0xFD40, 0xFD80, 0xF520, 0xF4E0, 0xFD40, 0xFD40,
    0xFD00, 0x4060, 0x0003, 0x0046, 0x0046, 0x008A, 0x0020, 0xB380, 0xD380, 0x89C0, 0xDC60, 0xECC0,
    0xECA0, 0xFCC0, 0xA344, 0xF4C3, 0xFD40, 0xFD40, 0xF500, 0xFD00, 0xFD00, 0xFC00, 0x3000, 0x0004,
    0x0024, 0x0003, 0x0023, 0x0003, 0x0002, 0x0022, 0x0000, 0x62C5, 0xFE82, 0xFDC0, 0xFE00, 0xFD80,
    0xFDE0, 0xFDE0, 0xFE20, 0xEC60, 0x1000, 0x00CD, 0x0046, 0x0002, 0x0003, 0x0023, 0x0024, 0x0004,
    0x00CE, 0x0111, 0x0112, 0x0089, 0x0000, 0x0000, 0x0000, 0x0000, 0x0000, 0x0000, 0x0000, 0x0000,
    0x0000, 0x0000, 0x0000, 0x0000, 0x0000, 0x0000, 0x0000, 0x0000, 0x0000, 0x0000, 0x0000, 0x0000,
    0x0000, 0x0000, 0x0000, 0x0000, 0x0000, 0x0000, 0x0000, 0x1020, 0x1020, 0x1000, 0x1000, 0x1000,
    0x1000, 0x1000, 0x1000, 0x1000, 0x1000, 0x1000, 0x1000, 0x1000, 0x0800, 0x0800, 0x1000, 0x1000,
    0x1000, 0x1000, 0x1000, 0x1841, 0xDDC4, 0xFE20, 0xFE00, 0xFE20, 0xFE00, 0xFE20, 0xFE00, 0xFE20,
    0xFE20, 0xFE20, 0xFE00, 0xFE40, 0x7180, 0x0003, 0x0002, 0x6B22, 0xFE81, 0xFDC0, 0xFE00, 0xFE00,
    0xFDE0, 0xFE20, 0xF540, 0x1820, 0x0003, 0x0024, 0x0023, 0x0000, 0xA460, 0xFE60, 0xFE00, 0xFE20,
    0xFE20, 0xFE20, 0xFE20, 0xFD60, 0x2860, 0x0001, 0x31A0, 0xFE80, 0xFDE0, 0xFE00, 0xFDE0, 0xFDE0,
    0xFDE0, 0xFDE0, 0x40E0, 0x0003, 0x0007, 0x0000, 0x0000, 0xB482, 0xFDA0, 0xFD60, 0xFD80, 0xFD60,
    0xFD60, 0xFDA0, 0xE440, 0x0800, 0x0024, 0x0003, 0x10A0, 0xE560, 0xFDC0, 0xF560, 0xD420, 0xF580,
    0xFDC0, 0xFDA0, 0xF5C0, 0xE440, 0x1020, 0xD5A0, 0xFE40, 0xFE20, 0xFE40, 0xFE00, 0xFDE0, 0xFE60,
    0xC360, 0x0001, 0x00CC, 0x0006, 0x5A86, 0xFE42, 0xF580, 0xFDE0, 0xFDA0, 0xFE00, 0xFDE0, 0xFE00,
    0xFDC0, 0xFD80, 0xFDA0, 0xF480, 0x2000, 0x0025, 0x0067, 0x0068, 0x0068, 0x0000, 0x0000, 0x0000,
    0x0000, 0x0000, 0x0000, 0x0000, 0x0000, 0x0000, 0x0000, 0x0000, 0x0000, 0x0000, 0x0000, 0x0000,
    0x0000, 0x0043, 0x008C, 0x41E5, 0xFD64, 0xF500, 0xFD60, 0xF500, 0xFDC0, 0xFD80, 0xFDA0, 0xAAC0,
    0x41A0, 0x5A00, 0x6260, 0x5A20, 0x7B01, 0xFDA2, 0xFD80, 0xFD80, 0xFD80, 0xFDA0, 0xFD60, 0xFDE0,
    0xCB40, 0x0000, 0x0045, 0x0024, 0x0066, 0x0001, 0x8B60, 0xF520, 0xDC60, 0xC380, 0xFDA0, 0xE4C0,
    0xFD00, 0xB320, 0x5267, 0xFDE3, 0xFCE0, 0xFD40, 0xFD40, 0xFCC0, 0xFD00, 0xF3E0, 0x2000, 0x0024,
    0x0024, 0x0001, 0x0003, 0x0003, 0x0003, 0x0002, 0x0001, 0xC547, 0xFE20, 0xFE20, 0xFE20, 0xFE20,
    0xFE20, 0xFDE0, 0xFE60, 0x9A20, 0x0003, 0x0132, 0x00AC, 0x0002, 0x0003, 0x0003, 0x0024, 0x0024,
    0x00AC, 0x0154, 0x00EF, 0x0000, 0x0000, 0x0000, 0x0000, 0x0000, 0x0000, 0x0000, 0x0000, 0x0000,
    0x0000, 0x0000, 0x0000, 0x0000, 0x0000, 0x0000, 0x0000, 0x0000, 0x0000, 0x0000, 0x0000, 0x0000,
    0x0000, 0x0000, 0x0000, 0x0000, 0x0000, 0x0023, 0x00CE, 0x0068, 0x0067, 0x0046, 0x0025, 0x0024,
    0x0024, 0x0024, 0x0023, 0x0023, 0x0023, 0x0003, 0x0003, 0x0002, 0x0002, 0x0002, 0x0002, 0x0002,
    0x0001, 0x0022, 0x0000, 0x4A42, 0xFE81, 0xFDC0, 0xFE00, 0xFE20, 0xFE40, 0xFE60, 0xFE20, 0xFE00,
    0xFE00, 0xFDE0, 0xFE00, 0xEC80, 0x1800, 0x0025, 0x0021, 0xD542, 0xFDE0, 0xFDC0, 0xFDC0, 0xFDE0,
    0xFDC0, 0xFE40, 0xA300, 0x0000, 0x0023, 0x0024, 0x0002, 0x18E0, 0xF600, 0xFDC0, 0xFDE0, 0xFE00,
    0xFE00, 0xFDC0, 0xFE40, 0xB340, 0x0001, 0x0001, 0x93E0, 0xFE40, 0xFDC0, 0xFDA0, 0xFDA0, 0xFDC0,
    0xFDE0, 0xED20, 0x6200, 0x62A4, 0x6AC7, 0x5A65, 0x72C1, 0xFE02, 0xFDA0, 0xFDA0, 0xFD80, 0xFD80,
    0xFD60, 0xFDC0, 0x8200, 0x0001, 0x0024, 0x0000, 0xB440, 0xFDE0, 0xFD60, 0xE480, 0xE4A0, 0xFDA0,
    0xFD80, 0xFDC0, 0xFD40, 0x3860, 0x31A0, 0xFEA0, 0xFE00, 0xFE20, 0xFE20, 0xFE00, 0xFDE0, 0xFE00,
    0x6140, 0x0004, 0x00CD, 0x0003, 0xAC86, 0xFE20, 0xF580, 0xFDA0, 0xFE20, 0xFE20, 0xFE20, 0xFE00,
    0xFDA0, 0xFDA0, 0xFE00, 0xB2A0, 0x0001, 0x0046, 0x0046, 0x0068, 0x0045, 0x0000, 0x0000, 0x0000,
    0x0000, 0x0000, 0x0000, 0x0000, 0x0000, 0x0000, 0x0000, 0x0000, 0x0000, 0x0000, 0x0000, 0x0000,
    0x0000, 0x00EB, 0x0027, 0xA447, 0xFE00, 0xFDC0, 0xF580, 0xF560, 0xFDE0, 0xFDC0, 0xFDC0, 0xE4C0,
    0xF540, 0xFDE0, 0xFE40, 0xFE40, 0xFE00, 0xFDC0, 0xFDC0, 0xFDA0, 0xFDA0, 0xFDC0, 0xFDA0, 0xFDE0,
    0x6940, 0x0001, 0x0024, 0x0045, 0x0002, 0x3982, 0xF561, 0xF560, 0xCBC0, 0xCB80, 0xECC0, 0xDC00,
    0xFC20, 0x2800, 0x7B22, 0xFDA0, 0xFCE0, 0xFD00, 0xF4E0, 0xF4E0, 0xFD20, 0xDB20, 0x0800, 0x0023,
    0x0025, 0x0001, 0x0002, 0x0024, 0x0024, 0x0002, 0x39A1, 0xFE61, 0xFE00, 0xFE20, 0xFDC0, 0xFE00,
    0xFE00, 0xFE20, 0xFD60, 0x3040, 0x008A, 0x0132, 0x0112, 0x0025, 0x0004, 0x0025, 0x0046, 0x0046,
    0x0069, 0x0133, 0x0023, 0x0000, 0x0000, 0x0000, 0x0000, 0x0000, 0x0000, 0x0000, 0x0000, 0x0000,
    0x0000, 0x0000, 0x0000, 0x0000, 0x0000, 0x0000, 0x0000, 0x0000, 0x0000, 0x0000, 0x0000, 0x0000,
    0x0000, 0x0000, 0x0000, 0x0000, 0x0000, 0x0000, 0x00EE, 0x00CE, 0x0089, 0x0067, 0x0047, 0x0047,
    0x0046, 0x0046, 0x0045, 0x0025, 0x0025, 0x0024, 0x0024, 0x0024, 0x0024, 0x0023, 0x0003, 0x0003,
    0x0002, 0x0002, 0x0000, 0xBD21, 0xFE40, 0xFE00, 0xFE20, 0xFE40, 0xFE40, 0xFE60, 0xFE00, 0xFDC0,
    0xFDC0, 0xF580, 0xFDE0, 0x91E0, 0x0002, 0x0004, 0x39C0, 0xFE21, 0xFD80, 0xFDA0, 0xFDA0, 0xFDA0,
    0xFDA0, 0xFD80, 0x38C0, 0x0001, 0x0023, 0x0023, 0x0001, 0x7300, 0xFE00, 0xFD60, 0xFDA0, 0xFDA0,
    0xFDA0, 0xFDA0, 0xFDA0, 0x50E0, 0x0001, 0x1080, 0xE560, 0xFD80, 0xFDA0, 0xFD80, 0xFDA0, 0xFDA0,
    0xFDA0, 0xF540, 0xFDC0, 0xFE21, 0xFE23, 0xFE02, 0xFDC0, 0xFE00, 0xFDE0, 0xFDE0, 0xFDC0, 0xFDC0,
    0xFDE0, 0xFD60, 0x2860, 0x0003, 0x0001, 0x7300, 0xFDE0, 0xFD20, 0xFD40, 0xECC0, 0xFDC0, 0xF500,
    0xECE0, 0xF460, 0x60A0, 0x0000, 0x93C0, 0xFE40, 0xFDA0, 0xFDC0, 0xFDA0, 0xFDC0, 0xFDE0, 0xEC60,
    0x1000, 0x008A, 0x004A, 0x2122, 0xF622, 0xFDE0, 0xF5E0, 0xFDE0, 0xFE20, 0xFE20, 0xFE20, 0xFE00,
    0xFDE0, 0xFDE0, 0xFD80, 0x50A0, 0x0003, 0x0046, 0x0046, 0x0067, 0x0001, 0x0000, 0x0000, 0x0000,
    0x0000, 0x0000, 0x0000, 0x0000, 0x0000, 0x0000, 0x0000, 0x0000, 0x0000, 0x0000, 0x0000, 0x0000,
    0x0000, 0x00CE, 0x10E4, 0xEDE5, 0xFDC0, 0xFDE0, 0xF540, 0xFDC0, 0xFE00, 0xFE00, 0xFE00, 0xDC60,
    0xDC80, 0xFDC0, 0xF5A0, 0xFDC0, 0xFDE0, 0xFDE0, 0xFE00, 0xFDE0, 0xFDE0, 0xFDE0, 0xFE20, 0xEC80,
    0x1000, 0x0002, 0x0024, 0x0002, 0x0861, 0xD524, 0xF500, 0xCBA0, 0xBB00, 0xDC00, 0xD340, 0xCAA0,
    0x70C0, 0x0000, 0xA340, 0xFCE0, 0xF520, 0xFD00, 0xFCE0, 0xFD20, 0xFD20, 0xC2C0, 0x0000, 0x0023,
    0x0024, 0x0001, 0x0000, 0x0002, 0x0023, 0x0001, 0x9C23, 0xFE00, 0xF5A0, 0xFDC0, 0xFD80, 0xFDC0,
    0xFDA0, 0xFE20, 0xBAA0, 0x0002, 0x0110, 0x0111, 0x0154, 0x008A, 0x0002, 0x0023, 0x0022, 0x0023,
    0x0023, 0x0044, 0x0000, 0x0000, 0x0000, 0x0000, 0x0000, 0x0000, 0x0000, 0x0000, 0x0000, 0x0000,
    0x0000, 0x0000, 0x0000, 0x0000, 0x0000, 0x0000, 0x0000, 0x0000, 0x0000, 0x0000, 0x0000, 0x0000,
    0x0000, 0x0000, 0x0000, 0x0000, 0x0000, 0x0000, 0x0046, 0x0112, 0x0089, 0x0069, 0x0069, 0x0068,
    0x0047, 0x0047, 0x0047, 0x0046, 0x0046, 0x0025, 0x0025, 0x0025, 0x0024, 0x0024, 0x0024, 0x0023,
    0x0023, 0x0002, 0x3160, 0xFDE0, 0xFD60, 0xF560, 0xFD80, 0xF540, 0xFE40, 0xF540, 0xFD60, 0xFD80,
    0xFD60, 0xFD60, 0xFCA0, 0x2820, 0x0026, 0x0002, 0xA3E0, 0xFD80, 0xFD20, 0xFD20, 0xFD40, 0xFD40,
    0xFD80, 0xCBC0, 0x0000, 0x0002, 0x0002, 0x0002, 0x0020, 0xD4C0, 0xFD60, 0xFD40, 0xFD40, 0xFD40,
    0xFD40, 0xFD80, 0xDBC0, 0x0800, 0x0001, 0x6240, 0xFD80, 0xFD20, 0xFD60, 0xFD40, 0xFD60, 0xFD60,
    0xFD60, 0xF540, 0xF540, 0xF520, 0xF4E0, 0xF500, 0xFD60, 0xFD60, 0xFD80, 0xFDA0, 0xFD60, 0xFD40,
    0xFDC0, 0xB360, 0x0000, 0x0001, 0x39A0, 0xFDA0, 0xFCE0, 0xFD40, 0xF4E0, 0xFD20, 0xFD60, 0xF4C0,
    0xFCE0, 0xA240, 0x0000, 0x0860, 0xDD40, 0xFDA0, 0xFD80, 0xFDA0, 0xFD80, 0xFD60, 0xFDC0, 0xA220,
    0x0002, 0x00ED, 0x0005, 0x8361, 0xFE00, 0xFD80, 0xFD60, 0xFDA0, 0xFDE0, 0xFE00, 0xFD60, 0xFD80,
    0xFD60, 0xFD60, 0xDB80, 0x0800, 0x0024, 0x0025, 0x0046, 0x0045, 0x0000, 0x0000, 0x0000, 0x0000,
    0x0000, 0x0000, 0x0000, 0x0000, 0x0000, 0x0000, 0x0000, 0x0000, 0x0000, 0x0000, 0x0000, 0x0000,
    0x0087, 0x006B, 0x6AE4, 0xFE02, 0xFD60, 0xFD80, 0xECC0, 0xFDA0, 0xFD80, 0xFE00, 0xD420, 0xD3E0,
    0xF520, 0xFD60, 0xED00, 0xFD60, 0xFDA0, 0xFDA0, 0xFDA0, 0xFD80, 0xFDA0, 0xFD80, 0xFDE0, 0xA240,
    0x0000, 0x0023, 0x0023, 0x0000, 0x8B66, 0xFDA1, 0xFD40, 0xE420, 0xEBE0, 0xF4A0, 0xFC60, 0xC1C0,
    0x0000, 0x0020, 0xCC41, 0xFCC0, 0xFCC0, 0xFCC0, 0xFCA0, 0xFCC0, 0xFD00, 0xAA20, 0x0000, 0x0023,
    0x0024, 0x0000, 0x0000, 0x0000, 0x0047, 0x18E1, 0xF5C3, 0xFD80, 0xFD80, 0xFD40, 0xFD80, 0xFD80,
    0xFD60, 0xFD20, 0x5080, 0x0048, 0x0111, 0x0110, 0x0132, 0x0023, 0x0000, 0x0000, 0x0000, 0x0000,
    0x0000, 0x0000, 0x0000, 0x0000, 0x0000, 0x0000, 0x0000, 0x0000, 0x0000, 0x0000, 0x0000, 0x0000,
    0x0000, 0x0000, 0x0000, 0x0000, 0x0000, 0x0000, 0x0000, 0x0000, 0x0000, 0x0000, 0x0000, 0x0000,
    0x0000, 0x0000, 0x0000, 0x0000, 0x0000, 0x0000, 0x0000, 0x00EF, 0x00CC, 0x00AB, 0x00AB, 0x008A,
    0x0089, 0x0089, 0x0089, 0x0068, 0x0068, 0x0067, 0x0067, 0x0046, 0x0046, 0x0025, 0x0025, 0x0024,
    0x0024, 0x0001, 0x9320, 0xFC60, 0xFBE0, 0xF3A0, 0xEB80, 0xEBC0, 0xFCE0, 0xFC20, 0xFC60, 0xFC40,
    0xFC20, 0xFC60, 0xB1C0, 0x0001, 0x0005, 0x18C0, 0xF480, 0xFC00, 0xFC00, 0xFBE0, 0xFC00, 0xFC00,
    0xFC60, 0x6940, 0x0001, 0x0002, 0x0002, 0x0001, 0x4180, 0xFC60, 0xFBE0, 0xFC00, 0xFC00, 0xFC00,
    0xFC00, 0xFC20, 0x7920, 0x0001, 0x0000, 0xBBC0, 0xFC20, 0xFC00, 0xFC20, 0xFC20, 0xFC40, 0xFC60,
    0xFC40, 0xF440, 0xFC20, 0xFC00, 0xFC00, 0xFBE0, 0xFBE0, 0xFBE0, 0xFC00, 0xF3E0, 0xFBC0, 0xFBC0,
    0xFBE0, 0x58E0, 0x0001, 0x1080, 0xDC40, 0xFBE0, 0xF3E0, 0xF3E0, 0xE380, 0xFC40, 0xFC40, 0xFC40,
    0xE2E0, 0x1000, 0x0001, 0x3980, 0xFCE0, 0xFC60, 0xFC80, 0xFC80, 0xFC80, 0xFC60, 0xFC20, 0x3860,
    0x0026, 0x008C, 0x0861, 0xDC81, 0xFC20, 0xFC40, 0xFC40, 0xFC40, 0xFCE0, 0xFD00, 0xFC00, 0xFC40,
    0xFC40, 0xFC40, 0x8100, 0x0000, 0x0023, 0x0024, 0x0046, 0x0023, 0x0000, 0x0000, 0x0000, 0x0000,
    0x0000, 0x0000, 0x0000, 0x0000, 0x0000, 0x0000, 0x0000, 0x0000, 0x0000, 0x0000, 0x0000, 0x0000,
    0x010D, 0x0064, 0xCC81, 0xFC20, 0xFC40, 0xF400, 0xEC00, 0xFC80, 0xFC60, 0xF460, 0xE3A0, 0xFC60,
    0xFC60, 0xFC60, 0xFC40, 0xFC60, 0xFC60, 0xFC60, 0xFC40, 0xFC40, 0xFC20, 0xFC40, 0xFBE0, 0x4040,
    0x0002, 0x0023, 0x0000, 0x49C1, 0xEB80, 0xF360, 0xEB60, 0xCA80, 0xF380, 0xDAC0, 0xF1E0, 0x5040,
    0x0000, 0x1081, 0xD2E1, 0xF2E0, 0xFB80, 0xEB20, 0xF360, 0xFBC0, 0xFB40, 0x9900, 0x0000, 0x0003,
    0x0003, 0x0000, 0x0000, 0x0086, 0x0069, 0x72E5, 0xFCE1, 0xFC40, 0xFC60, 0xFC40, 0xFC60, 0xFC40,
    0xFCA0, 0xD280, 0x0000, 0x00CC, 0x00EF, 0x0110, 0x00CC, 0x0000, 0x0000, 0x0000, 0x0000, 0x0000,
    0x0000, 0x0000, 0x0000, 0x0000, 0x0000, 0x0000, 0x0000, 0x0000, 0x0000, 0x0000, 0x0000, 0x0000,
    0x0000, 0x0000, 0x0000, 0x0000, 0x0000, 0x0000, 0x0000, 0x0000, 0x0000, 0x0000, 0x0000, 0x0000,
    0x0000, 0x0000, 0x0000, 0x0000, 0x0000, 0x0000, 0x0000, 0x0000, 0x0001, 0x0001, 0x0001, 0x0000,
    0x0000, 0x0001, 0x0000, 0x0000, 0x0000, 0x0000, 0x0000, 0x0000, 0x0000, 0x0000, 0x0000, 0x0000,
    0x006A, 0x10A0, 0xEC60, 0xFBE0, 0xFC20, 0xFC20, 0xE380, 0xF460, 0xFCE0, 0xFC60, 0xFC60, 0xFC40,
    0xFC60, 0xFC40, 0x4880, 0x0025, 0x0004, 0x72A0, 0xFC80, 0xFC00, 0xFC20, 0xFC00, 0xFC00, 0xFC20,
    0xEB60, 0x1020, 0x0002, 0x0002, 0x0002, 0x0000, 0xAB80, 0xFC60, 0xFC20, 0xFC20, 0xFC00, 0xFC00,
    0xFC20, 0xF380, 0x2040, 0x0002, 0x3160, 0xFCC0, 0xFC00, 0xFC20, 0xFC20, 0xFC40, 0xFC60, 0xFC40,
    0xFC40, 0xFC20, 0xFC20, 0xFC20, 0xFC20, 0xFBE0, 0xFBE0, 0xFC00, 0xFC00, 0xFBC0, 0xFBC0, 0xFC00,
    0xE320, 0x1000, 0x0000, 0x9B20, 0xFC20, 0xFBE0, 0xFC00, 0xE380, 0xFC60, 0xFC40, 0xFC60, 0xEB80,
    0x2800, 0x0001, 0x0000, 0x8B20, 0xFCC0, 0xFC60, 0xFCA0, 0xFC80, 0xFC60, 0xFCC0, 0xCAE0, 0x0000,
    0x00CC, 0x0007, 0x5220, 0xFCE1, 0xFC40, 0xFC60, 0xFC60, 0xFC80, 0xFC60, 0xFC40, 0xFC60, 0xFC60,
    0xFCA0, 0xFBE0, 0x3020, 0x0002, 0x0002, 0x0002, 0x0002, 0x0000, 0x0000, 0x0000, 0x0000, 0x0000,
    0x0000, 0x0000, 0x0000, 0x0000, 0x0000, 0x0000, 0x0000, 0x0000, 0x0000, 0x0000, 0x0000, 0x0042,
    0x00CD, 0x3960, 0xFCE1, 0xFC20, 0xF400, 0xEBE0, 0xFCA0, 0xFC80, 0xFC80, 0xFC80, 0xFCA0, 0xFC80,
    0xFC80, 0xFC80, 0xFC80, 0xFC80, 0xFC80, 0xFC60, 0xFC60, 0xFC60, 0xFC40, 0xFC80, 0xCA60, 0x0000,
    0x0023, 0x0002, 0x1081, 0xE4E4, 0xEBA0, 0xDB00, 0xD320, 0xE360, 0xDB20, 0xEAC0, 0xA0A0, 0x0000,
    0x0000, 0x18E3, 0xE384, 0xF380, 0xFBA0, 0xE300, 0xF3A0, 0xFBC0, 0xFB80, 0x9120, 0x0000, 0x0002,
    0x0002, 0x0000, 0x0000, 0x00AA, 0x0085, 0xD4C7, 0xFC60, 0xFC80, 0xFC80, 0xFC80, 0xFC40, 0xFC40,
    0xFCA0, 0x78E0, 0x0025, 0x00EF, 0x00EE, 0x0111, 0x0045, 0x0000, 0x0000, 0x0000, 0x0000, 0x0000,
    0x0000, 0x0000, 0x0000, 0x0000, 0x0000, 0x0000, 0x0000, 0x0000, 0x0000, 0x0000, 0x0000, 0x0000,
    0x0000, 0x0000, 0x0000, 0x0000, 0x0000, 0x0000, 0x0000, 0x0000, 0x0000, 0x0000, 0x0000, 0x0000,
    0x0000, 0x0000, 0x0000, 0x0044, 0x012F, 0x012F, 0x012E, 0x00ED, 0x010E, 0x012E, 0x010D, 0x00ED,
    0x010E, 0x012E, 0x010D, 0x010D, 0x012E, 0x012E, 0x010E, 0x010E, 0x010E, 0x010D, 0x00EC, 0x0151,
    0x004A, 0x72A0, 0xFCC0, 0xFC00, 0xFC40, 0xFC60, 0xEC00, 0xF480, 0xFCC0, 0xFCA0, 0xFCA0, 0xFC80,
    0xFCC0, 0xD2C0, 0x0000, 0x0026, 0x0041, 0xD460, 0xFC40, 0xFC40, 0xFC40, 0xFC40, 0xFC20, 0xFC80,
    0x91E0, 0x0000, 0x0002, 0x0002, 0x0002, 0x18E0, 0xF4A0, 0xFC20, 0xFC60, 0xFC40, 0xFC40, 0xFC60,
    0xFCA0, 0xAA20, 0x0001, 0x0001, 0x8B40, 0xFCA0, 0xFC40, 0xFC40, 0xFC60, 0xFC60, 0xFC60, 0xF420,
    0xE3A0, 0xFC60, 0xFC40, 0xF420, 0xF420, 0xFC00, 0xFC00, 0xFC00, 0xF3E0, 0xFBE0, 0xF3E0, 0xFC40,
    0x9180, 0x0000, 0x6A80, 0xFCA0, 0xFC20, 0xFC20, 0xDB60, 0xFC20, 0xFC80, 0xF460, 0xFCA0, 0xAAA0,
    0x41C0, 0x49A0, 0x3940, 0xCC60, 0xFD00, 0xFCC0, 0xFCC0, 0xFCA0, 0xFCA0, 0xFCE0, 0x7120, 0x0004,
    0x00CE, 0x0002, 0xB400, 0xFCC0, 0xFC80, 0xFC80, 0xFCA0, 0xFCC0, 0xFCC0, 0xFCC0, 0xFCC0, 0xFCA0,
    0xFCE0, 0xBA20, 0x0000, 0x0003, 0x0004, 0x0047, 0x00CB, 0x010D, 0x010D, 0x00ED, 0x010D, 0x012F,
    0x014F, 0x014F, 0x014E, 0x014F, 0x014F, 0x014F, 0x012E, 0x012E, 0x012F, 0x012F, 0x0002, 0x00CA,
    0x0069, 0x9B80, 0xFCC0, 0xFC80, 0xE400, 0xE400, 0xFD00, 0xFCC0, 0xFCE0, 0xF420, 0xFC80, 0xFCA0,
    0xFCC0, 0xFCC0, 0xFCA0, 0xFCA0, 0xFCC0, 0xFCA0, 0xFCA0, 0xFCA0, 0xFC80, 0xFC60, 0x60C0, 0x0000,
    0x0002, 0x0000, 0xA424, 0xFCC0, 0xE3C0, 0xCB60, 0xBAA0, 0xFC80, 0xB260, 0x91C0, 0x4900, 0x3920,
    0x4960, 0x6A24, 0xDAE2, 0xEB00, 0xFBC0, 0xEB40, 0xBA60, 0xEB40, 0xFBE0, 0x68E0, 0x0000, 0x0002,
    0x0002, 0x0000, 0x0043, 0x008B, 0x4A22, 0xFD63, 0xFCC0, 0xFCE0, 0xFCC0, 0xFCA0, 0xFCA0, 0xFCE0,
    0xF360, 0x1800, 0x00AA, 0x00EE, 0x00EF, 0x00CD, 0x0000, 0x0000, 0x0000, 0x0000, 0x0000, 0x0000,
    0x0000, 0x0000, 0x0000, 0x0000, 0x0000, 0x0000, 0x0000, 0x0000, 0x0000, 0x0000, 0x0000, 0x0000,
    0x0000, 0x0000, 0x0000, 0x0000, 0x0000, 0x0000, 0x0000, 0x0000, 0x0000, 0x0000, 0x0000, 0x0000,
    0x0000, 0x0000, 0x0001, 0x0151, 0x0067, 0x0065, 0x0045, 0x0044, 0x0065, 0x0065, 0x0044, 0x0065,
    0x0065, 0x0065, 0x0044, 0x0065, 0x0065, 0x0065, 0x0065, 0x0065, 0x0065, 0x0065, 0x0064, 0x0044,
    0x0860, 0xD3E0, 0xFB40, 0xF320, 0xFB40, 0xF320, 0xF360, 0xFBA0, 0xFBA0, 0xFB80, 0xFB80, 0xF360,
    0xFB60, 0x70C0, 0x0004, 0x0005, 0x4180, 0xFBE0, 0xFB20, 0xFB40, 0xF320, 0xFB60, 0xFB60, 0xFB60,
    0x3080, 0x0001, 0x0002, 0x0002, 0x0000, 0x7AA0, 0xFBC0, 0xF320, 0xFB60, 0xFB80, 0xFB60, 0xFB40,
    0xFB40, 0x4080, 0x0002, 0x08A0, 0xE440, 0xFBA0, 0xFBE0, 0xFBC0, 0xFC00, 0xFBC0, 0xF3A0, 0xFBC0,
    0xFB80, 0xFBC0, 0xFBC0, 0xFBC0, 0xFBC0, 0xFBC0, 0xFBC0, 0xFBA0, 0xFB60, 0xFBA0, 0xFBA0, 0xF2C0,
    0x2000, 0x2900, 0xFBE0, 0xFB60, 0xF340, 0xDAC0, 0xEAE0, 0xFB60, 0xEB60, 0xF380, 0xFB80, 0xFBC0,
    0xFC00, 0xFC00, 0xEBA0, 0xC300, 0xFC00, 0xFBC0, 0xF3C0, 0xF3A0, 0xFBC0, 0xEB20, 0x1800, 0x008A,
    0x004A, 0x20E0, 0xFC40, 0xFBA0, 0xF3A0, 0xF3C0, 0xFBE0, 0xEC01, 0xF3C0, 0xFBE0, 0xFBE0, 0xF3C0,
    0xFBC0, 0x60A0, 0x0000, 0x0800, 0x0821, 0x0022, 0x0043, 0x0065, 0x0064, 0x0044, 0x0044, 0x0065,
    0x0065, 0x0065, 0x0065, 0x0065, 0x0065, 0x0065, 0x0064, 0x0064, 0x0065, 0x0044, 0x0001, 0x0068,
    0x1081, 0xE3C0, 0xFB40, 0xFBA0, 0xEB20, 0xEB40, 0xFBA0, 0xFBE0, 0xCAC0, 0x5940, 0x8200, 0x81E0,
    0x8200, 0x8240, 0xF3A0, 0xFB80, 0xFBA0, 0xFB80, 0xFB80, 0xFB80, 0xFBC0, 0xEAC0, 0x1000, 0x0002,
    0x0000, 0x51E2, 0xFC21, 0xFB40, 0xEB00, 0xA980, 0xCA20, 0xFB80, 0xF2E0, 0x78A0, 0x9100, 0xF320,
    0xF2A0, 0xC9E0, 0xB9A0, 0xB9C0, 0xFB00, 0xDA60, 0xDA40, 0xEA80, 0xEA20, 0x4020, 0x0001, 0x0002,
    0x0002, 0x0000, 0x00CA, 0x0046, 0xB300, 0xFBA0, 0xFBA0, 0xF380, 0xEB00, 0xFB20, 0xFB40, 0xFB60,
    0x9100, 0x0002, 0x00CD, 0x00CD, 0x00F0, 0x0067, 0x0000, 0x0000, 0x0000, 0x0000, 0x0000, 0x0000,
    0x0000, 0x0000, 0x0000, 0x0000, 0x0000, 0x0000, 0x0000, 0x0000, 0x0000, 0x0000, 0x0000, 0x0000,
    0x0000, 0x0000, 0x0000, 0x0000, 0x0000, 0x0000, 0x0000, 0x0000, 0x0000, 0x0000, 0x0000, 0x0000,
    0x0000, 0x0000, 0x00A8, 0x006A, 0x6180, 0xD200, 0xC960, 0xA120, 0xC1C0, 0xD1C0, 0xD1C0, 0xD1C0,
    0xC180, 0xC9C0, 0xDA00, 0xC200, 0x9900, 0xD1C0, 0xDA00, 0xC1E0, 0xC9C0, 0xD9E0, 0xDA00, 0xD1E0,
    0xD240, 0xF260, 0xFA00, 0xF9E0, 0xF1C0, 0xE1C0, 0xFA40, 0xFA60, 0xFA40, 0xF200, 0xF1E0, 0xFA20,
    0xE980, 0x1000, 0x0026, 0x0001, 0xA240, 0xFA20, 0xFA00, 0xFA00, 0xF200, 0xF200, 0xFA60, 0xC180,
    0x0000, 0x0003, 0x0002, 0x0001, 0x0040, 0xD2C0, 0xFA20, 0xFA20, 0xFA20, 0xFA20, 0xF220, 0xFA40,
    0xD180, 0x0800, 0x0002, 0x5160, 0xFA80, 0xFA20, 0xFA60, 0xF280, 0xFA60, 0xFA40, 0xEA00, 0x8900,
    0x70E0, 0x70E0, 0x68E0, 0x70E0, 0x70E0, 0x68E0, 0x70E0, 0x70E0, 0x68E0, 0x68E0, 0x70C0, 0x2800,
    0x0020, 0xC280, 0xFA60, 0xFA60, 0xD9E0, 0xE200, 0xFA60, 0xFA40, 0xFA60, 0xFA40, 0xFA40, 0xFA40,
    0xFA40, 0xFA40, 0xF2A0, 0xEAA0, 0xFA60, 0xFA60, 0xFA80, 0xFA80, 0xFAA0, 0xA0E0, 0x0002, 0x00CD,
    0x0004, 0x71E0, 0xFAA0, 0xF260, 0xFA60, 0xF280, 0xFA60, 0xF280, 0xF260, 0xFA60, 0xFA60, 0xF240,
    0xFA40, 0xDA20, 0xD200, 0xD200, 0xDA40, 0xDA20, 0xD200, 0xD200, 0xD9E0, 0xC9C0, 0xD1E0, 0xDA00,
    0xD1E0, 0xD1E0, 0xD200, 0xD9E0, 0xD1E0, 0xD1E0, 0xD1E0, 0xD220, 0xE260, 0x6040, 0x0067, 0x0028,
    0x59E0, 0xFA80, 0xF220, 0xFA40, 0xF260, 0xFA60, 0xF240, 0xFA60, 0x5840, 0x0000, 0x0000, 0x0000,
    0x0000, 0x3941, 0xFAE1, 0xFA40, 0xFA60, 0xF260, 0xFA60, 0xF260, 0xFA80, 0x98C0, 0x0001, 0x0002,
    0x10C0, 0xDB22, 0xFA00, 0xFA40, 0xD9C0, 0xF200, 0xFA20, 0xFA00, 0xE1C0, 0xA0C0, 0xE980, 0xD960,
    0xB0A0, 0x98C0, 0x8080, 0xE200, 0xFAA1, 0xD180, 0xE9A0, 0xD180, 0xC0E0, 0x3820, 0x0001, 0x0002,
    0x0001, 0x0000, 0x00AC, 0x2901, 0xF2E1, 0xFA20, 0xFA60, 0xFA20, 0xF9E0, 0xF9E0, 0xFA20, 0xF9A0,
    0x2800, 0x0067, 0x00CD, 0x00CD, 0x00CD, 0x0001, 0x0000, 0x0000, 0x0000, 0x0000, 0x0000, 0x0000,
    0x0000, 0x0000, 0x0000, 0x0000, 0x0000, 0x0000, 0x0000, 0x0000, 0x0000, 0x0000, 0x0000, 0x0000,
    0x0000, 0x0000, 0x0000, 0x0000, 0x0000, 0x0000, 0x0000, 0x0000, 0x0000, 0x0000, 0x0000, 0x0000,
    0x0000, 0x0000, 0x00EF, 0x0043, 0xD2A1, 0xF9E0, 0xF200, 0xC980, 0xF261, 0xE1E0, 0xFA20, 0xFA40,
    0xF200, 0xFA80, 0xFAC0, 0xE200, 0xB140, 0xE1E0, 0xFA60, 0xF240, 0xFA60, 0xFA60, 0xFA60, 0xFA60,
    0xFA40, 0xFA00, 0xFA20, 0xF220, 0xFA20, 0xF240, 0xFA80, 0xFA60, 0xFA40, 0xF220, 0xF240, 0xFA80,
    0x98E0, 0x0001, 0x0004, 0x20E0, 0xF320, 0xFA20, 0xFA40, 0xFA40, 0xFA60, 0xFA60, 0xFA60, 0x5880,
    0x0002, 0x0823, 0x0823, 0x0002, 0x4180, 0xFAC0, 0xFA20, 0xFA60, 0xFA60, 0xFA60, 0xF260, 0xFA80,
    0x70C0, 0x0000, 0x0020, 0xBA80, 0xFA20, 0xFA20, 0xFA20, 0xFA20, 0xFA20, 0xFA60, 0xC980, 0x0000,
    0x0001, 0x0000, 0x0000, 0x0000, 0x0001, 0x0001, 0x0000, 0x0000, 0x0000, 0x0000, 0x0000, 0x0000,
    0xA260, 0xFA80, 0xFA60, 0xF260, 0xD200, 0xFAA0, 0xFAA0, 0xFAA0, 0xFA80, 0xF260, 0xFA80, 0xFA80,
    0xFAA0, 0xFAA0, 0xFAC0, 0xEAC0, 0xFAC0, 0xFAC0, 0xFAA0, 0xFAC0, 0xFAA0, 0x4840, 0x0045, 0x008B,
    0x0041, 0xDAC0, 0xFA60, 0xFA80, 0xFAA0, 0xFAA0, 0xFA80, 0xFA80, 0xFA60, 0xFA40, 0xFA60, 0xFA60,
    0xFA60, 0xFAA0, 0xFAA0, 0xFAA0, 0xFAA0, 0xFA80, 0xFA80, 0xFA80, 0xFA80, 0xFA80, 0xFA80, 0xFA80,
    0xFA80, 0xFA80, 0xFA60, 0xFA60, 0xFA60, 0xFA60, 0xFA80, 0xFAA0, 0xFA21, 0x3800, 0x0068, 0x0043,
    0xBB44, 0xFA60, 0xFA80, 0xF280, 0xFAA0, 0xFAA0, 0xFAC0, 0xD9A0, 0x0800, 0x0044, 0x0002, 0x0001,
    0x0020, 0xBB41, 0xFAA0, 0xF280, 0xFAA0, 0xFAA0, 0xFAC0, 0xFAA0, 0xFA20, 0x3000, 0x0001, 0x0000,
    0xAB22, 0xFAA0, 0xFA40, 0xEA20, 0xC9C0, 0xFA60, 0xFA40, 0xF1E0, 0x98C0, 0xB0E0, 0xF1A0, 0xD160,
    0xC120, 0xA0C0, 0x8080, 0xFA20, 0xFA60, 0xC940, 0xE980, 0xE1A0, 0xC0E0, 0x2800, 0x0001, 0x0002,
    0x0000, 0x0065, 0x0026, 0x9220, 0xFAA0, 0xF260, 0xFA80, 0xFA40, 0xFA20, 0xFA20, 0xFA40, 0xB0E0,
    0x0001, 0x00AB, 0x00AC, 0x00CD, 0x0088, 0x0000, 0x0000, 0x0000, 0x0000, 0x0000, 0x0000, 0x0000,
    0x0000, 0x0000, 0x0000, 0x0000, 0x0000, 0x0000, 0x0000, 0x0000, 0x0000, 0x0000, 0x0000, 0x0000,
    0x0000, 0x0000, 0x0000, 0x0000, 0x0000, 0x0000, 0x0000, 0x0000, 0x0000, 0x0000, 0x0000, 0x0000,
    0x0000, 0x0065, 0x00AD, 0x4940, 0xFA81, 0xF1C0, 0xD180, 0xB960, 0xEA00, 0xA960, 0xF220, 0xFA20,
    0xFA40, 0xF260, 0xE220, 0x9900, 0xD1C0, 0xE200, 0xF260, 0xEA00, 0xFA60, 0xFA60, 0xF220, 0xFA20,
    0xFA20, 0xFA20, 0xFA00, 0xF200, 0xFA20, 0xFA60, 0xFA80, 0xFA40, 0xFA40, 0xFA80, 0xFA60, 0xF9E0,
    0x3000, 0x0046, 0x0003, 0x7A20, 0xFAA0, 0xF220, 0xFA20, 0xFA40, 0xFA60, 0xFAA0, 0xDA00, 0x0000,
    0x0000, 0x0001, 0x0002, 0x0002, 0xB341, 0xFA60, 0xF220, 0xFA40, 0xFA40, 0xFA40, 0xFA60, 0xF220,
    0x2020, 0x0001, 0x2900, 0xFAC0, 0xFA00, 0xFA20, 0xFA20, 0xFA20, 0xFA20, 0xFA60, 0x70A0, 0x0046,
    0x0868, 0x0002, 0x0003, 0x0003, 0x0003, 0x0003, 0x0002, 0x0002, 0x0003, 0x0803, 0x0001, 0x69C0,
    0xFAE0, 0xFA40, 0xF260, 0xEA60, 0xFA60, 0xFA80, 0xFA80, 0xFA60, 0xF260, 0xF260, 0xFA60, 0xFA60,
    0xFA80, 0xFA80, 0xF2A0, 0xFAA0, 0xFAA0, 0xFAC0, 0xFAA0, 0xFAE0, 0xD1C0, 0x0800, 0x00AA, 0x0027,
    0x3900, 0xFAE0, 0xFA60, 0xFA80, 0xFA80, 0xFA80, 0xFAA0, 0xFA80, 0xFA60, 0xFA60, 0xFA40, 0xFA60,
    0xFA80, 0xFAA0, 0xFA80, 0xF280, 0xFA80, 0xF280, 0xFA60, 0xFA60, 0xFA80, 0xFA80, 0xFA80, 0xFA60,
    0xFA60, 0xFA60, 0xFA40, 0xFA40, 0xFA40, 0xFA60, 0xF280, 0xFAC0, 0xB920, 0x0002, 0x0005, 0x20E0,
    0xF2E1, 0xFA40, 0xFA80, 0xF260, 0xFA80, 0xFA80, 0xFAC0, 0x90E0, 0x0002, 0x0069, 0x0003, 0x0000,
    0x2100, 0xFB61, 0xFA80, 0xFAC0, 0xF280, 0xF2A0, 0xF2A0, 0xFAC0, 0xC140, 0x0000, 0x0000, 0x51A0,
    0xFB00, 0xFA60, 0xFAA0, 0xE220, 0xF260, 0xD9E0, 0xC9A0, 0xC160, 0xA8E0, 0xE1A0, 0xD980, 0x8060,
    0x9080, 0xE120, 0xA0C0, 0xA8E0, 0xF1C0, 0x98A0, 0xE960, 0xF1A0, 0xE120, 0x2000, 0x0001, 0x0002,
    0x0000, 0x008A, 0x10C2, 0xE2E0, 0xFA60, 0xFAA0, 0xFA60, 0xFA00, 0xFA00, 0xF220, 0xFA20, 0x5020,
    0x0025, 0x00AB, 0x008A, 0x00AC, 0x0023, 0x0000, 0x0000, 0x0000, 0x0000, 0x0000, 0x0000, 0x1060,
    0x18A0, 0x0000, 0x1040, 0x0000, 0x0000, 0x0000, 0x0000, 0x0000, 0x0000, 0x0000, 0x0000, 0x0000,
    0x0000, 0x0000, 0x0000, 0x0000, 0x0000, 0x0000, 0x0000, 0x0000, 0x0000, 0x0000, 0x0000, 0x0000,
    0x0000, 0x00EE, 0x0045, 0xAA00, 0xE9E0, 0xE9E0, 0xA920, 0xD1E0, 0xF240, 0xE220, 0xEA20, 0xE200,
    0xFA80, 0xFA80, 0xA980, 0x8900, 0xF220, 0xFA60, 0xFA80, 0xF240, 0xFA60, 0xFA40, 0xFA40, 0xFA40,
    0xFA20, 0xFA40, 0xFA40, 0xFA60, 0xFA60, 0xFA60, 0xEA80, 0xFA80, 0xFA60, 0xFA60, 0xFAA0, 0xC120,
    0x0001, 0x0027, 0x0060, 0xD320, 0xFA40, 0xFA60, 0xFA80, 0xFA60, 0xFA60, 0xFAA0, 0xCA40, 0x79A0,
    0x8A00, 0x8220, 0x8200, 0x8A40, 0xF320, 0xFA80, 0xFA80, 0xFA60, 0xFA60, 0xFA60, 0xFAC0, 0xA140,
    0x0001, 0x0001, 0x8A80, 0xFA60, 0xF200, 0xFA40, 0xFA80, 0xFA80, 0xFA80, 0xE9E0, 0x1000, 0x0089,
    0x00AB, 0x0003, 0x0003, 0x0003, 0x0003, 0x0003, 0x0003, 0x0003, 0x0023, 0x0001, 0x3120, 0xF2E0,
    0xFA40, 0xFA80, 0xEAA0, 0xFAA0, 0xFA80, 0xFA80, 0xFA80, 0xFA80, 0xFAA0, 0xFAA0, 0xFAC0, 0xFAA0,
    0xFA80, 0xFA80, 0xF2A0, 0xFAC0, 0xFAC0, 0xFAE0, 0xFAC0, 0xFAE0, 0x78A0, 0x0002, 0x00AB, 0x0003,
    0x9A80, 0xFAA0, 0xFAA0, 0xFAC0, 0xEAA0, 0xF2A0, 0xFAC0, 0xF2C0, 0xFA80, 0xF2A0, 0xFAA0, 0xFAA0,
    0xF2C0, 0xFAA0, 0xF2C0, 0xF2C0, 0xFAC0, 0xF2E0, 0xFAC0, 0xFAC0, 0xFAC0, 0xFAA0, 0xFAA0, 0xFAA0,
    0xFA80, 0xFA80, 0xFA80, 0xFA80, 0xFAA0, 0xFAA0, 0xFAA0, 0xFA60, 0x5840, 0x0003, 0x0003, 0x8A80,
    0xFAC0, 0xFA80, 0xFAA0, 0xEA80, 0xFAA0, 0xFAC0, 0xFA60, 0x3820, 0x0025, 0x0068, 0x0024, 0x0000,
    0x8B02, 0xFB00, 0xF2C0, 0xFAE0, 0xEAE0, 0xF2E0, 0xF2C0, 0xFAA0, 0x6860, 0x0000, 0x18A0, 0xD300,
    0xF220, 0xF280, 0xEA60, 0xE260, 0xFAC0, 0xEA60, 0xB120, 0xC140, 0xC940, 0xE9C0, 0xD960, 0xA8A0,
    0x7020, 0x98A0, 0xB920, 0xE1C0, 0xE960, 0xA8E0, 0xD160, 0xB960, 0xD100, 0x1000, 0x0001, 0x0001,
    0x0001, 0x0005, 0x61E0, 0xFAE0, 0xF280, 0xFAC0, 0xEA80, 0xF240, 0xFA40, 0xFA80, 0xE9A0, 0x1000,
    0x0089, 0x008A, 0x00AB, 0x0089, 0x0000, 0x0000, 0x0000, 0x0000, 0x0000, 0x0000, 0x1060, 0xB4A0,
    0x28E0, 0x20E0, 0x62A0, 0x0000, 0x0000, 0x0000, 0x0000, 0x0000, 0x0000, 0x0000, 0x0000, 0x0000,
    0x0000, 0x0000, 0x0000, 0x0000, 0x0000, 0x0000, 0x0000, 0x0000, 0x0000, 0x0000, 0x0000, 0x0000,
    0x0022, 0x010F, 0x2040, 0xE180, 0xE9A0, 0xD940, 0xB8C0, 0xE9C0, 0xF1E0, 0xF9E0, 0xE9E0, 0xD980,
    0xF200, 0xFA20, 0xB940, 0xD160, 0xF9E0, 0xFA00, 0xFA00, 0xF9E0, 0xF9E0, 0xF9E0, 0xF9E0, 0xF9E0,
    0xF9E0, 0xF9E0, 0xF9E0, 0xF9E0, 0xF9E0, 0xF200, 0xE9C0, 0xF9E0, 0xFA00, 0xF1E0, 0xFA00, 0x5840,
    0x0024, 0x0003, 0x4960, 0xFAC0, 0xF9E0, 0xFA00, 0xF1E0, 0xFA00, 0xFA00, 0xF1E0, 0xEA00, 0xFA40,
    0xFA80, 0xFA60, 0xFA40, 0xFA20, 0xFA00, 0xFA20, 0xFA20, 0xFA20, 0xFA00, 0xFA00, 0xFA00, 0x4040,
    0x0001, 0x0840, 0xDAA0, 0xF9C0, 0xF9C0, 0xF9C0, 0xFA00, 0xF200, 0xFA20, 0x98E0, 0x0001, 0x008A,
    0x00AC, 0x0047, 0x0004, 0x0025, 0x0024, 0x0024, 0x0004, 0x0023, 0x0002, 0x0840, 0xD260, 0xFA00,
    0xFA00, 0xE200, 0xE9E0, 0xFA00, 0xF200, 0xFA20, 0xF1E0, 0xD9E0, 0xD9E0, 0xD9E0, 0xD1C0, 0xD9E0,
    0xE220, 0xFA00, 0xFA00, 0xFA40, 0xFA40, 0xFA20, 0xFA40, 0xF1E0, 0x2000, 0x0046, 0x0047, 0x1080,
    0xF2A0, 0xFA00, 0xF220, 0xF220, 0xF220, 0xF220, 0xFA20, 0xFA00, 0xFA00, 0xFA20, 0xFA20, 0xFA20,
    0xF200, 0xFA20, 0xFA20, 0xFA20, 0xFA40, 0xFA40, 0xFA40, 0xF260, 0xFA40, 0xFA20, 0xFA00, 0xFA20,
    0xFA20, 0xFA00, 0xFA00, 0xFA00, 0xFA20, 0xF220, 0xFA40, 0xE180, 0x1000, 0x0003, 0x0040, 0xDA61,
    0xFA00, 0xFA20, 0xFA00, 0xFA20, 0xF200, 0xFA40, 0xB920, 0x0000, 0x0046, 0x0067, 0x0026, 0x0840,
    0xDAC0, 0xFA40, 0xFA40, 0xFA40, 0xF240, 0xFA40, 0xFA40, 0xD980, 0x0800, 0x0000, 0xB221, 0xFA20,
    0xE9E0, 0xEA00, 0xD9E0, 0xF1E0, 0xF1C0, 0xFA00, 0xD160, 0xD140, 0xC120, 0xA900, 0xD940, 0xB8A0,
    0xA0A0, 0xB080, 0xD900, 0xFA00, 0xF1C0, 0xF1A1, 0xD140, 0xC900, 0xB880, 0x0000, 0x0001, 0x0000,
    0x0065, 0x0062, 0xB1A0, 0xE980, 0xF9E1, 0xF1E0, 0xE9E0, 0xF9A0, 0xC160, 0x5880, 0x3800, 0x0001,
    0x0005, 0x0047, 0x00AC, 0x0045, 0x0000, 0x0000, 0x0000, 0x0000, 0x0020, 0x5200, 0xE620, 0xFEA0,
    0x8340, 0xB4C0, 0x2940, 0x0000, 0x0000, 0x0000, 0x0000, 0x0000, 0x0000, 0x0000, 0x0000, 0x0000,
    0x0000, 0x0000, 0x0000, 0x0000, 0x0000, 0x0000, 0x0000, 0x0000, 0x0000, 0x0000, 0x0000, 0x0000,
    0x00CB, 0x0088, 0x7820, 0xD821, 0xE800, 0xD000, 0xE060, 0xF061, 0xF000, 0xF000, 0xC800, 0xD800,
    0xF000, 0xF841, 0xF041, 0xF840, 0xF020, 0xF020, 0xF001, 0xF001, 0xF021, 0xF021, 0xF000, 0xF000,
    0xF000, 0xF021, 0xF021, 0xF021, 0xF021, 0xF001, 0xF021, 0xF021, 0xF021, 0xF841, 0xD801, 0x0800,
    0x0026, 0x0021, 0xB142, 0xF821, 0xF060, 0xF041, 0xF041, 0xF020, 0xF040, 0xE841, 0xD800, 0xF000,
    0xF020, 0xF041, 0xE820, 0xE821, 0xF041, 0xF041, 0xF041, 0xF041, 0xF041, 0xF841, 0xC000, 0x0000,
    0x0001, 0x50A1, 0xF841, 0xF000, 0xF001, 0xF001, 0xF001, 0xF021, 0xF801, 0x3000, 0x0046, 0x00AB,
    0x00AB, 0x008A, 0x0002, 0x0022, 0x0022, 0x0002, 0x0023, 0x0089, 0x0000, 0xA8A1, 0xF801, 0xF001,
    0xF001, 0xD001, 0xF001, 0xF001, 0xF801, 0xF821, 0x4000, 0x0000, 0x0000, 0x0000, 0x0000, 0x0000,
    0x8122, 0xF861, 0xF020, 0xF041, 0xF041, 0xF021, 0xF821, 0x9800, 0x0001, 0x008A, 0x0025, 0x68A0,
    0xF821, 0xF000, 0xF001, 0xF000, 0xE821, 0xF021, 0xF021, 0xF021, 0xF021, 0xF021, 0xF021, 0xF021,
    0xF021, 0xF021, 0xF001, 0xF001, 0xF021, 0xF021, 0xF021, 0xE841, 0xF021, 0xF021, 0xF021, 0xF021,
    0xF021, 0xF021, 0xF021, 0xF021, 0xF021, 0xF021, 0xF821, 0x9000, 0x0002, 0x0003, 0x48C1, 0xF881,
    0xF001, 0xF021, 0xF021, 0xF041, 0xF041, 0xF821, 0x6000, 0x0002, 0x0047, 0x0047, 0x0003, 0x50C0,
    0xF881, 0xF041, 0xF881, 0xF0A1, 0xF081, 0xF061, 0xF860, 0x9000, 0x0000, 0x60C0, 0xF901, 0xF081,
    0xF881, 0xE860, 0xF020, 0xE020, 0xF800, 0xC000, 0x1000, 0x0000, 0x0800, 0x0000, 0x0000, 0x0000,
    0x4081, 0xC881, 0xE000, 0xF001, 0xE000, 0xD020, 0xF821, 0xD820, 0xA000, 0x0000, 0x0001, 0x0001,
    0x0003, 0x0000, 0x2000, 0x1800, 0x5800, 0x9020, 0xE021, 0x5000, 0x1040, 0x5A60, 0x2940, 0x2900,
    0x3140, 0x18A1, 0x0069, 0x0000, 0x0000, 0x0000, 0x0000, 0x3160, 0x93E0, 0xEE00, 0xFEE0, 0xE5C0,
    0xEE20, 0xBD00, 0x0800, 0x3800, 0x0000, 0x0000, 0x0000, 0x0000, 0x0000, 0x0000, 0x0000, 0x0000,
    0x0000, 0x0000, 0x0000, 0x0000, 0x0000, 0x0000, 0x0000, 0x0000, 0x0000, 0x0000, 0x0000, 0x0001,
    0x0130, 0x1021, 0xC841, 0xE800, 0xE800, 0xB000, 0xD041, 0xF000, 0xF000, 0xF000, 0xE800, 0xE800,
    0xF000, 0xF021, 0xF041, 0xF041, 0xF021, 0xF021, 0xF001, 0xF021, 0xF021, 0xF021, 0xF000, 0xF020,
    0xF021, 0xF021, 0xF021, 0xF021, 0xF021, 0xF021, 0xF841, 0xF041, 0xF041, 0xF841, 0x8000, 0x0022,
    0x0004, 0x20A0, 0xF0C2, 0xF000, 0xF041, 0xF041, 0xF041, 0xF040, 0xF861, 0xD841, 0xD800, 0xF020,
    0xF040, 0xF861, 0xF040, 0xF041, 0xF041, 0xF040, 0xF041, 0xF040, 0xF061, 0xF861, 0x6000, 0x0000,
    0x0000, 0xB8E2, 0xF801, 0xF001, 0xF001, 0xF001, 0xF021, 0xF821, 0xB800, 0x0000, 0x0068, 0x008A,
    0x00AC, 0x0066, 0x0000, 0x0000, 0x0000, 0x0000, 0x00EF, 0x0068, 0x70C0, 0xF842, 0xE801, 0xF021,
    0xE001, 0xF001, 0xF801, 0xF001, 0xF801, 0x6000, 0x0001, 0x0002, 0x0001, 0x0001, 0x0001, 0x0040,
    0xD0E1, 0xF800, 0xF021, 0xF021, 0xF021, 0xF041, 0xF841, 0x4000, 0x0023, 0x0069, 0x0042, 0xC8C1,
    0xF801, 0xF001, 0xF021, 0xF020, 0xE821, 0xF021, 0xF021, 0xF041, 0xF021, 0xF021, 0xF021, 0xF021,
    0xF021, 0xF021, 0xF021, 0xF021, 0xF021, 0xF021, 0xF021, 0xF021, 0xF041, 0xF041, 0xF041, 0xF041,
    0xF041, 0xF041, 0xF021, 0xF021, 0xF041, 0xF041, 0xF821, 0x3000, 0x0004, 0x0021, 0xA941, 0xF821,
    0xF021, 0xF021, 0xF021, 0xF041, 0xF841, 0xE841, 0x1800, 0x0025, 0x0046, 0x0025, 0x0000, 0xB101,
    0xF841, 0xE861, 0xF060, 0xE8A1, 0xF081, 0xF881, 0xF840, 0x2800, 0x1020, 0xE8E1, 0xF041, 0xF080,
    0xF081, 0xF061, 0xE820, 0xD840, 0xE820, 0x2000, 0x0001, 0x0001, 0x0001, 0x0001, 0x0002, 0x0000,
    0x5861, 0xD841, 0xF020, 0xF820, 0xF820, 0xE000, 0x9800, 0x5000, 0x2000, 0x0000, 0x20C0, 0x5220,
    0x8380, 0x8360, 0x83A0, 0x6B20, 0x18E0, 0x0000, 0x0800, 0x5A80, 0xE620, 0xFEC0, 0xFE60, 0xEE00,
    0xCD40, 0x2940, 0x0004, 0x0000, 0x0000, 0x0000, 0x0000, 0x93E0, 0xFE60, 0xFE80, 0xFE60, 0xF620,
    0xFEA0, 0x6AC0, 0x2000, 0x5800, 0x0800, 0x0000, 0x0000, 0x0000, 0x0000, 0x0000, 0x0000, 0x0000,
    0x0000, 0x0000, 0x0000, 0x0000, 0x0000, 0x0000, 0x0000, 0x0000, 0x0000, 0x0000, 0x0000, 0x00A9,
    0x00CB, 0x6060, 0xE841, 0xD800, 0xD800, 0xD021, 0xD841, 0xE800, 0xE800, 0xE021, 0xF061, 0xF021,
    0xF041, 0xE020, 0xF021, 0xF021, 0xF021, 0xF021, 0xF021, 0xF021, 0xF020, 0xF021, 0xF021, 0xF021,
    0xF021, 0xF021, 0xF021, 0xF021, 0xF021, 0xF001, 0xF021, 0xF021, 0xF841, 0xF001, 0x2000, 0x0025,
    0x0002, 0x80E1, 0xF821, 0xF000, 0xF021, 0xF021, 0xF021, 0xF021, 0xF841, 0xE821, 0xE000, 0xE801,
    0xF021, 0xF021, 0xF021, 0xF021, 0xF021, 0xF001, 0xF021, 0xF021, 0xF821, 0xE001, 0x1000, 0x0001,
    0x2860, 0xF061, 0xF000, 0xF001, 0xF001, 0xF001, 0xF021, 0xF821, 0x6000, 0x0023, 0x0068, 0x0089,
    0x008A, 0x0001, 0x0000, 0x0000, 0x0000, 0x00AA, 0x00CC, 0x3040, 0xF082, 0xF001, 0xF001, 0xF001,
    0xF001, 0xF801, 0xF000, 0xF801, 0xA000, 0x0000, 0x0003, 0x0003, 0x0001, 0x0002, 0x0001, 0x48E1,
    0xF881, 0xF001, 0xF001, 0xF001, 0xF021, 0xF821, 0xD000, 0x0000, 0x0067, 0x0025, 0x3860, 0xF862,
    0xF000, 0xF001, 0xF021, 0xF001, 0xF021, 0xF021, 0xF021, 0xF021, 0xF021, 0xF021, 0xF021, 0xF021,
    0xF021, 0xF021, 0xF021, 0xF021, 0xF021, 0xF021, 0xF021, 0xF021, 0xF021, 0xF021, 0xF021, 0xF021,
    0xF021, 0xF021, 0xF021, 0xF021, 0xF041, 0xF841, 0xB800, 0x0000, 0x0003, 0x18A0, 0xF102, 0xF800,
    0xF021, 0xF021, 0xF021, 0xF021, 0xF841, 0xA000, 0x0002, 0x0047, 0x0046, 0x0004, 0x20A0, 0xF0C1,
    0xF000, 0xF841, 0xF861, 0xE861, 0xF061, 0xF881, 0xC841, 0x0000, 0xA8A0, 0xE840, 0xE820, 0xF041,
    0xF041, 0xF020, 0xF020, 0xE800, 0x7000, 0x0000, 0x0001, 0x0001, 0x0002, 0x0001, 0x0002, 0x0000,
    0x8861, 0xE001, 0x8800, 0x6800, 0x4000, 0x1800, 0x2100, 0x5280, 0x9C20, 0xDDA0, 0xF640, 0xFEE0,
    0xFEE0, 0xFEA1, 0xB4A0, 0x4180, 0x0000, 0x2900, 0x8BA0, 0xEDE0, 0xFEE0, 0xFE80, 0xFEA0, 0xFE60,
    0xEE20, 0x3140, 0x0000, 0x0000, 0x0000, 0x0000, 0x1060, 0xEDE0, 0xFE60, 0xFE60, 0xFE60, 0xFE60,
    0xF640, 0x3980, 0x3000, 0x5800, 0x3800, 0x0000, 0x0000, 0x0000, 0x0000, 0x0000, 0x0000, 0x0000,
    0x0000, 0x0000, 0x0000, 0x0000, 0x0000, 0x0000, 0x0000, 0x0000, 0x0000, 0x0000, 0x0000, 0x010F,
    0x0022, 0xB861, 0xE800, 0xE801, 0xD800, 0xE821, 0xD820, 0xE800, 0xF801, 0xE041, 0xF841, 0xF041,
    0xE041, 0xE801, 0xF021, 0xF021, 0xF021, 0xF021, 0xF021, 0xF020, 0xF020, 0xF020, 0xF021, 0xE821,
    0xF021, 0xF001, 0xF000, 0xF020, 0xF021, 0xF001, 0xF001, 0xE821, 0xF821, 0xB000, 0x0021, 0x0025,
    0x0840, 0xD8C2, 0xF800, 0xF001, 0xE801, 0xF000, 0xF000, 0xF001, 0xE821, 0xE801, 0xF001, 0xF021,
    0xE821, 0xF000, 0xF001, 0xF001, 0xF001, 0xF001, 0xF001, 0xE801, 0xF801, 0x9000, 0x0000, 0x0000,
    0x88C1, 0xF801, 0xE801, 0xF001, 0xF001, 0xE801, 0xF021, 0xE821, 0x1000, 0x0046, 0x0068, 0x0069,
    0x0045, 0x0000, 0x0000, 0x0000, 0x0066, 0x0110, 0x0820, 0xD102, 0xF801, 0xF001, 0xF001, 0xE801,
    0xF001, 0xF001, 0xF801, 0xD801, 0x1000, 0x0023, 0x0025, 0x0024, 0x0002, 0x0002, 0x0000, 0xA0E2,
    0xF801, 0xE801, 0xF001, 0xF001, 0xE821, 0xF821, 0x7800, 0x0022, 0x0048, 0x0001, 0x9881, 0xF821,
    0xF020, 0xF000, 0xF001, 0xE821, 0xF021, 0xF020, 0xF020, 0xF021, 0xF021, 0xF021, 0xF021, 0xF021,
    0xF021, 0xF021, 0xF021, 0xF021, 0xF021, 0xF021, 0xF021, 0xF021, 0xF021, 0xF021, 0xF021, 0xF021,
    0xF021, 0xF021, 0xF021, 0xF821, 0xF821, 0xF842, 0x6000, 0x0002, 0x0001, 0x68C1, 0xF841, 0xF001,
    0xF000, 0xF020, 0xF020, 0xF021, 0xF001, 0x3000, 0x0045, 0x0068, 0x0067, 0x0002, 0x7900, 0xF841,
    0xF821, 0xC800, 0xC021, 0xF041, 0xF041, 0xF840, 0x5800, 0x4840, 0xF881, 0xE820, 0xE840, 0xD820,
    0xE000, 0xF020, 0xF841, 0x7000, 0x0000, 0x18A0, 0x6AA0, 0x0000, 0x0002, 0x0002, 0x0022, 0x0000,
    0x2000, 0x30A0, 0x4A40, 0x4A40, 0x7360, 0xCD60, 0xFEA0, 0xFEE0, 0xFEC0, 0xFEA0, 0xFE80, 0xF600,
    0xEDE0, 0xDDC0, 0xA480, 0x4A00, 0x0000, 0x93C0, 0xFF00, 0xFE60, 0xFE60, 0xFE60, 0xFE60, 0xFE40,
    0xFEA0, 0x49E0, 0x2800, 0x0020, 0x0020, 0x0000, 0x5200, 0xFEC0, 0xFE40, 0xFE60, 0xFE40, 0xFE60,
    0xDDA0, 0x1860, 0x4800, 0x4800, 0x2000, 0x0000, 0x0000, 0x0000, 0x0000, 0x0000, 0x0000, 0x0000,
    0x0000, 0x0000, 0x0000, 0x0000, 0x0000, 0x0000, 0x0000, 0x0000, 0x0000, 0x0000, 0x0066, 0x00ED,
    0x4040, 0xF842, 0xF001, 0xC800, 0xC800, 0xF001, 0xD801, 0xC000, 0xF082, 0xF841, 0xF021, 0xF020,
    0xD020, 0xF801, 0xF801, 0xF801, 0xF821, 0xF801, 0xF821, 0xF821, 0xF021, 0xF021, 0xF821, 0xF821,
    0xF821, 0xF801, 0xF801, 0xF801, 0xF801, 0xF801, 0xF801, 0xF801, 0xF801, 0x4800, 0x0024, 0x0002,
    0x68A2, 0xF842, 0xF800, 0xF801, 0xF801, 0xF801, 0xF801, 0xF821, 0xF821, 0xF021, 0xF801, 0xF821,
    0xF821, 0xF801, 0xF801, 0xF801, 0xF801, 0xF801, 0xF801, 0xF801, 0xF821, 0x3000, 0x0001, 0x1061,
    0xE8C3, 0xF800, 0xF801, 0xF801, 0xF801, 0xF821, 0xF801, 0x8800, 0x0001, 0x0067, 0x0068, 0x0069,
    0x0002, 0x0000, 0x0000, 0x0023, 0x0153, 0x0042, 0xB142, 0xF822, 0xF801, 0xF801, 0xF001, 0xF801,
    0xF801, 0xF801, 0xF822, 0x4000, 0x0022, 0x0047, 0x0025, 0x0025, 0x0024, 0x0003, 0x2080, 0xF0A2,
    0xF801, 0xF800, 0xF801, 0xF801, 0xF801, 0xF821, 0x2800, 0x0024, 0x0004, 0x2060, 0xF8C3, 0xF801,
    0xF821, 0xF821, 0xF821, 0xF821, 0xF821, 0xF821, 0xF821, 0xF821, 0xF821, 0xF821, 0xF821, 0xF821,
    0xF821, 0xF821, 0xF821, 0xF821, 0xF821, 0xF821, 0xF821, 0xF821, 0xF821, 0xF821, 0xF821, 0xF821,
    0xF841, 0xF841, 0xF001, 0xD001, 0xC801, 0xD001, 0x0800, 0x0004, 0x0841, 0xD923, 0xF801, 0xF821,
    0xF801, 0xF801, 0xF801, 0xF801, 0xC000, 0x0000, 0x0067, 0x0068, 0x0026, 0x0861, 0xD8E2, 0xF801,
    0xB021, 0x1060, 0x2060, 0xE021, 0xE021, 0xE000, 0x3800, 0xD821, 0xF800, 0xF840, 0xE040, 0xE020,
    0xF801, 0xB001, 0x3000, 0x1080, 0x6AE0, 0xCD40, 0xC500, 0x0000, 0x0001, 0x0002, 0x0001, 0x0840,
    0x8BE0, 0xE620, 0xFEC0, 0xFEA0, 0xFEE0, 0xFEA0, 0xFE80, 0xFE40, 0xFE60, 0xFE60, 0xFE80, 0xFE40,
    0xFE80, 0x93E0, 0x2920, 0x1000, 0x1040, 0xDDC0, 0xFE80, 0xFE40, 0xFE60, 0xFE40, 0xFE60, 0xFE40,
    0xFEC0, 0x5A80, 0x2000, 0x1800, 0x0000, 0x0000, 0xA400, 0xFEC0, 0xFE40, 0xFE60, 0xFE20, 0xFEC0,
    0xA440, 0x1000, 0x5000, 0x4800, 0x1000, 0x0000, 0x0000, 0x0000, 0x0000, 0x0000, 0x0000, 0x0000,
    0x0000, 0x0000, 0x0000, 0x0000, 0x0000, 0x0000, 0x0000, 0x0000, 0x0000, 0x0000, 0x010E, 0x0065,
    0x9861, 0xE801, 0xF001, 0xC000, 0xE801, 0xE021, 0xD800, 0xE021, 0xD820, 0xE800, 0xF041, 0xD820,
    0xE001, 0xE801, 0xD801, 0xD800, 0xD801, 0xD801, 0xD801, 0xD801, 0xD021, 0xD001, 0xD801, 0xD801,
    0xE000, 0xD800, 0xD001, 0xC800, 0xD000, 0xD800, 0xD800, 0xE001, 0x6000, 0x0001, 0x0047, 0x0001,
    0x6840, 0xD001, 0xB800, 0xC800, 0xC800, 0xC800, 0xC800, 0xC821, 0xC821, 0xC021, 0xC000, 0xC001,
    0xC801, 0xC801, 0xC801, 0xC801, 0xC801, 0xC801, 0xC801, 0xC801, 0x5800, 0x0001, 0x0002, 0x4860,
    0xD041, 0xC000, 0xC001, 0xC801, 0xC801, 0xC801, 0xC801, 0x2800, 0x0023, 0x0047, 0x0067, 0x0067,
    0x0000, 0x0000, 0x0000, 0x0045, 0x0024, 0x4820, 0xD882, 0xC801, 0xC801, 0xC001, 0xC801, 0xC821,
    0xC000, 0xD001, 0x7000, 0x0000, 0x0047, 0x0046, 0x0046, 0x0046, 0x0023, 0x0002, 0x60A1, 0xD841,
    0xC000, 0xB800, 0xC001, 0xC001, 0xC801, 0x9000, 0x0001, 0x0027, 0x0002, 0x2000, 0xC841, 0xC801,
    0xC001, 0xC001, 0xC021, 0xC821, 0xC801, 0xC800, 0xC801, 0xC821, 0xC801, 0xC801, 0xC801, 0xC801,
    0xC821, 0xC821, 0xC821, 0xC821, 0xC821, 0xC801, 0xC821, 0xD021, 0xD021, 0xC821, 0xC000, 0xC001,
    0x8001, 0x3800, 0x2000, 0x1860, 0x0000, 0x1820, 0x0820, 0x0001, 0x3081, 0xD0E3, 0xC800, 0xC801,
    0xC001, 0xC001, 0xC000, 0xD001, 0x6000, 0x0024, 0x0069, 0x0068, 0x0004, 0x3881, 0xD082, 0x7000,
    0x1020, 0xA4C0, 0x18A0, 0x2000, 0x2020, 0x2000, 0x8000, 0xC800, 0xB820, 0xA820, 0xC000, 0xC820,
    0x8000, 0x0000, 0x5A80, 0xD540, 0xFF20, 0xFF00, 0xB4A0, 0x5220, 0x0820, 0x0840, 0x5220, 0xC520,
    0xFF20, 0xFEA0, 0xFE60, 0xFE80, 0xFE60, 0xFE60, 0xFE60, 0xFE60, 0xFE60, 0xFE60, 0xFE60, 0xFE80,
    0xF680, 0x8360, 0x2120, 0x0000, 0x41A0, 0xFEC0, 0xFE60, 0xFE60, 0xFE80, 0xFE60, 0xFE60, 0xFE40,
    0xFEC0, 0x7300, 0x1800, 0x2820, 0x0000, 0x0840, 0xE5C0, 0xFE80, 0xFE60, 0xFE60, 0xFE40, 0xFEE0,
    0x5240, 0x2800, 0x4800, 0x4000, 0x0000, 0x0000, 0x0000, 0x0000, 0x0000, 0x0000, 0x0000, 0x0000,
    0x0000, 0x0000, 0x0000, 0x0000, 0x0000, 0x0000, 0x0000, 0x0000, 0x0000, 0x0023, 0x010F, 0x2840,
    0xE062, 0xE800, 0xE001, 0xD000, 0xF001, 0xF001, 0xE801, 0xD021, 0xE000, 0xF021, 0xF801, 0xD801,
    0x8000, 0x1000, 0x0800, 0x0800, 0x0800, 0x0800, 0x0000, 0x0000, 0x0800, 0x0800, 0x0800, 0x0800,
    0x0800, 0x0800, 0x0000, 0x0000, 0x0000, 0x0800, 0x0800, 0x0000, 0x0001, 0x0047, 0x0067, 0x0002,
    0x0000, 0x0000, 0x0000, 0x0000, 0x0000, 0x0000, 0x0000, 0x0000, 0x0000, 0x0000, 0x0000, 0x0000,
    0x0000, 0x0000, 0x0000, 0x0000, 0x0000, 0x0000, 0x0000, 0x0000, 0x0000, 0x0024, 0x0001, 0x0000,
    0x0000, 0x0000, 0x0000, 0x0000, 0x0000, 0x0000, 0x0000, 0x0001, 0x0068, 0x0047, 0x0068, 0x0023,
    0x0000, 0x0000, 0x0000, 0x0000, 0x0000, 0x0000, 0x0000, 0x0000, 0x0000, 0x0000, 0x0000, 0x0000,
    0x0000, 0x0000, 0x0000, 0x0025, 0x0047, 0x0047, 0x0068, 0x0045, 0x0000, 0x0000, 0x0000, 0x0000,
    0x0000, 0x0000, 0x0000, 0x0000, 0x0000, 0x0000, 0x0024, 0x0047, 0x0025, 0x0000, 0x0000, 0x0000,
    0x0000, 0x0000, 0x0000, 0x0000, 0x0000, 0x0000, 0x0000, 0x0000, 0x0000, 0x0000, 0x0000, 0x0000,
    0x0000, 0x0000, 0x0000, 0x0000, 0x0000, 0x0000, 0x0000, 0x0000, 0x0000, 0x0000, 0x0000, 0x10A0,
    0x31E0, 0x6B40, 0x9400, 0xB4A0, 0xA460, 0x62C0, 0x18A0, 0x0000, 0x0000, 0x0000, 0x0000, 0x0000,
    0x0000, 0x0000, 0x0000, 0x0000, 0x0000, 0x0069, 0x008A, 0x0047, 0x0001, 0x0000, 0x0000, 0x0000,
    0x7340, 0xF6C0, 0x49C0, 0x0880, 0x8C00, 0x0000, 0x0000, 0x0000, 0x0000, 0x0000, 0x0000, 0x0000,
    0x0860, 0xA440, 0xFEC0, 0xFEC0, 0xFE60, 0xF640, 0xE5E0, 0x93E0, 0x0000, 0x2900, 0xFEE0, 0xFEE0,
    0xFE40, 0xFE40, 0xFE80, 0xFE80, 0xFE80, 0xFE80, 0xFE60, 0xFE60, 0xFE60, 0xFE80, 0xFEC0, 0xFF00,
    0xFEC0, 0x7340, 0x2880, 0x0800, 0x8380, 0xFEE0, 0xFE40, 0xFE40, 0xFE80, 0xFE80, 0xFE60, 0xFE20,
    0xFEC0, 0x8BA0, 0x1800, 0x3020, 0x0000, 0x49E0, 0xFEA0, 0xFE40, 0xFE60, 0xFE60, 0xFE80, 0xE600,
    0x1860, 0x4000, 0x4800, 0x2800, 0x0000, 0x0000, 0x0000, 0x0000, 0x0000, 0x0000, 0x0000, 0x0000,
    0x0000, 0x0000, 0x0000, 0x0000, 0x0000, 0x0000, 0x0000, 0x0000, 0x0000, 0x00CC, 0x0067, 0x8880,
    0xF821, 0xF001, 0xE801, 0xE800, 0xF001, 0xF001, 0xD800, 0xD801, 0xF041, 0xF841, 0xC000, 0x3000,
    0x0001, 0x0002, 0x0001, 0x0001, 0x0002, 0x0002, 0x0002, 0x0003, 0x0023, 0x0003, 0x0003, 0x0003,
    0x0003, 0x0003, 0x0003, 0x0023, 0x0023, 0x0003, 0x0003, 0x0002, 0x0046, 0x008A, 0x0068, 0x0024,
    0x0003, 0x0023, 0x0003, 0x0002, 0x0002, 0x0002, 0x0002, 0x0002, 0x0002, 0x0002, 0x0002, 0x0002,
    0x0002, 0x0002, 0x0002, 0x0002, 0x0002, 0x0002, 0x0002, 0x0001, 0x0024, 0x0046, 0x0003, 0x0023,
    0x0023, 0x0023, 0x0002, 0x0002, 0x0002, 0x0002, 0x0002, 0x0024, 0x008A, 0x0069, 0x0067, 0x0000,
    0x0000, 0x0000, 0x0000, 0x0000, 0x0046, 0x0047, 0x0045, 0x0024, 0x0002, 0x0002, 0x0002, 0x0002,
    0x0002, 0x0002, 0x0003, 0x0068, 0x0068, 0x0068, 0x0047, 0x0000, 0x0000, 0x0000, 0x0024, 0x0024,
    0x0003, 0x0002, 0x0002, 0x0002, 0x0002, 0x0002, 0x0046, 0x0047, 0x0046, 0x0002, 0x0002, 0x0023,
    0x0024, 0x0023, 0x0023, 0x0003, 0x0003, 0x0003, 0x0003, 0x0003, 0x0003, 0x0003, 0x0002, 0x0002,
    0x0002, 0x0002, 0x0002, 0x0022, 0x0002, 0x0002, 0x0001, 0x0000, 0x2920, 0x72E0, 0xBCE0, 0xF680,
    0xFEC0, 0xFEA0, 0xFEC0, 0xC500, 0x49C0, 0x1040, 0x0001, 0x0000, 0x0023, 0x0023, 0x0003, 0x0003,
    0x0024, 0x0024, 0x0023, 0x0001, 0x0820, 0x0044, 0x0069, 0x0026, 0x0022, 0x0002, 0x5200, 0xA420,
    0xFEA1, 0xFF00, 0xB4A0, 0xB4A0, 0xA440, 0x0000, 0x0022, 0x0003, 0x0003, 0x0002, 0x0022, 0x0001,
    0x5220, 0xFF40, 0xFE60, 0xFE60, 0xFEA0, 0xEE00, 0xF660, 0x5220, 0x3140, 0xB4E0, 0xF680, 0xFE80,
    0xFE60, 0xFE60, 0xFE80, 0xFE80, 0xFE80, 0xFE60, 0xFE60, 0xFEA0, 0xFF00, 0xFEA0, 0xBD00, 0x6AE0,
    0x3140, 0x1000, 0x5800, 0x1800, 0xCD80, 0xFEC0, 0xFE40, 0xFE40, 0xFE80, 0xFE60, 0xFE60, 0xFE20,
    0xFEC0, 0xA440, 0x1000, 0x3820, 0x0000, 0x9C00, 0xFEE0, 0xFE40, 0xFE60, 0xFE60, 0xFEE0, 0x9C00,
    0x0800, 0x4800, 0x4800, 0x1000, 0x0000, 0x0000, 0x0000, 0x0000, 0x0000, 0x0000, 0x0000, 0x0000,
    0x0000, 0x0000, 0x0000, 0x0000, 0x0000, 0x0000, 0x0000, 0x0000, 0x0001, 0x0110, 0x1041, 0xD8A2,
    0xE800, 0xE821, 0xE801, 0xE801, 0xE801, 0xE801, 0xE801, 0xF801, 0xF021, 0x7000, 0x0001, 0x0044,
    0x0023, 0x0001, 0x0002, 0x0002, 0x0002, 0x0003, 0x0003, 0x0024, 0x0024, 0x0024, 0x0024, 0x0024,
    0x0024, 0x0024, 0x0024, 0x0024, 0x0024, 0x0024, 0x0024, 0x0003, 0x0025, 0x008A, 0x008A, 0x0045,
    0x0000, 0x0024, 0x0003, 0x0024, 0x0024, 0x0024, 0x0003, 0x0023, 0x0023, 0x0023, 0x0023, 0x0023,
    0x0003, 0x0003, 0x0003, 0x0003, 0x0003, 0x0003, 0x0003, 0x0003, 0x0003, 0x0047, 0x0025, 0x0024,
    0x0024, 0x0024, 0x0003, 0x0003, 0x0003, 0x0003, 0x0003, 0x0003, 0x0067, 0x008A, 0x0045, 0x0000,
    0x0000, 0x0000, 0x0000, 0x0000, 0x0024, 0x0068, 0x0045, 0x0024, 0x0003, 0x0003, 0x0003, 0x0003,
    0x0003, 0x0003, 0x0002, 0x0046, 0x0069, 0x0069, 0x0002, 0x0000, 0x0000, 0x0000, 0x0023, 0x0025,
    0x0003, 0x0003, 0x0003, 0x0003, 0x0003, 0x0003, 0x0024, 0x0069, 0x0047, 0x0000, 0x0003, 0x0024,
    0x0024, 0x0024, 0x0024, 0x0024, 0x0024, 0x0024, 0x0024, 0x0024, 0x0024, 0x0023, 0x0003, 0x0003,
    0x0023, 0x0023, 0x0003, 0x0001, 0x0000, 0x3140, 0x72E0, 0xCD20, 0xFE60, 0xFEE0, 0xFEC0, 0xFE80,
    0xF600, 0xEE00, 0xCD60, 0xB4C0, 0x7B60, 0x41E0, 0x1001, 0x0801, 0x0003, 0x0046, 0x0024, 0x0024,
    0x0023, 0x0023, 0x0002, 0x3120, 0x7300, 0x0000, 0x1880, 0x1881, 0x0001, 0x0000, 0xBCA0, 0xFEC0,
    0xFE80, 0xFE60, 0xF640, 0xFEE0, 0x8B80, 0x1820, 0x1802, 0x0023, 0x0023, 0x0023, 0x0024, 0x0001,
    0xA440, 0xFEC0, 0xFE60, 0xFE80, 0xFE80, 0xFE40, 0xEE00, 0x1060, 0x5A40, 0xFF20, 0xFE80, 0xFE60,
    0xFE60, 0xFE60, 0xFE80, 0xFE80, 0xFE80, 0xFEE0, 0xFF00, 0xF660, 0xA480, 0x5220, 0x1020, 0x0800,
    0x3000, 0x6000, 0x4800, 0x3140, 0xFEA0, 0xFE80, 0xFE60, 0xFE20, 0xFE60, 0xFE60, 0xFE60, 0xFE40,
    0xFEC0, 0xBD00, 0x0800, 0x3800, 0x0820, 0xDDA0, 0xFEA0, 0xFE60, 0xFE60, 0xFE60, 0xFEE0, 0x4A00,
    0x2000, 0x4820, 0x3800, 0x0000, 0x0000, 0x0000, 0x0000, 0x0000, 0x0000, 0x0000, 0x0000, 0x0000,
    0x0000, 0x0000, 0x0000, 0x0000, 0x0000, 0x0000, 0x0000, 0x0000, 0x00A9, 0x00AA, 0x60A0, 0xF862,
    0xE800, 0xE801, 0xE801, 0xF001, 0xE801, 0xE801, 0xF801, 0xB800, 0x2800, 0x0043, 0x0065, 0x0002,
    0x0001, 0x0001, 0x0001, 0x0002, 0x0003, 0x0023, 0x0024, 0x0024, 0x0024, 0x0024, 0x0025, 0x0025,
    0x0025, 0x0025, 0x0024, 0x0024, 0x0024, 0x0024, 0x0024, 0x0025, 0x0024, 0x0068, 0x008B, 0x0002,
    0x0000, 0x0024, 0x0025, 0x0025, 0x0025, 0x0025, 0x0025, 0x0025, 0x0024, 0x0024, 0x0024, 0x0024,
    0x0004, 0x0024, 0x0024, 0x0024, 0x0003, 0x0024, 0x0024, 0x0024, 0x0003, 0x0047, 0x0067, 0x0000,
    0x0025, 0x0024, 0x0024, 0x0024, 0x0024, 0x0024, 0x0004, 0x0003, 0x0045, 0x008A, 0x0001, 0x0000,
    0x0000, 0x0000, 0x0000, 0x0000, 0x0000, 0x0067, 0x0046, 0x0024, 0x0024, 0x0024, 0x0024, 0x0024,
    0x0003, 0x0003, 0x0003, 0x0045, 0x00AB, 0x0046, 0x0000, 0x0000, 0x0000, 0x0000, 0x0001, 0x0025,
    0x0024, 0x0024, 0x0024, 0x0024, 0x0024, 0x0003, 0x0024, 0x008B, 0x0046, 0x0000, 0x0001, 0x0025,
    0x0025, 0x0025, 0x0025, 0x0025, 0x0025, 0x0024, 0x0025, 0x0025, 0x0025, 0x0024, 0x0024, 0x0024,
    0x0003, 0x0001, 0x0840, 0x62C0, 0xC540, 0xFE80, 0xFEE0, 0xFEA0, 0xFE60, 0xFE40, 0xFE40, 0xFE20,
    0xF620, 0xFE80, 0xEE40, 0x6280, 0x0020, 0x0000, 0x4001, 0x1803, 0x0022, 0x0068, 0x0025, 0x0025,
    0x0001, 0x0000, 0x2900, 0xCD80, 0xCD60, 0x1880, 0x9BE0, 0x2900, 0x0000, 0x2900, 0xF640, 0xFE60,
    0xFE60, 0xFE80, 0xFE80, 0xFEA0, 0x7300, 0x2000, 0x4821, 0x0024, 0x0024, 0x0025, 0x0005, 0x1060,
    0xE5C0, 0xFE80, 0xFE60, 0xFE80, 0xFE40, 0xFE80, 0xCD40, 0x0000, 0x3980, 0xF6A0, 0xFE80, 0xFE40,
    0xFE60, 0xFE40, 0xFE60, 0xFEA0, 0xF680, 0xB4A0, 0x5A80, 0x18A0, 0x0800, 0x2800, 0x5000, 0x5820,
    0x5020, 0x5820, 0x1800, 0x7320, 0xFF00, 0xFE40, 0xFE60, 0xFE20, 0xFE60, 0xFE80, 0xFE60, 0xFE60,
    0xFEA0, 0xD580, 0x1020, 0x1800, 0x39A0, 0xFEA0, 0xFE60, 0xFE60, 0xFE60, 0xFEA0, 0xE5E0, 0x1040,
    0x3800, 0x4800, 0x2800, 0x0000, 0x0000, 0x0000, 0x0000, 0x0000, 0x0000, 0x0000, 0x0000, 0x0000,
    0x0000, 0x0000, 0x0000, 0x0000, 0x0000, 0x0000, 0x0000, 0x0000, 0x0110, 0x0042, 0xC882, 0xF001,
    0xE801, 0xF001, 0xE801, 0xE801, 0xF801, 0xE000, 0x6800, 0x0021, 0x0065, 0x0044, 0x0001, 0x0001,
    0x0001, 0x0001, 0x0002, 0x0003, 0x0023, 0x0024, 0x0024, 0x0024, 0x0025, 0x0045, 0x0046, 0x0046,
    0x0046, 0x0046, 0x0046, 0x0045, 0x0045, 0x0045, 0x0046, 0x0046, 0x0025, 0x0046, 0x0046, 0x0000,
    0x0000, 0x0022, 0x0047, 0x0046, 0x0046, 0x0046, 0x0046, 0x0046, 0x0045, 0x0045, 0x0045, 0x0025,
    0x0025, 0x0025, 0x0025, 0x0025, 0x0025, 0x0025, 0x0024, 0x0024, 0x0023, 0x0025, 0x0044, 0x0000,
    0x0045, 0x0046, 0x0025, 0x0045, 0x0045, 0x0045, 0x0045, 0x0025, 0x0046, 0x0067, 0x0000, 0x0000,
    0x0000, 0x0000, 0x0000, 0x0000, 0x0000, 0x0045, 0x0068, 0x0046, 0x0046, 0x0045, 0x0025, 0x0024,
    0x0024, 0x0024, 0x0025, 0x0046, 0x0089, 0x0000, 0x0000, 0x0000, 0x0000, 0x0000, 0x0000, 0x0045,
    0x0046, 0x0046, 0x0045, 0x0025, 0x0025, 0x0045, 0x0045, 0x0089, 0x0022, 0x0000, 0x0000, 0x0046,
    0x0047, 0x0046, 0x0046, 0x0046, 0x0046, 0x0046, 0x0045, 0x0046, 0x0046, 0x0045, 0x0003, 0x0001,
    0x2900, 0x8B80, 0xDDE0, 0xFF00, 0xFEC0, 0xFE60, 0xFE40, 0xFE60, 0xFE60, 0xFE40, 0xFE60, 0xFE60,
    0xFE60, 0xFEA0, 0xAC60, 0x49E0, 0x41A0, 0x0000, 0x4000, 0x4800, 0x0000, 0x0068, 0x0068, 0x0005,
    0x20E0, 0x6AA0, 0xCD20, 0xFF20, 0xE5E0, 0xBCC0, 0xC520, 0x0000, 0x0000, 0x72E0, 0xFEE0, 0xFE40,
    0xFE80, 0xFE80, 0xFE40, 0xFEC0, 0x5240, 0x3000, 0x5020, 0x0824, 0x0045, 0x0046, 0x0005, 0x41C0,
    0xFEA0, 0xFE40, 0xFE60, 0xFE80, 0xFE60, 0xFEE0, 0x93C0, 0x0000, 0x49E0, 0xEE20, 0xFEA0, 0xFE80,
    0xFE60, 0xFE60, 0xFE40, 0xFEC0, 0x5200, 0x0000, 0x1800, 0x3000, 0x5000, 0x5820, 0x5000, 0x5000,
    0x5000, 0x5820, 0x0000, 0xAC80, 0xFEC0, 0xFE60, 0xFE60, 0xFE20, 0xFE60, 0xFE80, 0xFE80, 0xFE60,
    0xFEA0, 0xE5E0, 0x1860, 0x0800, 0x93C0, 0xFEE0, 0xFE40, 0xFE60, 0xFE40, 0xFEE0, 0x9400, 0x1000,
    0x4820, 0x4000, 0x1000, 0x0000, 0x0000, 0x0000, 0x0000, 0x0000, 0x0000, 0x0000, 0x0000, 0x0000,
    0x0000, 0x0000, 0x0000, 0x0000, 0x0000, 0x0000, 0x0000, 0x0065, 0x00CD, 0x4020, 0xF842, 0xE801,
    0xF001, 0xF001, 0xF801, 0xF801, 0xA000, 0x1800, 0x0044, 0x0065, 0x0002, 0x0001, 0x0001, 0x0001,
    0x0002, 0x0002, 0x0002, 0x0000, 0x0000, 0x0000, 0x0000, 0x0000, 0x0001, 0x0001, 0x0001, 0x0001,
    0x0001, 0x0001, 0x0001, 0x0001, 0x0001, 0x0001, 0x0001, 0x0001, 0x0001, 0x0001, 0x0000, 0x0000,
    0x0000, 0x0000, 0x0001, 0x0001, 0x0001, 0x0001, 0x0001, 0x0001, 0x0001, 0x0001, 0x0001, 0x0001,
    0x0001, 0x0001, 0x0001, 0x0001, 0x0001, 0x0000, 0x0000, 0x0000, 0x0000, 0x0000, 0x0000, 0x0000,
    0x0000, 0x0001, 0x0000, 0x0001, 0x0001, 0x0001, 0x0001, 0x0001, 0x0001, 0x0000, 0x0000, 0x0000,
    0x0000, 0x0000, 0x0000, 0x0000, 0x0000, 0x0000, 0x0022, 0x0001, 0x0001, 0x0001, 0x0000, 0x0000,
    0x0000, 0x0001, 0x0001, 0x0001, 0x0000, 0x0000, 0x0000, 0x0000, 0x0000, 0x0000, 0x0000, 0x0001,
    0x0001, 0x0001, 0x0001, 0x0001, 0x0000, 0x0001, 0x0001, 0x0000, 0x0000, 0x0000, 0x0000, 0x0001,
    0x0001, 0x0001, 0x0001, 0x0001, 0x0001, 0x0001, 0x0021, 0x0001, 0x0001, 0x0000, 0x49E0, 0xAC80,
    0xFE60, 0xFEE0, 0xFEA0, 0xFE40, 0xFE60, 0xFE60, 0xFE80, 0xFE60, 0xFE60, 0xFE60, 0xFE80, 0xFE80,
    0xFE80, 0xFF00, 0xE620, 0x7B40, 0x18A0, 0x2920, 0x1800, 0x1000, 0x0000, 0x0000, 0x0042, 0x0001,
    0x7B60, 0xF660, 0xFE80, 0xFE60, 0xEE00, 0xFEC0, 0xAC60, 0x1000, 0x0000, 0xBCC0, 0xFEC0, 0xFE60,
    0xFE80, 0xFE60, 0xFE80, 0xF640, 0x28C0, 0x4800, 0x4000, 0x1000, 0x0001, 0x0021, 0x0000, 0x8380,
    0xFEE0, 0xFE60, 0xFE80, 0xFE80, 0xFE80, 0xFEC0, 0x3980, 0x0000, 0xD580, 0xFEA0, 0xFE60, 0xFE80,
    0xFE80, 0xFE80, 0xFEC0, 0xCD60, 0x0800, 0x5800, 0x6020, 0x5020, 0x5000, 0x4800, 0x5000, 0x5800,
    0x5820, 0x3800, 0x1880, 0xEE00, 0xFE80, 0xFE60, 0xFE60, 0xFE40, 0xFE80, 0xFE80, 0xFE80, 0xFE60,
    0xFE80, 0xF640, 0x20C0, 0x0000, 0xDDC0, 0xFEA0, 0xFE60, 0xFE60, 0xFE40, 0xFEC0, 0x41C0, 0x2800,
    0x4820, 0x3800, 0x0000, 0x0000, 0x0000, 0x0000, 0x0000, 0x0000, 0x0000, 0x0000, 0x0000, 0x0000,
    0x0000, 0x0000, 0x0000, 0x0000, 0x0000, 0x0000, 0x0000, 0x010E, 0x0065, 0xA061, 0xF801, 0xE801,
    0xE801, 0xF801, 0xD800, 0x5800, 0x0021, 0x0065, 0x0024, 0x0001, 0x0001, 0x0002, 0x0002, 0x0002,
    0x0002, 0x0001, 0x0000, 0x0000, 0x0800, 0x0800, 0x1000, 0x1000, 0x1000, 0x1000, 0x1000, 0x1800,
    0x1800, 0x1800, 0x1800, 0x1800, 0x2000, 0x2000, 0x2000, 0x2000, 0x2000, 0x2000, 0x2000, 0x2000,
    0x3000, 0x2800, 0x2000, 0x1800, 0x1800, 0x1800, 0x1800, 0x1800, 0x1800, 0x1800, 0x1800, 0x1800,
    0x1800, 0x1800, 0x1800, 0x1800, 0x1800, 0x2000, 0x2000, 0x2000, 0x1800, 0x2000, 0x2800, 0x2800,
    0x2000, 0x2000, 0x2000, 0x2000, 0x2000, 0x2000, 0x2000, 0x1800, 0x2000, 0x2000, 0x2800, 0x3000,
    0x3000, 0x3800, 0x4000, 0x4000, 0x4000, 0x4000, 0x3000, 0x2000, 0x1800, 0x1800, 0x2000, 0x2000,
    0x2000, 0x2000, 0x2000, 0x2000, 0x2000, 0x3000, 0x3800, 0x4000, 0x4800, 0x4800, 0x4000, 0x2800,
    0x2000, 0x2000, 0x2000, 0x2000, 0x2800, 0x2800, 0x2800, 0x2000, 0x3000, 0x4800, 0x4800, 0x3800,
    0x2800, 0x3000, 0x3000, 0x3000, 0x2800, 0x2800, 0x0000, 0x0000, 0x49E0, 0xC4E0, 0xFEA0, 0xFEC0,
    0xFE60, 0xFE40, 0xFE60, 0xFE60, 0xFE80, 0xFE60, 0xFE80, 0xFE80, 0xFE80, 0xFE60, 0xFE80, 0xFEC0,
    0xF640, 0xB480, 0x3960, 0x0000, 0x6AA0, 0x7300, 0x0020, 0x2920, 0x0800, 0x2000, 0x1800, 0x0000,
    0xCD60, 0xFEA0, 0xFE60, 0xFE80, 0xFE40, 0xFE80, 0x8360, 0x0000, 0x3100, 0xF640, 0xFE60, 0xFE60,
    0xFE80, 0xFE60, 0xFEE0, 0xACA0, 0x1000, 0x5000, 0x3800, 0x0800, 0x0000, 0x0000, 0x0000, 0xC500,
    0xFEC0, 0xFE60, 0xFE80, 0xFE80, 0xFEC0, 0xE5E0, 0x1040, 0x0000, 0x3980, 0xFE80, 0xFE80, 0xFE80,
    0xFE80, 0xFE60, 0xFF00, 0x5A80, 0x1800, 0x4800, 0x2800, 0x1800, 0x0800, 0x0000, 0x0000, 0x1800,
    0x1020, 0x0000, 0x5220, 0xFEC0, 0xFE60, 0xFE60, 0xFE60, 0xFE40, 0xFE60, 0xFE80, 0xFE80, 0xFE80,
    0xFE80, 0xFEC0, 0x2100, 0x20E0, 0xFEA0, 0xFE80, 0xFE80, 0xFE60, 0xFEA0, 0xDDC0, 0x1020, 0x4000,
    0x4800, 0x2000, 0x0000, 0x0000, 0x0000, 0x0000, 0x0000, 0x0000, 0x0000, 0x0000, 0x0000, 0x0000,
    0x0000, 0x0000, 0x0000, 0x0000, 0x0000, 0x0000, 0x0023, 0x010F, 0x2020, 0xF862, 0xF000, 0xF801,
    0xF801, 0x9000, 0x1000, 0x0044, 0x0045, 0x0003, 0x0002, 0x0002, 0x0002, 0x0002, 0x0002, 0x0002,
    0x0000, 0x0000, 0x0000, 0x0000, 0x0800, 0x1000, 0x1000, 0x1800, 0x1800, 0x1800, 0x2000, 0x2000,
    0x2000, 0x2800, 0x3000, 0x3800, 0x3800, 0x3800, 0x4000, 0x4800, 0x4800, 0x5000, 0x4800, 0x5800,
    0x6800, 0x6000, 0x5000, 0x4800, 0x4800, 0x4800, 0x4800, 0x4800, 0x4800, 0x5000, 0x5001, 0x5801,
    0x5801, 0x5801, 0x5801, 0x5801, 0x5801, 0x6001, 0x6801, 0x6801, 0x6801, 0x6801, 0x8001, 0x8001,
    0x7801, 0x8001, 0x8001, 0x7801, 0x7001, 0x7001, 0x7001, 0x7801, 0x7801, 0x7801, 0x8801, 0xA001,
    0xB801, 0xC002, 0xC001, 0xC801, 0xC801, 0xB801, 0xA802, 0x9001, 0x8001, 0x8001, 0x8001, 0x7801,
    0x7801, 0x7001, 0x7801, 0x8001, 0x8801, 0xB001, 0xC002, 0xC802, 0xD002, 0xC802, 0xC802, 0xA801,
    0x9001, 0x8801, 0x8801, 0x9001, 0x8801, 0x8801, 0x8801, 0x9802, 0xB802, 0xC802, 0xC802, 0xB801,
    0xA001, 0x9001, 0x8801, 0x9001, 0x6801, 0x1000, 0x4180, 0xC520, 0xFEA0, 0xFE80, 0xFE20, 0xFE40,
    0xFE60, 0xFE60, 0xFE60, 0xFE60, 0xFE60, 0xFE60, 0xFE80, 0xFE80, 0xFE80, 0xFEA0, 0xFE80, 0xA460,
    0x3960, 0x0000, 0x1880, 0xC4E0, 0xF660, 0x49E0, 0x7320, 0x2940, 0x3800, 0x8000, 0x4800, 0x2900,
    0xFE60, 0xFE60, 0xFE60, 0xFE60, 0xFE40, 0xFEA0, 0x6260, 0x0000, 0x72E0, 0xFEE0, 0xFE40, 0xFE60,
    0xFE80, 0xFE60, 0xFF00, 0x62C0, 0x2800, 0x4820, 0x2000, 0x0000, 0x0000, 0x0000, 0x20C0, 0xF640,
    0xFE80, 0xFE80, 0xFE80, 0xFE60, 0xFF00, 0x9C40, 0x1800, 0x2000, 0x7B80, 0xFF00, 0xFE60, 0xFE80,
    0xFE60, 0xFEA0, 0xEE00, 0x0820, 0x0000, 0x0800, 0x2100, 0x62A0, 0x9400, 0xA460, 0x5A60, 0x0860,
    0x0000, 0x0000, 0x9C20, 0xFEE0, 0xFE60, 0xFE60, 0xFE60, 0xFE60, 0xFE80, 0xFE80, 0xFE80, 0xFE80,
    0xFE80, 0xFF00, 0x3980, 0x62A0, 0xFEE0, 0xFE60, 0xFE80, 0xFE60, 0xFF00, 0x9400, 0x0800, 0x4800,
    0x4000, 0x0800, 0x0000, 0x0000, 0x0000, 0x0000, 0x0000, 0x0000, 0x0000, 0x0000, 0x0000, 0x0000,
    0x0000, 0x0000, 0x0000, 0x0000, 0x0000, 0x0000, 0x00CC, 0x0088, 0x8040, 0xF802, 0xF801, 0xD000,
    0x4800, 0x0021, 0x0045, 0x0024, 0x0002, 0x0003, 0x0003, 0x0003, 0x0003, 0x0003, 0x0001, 0x0000,
    0x0000, 0x0000, 0x0000, 0x0000, 0x0000, 0x0000, 0x0000, 0x0000, 0x0000, 0x0000, 0x0000, 0x0000,
    0x0000, 0x0000, 0x0000, 0x0000, 0x0000, 0x0000, 0x0000, 0x0000, 0x0000, 0x0000, 0x0000, 0x0000,
    0x0000, 0x0000, 0x0000, 0x0000, 0x0000, 0x0000, 0x0000, 0x0000, 0x0000, 0x0000, 0x0000, 0x0000,
    0x0000, 0x0000, 0x0000, 0x0000, 0x0000, 0x0000, 0x0000, 0x0000, 0x0000, 0x0000, 0x0000, 0x0000,
    0x0000, 0x0000, 0x0000, 0x0000, 0x0000, 0x0000, 0x0000, 0x0000, 0x0000, 0x0000, 0x0000, 0x0000,
    0x0000, 0x0000, 0x0000, 0x0000, 0x0000, 0x0000, 0x0000, 0x0000, 0x0000, 0x0000, 0x0000, 0x0000,
    0x0000, 0x0000, 0x0000, 0x0000, 0x0000, 0x0000, 0x0000, 0x0000, 0x0000, 0x0000, 0x0000, 0x0000,
    0x0000, 0x0000, 0x0000, 0x0000, 0x0000, 0x0000, 0x0000, 0x0800, 0x0800, 0x0000, 0x0000, 0x0000,
    0x0000, 0x0000, 0x0000, 0x0800, 0x18A0, 0x83A0, 0xF620, 0xFEA0, 0xFE40, 0xFE40, 0xFE40, 0xFE60,
    0xFE60, 0xFE60, 0xFE60, 0xFE60, 0xFE80, 0xFE80, 0xFE80, 0xFE60, 0xFEA0, 0xDDA0, 0x2940, 0x0000,
    0x20E0, 0x72C0, 0xEDE0, 0xFF00, 0xEDE0, 0xB460, 0xACA0, 0x0800, 0x1000, 0x0020, 0x0000, 0x7300,
    0xFEE0, 0xFE40, 0xFE60, 0xFE40, 0xFE60, 0xFE60, 0x2900, 0x0000, 0xB4C0, 0xFEA0, 0xFE40, 0xFE80,
    0xFE60, 0xFE80, 0xF640, 0x18A0, 0x3800, 0x4800, 0x1800, 0x0000, 0x0000, 0x0000, 0x5240, 0xFEE0,
    0xFE60, 0xFE80, 0xFE80, 0xFE80, 0xFF00, 0x4A20, 0x2800, 0x1820, 0xD5A0, 0xFEC0, 0xFE60, 0xFE80,
    0xFE80, 0xFEE0, 0xACA0, 0x3160, 0x9400, 0xD5C0, 0xFEA0, 0xFF00, 0xFEC0, 0x8BC0, 0x0820, 0x0000,
    0x0000, 0x0000, 0xDD80, 0xFEA0, 0xFE60, 0xFE80, 0xFE80, 0xFE80, 0xFE80, 0xFE80, 0xFE80, 0xFE80,
    0xFE60, 0xFF00, 0x5A60, 0xB4A0, 0xFEE0, 0xFE60, 0xFE80, 0xFE80, 0xFEE0, 0x41C0, 0x2000, 0x4800,
    0x3800, 0x0000, 0x0000, 0x0000, 0x0000, 0x0000, 0x0000, 0x0000, 0x0000, 0x0000, 0x0000, 0x0000,
    0x0000, 0x0000, 0x0000, 0x0000, 0x0000, 0x0001, 0x0130, 0x0800, 0xE8A4, 0xF001, 0x7800, 0x0800,
    0x0023, 0x0046, 0x0004, 0x0003, 0x0024, 0x0023, 0x0024, 0x0024, 0x0002, 0x0000, 0x0000, 0x0000,
    0x0000, 0x0800, 0x0800, 0x0800, 0x0800, 0x1000, 0x1000, 0x1000, 0x1000, 0x1000, 0x1800, 0x1800,
    0x1800, 0x1800, 0x1800, 0x1800, 0x2000, 0x2000, 0x2000, 0x2000, 0x2000, 0x2000, 0x2800, 0x3000,
    0x3000, 0x3000, 0x2800, 0x2800, 0x2800, 0x3000, 0x3000, 0x2800, 0x2800, 0x2800, 0x3000, 0x3000,
    0x3000, 0x3000, 0x3000, 0x3000, 0x3000, 0x3000, 0x3000, 0x3000, 0x3800, 0x3800, 0x3800, 0x4000,
    0x3800, 0x3800, 0x3800, 0x3800, 0x3800, 0x3800, 0x4000, 0x3800, 0x3800, 0x3800, 0x4000, 0x4000,
    0x3800, 0x3800, 0x3800, 0x3800, 0x3800, 0x4000, 0x3800, 0x3800, 0x4000, 0x3800, 0x3800, 0x3800,
    0x3800, 0x3800, 0x3800, 0x4000, 0x4000, 0x4000, 0x4000, 0x4000, 0x4000, 0x4000, 0x4000, 0x4000,
    0x4000, 0x4000, 0x3800, 0x3800, 0x3800, 0x3800, 0x3800, 0x3800, 0x3800, 0x3800, 0x3800, 0x3000,
    0x3000, 0x3800, 0x3800, 0x0800, 0x18C0, 0x8BA0, 0xF640, 0xFE40, 0xFE20, 0xFE40, 0xFE60, 0xFE60,
    0xFE60, 0xFE60, 0xFE60, 0xFE60, 0xFE60, 0xFE80, 0xFE80, 0xFE40, 0xFEE0, 0x83A0, 0x1000, 0x1800,
    0xACA0, 0xFE80, 0xFEA0, 0xFE80, 0xEDE0, 0xFE40, 0x7340, 0x2000, 0x5800, 0x1800, 0x0000, 0xBCA0,
    0xFEA0, 0xFE60, 0xFE80, 0xFE60, 0xFEC0, 0xC540, 0x0000, 0x18A0, 0xEE20, 0xFE80, 0xFE60, 0xFE80,
    0xFE60, 0xFEE0, 0xB4C0, 0x0800, 0x4800, 0x4000, 0x0800, 0x0000, 0x0000, 0x0000, 0x9BE0, 0xFEE0,
    0xFE60, 0xFE80, 0xFE80, 0xFEA0, 0xF640, 0x20C0, 0x3000, 0x2920, 0xF640, 0xFE80, 0xFE80, 0xFEA0,
    0xFE80, 0xFEA0, 0xF660, 0xFEA0, 0xFEE0, 0xFEA0, 0xFE80, 0xF640, 0xCD40, 0x8360, 0x2920, 0x0800,
    0x0000, 0x39A0, 0xFEA0, 0xFE60, 0xFE60, 0xFE60, 0xFEA0, 0xE5E0, 0xBCE0, 0xFEC0, 0xFE60, 0xFE80,
    0xFE60, 0xFEC0, 0xA460, 0xE5E0, 0xFEA0, 0xFE60, 0xFE80, 0xFEA0, 0xE5E0, 0x1040, 0x3800, 0x4000,
    0x2000, 0x0000, 0x0000, 0x0000, 0x0000, 0x0000, 0x0000, 0x0000, 0x0000, 0x0000, 0x0000, 0x0000,
    0x0000, 0x0000, 0x0000, 0x0000, 0x0000, 0x00EB, 0x00EB, 0x7000, 0xC802, 0x2800, 0x0001, 0x0045,
    0x0045, 0x0004, 0x0024, 0x0024, 0x0024, 0x0025, 0x0024, 0x0001, 0x0000, 0x0000, 0x0000, 0x0800,
    0x1800, 0x2800, 0x3000, 0x3800, 0x4001, 0x4801, 0x5001, 0x5801, 0x5801, 0x6801, 0x7001, 0x7801,
    0x8001, 0x9022, 0x9802, 0x9802, 0xA002, 0xB002, 0xB002, 0xB002, 0xB802, 0xC002, 0xC002, 0xC802,
    0xC802, 0xC802, 0xC802, 0xC802, 0xC802, 0xC802, 0xD002, 0xD002, 0xD002, 0xD802, 0xD802, 0xD802,
    0xD802, 0xD002, 0xD002, 0xD002, 0xD802, 0xD802, 0xE002, 0xE802, 0xE002, 0xE803, 0xE802, 0xF002,
    0xE803, 0xE803, 0xF003, 0xF003, 0xE803, 0xE803, 0xE803, 0xE803, 0xE803, 0xE803, 0xF003, 0xF003,
    0xE803, 0xE803, 0xE803, 0xF003, 0xF003, 0xF003, 0xF003, 0xF003, 0xF003, 0xE803, 0xE803, 0xE803,
    0xE803, 0xE803, 0xF003, 0xF003, 0xF003, 0xF003, 0xF803, 0xF803, 0xF803, 0xF003, 0xF803, 0xF803,
    0xF002, 0xF002, 0xF002, 0xE802, 0xE802, 0xE802, 0xE802, 0xE802, 0xE802, 0xE802, 0xE802, 0xE802,
    0xD802, 0xD002, 0xB822, 0x1800, 0x41E0, 0xEE00, 0xFE80, 0xFE40, 0xFE20, 0xFE40, 0xFE60, 0xFE40,
    0xFE80, 0xFEA0, 0xFE60, 0xFE60, 0xFE60, 0xFE60, 0xFE80, 0xFE40, 0xFEC0, 0x4A00, 0x1800, 0x3100,
    0xF660, 0xFE80, 0xFE80, 0xFE60, 0xFE20, 0xFE80, 0x4A20, 0x3800, 0x6020, 0x5000, 0x1880, 0xEDE0,
    0xFE80, 0xFE60, 0xFE60, 0xFE60, 0xFF00, 0x8360, 0x0000, 0x6280, 0xFEE0, 0xFE60, 0xFE80, 0xFE80,
    0xFE60, 0xFEE0, 0x62A0, 0x1800, 0x4820, 0x3000, 0x0000, 0x0000, 0x0000, 0x0820, 0xDDA0, 0xFEA0,
    0xFE80, 0xFE80, 0xFE80, 0xFEE0, 0xB4C0, 0x2000, 0x2800, 0x5280, 0xFE40, 0xFE80, 0xFE80, 0xFEA0,
    0xFEA0, 0xFEA0, 0xFEA0, 0xFE80, 0xFE40, 0xFE40, 0xFE40, 0xFE60, 0xFEC0, 0xA440, 0x1080, 0x3000,
    0x0000, 0x8380, 0xFF00, 0xFE60, 0xFE60, 0xFE60, 0xFF00, 0xA440, 0x6AC0, 0xFF00, 0xFE60, 0xFE80,
    0xFE80, 0xFE80, 0xFE60, 0xFE80, 0xFE80, 0xFE80, 0xFE60, 0xFF00, 0x9C20, 0x0800, 0x4800, 0x4000,
    0x0800, 0x0000, 0x0000, 0x0000, 0x0000, 0x0000, 0x0000, 0x0000, 0x0000, 0x0000, 0x0000, 0x0000,
    0x0000, 0x0000, 0x0000, 0x0000, 0x0000, 0x0087, 0x0021, 0x4000, 0x0000, 0x0023, 0x0046, 0x0046,
    0x0025, 0x0025, 0x0025, 0x0045, 0x0025, 0x0023, 0x0000, 0x0000, 0x0000, 0x0000, 0x0000, 0x0000,
    0x0000, 0x0000, 0x0000, 0x0000, 0x0000, 0x0000, 0x0000, 0x0000, 0x0000, 0x0000, 0x0000, 0x0000,
    0x0000, 0x0000, 0x0000, 0x0000, 0x0000, 0x0000, 0x0000, 0x0000, 0x0800, 0x0800, 0x0800, 0x0800,
    0x0800, 0x0800, 0x0800, 0x1000, 0x1800, 0x1000, 0x1800, 0x2000, 0x2000, 0x2800, 0x3000, 0x2800,
    0x2800, 0x2800, 0x2800, 0x2800, 0x2800, 0x2800, 0x2800, 0x3000, 0x3000, 0x3000, 0x3000, 0x3000,
    0x3000, 0x3000, 0x3000, 0x3000, 0x3000, 0x3000, 0x3000, 0x3800, 0x3800, 0x3800, 0x3000, 0x3800,
    0x3000, 0x3000, 0x3000, 0x3000, 0x3000, 0x3000, 0x3800, 0x3800, 0x3000, 0x3000, 0x3800, 0x3800,
    0x3000, 0x3000, 0x3000, 0x3800, 0x3800, 0x3800, 0x3000, 0x3000, 0x3000, 0x3000, 0x3000, 0x3000,
    0x3000, 0x3000, 0x3000, 0x3000, 0x3000, 0x3000, 0x3000, 0x3000, 0x3000, 0x2800, 0x2800, 0x3000,
    0x2800, 0x2800, 0x1000, 0x39C0, 0xB4A0, 0xFE40, 0xFE40, 0xFE60, 0xFE60, 0xFE60, 0xFEA0, 0xFEE0,
    0xEE00, 0xDD80, 0xFE80, 0xFE60, 0xFE60, 0xFE60, 0xFE60, 0xFE60, 0xEDE0, 0x2080, 0x0800, 0x7B60,
    0xFEE0, 0xFE60, 0xFE80, 0xFE40, 0xFE60, 0xDDA0, 0x1880, 0x4800, 0x4020, 0x0800, 0x5220, 0xFEA0,
    0xFE60, 0xFE60, 0xFE80, 0xFE80, 0xFEA0, 0x3960, 0x0000, 0xB4A0, 0xFEC0, 0xFE60, 0xFE80, 0xFE80,
    0xFEA0, 0xF660, 0x20C0, 0x3000, 0x4800, 0x2000, 0x0000, 0x0000, 0x0000, 0x3160, 0xFEA0, 0xFE60,
    0xFE80, 0xFE80, 0xFE60, 0xFF00, 0x7300, 0x0800, 0x1020, 0xBCE0, 0xFE80, 0xFE60, 0xFE80, 0xFE80,
    0xFEA0, 0xFEA0, 0xFEA0, 0xFE60, 0xFE40, 0xFE60, 0xFE80, 0xFEC0, 0xEE20, 0x5A80, 0x1820, 0x6000,
    0x0800, 0xC540, 0xFEA0, 0xFE60, 0xFE60, 0xFE40, 0xFEE0, 0x5A40, 0x39A0, 0xFF00, 0xFE60, 0xFE80,
    0xFE80, 0xFE80, 0xFE80, 0xFE80, 0xFE80, 0xFE80, 0xFE60, 0xFEE0, 0x4A00, 0x1800, 0x4820, 0x3800,
    0x0000, 0x0000, 0x0000, 0x0000, 0x0000, 0x0000, 0x0000, 0x0000, 0x0000, 0x0000, 0x0000, 0x0000,
    0x0000, 0x0000, 0x0000, 0x0000, 0x0000, 0x0000, 0x0000, 0x0001, 0x0046, 0x0047, 0x0046, 0x0046,
    0x0046, 0x0046, 0x0047, 0x0045, 0x0001, 0x0000, 0x0000, 0x0000, 0x0000, 0x0000, 0x0000, 0x0000,
    0x0000, 0x0000, 0x0000, 0x0000, 0x0000, 0x0000, 0x0000, 0x0000, 0x0000, 0x0000, 0x0000, 0x0000,
    0x0000, 0x0000, 0x0000, 0x0000, 0x0000, 0x0000, 0x0000, 0x0000, 0x0000, 0x0000, 0x0000, 0x0000,
    0x0000, 0x0000, 0x0000, 0x0000, 0x0000, 0x0000, 0x0000, 0x0000, 0x0000, 0x0000, 0x0000, 0x0000,
    0x0000, 0x0000, 0x0000, 0x0000, 0x0000, 0x0000, 0x0000, 0x0000, 0x0000, 0x0000, 0x0000, 0x0000,
    0x0000, 0x0000, 0x0000, 0x0000, 0x0000, 0x0000, 0x0000, 0x0000, 0x0000, 0x0000, 0x0000, 0x0000,
    0x0000, 0x0000, 0x0000, 0x0000, 0x0000, 0x0000, 0x0000, 0x0000, 0x0000, 0x0000, 0x0000, 0x0000,
    0x0000, 0x0000, 0x0000, 0x0000, 0x0000, 0x0000, 0x0000, 0x0000, 0x0000, 0x0000, 0x0000, 0x0000,
    0x0000, 0x0000, 0x0000, 0x0000, 0x0000, 0x0000, 0x0000, 0x0000, 0x0000, 0x0000, 0x0000, 0x0000,
    0x0000, 0x0000, 0x0820, 0x1060, 0x2920, 0xEDE0, 0xEDA0, 0xEDE0, 0xFEE0, 0xFEA0, 0xD580, 0x7B60,
    0x1080, 0x9BE0, 0xFEC0, 0xFE40, 0xFE60, 0xFE60, 0xFE60, 0xFEC0, 0xB4C0, 0x0800, 0x1020, 0xD580,
    0xFEA0, 0xFE60, 0xFE60, 0xFE40, 0xFEA0, 0x9C20, 0x1000, 0x4800, 0x4000, 0x0000, 0x9C00, 0xFEE0,
    0xFE60, 0xFE80, 0xFE60, 0xFEC0, 0xD580, 0x0000, 0x1880, 0xEE20, 0xFE80, 0xFE60, 0xFE80, 0xFE60,
    0xFEE0, 0xAC60, 0x0000, 0x4000, 0x3800, 0x0800, 0x0000, 0x0000, 0x0000, 0x72E0, 0xFEE0, 0xFE60,
    0xFE80, 0xFE80, 0xFE80, 0xFEA0, 0x2920, 0x1080, 0xB4C0, 0xFEE0, 0xFE60, 0xFE80, 0xFE80, 0xFE80,
    0xFEA0, 0xFEA0, 0xFE80, 0xFE60, 0xFE60, 0xFEC0, 0xFEE0, 0xDDE0, 0x4200, 0x0000, 0x6000, 0x4000,
    0x10A0, 0xF620, 0xFE80, 0xFE60, 0xFE60, 0xFE80, 0xFE80, 0x18C0, 0x2100, 0xFEA0, 0xFE80, 0xFE60,
    0xFE80, 0xFE80, 0xFE80, 0xFE80, 0xFE80, 0xFE60, 0xFEA0, 0xEE20, 0x1880, 0x3800, 0x4800, 0x2000,
    0x0000, 0x0000, 0x0000, 0x0000, 0x0000, 0x0000, 0x0000, 0x0000, 0x0000, 0x0000, 0x0000, 0x0000,
    0x0000, 0x0000, 0x0000, 0x0000, 0x0000, 0x0000, 0x0024, 0x0069, 0x0069, 0x0068, 0x0068, 0x0068,
    0x0068, 0x0067, 0x0023, 0x0000, 0x0000, 0x0000, 0x0000, 0x1000, 0x2000, 0x2800, 0x3000, 0x3800,
    0x4001, 0x4001, 0x4801, 0x5001, 0x5801, 0x5801, 0x6001, 0x7001, 0x7001, 0x7801, 0x8801, 0x8802,
    0x9002, 0x9802, 0x9802, 0xA002, 0xA002, 0xA002, 0xB002, 0xB802, 0xB802, 0xB802, 0xC002, 0xC822,
    0xC022, 0xC022, 0xC822, 0xC802, 0xC802, 0xC802, 0xC802, 0xC802, 0xD022, 0xC802, 0xC802, 0xC802,
    0xC802, 0xC802, 0xC802, 0xC802, 0xC802, 0xC802, 0xD002, 0xD002, 0xD002, 0xD802, 0xD002, 0xD802,
    0xD802, 0xD802, 0xD802, 0xD802, 0xD802, 0xD802, 0xD802, 0xD822, 0xD802, 0xD802, 0xD802, 0xD802,
    0xD802, 0xD802, 0xD802, 0xD802, 0xD802, 0xE002, 0xE002, 0xE002, 0xE002, 0xE002, 0xD802, 0xD822,
    0xD822, 0xE002, 0xE002, 0xE002, 0xE002, 0xE002, 0xE002, 0xE002, 0xE002, 0xD802, 0xD802, 0xD802,
    0xE002, 0xD802, 0xD802, 0xE002, 0xE002, 0xD802, 0xD802, 0xD802, 0xD802, 0xD802, 0xD022, 0xC822,
    0xB822, 0xC022, 0x8001, 0x1860, 0x6B20, 0xB480, 0xDDA0, 0xFE80, 0xB4C0, 0x4A00, 0x0820, 0x0800,
    0x0020, 0xDDA0, 0xFEA0, 0xFE60, 0xFE60, 0xFE60, 0xFE60, 0xFEE0, 0x6AE0, 0x0000, 0x4180, 0xFE80,
    0xFE60, 0xFE60, 0xFE60, 0xFE40, 0xFEC0, 0x4A20, 0x2000, 0x4020, 0x2800, 0x0820, 0xDDC0, 0xFEA0,
    0xFE60, 0xFE80, 0xFE60, 0xFF00, 0x8BC0, 0x0000, 0x5200, 0xFEC0, 0xFE60, 0xFE80, 0xFE80, 0xFE60,
    0xFEE0, 0x5A80, 0x1800, 0x4820, 0x3000, 0x0000, 0x0000, 0x0000, 0x0000, 0xB480, 0xFEC0, 0xFE60,
    0xFE80, 0xFE60, 0xFEC0, 0xD580, 0x0000, 0x1080, 0xD580, 0xFEA0, 0xFE60, 0xFE80, 0xFE80, 0xFE80,
    0xFE80, 0xFE60, 0xFEA0, 0xFEE0, 0xF660, 0xA460, 0x41E0, 0x1040, 0x1800, 0x4800, 0x6800, 0x3000,
    0x4A00, 0xFEC0, 0xFE60, 0xFE80, 0xFE60, 0xFEC0, 0xC500, 0x0000, 0x1860, 0xEE20, 0xFEA0, 0xFE60,
    0xFE80, 0xFE80, 0xFE80, 0xFE80, 0xFE80, 0xFE60, 0xFEE0, 0xAC60, 0x0800, 0x4800, 0x4000, 0x1000,
    0x0000, 0x0000, 0x0000, 0x0000, 0x0000, 0x0000, 0x0000, 0x0000, 0x0000, 0x0000, 0x0000, 0x0000,
    0x0000, 0x0000, 0x0000, 0x0000, 0x0000, 0x0000, 0x0023, 0x008A, 0x0089, 0x0069, 0x0089, 0x0089,
    0x0066, 0x0001, 0x0000, 0x0000, 0x0000, 0x0000, 0x0000, 0x0000, 0x0800, 0x0800, 0x0800, 0x0800,
    0x1000, 0x1000, 0x1000, 0x1000, 0x1000, 0x1800, 0x1800, 0x2000, 0x2000, 0x2800, 0x2800, 0x3000,
    0x3000, 0x3800, 0x3800, 0x3800, 0x4000, 0x4000, 0x5001, 0x5001, 0x5001, 0x5801, 0x6001, 0x6001,
    0x6001, 0x6801, 0x6801, 0x6801, 0x7001, 0x7001, 0x7001, 0x7801, 0x7801, 0x8001, 0x8001, 0x8001,
    0x8801, 0x8801, 0x8801, 0x8801, 0x8001, 0x8801, 0x8801, 0x8801, 0x8801, 0x9001, 0x8801, 0x8801,
    0x8801, 0x8801, 0x9001, 0x9001, 0x9001, 0x9001, 0x9001, 0x9001, 0x9001, 0x9001, 0x9001, 0x9001,
    0x9001, 0x9001, 0x9001, 0x9001, 0x9001, 0x9001, 0x9001, 0x9801, 0x9801, 0x9801, 0x9801, 0x9801,
    0x9801, 0x9801, 0x9801, 0x9801, 0x9001, 0x9001, 0x9801, 0x9001, 0x9001, 0x9001, 0x9001, 0x9001,
    0x9001, 0x9001, 0x9001, 0x9001, 0x9001, 0x9001, 0x9001, 0x8801, 0x8801, 0x9001, 0x8801, 0x8001,
    0x7001, 0x7021, 0x2800, 0x1080, 0x6260, 0xE640, 0xBD40, 0x4A00, 0x0800, 0x1800, 0x4800, 0x3000,
    0x3160, 0xFE60, 0xFE80, 0xFE60, 0xFE60, 0xFE60, 0xFE80, 0xFE80, 0x3920, 0x0000, 0x8B80, 0xFEC0,
    0xFE20, 0xFE60, 0xFE40, 0xFE40, 0xEDE0, 0x1860, 0x3800, 0x4020, 0x1000, 0x3180, 0xFEC0, 0xFE80,
    0xFE80, 0xFE80, 0xFE60, 0xFEC0, 0x49E0, 0x0000, 0x9C00, 0xFEE0, 0xFE60, 0xFE80, 0xFE80, 0xFEA0,
    0xF640, 0x20C0, 0x3000, 0x4000, 0x2000, 0x0000, 0x0000, 0x0000, 0x1080, 0xEE00, 0xFE80, 0xFE60,
    0xFE80, 0xFE60, 0xFF00, 0x8BA0, 0x0000, 0x0000, 0xC520, 0xFEC0, 0xFE60, 0xFE80, 0xFE80, 0xFE80,
    0xFEC0, 0xFF00, 0xEE20, 0x93E0, 0x3140, 0x0800, 0x1800, 0x4000, 0x4800, 0x4000, 0x5000, 0x0800,
    0x9BE0, 0xFEC0, 0xFE40, 0xFE80, 0xFE60, 0xFEE0, 0x7B40, 0x1800, 0x1800, 0xC540, 0xFEC0, 0xFE60,
    0xFE80, 0xFE80, 0xFE80, 0xFE80, 0xFE80, 0xFE60, 0xFEE0, 0x62A0, 0x1800, 0x4820, 0x3800, 0x0000,
    0x0000, 0x0000, 0x0000, 0x0000, 0x0000, 0x0000, 0x0000, 0x0000, 0x0000, 0x0000, 0x0000, 0x0000,
    0x0000, 0x0000, 0x0000, 0x0000, 0x0000, 0x0000, 0x0000, 0x0089, 0x00AB, 0x00AC, 0x0089, 0x0023,
    0x0000, 0x0000, 0x0000, 0x0000, 0x0000, 0x0000, 0x0000, 0x0000, 0x0000, 0x0000, 0x0000, 0x0000,
    0x0000, 0x0000, 0x0000, 0x0000, 0x0000, 0x0000, 0x0000, 0x0000, 0x0000, 0x0000, 0x0000, 0x0000,
    0x0000, 0x0000, 0x0000, 0x0000, 0x0000, 0x0000, 0x0000, 0x0000, 0x0000, 0x0000, 0x0000, 0x0000,
    0x0000, 0x0000, 0x0000, 0x0000, 0x0000, 0x0000, 0x0000, 0x0000, 0x0000, 0x0000, 0x0000, 0x0000,
    0x0000, 0x0000, 0x0000, 0x0000, 0x0000, 0x0000, 0x0000, 0x0000, 0x0000, 0x0000, 0x0000, 0x0000,
    0x0000, 0x0000, 0x0000, 0x0000, 0x0000, 0x0000, 0x0000, 0x0000, 0x0000, 0x0000, 0x0000, 0x0000,
    0x0000, 0x0000, 0x0000, 0x0000, 0x0000, 0x0000, 0x0000, 0x0000, 0x0000, 0x0000, 0x0000, 0x0000,
    0x0000, 0x0000, 0x0000, 0x0000, 0x0000, 0x0000, 0x0000, 0x0000, 0x0000, 0x0000, 0x0000, 0x0000,
    0x0000, 0x0000, 0x0000, 0x0000, 0x0000, 0x0000, 0x0000, 0x0000, 0x0000, 0x0000, 0x0000, 0x0000,
    0x0000, 0x0000, 0x0000, 0x0020, 0x6B40, 0x41E0, 0x0800, 0x2000, 0x4800, 0x5020, 0x5020, 0x1000,
    0x62A0, 0xFEC0, 0xFE60, 0xFE80, 0xFE80, 0xFE60, 0xFEA0, 0xD560, 0x0820, 0x0800, 0xCD40, 0xFE60,
    0xFE20, 0xFE60, 0xFE40, 0xFEA0, 0x93E0, 0x0800, 0x4000, 0x3820, 0x0000, 0x7B40, 0xFF00, 0xFE60,
    0xFE80, 0xFE80, 0xFEA0, 0xEE20, 0x1860, 0x0000, 0xDDA0, 0xFEA0, 0xFE60, 0xFE60, 0xFE60, 0xFEE0,
    0xA460, 0x0000, 0x4000, 0x4000, 0x0800, 0x0000, 0x0000, 0x0000, 0x5200, 0xFEC0, 0xFE60, 0xFE80,
    0xFE80, 0xFE60, 0xFEE0, 0x5200, 0x0000, 0x20E0, 0xF660, 0xFEA0, 0xFE60, 0xFE80, 0xFE80, 0xFEC0,
    0xD5A0, 0x62A0, 0x18A0, 0x0800, 0x2000, 0x4000, 0x4000, 0x4000, 0x4000, 0x4800, 0x4000, 0x0820,
    0xDDA0, 0xFE80, 0xFE60, 0xFE80, 0xFE80, 0xFEA0, 0x3160, 0x3000, 0x0800, 0x9C20, 0xFEE0, 0xFE60,
    0xFE80, 0xFE80, 0xFE80, 0xFE80, 0xFE80, 0xFE80, 0xF660, 0x20E0, 0x3000, 0x4800, 0x2800, 0x0000,
    0x0000, 0x0000, 0x0000, 0x0000, 0x0000, 0x0000, 0x0000, 0x0000, 0x0000, 0x0000, 0x0000, 0x0000,
    0x0000, 0x0000, 0x0000, 0x0000, 0x0000, 0x0000, 0x0000, 0x0045, 0x00EE, 0x0067, 0x0001, 0x0000,
    0x0000, 0x0000, 0x0000, 0x0800, 0x0800, 0x1000, 0x1000, 0x1800, 0x1800, 0x1800, 0x2000, 0x2000,
    0x2800, 0x2800, 0x2800, 0x3000, 0x3800, 0x4000, 0x3800, 0x4000, 0x4801, 0x4801, 0x5001, 0x5001,
    0x5001, 0x5801, 0x6001, 0x6001, 0x6001, 0x6801, 0x6801, 0x6801, 0x7001, 0x6801, 0x7001, 0x7801,
    0x7801, 0x7801, 0x7801, 0x7801, 0x8001, 0x8001, 0x8801, 0x8001, 0x8801, 0x9001, 0x8801, 0x9001,
    0x9001, 0x9001, 0x8801, 0x8801, 0x8801, 0x8801, 0x8801, 0x8801, 0x8801, 0x8801, 0x9001, 0x8801,
    0x8801, 0x9001, 0x9001, 0x8801, 0x8801, 0x8801, 0x8801, 0x8801, 0x8801, 0x9001, 0x8801, 0x8801,
    0x9001, 0x9001, 0x9001, 0x9001, 0x9001, 0x9001, 0x9001, 0x9001, 0x9001, 0x9001, 0x9001, 0x9001,
    0x8801, 0x9001, 0x9001, 0x9001, 0x9001, 0x9801, 0x9001, 0x9001, 0x9001, 0x9001, 0x9001, 0x9001,
    0x9001, 0x9001, 0x9001, 0x8801, 0x8801, 0x8801, 0x8801, 0x8801, 0x8801, 0x8001, 0x8001, 0x7801,
    0x7001, 0x6001, 0x5801, 0x3000, 0x1800, 0x4000, 0x6000, 0x4820, 0x4000, 0x4000, 0x5000, 0x0800,
    0xAC80, 0xFEC0, 0xFE60, 0xFE80, 0xFE80, 0xFE60, 0xFEE0, 0x8BA0, 0x0000, 0x3980, 0xFE80, 0xFE40,
    0xFE60, 0xFE60, 0xFE40, 0xFEA0, 0x41C0, 0x2000, 0x4820, 0x2800, 0x0000, 0xCD40, 0xFEC0, 0xFE60,
    0xFE80, 0xFE60, 0xFEE0, 0xB4A0, 0x0000, 0x41A0, 0xFEA0, 0xFE60, 0xFE60, 0xFE80, 0xFE60, 0xFEE0,
    0x5260, 0x1800, 0x4820, 0x3000, 0x0000, 0x0000, 0x0000, 0x0000, 0x93C0, 0xFEE0, 0xFE40, 0xFE80,
    0xFE60, 0xFEA0, 0xEE20, 0x20A0, 0x0000, 0x5A80, 0xFEC0, 0xFE80, 0xFE80, 0xFE80, 0xFE60, 0xFF00,
    0x5240, 0x0000, 0x4000, 0x4800, 0x4000, 0x4000, 0x4800, 0x4800, 0x4000, 0x4020, 0x1000, 0x3980,
    0xFEA0, 0xFE60, 0xFE80, 0xFE60, 0xFEA0, 0xD580, 0x1020, 0x4800, 0x1000, 0x7320, 0xFF00, 0xFE60,
    0xFE80, 0xFE80, 0xFE80, 0xFE80, 0xFE60, 0xFEC0, 0xC520, 0x0800, 0x4000, 0x4000, 0x1000, 0x0000,
    0x0000, 0x0000, 0x0000, 0x0000, 0x0000, 0x0000, 0x0000, 0x0000, 0x0000, 0x0000, 0x0000, 0x0000,
    0x0000, 0x0000, 0x0000, 0x0000, 0x0000, 0x0000, 0x0000, 0x0001, 0x0024, 0x0000, 0x0000, 0x0000,
    0x0000, 0x0000, 0x0000, 0x0800, 0x1000, 0x2000, 0x2000, 0x2800, 0x3000, 0x3000, 0x3800, 0x3800,
    0x4000, 0x4000, 0x4000, 0x4800, 0x5001, 0x5801, 0x6001, 0x6001, 0x6001, 0x6801, 0x7001, 0x7801,
    0x7801, 0x7801, 0x8001, 0x8801, 0x8801, 0x8801, 0x9001, 0x9001, 0x9001, 0x9001, 0x9801, 0x9801,
    0x9801, 0xA001, 0xA001, 0xA001, 0xA802, 0xB001, 0xA801, 0xB001, 0xB802, 0xB802, 0xB801, 0xB801,
    0xB802, 0xB802, 0xB802, 0xC002, 0xC002, 0xC002, 0xC002, 0xC002, 0xC002, 0xC002, 0xC002, 0xC802,
    0xC002, 0xC002, 0xC802, 0xC802, 0xC802, 0xC802, 0xC802, 0xC802, 0xC802, 0xD002, 0xD002, 0xC802,
    0xC802, 0xC802, 0xC802, 0xD002, 0xD002, 0xC802, 0xC802, 0xC802, 0xC802, 0xD002, 0xD002, 0xD002,
    0xD002, 0xD002, 0xD002, 0xC802, 0xC802, 0xC802, 0xC822, 0xC802, 0xD002, 0xD002, 0xD002, 0xD002,
    0xD002, 0xD002, 0xD002, 0xD002, 0xD002, 0xD002, 0xD002, 0xC802, 0xC802, 0xB802, 0xB001, 0xB001,
    0xA021, 0x9021, 0x7821, 0x7001, 0x6800, 0x6000, 0x4800, 0x4000, 0x4000, 0x5000, 0x4000, 0x1060,
    0xE5E0, 0xFE80, 0xFE60, 0xFE60, 0xFE80, 0xFE60, 0xFEC0, 0x49E0, 0x0000, 0x8360, 0xFEE0, 0xFE40,
    0xFE60, 0xFE60, 0xFE80, 0xE5E0, 0x1060, 0x3800, 0x4020, 0x1000, 0x2920, 0xFE80, 0xFE80, 0xFE80,
    0xFE80, 0xFE60, 0xFEE0, 0x62A0, 0x0000, 0x8BA0, 0xFEE0, 0xFE40, 0xFE80, 0xFE60, 0xFE80, 0xF640,
    0x18A0, 0x3800, 0x4000, 0x2000, 0x0000, 0x0000, 0x0000, 0x0000, 0xCD40, 0xFEA0, 0xFE60, 0xFE80,
    0xFE60, 0xFEE0, 0xB4C0, 0x1000, 0x0800, 0x8380, 0xFF00, 0xFE60, 0xFE80, 0xFE80, 0xFEA0, 0xEE00,
    0x1880, 0x3800, 0x5020, 0x4820, 0x3800, 0x2800, 0x1000, 0x0800, 0x0000, 0x0000, 0x0000, 0x7B20,
    0xFF00, 0xFE60, 0xFE60, 0xFE60, 0xFEE0, 0x93E0, 0x0800, 0x4820, 0x1800, 0x4A00, 0xFEC0, 0xFE60,
    0xFE80, 0xFE80, 0xFE80, 0xFE80, 0xFE60, 0xFEA0, 0x7320, 0x1800, 0x4800, 0x3800, 0x0000, 0x0000,
    0x0000, 0x0000, 0x0000, 0x0000, 0x0000, 0x0000, 0x0000, 0x0000, 0x0000, 0x0000, 0x0000, 0x0000,
    0x0000, 0x0000, 0x0000, 0x0000, 0x0000, 0x0000, 0x0000, 0x0000, 0x0000, 0x0000, 0x0000, 0x0000,
    0x0000, 0x0000, 0x0000, 0x0000, 0x0000, 0x0000, 0x0000, 0x0000, 0x0000, 0x0000, 0x0000, 0x0000,
    0x0000, 0x0000, 0x0000, 0x0000, 0x0000, 0x0000, 0x0000, 0x0000, 0x0000, 0x0000, 0x0000, 0x0000,
    0x0000, 0x0000, 0x0000, 0x0000, 0x0000, 0x0000, 0x0000, 0x0000, 0x0000, 0x0000, 0x0000, 0x0000,
    0x0000, 0x0000, 0x0000, 0x0000, 0x0000, 0x0000, 0x0000, 0x0000, 0x0000, 0x0000, 0x0000, 0x0000,
    0x0000, 0x0000, 0x0000, 0x0000, 0x0000, 0x0000, 0x0000, 0x0000, 0x0000, 0x0000, 0x0000, 0x0000,
    0x0000, 0x0000, 0x0000, 0x0000, 0x0000, 0x0000, 0x0000, 0x0000, 0x0000, 0x0000, 0x0000, 0x0000,
    0x0000, 0x0000, 0x0000, 0x0000, 0x0000, 0x0000, 0x0000, 0x0000, 0x0000, 0x0000, 0x0000, 0x0000,
    0x0000, 0x0000, 0x0000, 0x0000, 0x0000, 0x0000, 0x0000, 0x0000, 0x0000, 0x0000, 0x0000, 0x0000,
    0x0000, 0x0000, 0x0000, 0x0000, 0x0000, 0x0000, 0x0000, 0x0000, 0x0000, 0x0000, 0x0000, 0x0000,
    0x0000, 0x0000, 0x0000, 0x0000, 0x3800, 0x4000, 0x4800, 0x5800, 0x5000, 0x2800, 0x0000, 0x41C0,
    0xFEA0, 0xFE40, 0xFE60, 0xFE80, 0xFE60, 0xFEA0, 0xE5E0, 0x1060, 0x0000, 0xC520, 0xFEA0, 0xFE40,
    0xFE60, 0xFE60, 0xFEE0, 0x9400, 0x0800, 0x4000, 0x4020, 0x0000, 0x6AE0, 0xFEE0, 0xFE40, 0xFE80,
    0xFE60, 0xFE80, 0xF640, 0x18A0, 0x0000, 0xCD40, 0xFEC0, 0xFE60, 0xFE80, 0xFE60, 0xFEE0, 0xACA0,
    0x0800, 0x4800, 0x4000, 0x1000, 0x0000, 0x0000, 0x0000, 0x20E0, 0xF660, 0xFE80, 0xFE60, 0xFE80,
    0xFE60, 0xFF00, 0x7340, 0x1800, 0x1000, 0xC540, 0xFEC0, 0xFE60, 0xFE80, 0xFE60, 0xFF00, 0x93E0,
    0x0000, 0x3000, 0x1000, 0x0800, 0x0000, 0x18C0, 0x5240, 0x6B00, 0x6B00, 0x6AE0, 0x20C0, 0xB4C0,
    0xFEC0, 0xFE40, 0xFE60, 0xFE60, 0xFE80, 0x41E0, 0x1800, 0x4020, 0x1800, 0x2920, 0xFE80, 0xFE80,
    0xFE60, 0xFE80, 0xFE60, 0xFE60, 0xFE60, 0xFE40, 0x3160, 0x2800, 0x4800, 0x2800, 0x0000, 0x0000,
    0x0000, 0x0000, 0x0000, 0x0000, 0x0000, 0x0000, 0x0000, 0x0000, 0x0000, 0x0000, 0x0000, 0x0000,
    0x0000, 0x0000, 0x0000, 0x0000, 0x0000, 0x0000, 0x0000, 0x0000, 0x0000, 0x0000, 0x0000, 0x0000,
    0x0000, 0x0000, 0x0000, 0x0000, 0x0000, 0x0000, 0x0000, 0x0000, 0x0000, 0x0000, 0x0000, 0x0000,
    0x0000, 0x0000, 0x0000, 0x0000, 0x0000, 0x0000, 0x0000, 0x0000, 0x0000, 0x0000, 0x0000, 0x0000,
    0x0000, 0x0000, 0x0000, 0x0000, 0x0000, 0x0000, 0x0000, 0x0000, 0x0000, 0x0000, 0x0000, 0x0000,
    0x0000, 0x0000, 0x0000, 0x0000, 0x0000, 0x0000, 0x0000, 0x0000, 0x0000, 0x0000, 0x0000, 0x0000,
    0x0000, 0x0000, 0x0000, 0x0000, 0x0000, 0x0000, 0x0000, 0x0000, 0x0000, 0x0000, 0x0000, 0x0000,
    0x0000, 0x0000, 0x0000, 0x0000, 0x0000, 0x0000, 0x0000, 0x0000, 0x0000, 0x0000, 0x0000, 0x0000,
    0x0000, 0x0000, 0x0000, 0x0000, 0x0000, 0x0000, 0x0000, 0x0000, 0x0000, 0x0000, 0x0000, 0x0000,
    0x0000, 0x0000, 0x0000, 0x0000, 0x0000, 0x0000, 0x0000, 0x0000, 0x0000, 0x0000, 0x0000, 0x0000,
    0x0000, 0x0000, 0x0000, 0x0000, 0x0000, 0x0000, 0x0000, 0x0000, 0x0000, 0x0000, 0x0000, 0x0000,
    0x0000, 0x0000, 0x0000, 0x0000, 0x0000, 0x3000, 0x5800, 0x3000, 0x0800, 0x0000, 0x0000, 0x8340,
    0xFEC0, 0xFE40, 0xFE60, 0xFE80, 0xFE60, 0xFEE0, 0xAC80, 0x0000, 0x3120, 0xFE60, 0xFE60, 0xFE60,
    0xFE60, 0xFE60, 0xFEE0, 0x4A00, 0x2000, 0x4000, 0x2800, 0x0000, 0xBCC0, 0xFEC0, 0xFE60, 0xFE80,
    0xFE60, 0xFEC0, 0xC500, 0x0000, 0x2900, 0xFE60, 0xFE80, 0xFE80, 0xFE80, 0xFE60, 0xFEE0, 0x62A0,
    0x1800, 0x4820, 0x3800, 0x0000, 0x0000, 0x0000, 0x0000, 0x5A60, 0xFEE0, 0xFE60, 0xFE80, 0xFE80,
    0xFE80, 0xFEA0, 0x3960, 0x2000, 0x20C0, 0xF660, 0xFEA0, 0xFE60, 0xFE60, 0xFE60, 0xFEC0, 0x3980,
    0x0000, 0x20A0, 0x4A20, 0x9C00, 0xCD20, 0xF640, 0xFEC0, 0xFEE0, 0xA460, 0x20C0, 0x10A0, 0xEE40,
    0xFE60, 0xFE60, 0xFE60, 0xFE60, 0xE5A0, 0x1860, 0x3800, 0x4000, 0x1000, 0x0040, 0xE5C0, 0xFE80,
    0xFE60, 0xFE80, 0xFE60, 0xFE60, 0xFEA0, 0xBCC0, 0x1000, 0x4000, 0x4800, 0x1800, 0x0000, 0x0000,
    0x0000, 0x0000, 0x0000, 0x0000, 0x0000, 0x0000, 0x0000, 0x0000, 0x0000, 0x0000, 0x0000, 0x0000,
    0x0000, 0x0000, 0x0000, 0x0000, 0x0000, 0x0000, 0x0000, 0x0000, 0x0000, 0x0000, 0x0000, 0x0000,
    0x0000, 0x0000, 0x0000, 0x0000, 0x0000, 0x0000, 0x0000, 0x0000, 0x0000, 0x0000, 0x0000, 0x0000,
    0x0000, 0x0000, 0x0000, 0x0000, 0x0000, 0x0000, 0x0000, 0x0000, 0x0000, 0x0000, 0x0000, 0x0000,
    0x0000, 0x0000, 0x0000, 0x0000, 0x0000, 0x0000, 0x0000, 0x0000, 0x0000, 0x0000, 0x0000, 0x0000,
    0x0000, 0x0000, 0x0000, 0x0000, 0x0000, 0x0000, 0x0000, 0x0000, 0x0000, 0x0000, 0x0000, 0x0000,
    0x0000, 0x0000, 0x0000, 0x0000, 0x0000, 0x0000, 0x0000, 0x0000, 0x0000, 0x0000, 0x0000, 0x0000,
    0x0000, 0x0000, 0x0000, 0x0000, 0x0000, 0x0000, 0x0000, 0x0000, 0x0000, 0x0000, 0x0000, 0x0000,
    0x0000, 0x0000, 0x0000, 0x0000, 0x0000, 0x0000, 0x0000, 0x0000, 0x0000, 0x0000, 0x0000, 0x0000,
    0x0000, 0x0000, 0x0000, 0x0000, 0x0000, 0x0000, 0x0000, 0x0000, 0x0000, 0x0000, 0x0000, 0x0000,
    0x0000, 0x0000, 0x0000, 0x0000, 0x0000, 0x0000, 0x0000, 0x0000, 0x0000, 0x0000, 0x0000, 0x0000,
    0x0000, 0x0000, 0x0000, 0x0000, 0x0000, 0x0800, 0x0000, 0x0000, 0x0000, 0x0000, 0x0000, 0xC4E0,
    0xFEA0, 0xFE40, 0xFE60, 0xFE60, 0xFE40, 0xFEE0, 0x62A0, 0x0000, 0x72E0, 0xFEC0, 0xFE40, 0xFE60,
    0xFE60, 0xFEA0, 0xE5E0, 0x1040, 0x3800, 0x4000, 0x0800, 0x18C0, 0xF640, 0xFE80, 0xFE60, 0xFE80,
    0xFE60, 0xFEE0, 0x7300, 0x0000, 0x7300, 0xFEE0, 0xFE40, 0xFE60, 0xFE60, 0xFE80, 0xF640, 0x18A0,
    0x2800, 0x4800, 0x2800, 0x0000, 0x0000, 0x0020, 0x0000, 0xA420, 0xFEE0, 0xFE60, 0xFE80, 0xFE60,
    0xFEA0, 0xCD40, 0x1820, 0x2800, 0x5240, 0xFEC0, 0xFE60, 0xFE80, 0xFE60, 0xFE80, 0xF640, 0x6280,
    0xA440, 0xEE40, 0xFEC0, 0xFEC0, 0xFEA0, 0xFE60, 0xDD80, 0xBCC0, 0x8BC0, 0x2920, 0x49C0, 0xFE40,
    0xF640, 0xFE80, 0xFE40, 0xFEA0, 0xAC80, 0x0800, 0x4800, 0x3800, 0x0800, 0x0000, 0xC4E0, 0xFEA0,
    0xFE60, 0xFE60, 0xFE60, 0xFE40, 0xFEA0, 0x7300, 0x1000, 0x4820, 0x4000, 0x0800, 0x0000, 0x0000,
    0x0000, 0x0000, 0x0000, 0x0000, 0x0000, 0x0000, 0x0000, 0x0000, 0x0000, 0x0000, 0x0000, 0x0000,
    0x0000, 0x0000, 0x0000, 0x0000, 0x0000, 0x0000, 0x0000, 0x0000, 0x0000, 0x0000, 0x0000, 0x0000,
    0x0000, 0x0000, 0x0000, 0x0000, 0x0000, 0x0000, 0x0000, 0x0000, 0x0000, 0x0000, 0x0000, 0x0000,
    0x0000, 0x0000, 0x0000, 0x0000, 0x0000, 0x0000, 0x0000, 0x0000, 0x0000, 0x0000, 0x0000, 0x0000,
    0x0000, 0x0000, 0x0000, 0x0000, 0x0000, 0x0000, 0x0000, 0x0000, 0x0000, 0x0000, 0x0000, 0x0000,
    0x0000, 0x0000, 0x0000, 0x0000, 0x0000, 0x0000, 0x0000, 0x0000, 0x0000, 0x0000, 0x0000, 0x0000,
    0x0000, 0x0000, 0x0000, 0x0000, 0x0000, 0x0000, 0x0000, 0x0000, 0x0000, 0x0000, 0x0000, 0x0000,
    0x0000, 0x0000, 0x0000, 0x0000, 0x0000, 0x0000, 0x0000, 0x0000, 0x0000, 0x0000, 0x0000, 0x0000,
    0x0000, 0x0000, 0x0000, 0x0000, 0x0000, 0x0000, 0x0000, 0x0000, 0x0000, 0x0000, 0x0000, 0x0000,
    0x0000, 0x0000, 0x0000, 0x0000, 0x0000, 0x0000, 0x0000, 0x0000, 0x0000, 0x0000, 0x0000, 0x0000,
    0x0000, 0x0000, 0x0000, 0x0000, 0x0000, 0x0000, 0x0000, 0x0000, 0x0000, 0x0000, 0x0000, 0x0000,
    0x0000, 0x0000, 0x0000, 0x0000, 0x0000, 0x0000, 0x0000, 0x0000, 0x0000, 0x0000, 0x20E0, 0xF640,
    0xFE80, 0xFE60, 0xFE60, 0xFE60, 0xFE60, 0xF640, 0x20C0, 0x0000, 0xC4E0, 0xFEC0, 0xFE60, 0xFE60,
    0xFE40, 0xFEC0, 0xA460, 0x0800, 0x4000, 0x3820, 0x0000, 0x62A0, 0xFEC0, 0xFE40, 0xFE80, 0xFE80,
    0xFE80, 0xFE80, 0x2900, 0x0000, 0xBD00, 0xFEC0, 0xFE40, 0xFE60, 0xFE60, 0xFEA0, 0xA480, 0x1000,
    0x4800, 0x3000, 0x0000, 0x0000, 0x0000, 0x0000, 0x0000, 0xDDA0, 0xFEA0, 0xFE60, 0xFE80, 0xFE60,
    0xFEE0, 0x8380, 0x1800, 0x2000, 0x9C20, 0xFE80, 0xFE60, 0xFE80, 0xFE60, 0xFE80, 0xFE80, 0xFEC0,
    0xFEC0, 0xFE80, 0xFE40, 0xF5E0, 0xFE00, 0xF600, 0xEE40, 0x9BE0, 0x20E0, 0x0000, 0x8BA0, 0xF620,
    0xFE60, 0xFE60, 0xFE40, 0xFEE0, 0x6AE0, 0x1800, 0x4820, 0x2800, 0x0000, 0x0000, 0x93C0, 0xFE80,
    0xFE60, 0xFE60, 0xFE80, 0xFE60, 0xF640, 0x2900, 0x3000, 0x4800, 0x3000, 0x0000, 0x0000, 0x0000,
    0x0000, 0x0000, 0x0000, 0x0000, 0x0000, 0x0000, 0x0000, 0x0000, 0x0000, 0x0000, 0x0000, 0x0000,
    0x0000, 0x0000, 0x0000, 0x0000, 0x0000, 0x0000, 0x0000, 0x0000, 0x0000, 0x0000, 0x0000, 0x0000,
    0x0000, 0x0000, 0x0000, 0x0000, 0x0000, 0x0000, 0x0000, 0x0000, 0x0000, 0x0000, 0x0000, 0x0000,
    0x0000, 0x0000, 0x0000, 0x0000, 0x0000, 0x0000, 0x0000, 0x0000, 0x0000, 0x0000, 0x0000, 0x0000,
    0x0000, 0x0000, 0x0000, 0x0000, 0x0000, 0x0000, 0x0000, 0x0000, 0x0000, 0x0000, 0x0000, 0x0000,
    0x0000, 0x0000, 0x0000, 0x0000, 0x0000, 0x0000, 0x0000, 0x0000, 0x0000, 0x0000, 0x0000, 0x0000,
    0x0000, 0x0000, 0x0000, 0x0000, 0x0000, 0x0000, 0x0000, 0x0000, 0x0000, 0x0000, 0x0000, 0x0000,
    0x0000, 0x0000, 0x0000, 0x0000, 0x0000, 0x0000, 0x0000, 0x0000, 0x0000, 0x0000, 0x0000, 0x0000,
    0x0000, 0x0000, 0x0000, 0x0000, 0x0000, 0x0000, 0x0000, 0x0000, 0x0000, 0x0000, 0x0000, 0x0000,
    0x0000, 0x0000, 0x0000, 0x0000, 0x0000, 0x0000, 0x0000, 0x0000, 0x0000, 0x0000, 0x0000, 0x0000,
    0x0000, 0x0000, 0x0000, 0x0000, 0x0000, 0x0000, 0x0000, 0x0000, 0x0000, 0x0000, 0x0000, 0x0000,
    0x0000, 0x0000, 0x0000, 0x0000, 0x0000, 0x0000, 0x0000, 0x0000, 0x0000, 0x0000, 0x6AA0, 0xFEE0,
    0xFE40, 0xFE60, 0xFE60, 0xFE40, 0xFEA0, 0xC500, 0x0000, 0x28C0, 0xF640, 0xFE80, 0xFE60, 0xFE60,
    0xFE60, 0xFEE0, 0x5A80, 0x1800, 0x4020, 0x2800, 0x0000, 0xBCA0, 0xFEC0, 0xFE40, 0xFE60, 0xFE60,
    0xFEA0, 0xCD60, 0x0000, 0x1880, 0xEE20, 0xFE80, 0xFE60, 0xFE60, 0xFE60, 0xFE80, 0x5240, 0x0000,
    0x1000, 0x0840, 0x39A0, 0x7320, 0x93E0, 0x72E0, 0x5A40, 0xFE60, 0xFE80, 0xFE60, 0xFE80, 0xFE60,
    0xFEC0, 0x4A00, 0x2000, 0x1840, 0xACA0, 0xF640, 0xFE80, 0xFE80, 0xFE80, 0xFE80, 0xFE60, 0xFE60,
    0xFE60, 0xFE40, 0xFE00, 0xFE00, 0xF600, 0xFE20, 0xFEA0, 0x9BE0, 0x39C0, 0x0020, 0xBCC0, 0xEE20,
    0xFEA0, 0xFE60, 0xFE60, 0xFE80, 0x3120, 0x3800, 0x4000, 0x1800, 0x0000, 0x0000, 0x5A40, 0xDD80,
    0xFE80, 0xFE80, 0xFEA0, 0xCD20, 0xD5A0, 0x1040, 0x3800, 0x4800, 0x1800, 0x0000, 0x0000, 0x0000,
    0x0000, 0x0000, 0x0000, 0x0000, 0x0000, 0x0000, 0x0000, 0x0000, 0x0000, 0x0000, 0x0000, 0x0000,
    0x0000, 0x0000, 0x0000, 0x0000, 0x0000, 0x0000, 0x0000, 0x0000, 0x0000, 0x0000, 0x0000, 0x0000,
    0x0000, 0x0000, 0x0000, 0x0000, 0x0000, 0x0000, 0x0000, 0x0000, 0x0000, 0x0000, 0x0000, 0x0000,
    0x0000, 0x0000, 0x0000, 0x0000, 0x0000, 0x0000, 0x0000, 0x0000, 0x0000, 0x0000, 0x0000, 0x0000,
    0x0000, 0x0000, 0x0000, 0x0000, 0x0000, 0x0000, 0x0000, 0x0000, 0x0000, 0x0000, 0x0000, 0x0000,
    0x0000, 0x0000, 0x0000, 0x0000, 0x0000, 0x0000, 0x0000, 0x0000, 0x0000, 0x0000, 0x0000, 0x0000,
    0x0000, 0x0000, 0x0000, 0x0000, 0x0000, 0x0000, 0x0000, 0x0000, 0x0000, 0x0000, 0x0000, 0x0000,
    0x0000, 0x0000, 0x0000, 0x0000, 0x0000, 0x0000, 0x0000, 0x0000, 0x0000, 0x0000, 0x0000, 0x0000,
    0x0000, 0x0000, 0x0000, 0x0000, 0x0000, 0x0000, 0x0000, 0x0000, 0x0000, 0x0000, 0x0000, 0x0000,
    0x0000, 0x0000, 0x0000, 0x0000, 0x0000, 0x0000, 0x0000, 0x0000, 0x0000, 0x0000, 0x0000, 0x0000,
    0x0000, 0x0000, 0x0000, 0x0000, 0x0000, 0x0000, 0x0000, 0x0000, 0x0000, 0x0000, 0x0000, 0x0000,
    0x0000, 0x3980, 0x41C0, 0x0000, 0x0000, 0x0000, 0x0000, 0x0000, 0x0000, 0x0000, 0xAC60, 0xFEC0,
    0xFE40, 0xFE60, 0xFE60, 0xFE40, 0xFEE0, 0x8360, 0x0000, 0x6280, 0xFEC0, 0xFE40, 0xFE60, 0xFE60,
    0xFE80, 0xF640, 0x18A0, 0x3000, 0x4800, 0x1800, 0x18C0, 0xF640, 0xFE60, 0xFE60, 0xFE60, 0xFE40,
    0xFEE0, 0x8360, 0x0000, 0x5A40, 0xFEA0, 0xFE40, 0xFE60, 0xFE80, 0xFE80, 0xF620, 0x2900, 0x4A00,
    0xA480, 0xE600, 0xFEA0, 0xFEC0, 0xDDC0, 0x3140, 0x6280, 0xFE80, 0xF620, 0xFE80, 0xFE80, 0xFE40,
    0xEE00, 0x20A0, 0x3800, 0x0000, 0xA460, 0xFEA0, 0xFE60, 0xFE80, 0xFE80, 0xFE80, 0xFE80, 0xFE80,
    0xFE80, 0xFE40, 0xFE40, 0xFE60, 0xFE60, 0xFEC0, 0xFE80, 0x8BE0, 0x18C0, 0x18C0, 0xA460, 0xEDE0,
    0xFEC0, 0xF640, 0xFEA0, 0xBCC0, 0x0800, 0x4000, 0x4000, 0x1000, 0x0000, 0x0000, 0x0860, 0x72E0,
    0xFEE0, 0xEE00, 0x72E0, 0x62A0, 0x7B80, 0x0800, 0x4800, 0x4000, 0x0800, 0x0000, 0x0000, 0x0000,
    0x0000, 0x0000, 0x0000, 0x0000, 0x0000, 0x0000, 0x0000, 0x0000, 0x0000, 0x0000, 0x0000, 0x0000,
    0x0000, 0x0000, 0x0000, 0x0000, 0x0000, 0x0000, 0x0000, 0x0000, 0x0000, 0x0000, 0x0000, 0x0000,
    0x0000, 0x0000, 0x0000, 0x0000, 0x0000, 0x0000, 0x0000, 0x0000, 0x0000, 0x0000, 0x0000, 0x0000,
    0x0000, 0x0000, 0x0000, 0x0000, 0x0000, 0x0000, 0x0000, 0x0000, 0x0000, 0x0000, 0x0000, 0x0000,
    0x0000, 0x0000, 0x0000, 0x0000, 0x0000, 0x0000, 0x0000, 0x0000, 0x0000, 0x0000, 0x0000, 0x0000,
    0x0000, 0x0000, 0x0000, 0x0000, 0x0000, 0x0000, 0x0000, 0x0000, 0x0000, 0x0000, 0x0000, 0x0000,
    0x0000, 0x0000, 0x0000, 0x0000, 0x0000, 0x0000, 0x0000, 0x0000, 0x0000, 0x0000, 0x0000, 0x0000,
    0x0000, 0x0000, 0x0000, 0x0000, 0x0000, 0x0000, 0x0000, 0x0000, 0x0000, 0x0000, 0x0000, 0x0000,
    0x0000, 0x0000, 0x0000, 0x0000, 0x0000, 0x0000, 0x0000, 0x0000, 0x0000, 0x0000, 0x0000, 0x0000,
    0x0000, 0x0000, 0x0000, 0x0000, 0x0000, 0x0000, 0x0000, 0x0000, 0x0000, 0x0000, 0x0000, 0x0000,
    0x0000, 0x0000, 0x0000, 0x0000, 0x0000, 0x0000, 0x0000, 0x0000, 0x0000, 0x0000, 0x0000, 0x0000,
    0x0000, 0x9400, 0x18A0, 0x3160, 0x3160, 0x0000, 0x0000, 0x0000, 0x0000, 0x1040, 0xE5C0, 0xFE80,
    0xFE40, 0xFE60, 0xFE60, 0xFE60, 0xFE80, 0x3980, 0x0000, 0xAC60, 0xFEA0, 0xFE40, 0xFE40, 0xFE40,
    0xFEC0, 0xCD40, 0x0800, 0x4000, 0x4820, 0x0000, 0x8360, 0xFEE0, 0xFE40, 0xFE60, 0xFE60, 0xFE60,
    0xFE60, 0x3100, 0x0000, 0x9C40, 0xFEA0, 0xFE40, 0xFE60, 0xFE60, 0xFE80, 0xF620, 0xE5C0, 0xFEC0,
    0xFEC0, 0xFEA0, 0xFE60, 0xDD60, 0xA400, 0x6A80, 0xB4A0, 0xE5C0, 0xF640, 0xFE80, 0xFE60, 0xFEA0,
    0xBD00, 0x0800, 0x1000, 0x7B40, 0xFE80, 0xFE60, 0xFE60, 0xFE40, 0xFE80, 0xFE80, 0xFE60, 0xFE60,
    0xFE40, 0xFE60, 0xFE80, 0xFEE0, 0xE600, 0x9BE0, 0x41A0, 0x1000, 0x2000, 0x39A0, 0x8B80, 0xFE60,
    0xF640, 0x7300, 0xE5C0, 0x49E0, 0x1800, 0x4000, 0x3800, 0x0000, 0x0000, 0x0000, 0x0000, 0x3140,
    0xC520, 0x6280, 0x0000, 0x18C0, 0x2900, 0x3800, 0x4800, 0x3800, 0x0000, 0x0000, 0x0000, 0x0000,
    0x0000, 0x0000, 0x0000, 0x0000, 0x0000, 0x0000, 0x0000, 0x0000, 0x0000, 0x0000, 0x0000, 0x0000,
    0x0000, 0x0000, 0x0000, 0x0000, 0x0000, 0x0000, 0x0000, 0x0000, 0x0000, 0x0000, 0x0000, 0x0000,
    0x0000, 0x0000, 0x0000, 0x0000, 0x0000, 0x0000, 0x0000, 0x0000, 0x0000, 0x0000, 0x0000, 0x0000,
    0x0000, 0x0000, 0x0000, 0x0000, 0x0000, 0x0000, 0x0000, 0x0000, 0x0000, 0x0000, 0x0000, 0x0000,
    0x0000, 0x0000, 0x0000, 0x0000, 0x0000, 0x0000, 0x0000, 0x0000, 0x0000, 0x0000, 0x0000, 0x0000,
    0x0000, 0x0000, 0x0000, 0x0000, 0x0000, 0x0000, 0x0000, 0x0000, 0x0000, 0x0000, 0x0000, 0x0000,
    0x0000, 0x0000, 0x0000, 0x0000, 0x0000, 0x0000, 0x0000, 0x0000, 0x0000, 0x0000, 0x0000, 0x0000,
    0x0000, 0x0000, 0x0000, 0x0000, 0x0000, 0x0000, 0x0000, 0x0000, 0x0000, 0x0000, 0x0000, 0x0000,
    0x0000, 0x0000, 0x0000, 0x0000, 0x0000, 0x0000, 0x0000, 0x0000, 0x0000, 0x0000, 0x0000, 0x0000,
    0x0000, 0x0000, 0x0000, 0x0000, 0x0000, 0x0000, 0x0000, 0x0000, 0x0000, 0x0000, 0x0000, 0x0000,
    0x0000, 0x0000, 0x0000, 0x0000, 0x0000, 0x0000, 0x0000, 0x0000, 0x0000, 0x0000, 0x0000, 0x0000,
    0x72C0, 0xB4C0, 0x20A0, 0x9C20, 0x20C0, 0x0000, 0x0000, 0x0000, 0x0000, 0x49E0, 0xFEA0, 0xFE20,
    0xFE60, 0xFE60, 0xFE60, 0xFEA0, 0xCD40, 0x0000, 0x1860, 0xEDE0, 0xFE80, 0xFE60, 0xFE60, 0xFE40,
    0xFEE0, 0x8BE0, 0x1000, 0x5020, 0x2000, 0x1080, 0xEE20, 0xFE80, 0xFE60, 0xFE60, 0xFE40, 0xFEA0,
    0xBCE0, 0x0800, 0x2060, 0xB4E0, 0xFE40, 0xFE60, 0xFE60, 0xFE40, 0xFE60, 0xFE80, 0xFEA0, 0xFE60,
    0xFE40, 0xFE20, 0xFE80, 0xEDE0, 0x3980, 0x0840, 0xC500, 0xE5E0, 0xFE60, 0xFE60, 0xFE40, 0xFEE0,
    0x7300, 0x0000, 0x3160, 0xFEE0, 0xFE80, 0xFE40, 0xFE40, 0xFE40, 0xFE80, 0xFE60, 0xFE60, 0xFE80,
    0xFEC0, 0xFEE0, 0xE5E0, 0x7B60, 0x1080, 0x0000, 0x3000, 0x5800, 0x3000, 0x0880, 0x8360, 0xFEE0,
    0x5240, 0x1880, 0x41E0, 0x0800, 0x5800, 0x4800, 0x2000, 0x0000, 0x0000, 0x0000, 0x1000, 0x2000,
    0x10C0, 0x0000, 0x1800, 0x2000, 0x4000, 0x5000, 0x4000, 0x2800, 0x0000, 0x0000, 0x0000, 0x0000,
    0x0000, 0x0000, 0x0000, 0x0000, 0x0000, 0x0000, 0x0000, 0x0000, 0x0000, 0x0000, 0x0000, 0x0000,
    0x0000, 0x0000, 0x0000, 0x0000, 0x0000, 0x0000, 0x0000, 0x0000, 0x0000, 0x0000, 0x0000, 0x0000,
    0x0000, 0x0000, 0x0000, 0x0000, 0x0000, 0x0000, 0x0000, 0x0000, 0x0000, 0x0000, 0x0000, 0x0000,
    0x0000, 0x0000, 0x0000, 0x0000, 0x0000, 0x0000, 0x0000, 0x0000, 0x0000, 0x0000, 0x0000, 0x0000,
    0x0000, 0x0000, 0x0000, 0x0000, 0x0000, 0x0000, 0x0000, 0x0000, 0x0000, 0x0000, 0x0000, 0x0000,
    0x0000, 0x0000, 0x0000, 0x0000, 0x0000, 0x0000, 0x0000, 0x0000, 0x0000, 0x0000, 0x0000, 0x0000,
    0x0000, 0x0000, 0x0000, 0x0000, 0x0000, 0x0000, 0x0000, 0x0000, 0x0000, 0x0000, 0x0000, 0x0000,
    0x0000, 0x0000, 0x0000, 0x0000, 0x0000, 0x0000, 0x0000, 0x0000, 0x0000, 0x0000, 0x0000, 0x0000,
    0x0000, 0x0000, 0x0000, 0x0000, 0x0000, 0x0000, 0x0000, 0x0000, 0x0000, 0x0000, 0x0000, 0x0000,
    0x0000, 0x0000, 0x0000, 0x0000, 0x0000, 0x0000, 0x0000, 0x0000, 0x0000, 0x0000, 0x0000, 0x0000,
    0x0000, 0x0000, 0x0000, 0x0000, 0x0000, 0x0000, 0x0000, 0x0000, 0x0000, 0x0000, 0x18A0, 0x28E0,
    0xFEE0, 0xD560, 0xB460, 0xB4C0, 0x1000, 0x3000, 0x0000, 0x0000, 0x0000, 0x8BA0, 0xFEC0, 0xFE40,
    0xFE60, 0xFE60, 0xFE40, 0xFEE0, 0x8B80, 0x0000, 0x5200, 0xFEC0, 0xFE40, 0xFE60, 0xFE60, 0xFE40,
    0xFEE0, 0x62C0, 0x2000, 0x4800, 0x0000, 0xA420, 0xFEA0, 0xFE40, 0xFE60, 0xFE60, 0xFE60, 0xFEE0,
    0x5A60, 0x0800, 0x2900, 0xC500, 0xFE40, 0xFE60, 0xFE60, 0xFE60, 0xFE60, 0xFE60, 0xFE60, 0xFE60,
    0xFE40, 0xFE20, 0xFE80, 0xE5E0, 0x72E0, 0x8BA0, 0xD580, 0xE600, 0xFE80, 0xFE60, 0xFE60, 0xFEA0,
    0x3140, 0x0000, 0x41A0, 0xF680, 0xFE80, 0xFE60, 0xFE60, 0xFE60, 0xFE40, 0xFE80, 0xFF00, 0xFEA0,
    0xBCE0, 0x62A0, 0x18A0, 0x1000, 0x3000, 0x5820, 0x5820, 0x5020, 0x3820, 0x0000, 0x5A80, 0xA440,
    0x0000, 0x0000, 0x1800, 0x4800, 0x4800, 0x4000, 0x1000, 0x0000, 0x0000, 0x0000, 0x0000, 0x5800,
    0x3800, 0x4000, 0x5000, 0x5800, 0x5000, 0x4000, 0x4800, 0x1000, 0x0000, 0x0000, 0x0000, 0x0000,
    0x0000, 0x0000, 0x0000, 0x0000, 0x0000, 0x0000, 0x0000, 0x0000, 0x0000, 0x0000, 0x0000, 0x0000,
    0x0000, 0x0000, 0x0000, 0x0000, 0x0000, 0x0000, 0x0000, 0x0000, 0x0000, 0x0000, 0x0000, 0x0000,
    0x0000, 0x0000, 0x0000, 0x0000, 0x0000, 0x0000, 0x0000, 0x0000, 0x0000, 0x0000, 0x0000, 0x0000,
    0x0000, 0x0000, 0x0000, 0x0000, 0x0000, 0x0000, 0x0000, 0x0000, 0x0000, 0x0000, 0x0000, 0x0000,
    0x0000, 0x0000, 0x0000, 0x0000, 0x0000, 0x0000, 0x0000, 0x0000, 0x0000, 0x0000, 0x0000, 0x0000,
    0x0000, 0x0000, 0x0000, 0x0000, 0x0000, 0x0000, 0x0000, 0x0000, 0x0000, 0x0000, 0x0000, 0x0000,
    0x0000, 0x0000, 0x0000, 0x0000, 0x0000, 0x0000, 0x0000, 0x0000, 0x0000, 0x0000, 0x0000, 0x0000,
    0x0000, 0x0000, 0x0000, 0x0000, 0x0000, 0x0000, 0x0000, 0x0000, 0x0000, 0x0000, 0x0000, 0x0000,
    0x0000, 0x0000, 0x0000, 0x0000, 0x0000, 0x0000, 0x0000, 0x0000, 0x0000, 0x0000, 0x0000, 0x0000,
    0x0000, 0x0000, 0x0000, 0x0000, 0x0000, 0x0000, 0x0000, 0x0000, 0x0000, 0x0000, 0x0000, 0x0000,
    0x0000, 0x0000, 0x0000, 0x0000, 0x0000, 0x0000, 0x0000, 0x0000, 0x0000, 0x20E0, 0x6AE0, 0x9BE0,
    0xFEC0, 0xDDA0, 0xFEC0, 0xB4E0, 0x2000, 0x5000, 0x0800, 0x0000, 0x0820, 0xDD80, 0xFE80, 0xFE40,
    0xFE60, 0xFE40, 0xFE40, 0xFEA0, 0x49A0, 0x0000, 0x8B80, 0xFEE0, 0xFE40, 0xFE60, 0xFE60, 0xFE40,
    0xFEC0, 0x8360, 0x0000, 0x0820, 0x93E0, 0xFEC0, 0xFE40, 0xFE40, 0xFE60, 0xFE60, 0xFEA0, 0xDDC0,
    0x1060, 0x0000, 0x5A80, 0xF680, 0xFE60, 0xFE40, 0xFE60, 0xFE60, 0xFE60, 0xFE60, 0xFE60, 0xFE60,
    0xFE20, 0xFE40, 0xFEC0, 0xE5E0, 0x5240, 0x41C0, 0xB4A0, 0xF640, 0xFEA0, 0xF640, 0xFEA0, 0xD560,
    0x1840, 0x3000, 0x0860, 0xDDA0, 0xFE80, 0xF620, 0xFE40, 0xFEA0, 0xFEE0, 0xF640, 0x9C40, 0x3140,
    0x0800, 0x2800, 0x4800, 0x5020, 0x5000, 0x5000, 0x4800, 0x5020, 0x6000, 0x4800, 0x0000, 0x10A0,
    0x3000, 0x4800, 0x5000, 0x4800, 0x3800, 0x3800, 0x0000, 0x0000, 0x0000, 0x0000, 0x0000, 0x3800,
    0x9000, 0x5000, 0x4800, 0x4000, 0x4800, 0x5000, 0x5000, 0x0000, 0x0000, 0x0000, 0x0000, 0x0000,
    0x0000, 0x0000, 0x0000, 0x0000, 0x0000, 0x0000, 0x0000, 0x0000, 0x0000, 0x0000, 0x0000, 0x0000,
    0x0000, 0x0000, 0x0000, 0x0000, 0x0000, 0x0000, 0x0000, 0x0000, 0x0000, 0x0000, 0x0000, 0x0000,
    0x0000, 0x0000, 0x0000, 0x0000, 0x0000, 0x0000, 0x0000, 0x0000, 0x0000, 0x0000, 0x0000, 0x0000,
    0x0000, 0x0000, 0x0000, 0x0000, 0x0000, 0x0000, 0x0000, 0x0000, 0x0000, 0x0000, 0x0000, 0x0000,
    0x0000, 0x0000, 0x0000, 0x0000, 0x0000, 0x0000, 0x0000, 0x0000, 0x0000, 0x0000, 0x0000, 0x0000,
    0x0000, 0x0000, 0x0000, 0x0000, 0x0000, 0x0000, 0x0000, 0x0000, 0x0000, 0x0000, 0x0000, 0x0000,
    0x0000, 0x0000, 0x0000, 0x0000, 0x0000, 0x0000, 0x0000, 0x0000, 0x0000, 0x0000, 0x0000, 0x0000,
    0x0000, 0x0000, 0x0000, 0x0000, 0x0000, 0x0000, 0x0000, 0x0000, 0x0000, 0x0000, 0x0000, 0x0000,
    0x0000, 0x0000, 0x0000, 0x0000, 0x0000, 0x0000, 0x0000, 0x0000, 0x0000, 0x0000, 0x0000, 0x0000,
    0x0000, 0x0000, 0x0000, 0x0000, 0x0000, 0x0000, 0x0000, 0x0000, 0x0000, 0x0000, 0x0000, 0x0000,
    0x0000, 0x0000, 0x0000, 0x0000, 0x0000, 0x0000, 0x0000, 0x0000, 0x0000, 0x62A0, 0xD5A0, 0xF640,
    0xFE60, 0xEDE0, 0xFEA0, 0x7320, 0x2800, 0x5820, 0x2800, 0x0000, 0x49C0, 0xFEA0, 0xFE20, 0xFE40,
    0xFE60, 0xFE60, 0xFEC0, 0xCD60, 0x1020, 0x0800, 0xBCE0, 0xFEC0, 0xFE40, 0xFE60, 0xFE60, 0xFE60,
    0xFE80, 0xF640, 0xA440, 0xD560, 0xFEC0, 0xFE60, 0xFE60, 0xFE60, 0xFE60, 0xFE60, 0xFE80, 0x6280,
    0x0000, 0x5A40, 0xFE80, 0xFE40, 0xFE20, 0xFE20, 0xFE60, 0xFE60, 0xFE60, 0xFE60, 0xFE60, 0xFE80,
    0xFEA0, 0xF620, 0xA460, 0x3140, 0x0000, 0x3180, 0x93C0, 0xFEC0, 0xF640, 0x7B20, 0xFE81, 0x5A60,
    0x1800, 0x4800, 0x1020, 0x10A0, 0xAC60, 0xFF40, 0xFEE0, 0xDDC0, 0x5240, 0x18A0, 0x0800, 0x3000,
    0x5000, 0x6020, 0x5000, 0x5000, 0x5000, 0x5800, 0x5800, 0x5800, 0x3800, 0x2000, 0x6000, 0x3000,
    0x5000, 0x5000, 0x4000, 0x4000, 0x4800, 0x3000, 0x0000, 0x0000, 0x0000, 0x0000, 0x0000, 0x0000,
    0x4000, 0x6800, 0x5000, 0x5800, 0x6000, 0x6800, 0x1800, 0x0000, 0x0000, 0x0000, 0x0000, 0x0000,
    0x0000, 0x0000, 0x0000, 0x0000, 0x0000, 0x0000, 0x0000, 0x0000, 0x0000, 0x0000, 0x0000, 0x0000,
    0x0000, 0x0000, 0x0000, 0x0000, 0x0000, 0x0000, 0x0000, 0x0000, 0x0000, 0x0000, 0x0000, 0x0000,
    0x0000, 0x0000, 0x0000, 0x0000, 0x0000, 0x0000, 0x0000, 0x0000, 0x0000, 0x0000, 0x0000, 0x0000,
    0x0000, 0x0000, 0x0000, 0x0000, 0x0000, 0x0000, 0x0000, 0x0000, 0x0000, 0x0000, 0x0000, 0x0000,
    0x0000, 0x0000, 0x0000, 0x0000, 0x0000, 0x0000, 0x0000, 0x0000, 0x0000, 0x0000, 0x0000, 0x0000,
    0x0000, 0x0000, 0x0000, 0x0000, 0x0000, 0x0000, 0x0000, 0x0000, 0x0000, 0x0000, 0x0000, 0x0000,
    0x0000, 0x0000, 0x0000, 0x0000, 0x0000, 0x0000, 0x0000, 0x0000, 0x0000, 0x0000, 0x0000, 0x0000,
    0x0000, 0x0000, 0x0000, 0x0000, 0x0000, 0x0000, 0x0000, 0x0000, 0x0000, 0x0000, 0x0000, 0x0000,
    0x0000, 0x0000, 0x0000, 0x0000, 0x0000, 0x0000, 0x0000, 0x0000, 0x0000, 0x0000, 0x0000, 0x0000,
    0x0000, 0x0000, 0x0000, 0x0000, 0x0000, 0x0000, 0x0000, 0x0000, 0x0000, 0x0000, 0x0000, 0x0000,
    0x0000, 0x0000, 0x0000, 0x0000, 0x0000, 0x0000, 0x0000, 0x0000, 0x0000, 0x93E0, 0xFEC0, 0xFE40,
    0xFE40, 0xFE40, 0xFEA0, 0x4A00, 0x3000, 0x4820, 0x1800, 0x0000, 0xA420, 0xFEE0, 0xFE40, 0xFE40,
    0xFE60, 0xFE60, 0xFEE0, 0x6B00, 0x1000, 0x1860, 0xE5E0, 0xFEA0, 0xFE60, 0xFE60, 0xFE60, 0xFE60,
    0xFE60, 0xFE60, 0xFEA0, 0xFE80, 0xFE20, 0xFE40, 0xFE60, 0xFE60, 0xFE60, 0xFE80, 0xAC60, 0x0000,
    0x0000, 0xAC40, 0xFEE0, 0xFE40, 0xFE60, 0xFE60, 0xFE60, 0xFE60, 0xFE60, 0xFEA0, 0xFEE0, 0xE5E0,
    0x8360, 0x20C0, 0x0000, 0x3800, 0x3020, 0x0880, 0x93E0, 0xF6A0, 0x6280, 0x18A0, 0x7300, 0x0820,
    0x4000, 0x4000, 0x3800, 0x2000, 0x31A0, 0x9C60, 0x6B00, 0x1860, 0x1800, 0x4000, 0x5020, 0x5020,
    0x4800, 0x5000, 0x5000, 0x5800, 0x6000, 0x5000, 0x3000, 0x0800, 0x0000, 0x0000, 0x6000, 0x6800,
    0x4800, 0x4800, 0x4000, 0x5800, 0x3800, 0x0000, 0x0000, 0x0000, 0x0000, 0x0000, 0x0000, 0x0000,
    0x0000, 0x4000, 0x6800, 0x5800, 0x1800, 0x1800, 0x0000, 0x0000, 0x0000, 0x0000, 0x0000, 0x0000,
    0x0000, 0x0000, 0x0000, 0x0000, 0x0000, 0x0000, 0x0000, 0x0000, 0x0000, 0x0000, 0x0000, 0x0000,
    0x0000, 0x0000, 0x0000, 0x0000, 0x0000, 0x0000, 0x0000, 0x0000, 0x0000, 0x0000, 0x0000, 0x0000,
    0x0000, 0x0000, 0x0000, 0x0000, 0x0000, 0x0000, 0x0000, 0x0000, 0x0000, 0x0000, 0x0000, 0x0000,
    0x0000, 0x0000, 0x0000, 0x0000, 0x0000, 0x0000, 0x0000, 0x0000, 0x0000, 0x0000, 0x0000, 0x0000,
    0x0000, 0x0000, 0x0000, 0x0000, 0x0000, 0x0000, 0x0000, 0x0000, 0x0000, 0x0000, 0x0000, 0x0000,
    0x0000, 0x0000, 0x0000, 0x0000, 0x0000, 0x0000, 0x0000, 0x0000, 0x0000, 0x0000, 0x0000, 0x0000,
    0x0000, 0x0000, 0x0000, 0x0000, 0x0000, 0x0000, 0x0000, 0x0000, 0x0000, 0x0000, 0x0000, 0x0000,
    0x0000, 0x0000, 0x0000, 0x0000, 0x0000, 0x0000, 0x0000, 0x0000, 0x0000, 0x0000, 0x0000, 0x0000,
    0x0000, 0x0000, 0x0000, 0x0000, 0x0000, 0x0000, 0x0000, 0x0000, 0x0000, 0x0000, 0x0000, 0x0000,
    0x0000, 0x0000, 0x0000, 0x0000, 0x0000, 0x0000, 0x0000, 0x0000, 0x0000, 0x0000, 0x0000, 0x0000,
    0x0000, 0x0000, 0x0000, 0x0000, 0x0000, 0x0000, 0x0000, 0x0000, 0x0000, 0xBCC0, 0xFEA0, 0xFE40,
    0xFE60, 0xFE40, 0xFEA1, 0x3980, 0x2800, 0x4020, 0x0800, 0x20E0, 0xF660, 0xFE60, 0xFE60, 0xFE60,
    0xFE40, 0xFE60, 0xF620, 0x20A0, 0x3000, 0x28C0, 0xF640, 0xFE80, 0xFE60, 0xFE60, 0xFE60, 0xFE60,
    0xFE60, 0xFE40, 0xFE40, 0xFE40, 0xFE40, 0xFE40, 0xFE60, 0xFE40, 0xFE60, 0xF640, 0x2100, 0x3000,
    0x1000, 0x72E0, 0xFEE0, 0xF620, 0xFE60, 0xFE60, 0xFE60, 0xFEC0, 0xFF00, 0xE600, 0x62A0, 0x1060,
    0x1000, 0x3000, 0x4800, 0x5020, 0x2000, 0x0000, 0x7B40, 0x9C20, 0x0000, 0x0040, 0x0800, 0x3800,
    0x4800, 0x4800, 0x1800, 0x5000, 0x3800, 0x1800, 0x2000, 0x4000, 0x5020, 0x5020, 0x4800, 0x4800,
    0x5000, 0x6000, 0x5800, 0x4000, 0x2000, 0x0000, 0x0000, 0x0000, 0x0000, 0x0000, 0x0800, 0x6000,
    0x6000, 0x7000, 0x5800, 0x3000, 0x0800, 0x0000, 0x0000, 0x0000, 0x0000, 0x0000, 0x0000, 0x0000,
    0x0000, 0x0000, 0x0800, 0x0000, 0x0000, 0x0000, 0x0000, 0x0000, 0x0000, 0x0000, 0x0000, 0x0000,
    0x0000, 0x0000, 0x0000, 0x0000, 0x0000, 0x0000, 0x0000, 0x0000, 0x0000, 0x0000, 0x0000, 0x0000,
    0x0000, 0x0000, 0x0000, 0x0000, 0x0000, 0x0000, 0x0000, 0x0000, 0x0000, 0x0000, 0x0000, 0x0000,
    0x0000, 0x0000, 0x0000, 0x0000, 0x0000, 0x0000, 0x0000, 0x0000, 0x0000, 0x0000, 0x0000, 0x0000,
    0x0000, 0x0000, 0x0000, 0x0000, 0x0000, 0x0000, 0x0000, 0x0000, 0x0000, 0x0000, 0x0000, 0x0000,
    0x0000, 0x0000, 0x0000, 0x0000, 0x0000, 0x0000, 0x0000, 0x0000, 0x0000, 0x0000, 0x0000, 0x0000,
    0x0000, 0x0000, 0x0000, 0x0000, 0x0000, 0x0000, 0x0000, 0x0000, 0x0000, 0x0000, 0x0000, 0x0000,
    0x0000, 0x0000, 0x0000, 0x0000, 0x0000, 0x0000, 0x0000, 0x0000, 0x0000, 0x0000, 0x0000, 0x0000,
    0x0000, 0x0000, 0x0000, 0x0000, 0x0000, 0x0000, 0x0000, 0x0000, 0x0000, 0x0000, 0x0000, 0x0000,
    0x0000, 0x0000, 0x0000, 0x0000, 0x0000, 0x0000, 0x0000, 0x0000, 0x0000, 0x0000, 0x0000, 0x0000,
    0x0000, 0x0000, 0x0000, 0x0000, 0x0000, 0x0000, 0x0000, 0x0000, 0x0000, 0x0000, 0x0000, 0x0000,
    0x0000, 0x0000, 0x0000, 0x0000, 0x0000, 0x0000, 0x0000, 0x0000, 0x72E0, 0xEE41, 0xFE80, 0xFE40,
    0xFE60, 0xFE20, 0xFEA0, 0x4A00, 0x2000, 0x5020, 0x0000, 0x9BE0, 0xFEE0, 0xFE40, 0xFE60, 0xFE40,
    0xFE20, 0xFEC0, 0x9400, 0x1000, 0x4800, 0x20C0, 0xF620, 0xFE20, 0xFE60, 0xFE40, 0xFE60, 0xFE60,
    0xFE60, 0xFE60, 0xFE60, 0xFE40, 0xFE60, 0xFE60, 0xFE40, 0xFE60, 0xFEC0, 0x62A0, 0x0000, 0x5020,
    0x0800, 0x8340, 0xDD80, 0xFE80, 0xFE40, 0xFEA0, 0xFEC0, 0xD580, 0x7300, 0x1880, 0x1000, 0x4000,
    0x5820, 0x5000, 0x4800, 0x4800, 0x4800, 0x2800, 0x0840, 0x2960, 0x2800, 0x2800, 0x4800, 0x5800,
    0x4000, 0x4800, 0x0000, 0x3000, 0x8000, 0x6820, 0x6821, 0x5000, 0x4800, 0x4800, 0x5000, 0x5800,
    0x5000, 0x3800, 0x1000, 0x0000, 0x0000, 0x0000, 0x0000, 0x0000, 0x0000, 0x0000, 0x0000, 0x1000,
    0x6000, 0x3800, 0x0000, 0x0000, 0x0000, 0x0000, 0x0000, 0x0000, 0x0000, 0x0000, 0x0000, 0x0000,
    0x0000, 0x0000, 0x0000, 0x0000, 0x0000, 0x0000, 0x0000, 0x0000, 0x0000, 0x0000, 0x0000, 0x0000,
    0x0000, 0x0000, 0x0000, 0x0000, 0x0000, 0x0000, 0x0000, 0x0000, 0x0000, 0x0000, 0x0000, 0x0000,
    0x0000, 0x0000, 0x0000, 0x0000, 0x0000, 0x0000, 0x0000, 0x0000, 0x0000, 0x0000, 0x0000, 0x0000,
    0x0000, 0x0000, 0x0000, 0x0000, 0x0000, 0x0000, 0x0000, 0x0000, 0x0000, 0x0000, 0x0000, 0x0000,
    0x0000, 0x0000, 0x0000, 0x0000, 0x0000, 0x0000, 0x0000, 0x0000, 0x0000, 0x0000, 0x0000, 0x0000,
    0x0000, 0x0000, 0x0000, 0x0000, 0x0000, 0x0000, 0x0000, 0x0000, 0x0000, 0x0000, 0x0000, 0x0000,
    0x0000, 0x0000, 0x0000, 0x0000, 0x0000, 0x0000, 0x0000, 0x0000, 0x0000, 0x0000, 0x0000, 0x0000,
    0x0000, 0x0000, 0x0000, 0x0000, 0x0000, 0x0000, 0x0000, 0x0000, 0x0000, 0x0000, 0x0000, 0x0000,
    0x0000, 0x0000, 0x0000, 0x0000, 0x0000, 0x0000, 0x0000, 0x0000, 0x0000, 0x0000, 0x0000, 0x0000,
    0x0000, 0x0000, 0x0000, 0x0000, 0x0000, 0x0000, 0x0000, 0x0000, 0x0000, 0x0000, 0x0000, 0x0000,
    0x0000, 0x0000, 0x0000, 0x0000, 0x0000, 0x0000, 0x0000, 0x0000, 0x0000, 0x0000, 0x0000, 0x0000,
    0x0000, 0x0000, 0x0000, 0x0000, 0x0000, 0x0000, 0x0000, 0x0000, 0xCD40, 0xFEA0, 0xFE20, 0xFE60,
    0xFE60, 0xFE40, 0xFEA0, 0x93E0, 0x0000, 0x0000, 0x5A60, 0xFE80, 0xFE40, 0xFE60, 0xFE60, 0xFE40,
    0xFE60, 0xF660, 0x2900, 0x3000, 0x4000, 0x0840, 0xE5C0, 0xFE60, 0xFE60, 0xFE60, 0xFE60, 0xFE60,
    0xFE60, 0xFE40, 0xF620, 0xFE40, 0xFE40, 0xFE40, 0xFEA0, 0xFE60, 0x8B80, 0x0800, 0x4800, 0x4000,
    0x1800, 0x0000, 0x4180, 0xDDC0, 0xFF20, 0xE5E0, 0x5220, 0x0800, 0x1800, 0x4000, 0x5020, 0x4800,
    0x4800, 0x4800, 0x5000, 0x5800, 0x4000, 0x5000, 0x5800, 0x2800, 0x5800, 0x5000, 0x4800, 0x4000,
    0x4800, 0x3000, 0x0000, 0x0000, 0x3000, 0x6800, 0x5800, 0x5000, 0x5000, 0x5800, 0x4800, 0x2000,
    0x0000, 0x0000, 0x0000, 0x0000, 0x0000, 0x0000, 0x0000, 0x0000, 0x0000, 0x0000, 0x0000, 0x0000,
    0x0000, 0x0000, 0x0000, 0x0000, 0x0000, 0x0000, 0x0000, 0x0000, 0x0000, 0x0000, 0x0000, 0x0000,
    0x0000, 0x0000, 0x0000, 0x0000, 0x0000, 0x0000, 0x0000, 0x0000, 0x0000, 0x0000, 0x0000, 0x0000,
    0x0000, 0x0000, 0x0000, 0x0000, 0x0000, 0x0000, 0x0000, 0x0000, 0x0000, 0x0000, 0x0000, 0x0000,
    0x0000, 0x0000, 0x0000, 0x0000, 0x0000, 0x0000, 0x0000, 0x0000, 0x0000, 0x0000, 0x0000, 0x0000,
    0x0000, 0x0000, 0x0000, 0x0000, 0x0000, 0x0000, 0x0000, 0x0000, 0x0000, 0x0000, 0x0000, 0x0000,
    0x0000, 0x0000, 0x0000, 0x0000, 0x0000, 0x0000, 0x0000, 0x0000, 0x0000, 0x0000, 0x0000, 0x0000,
    0x0000, 0x0000, 0x0000, 0x0000, 0x0000, 0x0000, 0x0000, 0x0000, 0x0000, 0x0000, 0x0000, 0x0000,
    0x0000, 0x0000, 0x0000, 0x0000, 0x0000, 0x0000, 0x0000, 0x0000, 0x0000, 0x0000, 0x0000, 0x0000,
    0x0000, 0x0000, 0x0000, 0x0000, 0x0000, 0x0000, 0x0000, 0x0000, 0x0000, 0x0000, 0x0000, 0x0000,
    0x0000, 0x0000, 0x0000, 0x0000, 0x0000, 0x0000, 0x0000, 0x0000, 0x0000, 0x0000, 0x0000, 0x0000,
    0x0000, 0x0000, 0x0000, 0x0000, 0x0000, 0x0000, 0x0000, 0x0000, 0x0000, 0x0000, 0x0000, 0x0000,
    0x0000, 0x0000, 0x0000, 0x0000, 0x0000, 0x0000, 0x0000, 0x0000, 0x0000, 0x0000, 0x0000, 0x0000,
    0x0000, 0x0000, 0x0000, 0x0000, 0x0000, 0x0000, 0x0000, 0x0000, 0xC520, 0xFEA0, 0xFE40, 0xFE60,
    0xFE60, 0xFE60, 0xFE40, 0xFE60, 0x9C00, 0x9C00, 0xFE80, 0xFE60, 0xFE60, 0xFE60, 0xFE60, 0xFE40,
    0xFEC0, 0x9400, 0x0800, 0x5000, 0x4800, 0x1000, 0x7320, 0xFE80, 0xFE60, 0xFE40, 0xFE60, 0xFE60,
    0xFE40, 0xFE60, 0xFEC0, 0xFE80, 0xFE80, 0xFEC0, 0xDDC0, 0x3160, 0x0800, 0x4800, 0x4800, 0x4800,
    0x4800, 0x0800, 0x0840, 0x9C20, 0x83E0, 0x2080, 0x2000, 0x4000, 0x5820, 0x5000, 0x4800, 0x5000,
    0x5800, 0x5800, 0x4000, 0x2800, 0x0000, 0x1000, 0x8001, 0x5800, 0x5000, 0x4000, 0x4000, 0x5000,
    0x5800, 0x1000, 0x0000, 0x0000, 0x0000, 0x4000, 0x7000, 0x6000, 0x4000, 0x1000, 0x0000, 0x0000,
    0x0000, 0x0000, 0x0000, 0x0000, 0x0000, 0x0000, 0x0000, 0x0000, 0x0000, 0x0000, 0x0000, 0x0000,
    0x0000, 0x0000, 0x0000, 0x0000, 0x0000, 0x0000, 0x0000, 0x0000, 0x0000, 0x0000, 0x0000, 0x0000,
    0x0000, 0x0000, 0x0000, 0x0000, 0x0000, 0x0000, 0x0000, 0x0000, 0x0000, 0x0000, 0x0000, 0x0000,
    0x0000, 0x0000, 0x0000, 0x0000, 0x0000, 0x0000, 0x0000, 0x0000, 0x0000, 0x0000, 0x0000, 0x0000,
    0x0000, 0x0000, 0x0000, 0x0000, 0x0000, 0x0000, 0x0000, 0x0000, 0x0000, 0x0000, 0x0000, 0x0000,
    0x0000, 0x0000, 0x0000, 0x0000, 0x0000, 0x0000, 0x0000, 0x0000, 0x0000, 0x0000, 0x0000, 0x0000,
    0x0000, 0x0000, 0x0000, 0x0000, 0x0000, 0x0000, 0x0000, 0x0000, 0x0000, 0x0000, 0x0000, 0x0000,
    0x0000, 0x0000, 0x0000, 0x0000, 0x0000, 0x0000, 0x0000, 0x0000, 0x0000, 0x0000, 0x0000, 0x0000,
    0x0000, 0x0000, 0x0000, 0x0000, 0x0000, 0x0000, 0x0000, 0x0000, 0x0000, 0x0000, 0x0000, 0x0000,
    0x0000, 0x0000, 0x0000, 0x0000, 0x0000, 0x0000, 0x0000, 0x0000, 0x0000, 0x0000, 0x0000, 0x0000,
    0x0000, 0x0000, 0x0000, 0x0000, 0x0000, 0x0000, 0x0000, 0x0000, 0x0000, 0x0000, 0x0000, 0x0000,
    0x0000, 0x0000, 0x0000, 0x0000, 0x0000, 0x0000, 0x0000, 0x0000, 0x0000, 0x0000, 0x0000, 0x0000,
    0x0000, 0x0000, 0x0000, 0x0000, 0x0000, 0x0000, 0x0000, 0x0000, 0x0000, 0x0000, 0x0000, 0x0000,
    0x0000, 0x0000, 0x0000, 0x0000, 0x0000, 0x0000, 0x0000, 0x0000, 0x8340, 0xFEE0, 0xFE40, 0xFE40,
    0xFE40, 0xFE40, 0xFE40, 0xFE40, 0xFEA0, 0xFEA0, 0xFE40, 0xFE20, 0xFE60, 0xFE60, 0xFE40, 0xFE60,
    0xEE20, 0x20C0, 0x4000, 0x4000, 0x4000, 0x0800, 0x0000, 0xAC40, 0xFF00, 0xFE20, 0xFE20, 0xFE60,
    0xFEE0, 0xE5C0, 0x7B40, 0xC520, 0xAC60, 0x5A60, 0x1040, 0x2800, 0x4800, 0x4000, 0x3800, 0x4800,
    0x1000, 0x2000, 0x3020, 0x1020, 0x1800, 0x5800, 0x6020, 0x4800, 0x4800, 0x4800, 0x5000, 0x5800,
    0x4800, 0x2000, 0x0000, 0x0000, 0x0000, 0x0000, 0x2800, 0x7000, 0x5000, 0x6800, 0x6000, 0x5800,
    0x1800, 0x0000, 0x0000, 0x0000, 0x0000, 0x0000, 0x1800, 0x1000, 0x0000, 0x0000, 0x0000, 0x0000,
    0x0000, 0x0000, 0x0000, 0x0000, 0x0000, 0x0000, 0x0000, 0x0000, 0x0000, 0x0000, 0x0000, 0x0000,
    0x0000, 0x0000, 0x0000, 0x0000, 0x0000, 0x0000, 0x0000, 0x0000, 0x0000, 0x0000, 0x0000, 0x0000,
    0x0000, 0x0000, 0x0000, 0x0000, 0x0000, 0x0000, 0x0000, 0x0000, 0x0000, 0x0000, 0x0000, 0x0000,
    0x0000, 0x0000, 0x0000, 0x0000, 0x0000, 0x0000, 0x0000, 0x0000, 0x0000, 0x0000, 0x0000, 0x0000,
    0x0000, 0x0000, 0x0000, 0x0000, 0x0000, 0x0000, 0x0000, 0x0000, 0x0000, 0x0000, 0x0000, 0x0000,
    0x0000, 0x0000, 0x0000, 0x0000, 0x0000, 0x0000, 0x0000, 0x0000, 0x0000, 0x0000, 0x0000, 0x0000,
    0x0000, 0x0000, 0x0000, 0x0000, 0x0000, 0x0000, 0x0000, 0x0000, 0x0000, 0x0000, 0x0000, 0x0000,
    0x0000, 0x0000, 0x0000, 0x0000, 0x0000, 0x0000, 0x0000, 0x0000, 0x0000, 0x0000, 0x0000, 0x0000,
    0x0000, 0x0000, 0x0000, 0x0000, 0x0000, 0x0000, 0x0000, 0x0000, 0x0000, 0x0000, 0x0000, 0x0000,
    0x0000, 0x0000, 0x0000, 0x0000, 0x0000, 0x0000, 0x0000, 0x0000, 0x0000, 0x0000, 0x0000, 0x0000,
    0x0000, 0x0000, 0x0000, 0x0000, 0x0000, 0x0000, 0x0000, 0x0000, 0x0000, 0x0000, 0x0000, 0x0000,
    0x0000, 0x0000, 0x0000, 0x0000, 0x0000, 0x0000, 0x0000, 0x0000, 0x0000, 0x0000, 0x0000, 0x0000,
    0x0000, 0x0000, 0x0000, 0x0000, 0x0000, 0x0000, 0x0000, 0x0000, 0x0000, 0x0000, 0x0000, 0x0000,
    0x0000, 0x0000, 0x0000, 0x0000, 0x0000, 0x0000, 0x0000, 0x0000, 0x4A00, 0xFE60, 0xFE40, 0xFE60,
    0xFE60, 0xFE40, 0xFE20, 0xFE40, 0xFE20, 0xFE20, 0xFE40, 0xFE60, 0xFE60, 0xFE40, 0xFE20, 0xFEE0,
    0x6AC0, 0x1000, 0x4800, 0x4000, 0x3800, 0x0000, 0x1000, 0x2920, 0xBD01, 0xFE80, 0xFE80, 0xFE60,
    0xA460, 0x20E0, 0x0000, 0x1880, 0x0800, 0x1000, 0x4000, 0x5820, 0x4800, 0x4000, 0x4800, 0x2800,
    0x0000, 0x1800, 0x8800, 0x6000, 0x6820, 0x5000, 0x4800, 0x5000, 0x5800, 0x5800, 0x4000, 0x1800,
    0x0000, 0x0000, 0x0000, 0x0000, 0x0000, 0x0000, 0x0000, 0x4000, 0x6800, 0x5000, 0x1000, 0x0000,
    0x0000, 0x0000, 0x0000, 0x0000, 0x0000, 0x0000, 0x0000, 0x0000, 0x0000, 0x0000, 0x0000, 0x0000,
    0x0000, 0x0000, 0x0000, 0x0000, 0x0000, 0x0000, 0x0000, 0x0000, 0x0000, 0x0000, 0x0000, 0x0000,
    0x0000, 0x0000, 0x0000, 0x0000, 0x0000, 0x0000, 0x0000, 0x0000, 0x0000, 0x0000, 0x0000, 0x0000,
    0x0000, 0x0000, 0x0000, 0x0000, 0x0000, 0x0000, 0x0000, 0x0000, 0x0000, 0x0000, 0x0000, 0x0000,
    0x0000, 0x0000, 0x0000, 0x0000, 0x0000, 0x0000, 0x0000, 0x0000, 0x0000, 0x0000, 0x0000, 0x0000,
    0x0000, 0x0000, 0x0000, 0x0000, 0x0000, 0x0000, 0x0000, 0x0000, 0x0000, 0x0000, 0x0000, 0x0000,
    0x0000, 0x0000, 0x0000, 0x0000, 0x0000, 0x0000, 0x0000, 0x0000, 0x0000, 0x0000, 0x0000, 0x0000,
    0x0000, 0x0000, 0x0000, 0x0000, 0x0000, 0x0000, 0x0000, 0x0000, 0x0000, 0x0000, 0x0000, 0x0000,
    0x0000, 0x0000, 0x0000, 0x0000, 0x0000, 0x0000, 0x0000, 0x0000, 0x0000, 0x0000, 0x0000, 0x0000,
    0x0000, 0x0000, 0x0000, 0x0000, 0x0000, 0x0000, 0x0000, 0x0000, 0x0000, 0x0000, 0x0000, 0x0000,
    0x0000, 0x0000, 0x0000, 0x0000, 0x0000, 0x0000, 0x0000, 0x0000, 0x0000, 0x0000, 0x0000, 0x0000,
    0x0000, 0x0000, 0x0000, 0x0000, 0x0000, 0x0000, 0x0000, 0x0000, 0x0000, 0x0000, 0x0000, 0x0000,
    0x0000, 0x0000, 0x0000, 0x0000, 0x0000, 0x0000, 0x0000, 0x0000, 0x0000, 0x0000, 0x0000, 0x0000,
    0x0000, 0x0000, 0x0000, 0x0000, 0x0000, 0x0000, 0x0000, 0x0000, 0x0000, 0x0000, 0x0000, 0x0000,
    0x0000, 0x0000, 0x0000, 0x0000, 0x0000, 0x0000, 0x0000, 0x0000, 0x7300, 0xFEC0, 0xFE40, 0xFE40,
    0xFE40, 0xFE40, 0xFE40, 0xFE60, 0xFE40, 0xFE40, 0xFE40, 0xFE40, 0xFE60, 0xFE20, 0xFEC0, 0xAC60,
    0x0800, 0x4800, 0x4000, 0x5000, 0x1800, 0x0000, 0x2000, 0x3800, 0x0800, 0x2920, 0x41C0, 0x28E0,
    0x0800, 0x3000, 0x5020, 0x4800, 0x5000, 0x5020, 0x4800, 0x4000, 0x4000, 0x5000, 0x3800, 0x0000,
    0x0000, 0x0000, 0x2800, 0x5800, 0x5000, 0x4800, 0x5000, 0x5800, 0x3800, 0x1800, 0x0000, 0x0000,
    0x0000, 0x0000, 0x0000, 0x0000, 0x0000, 0x0000, 0x0000, 0x0000, 0x1800, 0x0000, 0x0000, 0x0000,
    0x0000, 0x0000, 0x0000, 0x0000, 0x0000, 0x0000, 0x0000, 0x0000, 0x0000, 0x0000, 0x0000, 0x0000,
    0x0000, 0x0000, 0x0000, 0x0000, 0x0000, 0x0000, 0x0000, 0x0000, 0x0000, 0x0000, 0x0000, 0x0000,
    0x0000, 0x0000, 0x0000, 0x0000, 0x0000, 0x0000, 0x0000, 0x0000, 0x0000, 0x0000, 0x0000, 0x0000,
    0x0000, 0x0000, 0x0000, 0x0000, 0x0000, 0x0000, 0x0000, 0x0000, 0x0000, 0x0000, 0x0000, 0x0000,
    0x0000, 0x0000, 0x0000, 0x0000, 0x0000, 0x0000, 0x0000, 0x0000, 0x0000, 0x0000, 0x0000, 0x0000,
    0x0000, 0x0000, 0x0000, 0x0000, 0x0000, 0x0000, 0x0000, 0x0000, 0x0000, 0x0000, 0x0000, 0x0000,
    0x0000, 0x0000, 0x0000, 0x0000, 0x0000, 0x0000, 0x0000, 0x0000, 0x0000, 0x0000, 0x0000, 0x0000,
    0x0000, 0x0000, 0x0000, 0x0000, 0x0000, 0x0000, 0x0000, 0x0000, 0x0000, 0x0000, 0x0000, 0x0000,
    0x0000, 0x0000, 0x0000, 0x0000, 0x0000, 0x0000, 0x0000, 0x0000, 0x0000, 0x0000, 0x0000, 0x0000,
    0x0000, 0x0000, 0x0000, 0x0000, 0x0000, 0x0000, 0x0000, 0x0000, 0x0000, 0x0000, 0x0000, 0x0000,
    0x0000, 0x0000, 0x0000, 0x0000, 0x0000, 0x0000, 0x0000, 0x0000, 0x0000, 0x0000, 0x0000, 0x0000,
    0x0000, 0x0000, 0x0000, 0x0000, 0x0000, 0x0000, 0x0000, 0x0000, 0x0000, 0x0000, 0x0000, 0x0000,
    0x0000, 0x0000, 0x0000, 0x0000, 0x0000, 0x0000, 0x0000, 0x0000, 0x0000, 0x0000, 0x0000, 0x0000,
    0x0000, 0x0000, 0x0000, 0x0000, 0x0000, 0x0000, 0x0000, 0x0000, 0x0000, 0x0000, 0x0000, 0x0000,
    0x0000, 0x0000, 0x0000, 0x0000, 0x0000, 0x0000, 0x0000, 0x0000, 0x0840, 0xDD80, 0xFE80, 0xFE40,
    0xFE40, 0xFE40, 0xFE40, 0xFE40, 0xFE40, 0xFE40, 0xFE60, 0xFE40, 0xFE20, 0xFEC0, 0xCD40, 0x1060,
    0x4000, 0x4800, 0x4000, 0x3000, 0x0000, 0x0000, 0x0000, 0x6800, 0x5800, 0x4000, 0x3800, 0x4800,
    0x4800, 0x4800, 0x4800, 0x4800, 0x4000, 0x4000, 0x4800, 0x5000, 0x5000, 0x2800, 0x0000, 0x0000,
    0x0000, 0x0000, 0x0000, 0x2800, 0x5800, 0x7800, 0x5800, 0x3000, 0x0000, 0x0000, 0x0000, 0x0000,
    0x0000, 0x0000, 0x0000, 0x0000, 0x0000, 0x0000, 0x0000, 0x0000, 0x0000, 0x0000, 0x0000, 0x0000,
    0x0000, 0x0000, 0x0000, 0x0000, 0x0000, 0x0000, 0x0000, 0x0000, 0x0000, 0x0000, 0x0000, 0x0000,
    0x0000, 0x0000, 0x0000, 0x0000, 0x0000, 0x0000, 0x0000, 0x0000, 0x0000, 0x0000, 0x0000, 0x0000,
    0x0000, 0x0000, 0x0000, 0x0000, 0x0000, 0x0000, 0x0000, 0x0000, 0x0000, 0x0000, 0x0000, 0x0000,
    0x0000, 0x0000, 0x0000, 0x0000, 0x0000, 0x0000, 0x0000, 0x0000, 0x0000, 0x0000, 0x0000, 0x0000,
    0x0000, 0x0000, 0x0000, 0x0000, 0x0000, 0x0000, 0x0000, 0x0000, 0x0000, 0x0000, 0x0000, 0x0000,
    0x0000, 0x0000, 0x0000, 0x0000, 0x0000, 0x0000, 0x0000, 0x0000, 0x0000, 0x0000, 0x0000, 0x0000,
    0x0000, 0x0000, 0x0000, 0x0000, 0x0000, 0x0000, 0x0000, 0x0000, 0x0000, 0x0000, 0x0000, 0x0000,
    0x0000, 0x0000, 0x0000, 0x0000, 0x0000, 0x0000, 0x0000, 0x0000, 0x0000, 0x0000, 0x0000, 0x0000,
    0x0000, 0x0000, 0x0000, 0x0000, 0x0000, 0x0000, 0x0000, 0x0000, 0x0000, 0x0000, 0x0000, 0x0000,
    0x0000, 0x0000, 0x0000, 0x0000, 0x0000, 0x0000, 0x0000, 0x0000, 0x0000, 0x0000, 0x0000, 0x0000,
    0x0000, 0x0000, 0x0000, 0x0000, 0x0000, 0x0000, 0x0000, 0x0000, 0x0000, 0x0000, 0x0000, 0x0000,
    0x0000, 0x0000, 0x0000, 0x0000, 0x0000, 0x0000, 0x0000, 0x0000, 0x0000, 0x0000, 0x0000, 0x0000,
    0x0000, 0x0000, 0x0000, 0x0000, 0x0000, 0x0000, 0x0000, 0x0000, 0x0000, 0x0000, 0x0000, 0x0000,
    0x0000, 0x0000, 0x0000, 0x0000, 0x0000, 0x0000, 0x0000, 0x0000, 0x0000, 0x0000, 0x0000, 0x0000,
    0x0000, 0x0000, 0x0000, 0x0000, 0x0000, 0x0000, 0x0000, 0x0000, 0x0000, 0x6AC0, 0xFEE0, 0xFE20,
    0xFE40, 0xFE40, 0xFE40, 0xFE40, 0xFE40, 0xFE60, 0xFE40, 0xFE60, 0xFEE0, 0xA440, 0x0040, 0x4000,
    0x5800, 0x4000, 0x4800, 0x0800, 0x0000, 0x0000, 0x0000, 0x2000, 0x6800, 0x5820, 0x5820, 0x5000,
    0x4800, 0x4800, 0x5000, 0x5800, 0x5800, 0x5800, 0x6000, 0x4800, 0x1000, 0x0000, 0x0000, 0x0000,
    0x0000, 0x0000, 0x0000, 0x0000, 0x4800, 0x3000, 0x0800, 0x0000, 0x0000, 0x0000, 0x0000, 0x0000,
    0x0000, 0x0000, 0x0000, 0x0000, 0x0000, 0x0000, 0x0000, 0x0000, 0x0000, 0x0000, 0x0000, 0x0000,
    0x0000, 0x0000, 0x0000, 0x0000, 0x0000, 0x0000, 0x0000, 0x0000, 0x0000, 0x0000, 0x0000, 0x0000,
    0x0000, 0x0000, 0x0000, 0x0000, 0x0000, 0x0000, 0x0000, 0x0000, 0x0000, 0x0000, 0x0000, 0x0000,
    0x0000, 0x0000, 0x0000, 0x0000, 0x0000, 0x0000, 0x0000, 0x0000, 0x0000, 0x0000, 0x0000, 0x0000,
    0x0000, 0x0000, 0x0000, 0x0000, 0x0000, 0x0000, 0x0000, 0x0000, 0x0000, 0x0000, 0x0000, 0x0000,
    0x0000, 0x0000, 0x0000, 0x0000, 0x0000, 0x0000, 0x0000, 0x0000, 0x0000, 0x0000, 0x0000, 0x0000,
    0x0000, 0x0000, 0x0000, 0x0000, 0x0000, 0x0000, 0x0000, 0x0000, 0x0000, 0x0000, 0x0000, 0x0000,
    0x0000, 0x0000, 0x0000, 0x0000, 0x0000, 0x0000, 0x0000, 0x0000, 0x0000, 0x0000, 0x0000, 0x0000,
    0x0000, 0x0000, 0x0000, 0x0000, 0x0000, 0x0000, 0x0000, 0x0000, 0x0000, 0x0000, 0x0000, 0x0000,
    0x0000, 0x0000, 0x0000, 0x0000, 0x0000, 0x0000, 0x0000, 0x0000, 0x0000, 0x0000, 0x0000, 0x0000,
    0x0000, 0x0000, 0x0000, 0x0000, 0x0000, 0x0000, 0x0000, 0x0000, 0x0000, 0x0000, 0x0000, 0x0000,
    0x0000, 0x0000, 0x0000, 0x0000, 0x0000, 0x0000, 0x0000, 0x0000, 0x0000, 0x0000, 0x0000, 0x0000,
    0x0000, 0x0000, 0x0000, 0x0000, 0x0000, 0x0000, 0x0000, 0x0000, 0x0000, 0x0000, 0x0000, 0x0000,
    0x0000, 0x0000, 0x0000, 0x0000, 0x0000, 0x0000, 0x0000, 0x0000, 0x0000, 0x0000, 0x0000, 0x0000,
    0x0000, 0x0000, 0x0000, 0x0000, 0x0000, 0x0000, 0x0000, 0x0000, 0x0000, 0x0000, 0x0000, 0x0000,
    0x0000, 0x0000, 0x0000, 0x0000, 0x0000, 0x0000, 0x0000, 0x0000, 0x0000, 0x0000, 0x9C00, 0xFEE0,
    0xFEA0, 0xFE40, 0xFE20, 0xFE20, 0xFE60, 0xFE80, 0xFE80, 0xE5A0, 0x6B00, 0x0800, 0x3800, 0x5000,
    0x4000, 0x5800, 0x3000, 0x0000, 0x0000, 0x0000, 0x0000, 0x0000, 0x2000, 0x6000, 0x6000, 0x5800,
    0x5000, 0x5800, 0x5800, 0x2800, 0x2000, 0x3000, 0x1000, 0x0000, 0x0000, 0x0000, 0x0000, 0x0000,
    0x0000, 0x0000, 0x0000, 0x0000, 0x0000, 0x0000, 0x0000, 0x0000, 0x0000, 0x0000, 0x0000, 0x0000,
    0x0000, 0x0000, 0x0000, 0x0000, 0x0000, 0x0000, 0x0000, 0x0000, 0x0000, 0x0000, 0x0000, 0x0000,
    0x0000, 0x0000, 0x0000, 0x0000, 0x0000, 0x0000, 0x0000, 0x0000, 0x0000, 0x0000, 0x0000, 0x0000,
    0x0000, 0x0000, 0x0000, 0x0000, 0x0000, 0x0000, 0x0000, 0x0000, 0x0000, 0x0000, 0x0000, 0x0000,
    0x0000, 0x0000, 0x0000, 0x0000, 0x0000, 0x0000, 0x0000, 0x0000, 0x0000, 0x0000, 0x0000, 0x0000,
    0x0000, 0x0000, 0x0000, 0x0000, 0x0000, 0x0000, 0x0000, 0x0000, 0x0000, 0x0000, 0x0000, 0x0000,
    0x0000, 0x0000, 0x0000, 0x0000, 0x0000, 0x0000, 0x0000, 0x0000, 0x0000, 0x0000, 0x0000, 0x0000,
    0x0000, 0x0000, 0x0000, 0x0000, 0x0000, 0x0000, 0x0000, 0x0000, 0x0000, 0x0000, 0x0000, 0x0000,
    0x0000, 0x0000, 0x0000, 0x0000, 0x0000, 0x0000, 0x0000, 0x0000, 0x0000, 0x0000, 0x0000, 0x0000,
    0x0000, 0x0000, 0x0000, 0x0000, 0x0000, 0x0000, 0x0000, 0x0000, 0x0000, 0x0000, 0x0000, 0x0000,
    0x0000, 0x0000, 0x0000, 0x0000, 0x0000, 0x0000, 0x0000, 0x0000, 0x0000, 0x0000, 0x0000, 0x0000,
    0x0000, 0x0000, 0x0000, 0x0000, 0x0000, 0x0000, 0x0000, 0x0000, 0x0000, 0x0000, 0x0000, 0x0000,
    0x0000, 0x0000, 0x0000, 0x0000, 0x0000, 0x0000, 0x0000, 0x0000, 0x0000, 0x0000, 0x0000, 0x0000,
    0x0000, 0x0000, 0x0000, 0x0000, 0x0000, 0x0000, 0x0000, 0x0000, 0x0000, 0x0000, 0x0000, 0x0000,
    0x0000, 0x0000, 0x0000, 0x0000, 0x0000, 0x0000, 0x0000, 0x0000, 0x0000, 0x0000, 0x0000, 0x0000,
    0x0000, 0x0000, 0x0000, 0x0000, 0x0000, 0x0000, 0x0000, 0x0000, 0x0000, 0x0000, 0x0000, 0x0000,
    0x0000, 0x0000, 0x0000, 0x0000, 0x0000, 0x0000, 0x0000, 0x0000, 0x0000, 0x5000, 0x1800, 0x5260,
    0xAC80, 0xFEA0, 0xFEC0, 0xFEC0, 0xFE60, 0xCD40, 0x8360, 0x1860, 0x2000, 0x5800, 0x5000, 0x4000,
    0x4800, 0x5000, 0x0000, 0x0000, 0x0000, 0x0000, 0x0000, 0x0000, 0x0000, 0x1800, 0x4800, 0x5000,
    0x4000, 0x3000, 0x0800, 0x0000, 0x0000, 0x0000, 0x0000, 0x0000, 0x0000, 0x0000, 0x0000, 0x0000,
    0x0000, 0x0000, 0x0000, 0x0000, 0x0000, 0x0000, 0x0000, 0x0000, 0x0000, 0x0000, 0x0000, 0x0000,
    0x0000, 0x0000, 0x0000, 0x0000, 0x0000, 0x0000, 0x0000, 0x0000, 0x0000, 0x0000, 0x0000, 0x0000,
    0x0000, 0x0000, 0x0000, 0x0000, 0x0000, 0x0000, 0x0000, 0x0000, 0x0000, 0x0000, 0x0000, 0x0000,
    0x0000, 0x0000, 0x0000, 0x0000, 0x0000, 0x0000, 0x0000, 0x0000, 0x0000, 0x0000, 0x0000, 0x0000,
    0x0000, 0x0000, 0x0000, 0x0000, 0x0000, 0x0000, 0x0000, 0x0000, 0x0000, 0x0000, 0x0000, 0x0000,
    0x0000, 0x0000, 0x0000, 0x0000, 0x0000, 0x0000, 0x0000, 0x0000, 0x0000, 0x0000, 0x0000, 0x0000,
    0x0000, 0x0000, 0x0000, 0x0000, 0x0000, 0x0000, 0x0000, 0x0000, 0x0000, 0x0000, 0x0000, 0x0000,
    0x0000, 0x0000, 0x0000, 0x0000, 0x0000, 0x0000, 0x0000, 0x0000, 0x0000, 0x0000, 0x0000, 0x0000,
    0x0000, 0x0000, 0x0000, 0x0000, 0x0000, 0x0000, 0x0000, 0x0000, 0x0000, 0x0000, 0x0000, 0x0000,
    0x0000, 0x0000, 0x0000, 0x0000, 0x0000, 0x0000, 0x0000, 0x0000, 0x0000, 0x0000, 0x0000, 0x0000,
    0x0000, 0x0000, 0x0000, 0x0000, 0x0000, 0x0000, 0x0000, 0x0000, 0x0000, 0x0000, 0x0000, 0x0000,
    0x0000, 0x0000, 0x0000, 0x0000, 0x0000, 0x0000, 0x0000, 0x0000, 0x0000, 0x0000, 0x0000, 0x0000,
    0x0000, 0x0000, 0x0000, 0x0000, 0x0000, 0x0000, 0x0000, 0x0000, 0x0000, 0x0000, 0x0000, 0x0000,
    0x0000, 0x0000, 0x0000, 0x0000, 0x0000, 0x0000, 0x0000, 0x0000, 0x0000, 0x0000, 0x0000, 0x0000,
    0x0000, 0x0000, 0x0000, 0x0000, 0x0000, 0x0000, 0x0000, 0x0000, 0x0000, 0x0000, 0x0000, 0x0000,
    0x0000, 0x0000, 0x0000, 0x0000, 0x0000, 0x0000, 0x0000, 0x0000, 0x0000, 0x0000, 0x0000, 0x0000,
    0x0000, 0x0000, 0x0000, 0x0000, 0x0000, 0x0000, 0x0000, 0x0000, 0x0000, 0x2800, 0x7800, 0x1800,
    0x0000, 0x4A20, 0x7320, 0x7300, 0x3960, 0x0800, 0x1800, 0x5000, 0x6020, 0x5000, 0x4800, 0x5000,
    0x5000, 0x0800, 0x0000, 0x0000, 0x0000, 0x0000, 0x0000, 0x0000, 0x0000, 0x0000, 0x0000, 0x0000,
    0x0000, 0x0000, 0x0000, 0x0000, 0x0000, 0x0000, 0x0000, 0x0000, 0x0000, 0x0000, 0x0000, 0x0000,
    0x0000, 0x0000, 0x0000, 0x0000, 0x0000, 0x0000, 0x0000, 0x0000, 0x0000, 0x0000, 0x0000, 0x0000,
    0x0000, 0x0000, 0x0000, 0x0000, 0x0000, 0x0000, 0x0000, 0x0000, 0x0000, 0x0000, 0x0000, 0x0000,
    0x0000, 0x0000, 0x0000, 0x0000, 0x0000, 0x0000, 0x0000, 0x0000, 0x0000, 0x0000, 0x0000, 0x0000,
    0x0000, 0x0000, 0x0000, 0x0000, 0x0000, 0x0000, 0x0000, 0x0000, 0x0000, 0x0000, 0x0000, 0x0000,
    0x0000, 0x0000, 0x0000, 0x0000, 0x0000, 0x0000, 0x0000, 0x0000, 0x0000, 0x0000, 0x0000, 0x0000,
    0x0000, 0x0000, 0x0000, 0x0000, 0x0000, 0x0000, 0x0000, 0x0000, 0x0000, 0x0000, 0x0000, 0x0000,
    0x0000, 0x0000, 0x0000, 0x0000, 0x0000, 0x0000, 0x0000, 0x0000, 0x0000, 0x0000, 0x0000, 0x0000,
    0x0000, 0x0000, 0x0000, 0x0000, 0x0000, 0x0000, 0x0000, 0x0000, 0x0000, 0x0000, 0x0000, 0x0000,
    0x0000, 0x0000, 0x0000, 0x0000, 0x0000, 0x0000, 0x0000, 0x0000, 0x0000, 0x0000, 0x0000, 0x0000,
    0x0000, 0x0000, 0x0000, 0x0000, 0x0000, 0x0000, 0x0000, 0x0000, 0x0000, 0x0000, 0x0000, 0x0000,
    0x0000, 0x0000, 0x0000, 0x0000, 0x0000, 0x0000, 0x0000, 0x0000, 0x0000, 0x0000, 0x0000, 0x0000,
    0x0000, 0x0000, 0x0000, 0x0000, 0x0000, 0x0000, 0x0000, 0x0000, 0x0000, 0x0000, 0x0000, 0x0000,
    0x0000, 0x0000, 0x0000, 0x0000, 0x0000, 0x0000, 0x0000, 0x0000, 0x0000, 0x0000, 0x0000, 0x0000,
    0x0000, 0x0000, 0x0000, 0x0000, 0x0000, 0x0000, 0x0000, 0x0000, 0x0000, 0x0000, 0x0000, 0x0000,
    0x0000, 0x0000, 0x0000, 0x0000, 0x0000, 0x0000, 0x0000, 0x0000, 0x0000, 0x0000, 0x0000, 0x0000,
    0x0000, 0x0000, 0x0000, 0x0000, 0x0000, 0x0000, 0x0000, 0x0000, 0x0000, 0x0000, 0x0000, 0x0000,
    0x0000, 0x0000, 0x0000, 0x0000, 0x0000, 0x0000, 0x0000, 0x0000, 0x0000, 0x0000, 0x3800, 0x7820,
    0x5800, 0x3800, 0x2000, 0x2000, 0x4000, 0x5800, 0x5820, 0x5000, 0x4800, 0x4800, 0x6000, 0x5000,
    0x0800, 0x0000, 0x0000, 0x0000, 0x0000, 0x0000, 0x0000, 0x0000, 0x0000, 0x0000, 0x0000, 0x0000,
    0x0000, 0x0000, 0x0000, 0x0000, 0x0000, 0x0000, 0x0000, 0x0000, 0x0000, 0x0000, 0x0000, 0x0000,
    0x0000, 0x0000, 0x0000, 0x0000, 0x0000, 0x0000, 0x0000, 0x0000, 0x0000, 0x0000, 0x0000, 0x0000,
    0x0000, 0x0000, 0x0000, 0x0000, 0x0000, 0x0000, 0x0000, 0x0000, 0x0000, 0x0000, 0x0000, 0x0000,
    0x0000, 0x0000, 0x0000, 0x0000, 0x0000, 0x0000, 0x0000, 0x0000, 0x0000, 0x0000, 0x0000, 0x0000,
    0x0000, 0x0000, 0x0000, 0x0000, 0x0000, 0x0000, 0x0000, 0x0000, 0x0000, 0x0000, 0x0000, 0x0000,
    0x0000, 0x0000, 0x0000, 0x0000, 0x0000, 0x0000, 0x0000, 0x0000, 0x0000, 0x0000, 0x0000, 0x0000,
    0x0000, 0x0000, 0x0000, 0x0000, 0x0000, 0x0000, 0x0000, 0x0000, 0x0000, 0x0000, 0x0000, 0x0000,
    0x0000, 0x0000, 0x0000, 0x0000, 0x0000, 0x0000, 0x0000, 0x0000, 0x0000, 0x0000, 0x0000, 0x0000,
    0x0000, 0x0000, 0x0000, 0x0000, 0x0000, 0x0000, 0x0000, 0x0000, 0x0000, 0x0000, 0x0000, 0x0000,
    0x0000, 0x0000, 0x0000, 0x0000, 0x0000, 0x0000, 0x0000, 0x0000, 0x0000, 0x0000, 0x0000, 0x0000,
    0x0000, 0x0000, 0x0000, 0x0000, 0x0000, 0x0000, 0x0000, 0x0000, 0x0000, 0x0000, 0x0000, 0x0000,
    0x0000, 0x0000, 0x0000, 0x0000, 0x0000, 0x0000, 0x0000, 0x0000, 0x0000, 0x0000, 0x0000, 0x0000,
    0x0000, 0x0000, 0x0000, 0x0000, 0x0000, 0x0000, 0x0000, 0x0000, 0x0000, 0x0000, 0x0000, 0x0000,
    0x0000, 0x0000, 0x0000, 0x0000, 0x0000, 0x0000, 0x0000, 0x0000, 0x0000, 0x0000, 0x0000, 0x0000,
    0x0000, 0x0000, 0x0000, 0x0000, 0x0000, 0x0000, 0x0000, 0x0000, 0x0000, 0x0000, 0x0000, 0x0000,
    0x0000, 0x0000, 0x0000, 0x0000, 0x0000, 0x0000, 0x0000, 0x0000, 0x0000, 0x0000, 0x0000, 0x0000,
    0x0000, 0x0000, 0x0000, 0x0000, 0x0000, 0x0000, 0x0000, 0x0000, 0x0000, 0x0000, 0x0000, 0x0000,
    0x0000, 0x0000, 0x0000, 0x0000, 0x0000, 0x0000, 0x0000, 0x0000, 0x0000, 0x0000, 0x0000, 0x5000,
    0x6800, 0x6820, 0x6820, 0x6820, 0x5800, 0x5000, 0x5000, 0x5000, 0x5800, 0x5800, 0x3000, 0x0000,
    0x0000, 0x0000, 0x0000, 0x0000, 0x0000, 0x0000, 0x0000, 0x0000, 0x0000, 0x0000, 0x0000, 0x0000,
    0x0000, 0x0000, 0x0000, 0x0000, 0x0000, 0x0000, 0x0000, 0x0000, 0x0000, 0x0000, 0x0000, 0x0000,
    0x0000, 0x0000, 0x0000, 0x0000, 0x0000, 0x0000, 0x0000, 0x0000, 0x0000, 0x0000, 0x0000, 0x0000,
    0x0000, 0x0000, 0x0000, 0x0000, 0x0000, 0x0000, 0x0000, 0x0000, 0x0000, 0x0000, 0x0000, 0x0000,
    0x0000, 0x0000, 0x0000, 0x0000, 0x0000, 0x0000, 0x0000, 0x0000, 0x0000, 0x0000, 0x0000, 0x0000,
    0x0000, 0x0000, 0x0000, 0x0000, 0x0000, 0x0000, 0x0000, 0x0000, 0x0000, 0x0000, 0x0000, 0x0000,
    0x0000, 0x0000, 0x0000, 0x0000, 0x0000, 0x0000, 0x0000, 0x0000, 0x0000, 0x0000, 0x0000, 0x0000,
    0x0000, 0x0000, 0x0000, 0x0000, 0x0000, 0x0000, 0x0000, 0x0000, 0x0000, 0x0000, 0x0000, 0x0000,
    0x0000, 0x0000, 0x0000, 0x0000, 0x0000, 0x0000, 0x0000, 0x0000, 0x0000, 0x0000, 0x0000, 0x0000,
    0x0000, 0x0000, 0x0000, 0x0000, 0x0000, 0x0000, 0x0000, 0x0000, 0x0000, 0x0000, 0x0000, 0x0000,
    0x0000, 0x0000, 0x0000, 0x0000, 0x0000, 0x0000, 0x0000, 0x0000, 0x0000, 0x0000, 0x0000, 0x0000,
    0x0000, 0x0000, 0x0000, 0x0000, 0x0000, 0x0000, 0x0000, 0x0000, 0x0000, 0x0000, 0x0000, 0x0000,
    0x0000, 0x0000, 0x0000, 0x0000, 0x0000, 0x0000, 0x0000, 0x0000, 0x0000, 0x0000, 0x0000, 0x0000,
    0x0000, 0x0000, 0x0000, 0x0000, 0x0000, 0x0000, 0x0000, 0x0000, 0x0000, 0x0000, 0x0000, 0x0000,
    0x0000, 0x0000, 0x0000, 0x0000, 0x0000, 0x0000, 0x0000, 0x0000, 0x0000, 0x0000, 0x0000, 0x0000,
    0x0000, 0x0000, 0x0000, 0x0000, 0x0000, 0x0000, 0x0000, 0x0000, 0x0000, 0x0000, 0x0000, 0x0000,
    0x0000, 0x0000, 0x0000, 0x0000, 0x0000, 0x0000, 0x0000, 0x0000, 0x0000, 0x0000, 0x0000, 0x0000,
    0x0000, 0x0000, 0x0000, 0x0000, 0x0000, 0x0000, 0x0000, 0x0000, 0x0000, 0x0000, 0x0000, 0x0000,
    0x0000, 0x0000, 0x0000, 0x0000, 0x0000, 0x0000, 0x0000, 0x0000, 0x0000, 0x0000, 0x0000, 0x0000,
    0x3800, 0x6000, 0x6800, 0x5800, 0x6000, 0x6000, 0x6000, 0x5800, 0x4800, 0x1000, 0x0000, 0x0000,
    0x0000, 0x0000, 0x0000, 0x0000, 0x0000, 0x0000, 0x0000, 0x0000, 0x0000, 0x0000, 0x0000, 0x0000,
    0x0000, 0x0000, 0x0000, 0x0000, 0x0000, 0x0000, 0x0000, 0x0000, 0x0000, 0x0000, 0x0000, 0x0000,
    0x0000, 0x0000, 0x0000, 0x0000, 0x0000, 0x0000, 0x0000, 0x0000, 0x0000, 0x0000, 0x0000, 0x0000,
    0x0000, 0x0000, 0x0000, 0x0000, 0x0000, 0x0000, 0x0000, 0x0000, 0x0000, 0x0000, 0x0000, 0x0000,
    0x0000, 0x0000, 0x0000, 0x0000, 0x0000, 0x0000, 0x0000, 0x0000, 0x0000, 0x0000, 0x0000, 0x0000,
    0x0000, 0x0000, 0x0000, 0x0000, 0x0000, 0x0000, 0x0000, 0x0000, 0x0000, 0x0000, 0x0000, 0x0000,
    0x0000, 0x0000, 0x0000, 0x0000, 0x0000, 0x0000, 0x0000, 0x0000, 0x0000, 0x0000, 0x0000, 0x0000,
    0x0000, 0x0000, 0x0000, 0x0000, 0x0000, 0x0000, 0x0000, 0x0000, 0x0000, 0x0000, 0x0000, 0x0000,
    0x0000, 0x0000, 0x0000, 0x0000, 0x0000, 0x0000, 0x0000, 0x0000, 0x0000, 0x0000, 0x0000, 0x0000,
    0x0000, 0x0000, 0x0000, 0x0000, 0x0000, 0x0000, 0x0000, 0x0000, 0x0000, 0x0000, 0x0000, 0x0000,
    0x0000, 0x0000, 0x0000, 0x0000, 0x0000, 0x0000, 0x0000, 0x0000, 0x0000, 0x0000, 0x0000, 0x0000,
    0x0000, 0x0000, 0x0000, 0x0000, 0x0000, 0x0000, 0x0000, 0x0000, 0x0000, 0x0000, 0x0000, 0x0000,
    0x0000, 0x0000, 0x0000, 0x0000, 0x0000, 0x0000, 0x0000, 0x0000, 0x0000, 0x0000, 0x0000, 0x0000,
    0x0000, 0x0000, 0x0000, 0x0000, 0x0000, 0x0000, 0x0000, 0x0000, 0x0000, 0x0000, 0x0000, 0x0000,
    0x0000, 0x0000, 0x0000, 0x0000, 0x0000, 0x0000, 0x0000, 0x0000, 0x0000, 0x0000, 0x0000, 0x0000,
    0x0000, 0x0000, 0x0000, 0x0000, 0x0000, 0x0000, 0x0000, 0x0000, 0x0000, 0x0000, 0x0000, 0x0000,
    0x0000, 0x0000, 0x0000, 0x0000, 0x0000, 0x0000, 0x0000, 0x0000, 0x0000, 0x0000, 0x0000, 0x0000,
    0x0000, 0x0000, 0x0000, 0x0000, 0x0000, 0x0000, 0x0000, 0x0000, 0x0000, 0x0000, 0x0000, 0x0000,
    0x0000, 0x0000, 0x0000, 0x0000, 0x0000, 0x0000, 0x0000, 0x0000, 0x0000, 0x0000, 0x0000, 0x0000,
    0x0000, 0x1800, 0x4800, 0x5000, 0x6000, 0x5800, 0x3800, 0x1000, 0x0000, 0x0000, 0x0000, 0x0000,
    0x0000, 0x0000, 0x0000, 0x0000, 0x0000, 0x0000, 0x0000, 0x0000, 0x0000, 0x0000, 0x0000, 0x0000,
    0x0000, 0x0000, 0x0000, 0x0000, 0x0000, 0x0000, 0x0000, 0x0000, 0x0000, 0x0000, 0x0000, 0x0000,
    0x0000, 0x0000, 0x0000, 0x0000, 0x0000, 0x0000, 0x0000, 0x0000, 0x0000, 0x0000, 0x0000, 0x0000,
    0x0000, 0x0000, 0x0000, 0x0000, 0x0000, 0x0000, 0x0000, 0x0000, 0x0000, 0x0000, 0x0000, 0x0000,
    0x0000, 0x0000, 0x0000, 0x0000, 0x0000, 0x0000, 0x0000, 0x0000, 0x0000, 0x0000, 0x0000, 0x0000,
    0x0000, 0x0000, 0x0000, 0x0000, 0x0000, 0x0000, 0x0000, 0x0000, 0x0000, 0x0000, 0x0000, 0x0000,
    0x0000, 0x0000, 0x0000, 0x0000, 0x0000, 0x0000, 0x0000, 0x0000, 0x0000, 0x0000, 0x0000, 0x0000,
    0x0000, 0x0000, 0x0000, 0x0000, 0x0000, 0x0000, 0x0000, 0x0000, 0x0000, 0x0000, 0x0000, 0x0000,
    0x0000, 0x0000, 0x0000, 0x0000, 0x0000, 0x0000, 0x0000, 0x0000, 0x0000, 0x0000, 0x0000, 0x0000,
    0x0000, 0x0000, 0x0000, 0x0000, 0x0000, 0x0000, 0x0000, 0x0000, 0x0000, 0x0000, 0x0000, 0x0000,
    0x0000, 0x0000, 0x0000, 0x0000, 0x0000, 0x0000, 0x0000, 0x0000, 0x0000, 0x0000, 0x0000, 0x0000,
    0x0000, 0x0000, 0x0000, 0x0000, 0x0000, 0x0000, 0x0000, 0x0000, 0x0000, 0x0000, 0x0000, 0x0000,
    0x0000, 0x0000, 0x0000, 0x0000, 0x0000, 0x0000, 0x0000, 0x0000, 0x0000, 0x0000, 0x0000, 0x0000,
    0x0000, 0x0000, 0x0000, 0x0000, 0x0000, 0x0000, 0x0000, 0x0000, 0x0000, 0x0000, 0x0000, 0x0000,
    0x0000, 0x0000, 0x0000, 0x0000, 0x0000, 0x0000, 0x0000, 0x0000, 0x0000, 0x0000, 0x0000, 0x0000,
    0x0000, 0x0000, 0x0000, 0x0000, 0x0000, 0x0000, 0x0000, 0x0000, 0x0000, 0x0000, 0x0000, 0x0000,
    0x0000, 0x0000, 0x0000, 0x0000, 0x0000, 0x0000, 0x0000, 0x0000, 0x0000, 0x0000, 0x0000, 0x0000,
    0x0000, 0x0000, 0x0000, 0x0000, 0x0000, 0x0000, 0x0000, 0x0000, 0x0000, 0x0000, 0x0000, 0x0000,
    0x0000, 0x0000, 0x0000, 0x0000, 0x0000, 0x0000, 0x0000, 0x0000, 0x0000, 0x0000, 0x0000, 0x0000,
    0x0000, 0x0000, 0x0000, 0x0000, 0x0000, 0x0000, 0x0000, 0x0000, 0x0000, 0x0000, 0x0000, 0x0000,
    0x0000, 0x0000, 0x0000, 0x0000, 0x0000, 0x0000, 0x0000, 0x0000, 0x0000, 0x0000, 0x0000, 0x0000,
    0x0000, 0x0000, 0x0000, 0x0000, 0x0000, 0x0000, 0x0000, 0x0000, 0x0000, 0x0000, 0x0000, 0x0000,
    0x0000, 0x0000, 0x0000, 0x0000, 0x0000, 0x0000, 0x0000, 0x0000, 0x0000, 0x0000, 0x0000, 0x0000,
    0x0000, 0x0000, 0x0000, 0x0000, 0x0000, 0x0000, 0x0000, 0x0000, 0x0000, 0x0000, 0x0000, 0x0000,
    0x0000, 0x0000, 0x0000, 0x0000, 0x0000, 0x0000, 0x0000, 0x0000, 0x0000, 0x0000, 0x0000, 0x0000,
    0x0000, 0x0000, 0x0000, 0x0000, 0x0000, 0x0000, 0x0000, 0x0000, 0x0000, 0x0000, 0x0000, 0x0000,
    0x0000, 0x0000, 0x0000, 0x0000, 0x0000, 0x0000, 0x0000, 0x0000, 0x0000, 0x0000, 0x0000, 0x0000,
    0x0000, 0x0000, 0x0000, 0x0000, 0x0000, 0x0000, 0x0000, 0x0000, 0x0000, 0x0000, 0x0000, 0x0000,
    0x0000, 0x0000, 0x0000, 0x0000, 0x0000, 0x0000, 0x0000, 0x0000, 0x0000, 0x0000, 0x0000, 0x0000,
    0x0000, 0x0000, 0x0000, 0x0000, 0x0000, 0x0000, 0x0000, 0x0000, 0x0000, 0x0000, 0x0000, 0x0000,
    0x0000, 0x0000, 0x0000, 0x0000, 0x0000, 0x0000, 0x0000, 0x0000, 0x0000, 0x0000, 0x0000, 0x0000,
    0x0000, 0x0000, 0x0000, 0x0000, 0x0000, 0x0000, 0x0000, 0x0000, 0x0000, 0x0000, 0x0000, 0x0000,
    0x0000, 0x0000, 0x0000, 0x0000, 0x0000, 0x0000, 0x0000, 0x0000, 0x0000, 0x0000, 0x0000, 0x0000,
    0x0000, 0x0000, 0x0000, 0x0000, 0x0000, 0x0000, 0x0000, 0x0000, 0x0000, 0x0000, 0x0000, 0x0000,
    0x0000, 0x0000, 0x0000, 0x0000, 0x0000, 0x0000, 0x0000, 0x0000, 0x0000, 0x0000, 0x0000, 0x0000,
    0x0000, 0x0000, 0x0000, 0x0000, 0x0000, 0x0000, 0x0000, 0x0000, 0x0000, 0x0000, 0x0000, 0x0000,
    0x0000, 0x0000, 0x0000, 0x0000, 0x0000, 0x0000, 0x0000, 0x0000, 0x0000, 0x0000, 0x0000, 0x0000,
    0x0000, 0x0000, 0x0000, 0x0000, 0x0000, 0x0000, 0x0000, 0x0000, 0x0000, 0x0000, 0x0000, 0x0000,
    0x0000, 0x0000, 0x0000, 0x0000, 0x0000, 0x0000, 0x0000, 0x0000, 0x0000, 0x0000, 0x0000, 0x0000,
    0x0000, 0x0000, 0x0000, 0x0000, 0x0000, 0x0000, 0x0000, 0x0000, 0x0000, 0x0000, 0x0000, 0x0000,
    0x0000, 0x0000, 0x0000, 0x0000, 0x0000, 0x0000, 0x0000, 0x0000, 0x0000, 0x0000, 0x0000, 0x0000,
    0x0000, 0x0000, 0x0000, 0x0000, 0x0000, 0x0000, 0x0000, 0x0000, 0x0000, 0x0000, 0x0000, 0x0000,
    0x0000, 0x0000, 0x0000, 0x0000, 0x0000, 0x0000, 0x0000, 0x0000, 0x0000, 0x0000, 0x0000, 0x0000,
    0x0000, 0x0000, 0x0000, 0x0000, 0x0000, 0x0000, 0x0000, 0x0000, 0x0000, 0x0000, 0x0000, 0x0000,
    0x0000, 0x0000, 0x0000, 0x0000, 0x0000, 0x0000, 0x0000, 0x0000, 0x0000, 0x0000, 0x0000, 0x0000,
    0x0000, 0x0000, 0x0000, 0x0000, 0x0000, 0x0000, 0x0000, 0x0000, 0x0000, 0x0000, 0x0000, 0x0000,
    0x0000, 0x0000, 0x0000, 0x0000, 0x0000, 0x0000, 0x0000, 0x0000, 0x0000, 0x0000, 0x0000, 0x0000,
    0x0000, 0x0000, 0x0000, 0x0000, 0x0000, 0x0000, 0x0000, 0x0000, 0x0000, 0x0000, 0x0000, 0x0000,
    0x0000, 0x0000, 0x0000, 0x0000, 0x0000, 0x0000, 0x0000, 0x0000, 0x0000, 0x0000, 0x0000, 0x0000,
    0x0000, 0x0000, 0x0000, 0x0000, 0x0000, 0x0000, 0x0000, 0x0000, 0x0000, 0x0000, 0x0000, 0x0000,
    0x0000, 0x0000, 0x0000, 0x0000, 0x0000, 0x0000, 0x0000, 0x0000, 0x0000, 0x0000, 0x0000, 0x0000,
    0x0000, 0x0000, 0x0000, 0x0000, 0x0000, 0x0000, 0x0000, 0x0000, 0x0000, 0x0000, 0x0000, 0x0000,
    0x0000, 0x0000, 0x0000, 0x0000, 0x0000, 0x0000, 0x0000, 0x0000, 0x0000, 0x0000, 0x0000, 0x0000,
    0x0000, 0x0000, 0x0000, 0x0000, 0x0000, 0x0000, 0x0000, 0x0000, 0x0000, 0x0000, 0x0000, 0x0000,
    0x0000, 0x0000, 0x0000, 0x0000, 0x0000, 0x0000, 0x0000, 0x0000, 0x0000, 0x0000, 0x0000, 0x0000,
    0x0000, 0x0000, 0x0000, 0x0000, 0x0000, 0x0000, 0x0000, 0x0000, 0x0000, 0x0000, 0x0000, 0x0000,
    0x0000, 0x0000, 0x0000, 0x0000, 0x0000, 0x0000, 0x0000, 0x0000, 0x0000, 0x0000, 0x0000, 0x0000,
    0x0000, 0x0000, 0x0000, 0x0000, 0x0000, 0x0000, 0x0000, 0x0000, 0x0000, 0x0000, 0x0000, 0x0000,
    0x0000, 0x0000, 0x0000, 0x0000, 0x0000, 0x0000, 0x0000, 0x0000, 0x0000, 0x0000, 0x0000, 0x0000,
    0x0000, 0x0000, 0x0000, 0x0000, 0x0000, 0x0000, 0x0000, 0x0000, 0x0000, 0x0000, 0x0000, 0x0000,
    0x0000, 0x0000, 0x0000, 0x0000, 0x0000, 0x0000, 0x0000, 0x0000, 0x0000, 0x0000, 0x0000, 0x0000,
    0x0000, 0x0000, 0x0000, 0x0000, 0x0000, 0x0000, 0x0000, 0x0000, 0x0000, 0x0000, 0x0000, 0x0000,
    0x0000, 0x0000, 0x0000, 0x0000, 0x0000, 0x0000, 0x0000, 0x0000, 0x0000, 0x0000, 0x0000, 0x0000,
    0x0000, 0x0000, 0x0000, 0x0000, 0x0000, 0x0000, 0x0000, 0x0000, 0x0000, 0x0000, 0x0000, 0x0000,
    0x0000, 0x0000, 0x0000, 0x0000, 0x0000, 0x0000, 0x0000, 0x0000, 0x0000, 0x0000, 0x0000, 0x0000,
    0x0000, 0x0000, 0x0000, 0x0000, 0x0000, 0x0000, 0x0000, 0x0000, 0x0000, 0x0000, 0x0000, 0x0000,
    0x0000, 0x0000, 0x0000, 0x0000, 0x0000, 0x0000, 0x0000, 0x0000, 0x0000, 0x0000, 0x0000, 0x0000,
    0x0000, 0x0000, 0x0000, 0x0000, 0x0000, 0x0000, 0x0000, 0x0000, 0x0000, 0x0000, 0x0000, 0x0000,
    0x0000, 0x0000, 0x0000, 0x0000, 0x0000, 0x0000, 0x0000, 0x0000, 0x0000, 0x0000, 0x0000, 0x0000,
    0x0000, 0x0000, 0x0000, 0x0000, 0x0000, 0x0000, 0x0000, 0x0000, 0x0000, 0x0000, 0x0000, 0x0000,
    0x0000, 0x0000, 0x0000, 0x0000, 0x0000, 0x0000, 0x0000, 0x0000, 0x0000, 0x0000, 0x0000, 0x0000,
    0x0000, 0x0000, 0x0000, 0x0000, 0x0000, 0x0000, 0x0000, 0x0000, 0x0000, 0x0000, 0x0000, 0x0000,
    0x0000, 0x0000, 0x0000, 0x0000, 0x0000, 0x0000, 0x0000, 0x0000, 0x0000, 0x0000, 0x0000, 0x0000,
    0x0000, 0x0000, 0x0000, 0x0000, 0x0000, 0x0000, 0x0000, 0x0000, 0x0000, 0x0000, 0x0000, 0x0000,
    0x0000, 0x0000, 0x0000, 0x0000, 0x0000, 0x0000, 0x0000, 0x0000, 0x0000, 0x0000, 0x0000, 0x0000,
    0x0000, 0x0000, 0x0000, 0x0000, 0x0000, 0x0000, 0x0000, 0x0000, 0x0000, 0x0000, 0x0000, 0x0000,
    0x0000, 0x0000, 0x0000, 0x0000, 0x0000, 0x0000, 0x0000, 0x0000, 0x0000, 0x0000, 0x0000, 0x0000,
    0x0000, 0x0000, 0x0000, 0x0000, 0x0000, 0x0000, 0x0000, 0x0000, 0x0000, 0x0000, 0x0000, 0x0000,
    0x0000, 0x0000, 0x0000, 0x0000, 0x0000, 0x0000, 0x0000, 0x0000, 0x0000, 0x0000, 0x0000, 0x0000,
    0x0000, 0x0000, 0x0000, 0x0000, 0x0000, 0x0000, 0x0000, 0x0000, 0x0000, 0x0000, 0x0000, 0x0000,
    0x0000, 0x0000, 0x0000, 0x0000, 0x0000, 0x0000, 0x0000, 0x0000, 0x0000, 0x0000, 0x0000, 0x0000,
    0x0000, 0x0000, 0x0000, 0x0000, 0x0000, 0x0000, 0x0000, 0x0000, 0x0000, 0x0000, 0x0000, 0x0000,
    0x0000, 0x0000, 0x0000, 0x0000, 0x0000, 0x0000, 0x0000, 0x0000, 0x0000, 0x0000, 0x0000, 0x0000,
    0x0000, 0x0000, 0x0000, 0x0000, 0x0000, 0x0000, 0x0000, 0x0000, 0x0000, 0x0000, 0x0000, 0x0000,
    0x0000, 0x0000, 0x0000, 0x0000, 0x0000, 0x0000, 0x0000, 0x0000, 0x0000, 0x0000, 0x0000, 0x0000,
    0x0000, 0x0000, 0x0000, 0x0000, 0x0000, 0x0000, 0x0000, 0x0000, 0x0000, 0x0000, 0x0000, 0x0000,
    0x0000, 0x0000, 0x0000, 0x0000, 0x0000, 0x0000, 0x0000, 0x0000, 0x0000, 0x0000, 0x0000, 0x0000,
    0x0000, 0x0000, 0x0000, 0x0000, 0x0000, 0x0000, 0x0000, 0x0000, 0x0000, 0x0000, 0x0000, 0x0000,
    0x0000, 0x0000, 0x0000, 0x0000, 0x0000, 0x0000, 0x0000, 0x0000, 0x0000, 0x0000, 0x0000, 0x0000,
    0x0000, 0x0000, 0x0000, 0x0000, 0x0000, 0x0000, 0x0000, 0x0000, 0x0000, 0x0000, 0x0000, 0x0000,
    0x0000, 0x0000, 0x0000, 0x0000, 0x0000, 0x0000, 0x0000, 0x0000, 0x0000, 0x0000, 0x0000, 0x0000,
    0x0000, 0x0000, 0x0000, 0x0000, 0x0000, 0x0000, 0x0000, 0x0000, 0x0000, 0x0000, 0x0000, 0x0000,
    0x0000, 0x0000, 0x0000, 0x0000, 0x0000, 0x0000, 0x0000, 0x0000, 0x0000, 0x0000, 0x0000, 0x0000,
    0x0000, 0x0000, 0x0000, 0x0000, 0x0000, 0x0000, 0x0000, 0x0000, 0x0000, 0x0000, 0x0000, 0x0000,
    0x0000, 0x0000, 0x0000, 0x0000, 0x0000, 0x0000, 0x0000, 0x0000, 0x0000, 0x0000, 0x0000, 0x0000,
    0x0000, 0x0000, 0x0000, 0x0000, 0x0000, 0x0000, 0x0000, 0x0000, 0x0000, 0x0000, 0x0000, 0x0000,
    0x0000, 0x0000, 0x0000, 0x0000, 0x0000, 0x0000, 0x0000, 0x0000, 0x0000, 0x0000, 0x0000, 0x0000,
    0x0000, 0x0000, 0x0000, 0x0000, 0x0000, 0x0000, 0x0000, 0x0000, 0x0000, 0x0000, 0x0000, 0x0000,
    0x0000, 0x0000, 0x0000, 0x0000, 0x0000, 0x0000, 0x0000, 0x0000, 0x0000, 0x0000, 0x0000, 0x0000,
    0x0000, 0x0000, 0x0000, 0x0000, 0x0000, 0x0000, 0x0000, 0x0000, 0x0000, 0x0000, 0x0000, 0x0000,
    0x0000, 0x0000, 0x0000, 0x0000, 0x0000, 0x0000, 0x0000, 0x0000, 0x0000, 0x0000, 0x0000, 0x0000,
    0x0000, 0x0000, 0x0000, 0x0000, 0x0000, 0x0000, 0x0000, 0x0000, 0x0000, 0x0000, 0x0000, 0x0000,
    0x0000, 0x0000, 0x0000, 0x0000, 0x0000, 0x0000, 0x0000, 0x0000, 0x0000, 0x0000, 0x0000, 0x0000,
    0x0000, 0x0000, 0x0000, 0x0000, 0x0000, 0x0000, 0x0000, 0x0000, 0x0000, 0x0000, 0x0000, 0x0000,
    0x0000, 0x0000, 0x0000, 0x0000, 0x0000, 0x0000, 0x0000, 0x0000, 0x0000, 0x0000, 0x0000, 0x0000,
    0x0000, 0x0000, 0x0000, 0x0000, 0x0000, 0x0000, 0x0000, 0x0000, 0x0000, 0x0000, 0x0000, 0x0000,
    0x0000, 0x0000, 0x0000, 0x0000, 0x0000, 0x0000, 0x0000, 0x0000, 0x0000, 0x0000, 0x0000, 0x0000,
    0x0000, 0x0000, 0x0000, 0x0000, 0x0000, 0x0000, 0x0000, 0x0000, 0x0000, 0x0000, 0x0000, 0x0000,
    0x0000, 0x0000, 0x0000, 0x0000, 0x0000, 0x0000, 0x0000, 0x0000, 0x0000, 0x0000, 0x0000, 0x0000,
    0x0000, 0x0000, 0x0000, 0x0000, 0x0000, 0x0000, 0x0000, 0x0000, 0x0000, 0x0000, 0x0000, 0x0000,
    0x0000, 0x0000, 0x0000, 0x0000, 0x0000, 0x0000, 0x0000, 0x0000, 0x0000, 0x0000, 0x0000, 0x0000,
    0x0000, 0x0000, 0x0000, 0x0000, 0x0000, 0x0000, 0x0000, 0x0000, 0x0000, 0x0000, 0x0000, 0x0000,
    0x0000, 0x0000, 0x0000, 0x0000, 0x0000, 0x0000, 0x0000, 0x0000, 0x0000, 0x0000, 0x0000, 0x0000,
    0x0000, 0x0000, 0x0000, 0x0000, 0x0000, 0x0000, 0x0000, 0x0000, 0x0000, 0x0000, 0x0000, 0x0000,
    0x0000, 0x0000, 0x0000, 0x0000, 0x0000, 0x0000, 0x0000, 0x0000, 0x0000, 0x0000, 0x0000, 0x0000,
    0x0000, 0x0000, 0x0000, 0x0000, 0x0000, 0x0000, 0x0000, 0x0000, 0x0000, 0x0000, 0x0000, 0x0000,
    0x0000, 0x0000, 0x0000, 0x0000, 0x0000, 0x0000, 0x0000, 0x0000, 0x0000, 0x0000, 0x0000, 0x0000,
    0x0000, 0x0000, 0x0000, 0x0000, 0x0000, 0x0000, 0x0000, 0x0000, 0x0000, 0x0000, 0x0000, 0x0000,
    0x0000, 0x0000, 0x0000, 0x0000, 0x0000, 0x0000, 0x0000, 0x0000, 0x0000, 0x0000, 0x0000, 0x0000,
    0x0000, 0x0000, 0x0000, 0x0000, 0x0000, 0x0000, 0x0000, 0x0000, 0x0000, 0x0000, 0x0000, 0x0000,
    0x0000, 0x0000, 0x0000, 0x0000, 0x0000, 0x0000, 0x0000, 0x0000, 0x0000, 0x0000, 0x0000, 0x0000,
    0x0000, 0x0000, 0x0000, 0x0000, 0x0000, 0x0000, 0x0000, 0x0000, 0x0000, 0x0000, 0x0000, 0x0000,
    0x0000, 0x0000, 0x0000, 0x0000, 0x0000, 0x0000, 0x0000, 0x0000, 0x0000, 0x0000, 0x0000, 0x0000,
    0x0000, 0x0000, 0x0000, 0x0000, 0x0000, 0x0000, 0x0000, 0x0000, 0x0000, 0x0000, 0x0000, 0x0000,
    0x0000, 0x0000, 0x0000, 0x0000, 0x0000, 0x0000, 0x0000, 0x0000, 0x0000, 0x0000, 0x0000, 0x0000,
    0x0000, 0x0000, 0x0000, 0x0000, 0x0000, 0x0000, 0x0000, 0x0000, 0x0000, 0x0000, 0x0000, 0x0000,
    0x0000, 0x0000, 0x0000, 0x0000, 0x0000, 0x0000, 0x0000, 0x0000, 0x0000, 0x0000, 0x0000, 0x0000,
    0x0000, 0x0000, 0x0000, 0x0000, 0x0000, 0x0000, 0x0000, 0x0000, 0x0000, 0x0000, 0x0000, 0x0000,
    0x0000, 0x0000, 0x0000, 0x0000, 0x0000, 0x0000, 0x0000, 0x0000, 0x0000, 0x0000, 0x0000, 0x0000,
    0x0000, 0x0000, 0x0000, 0x0000, 0x0000, 0x0000, 0x0000, 0x0000, 0x0000, 0x0000, 0x0000, 0x0000,
    0x0000, 0x0000, 0x0000, 0x0000, 0x0000, 0x0000, 0x0000, 0x0000, 0x0000, 0x0000, 0x0000, 0x0000,
    0x0000, 0x0000, 0x0000, 0x0000, 0x0000, 0x0000, 0x0000, 0x0000, 0x0000, 0x0000, 0x0000, 0x0000,
    0x0000, 0x0000, 0x0000, 0x0000, 0x0000, 0x0000, 0x0000, 0x0000, 0x0000, 0x0000, 0x0000, 0x0000,
    0x0000, 0x0000, 0x0000, 0x0000, 0x0000, 0x0000, 0x0000, 0x0000, 0x0000, 0x0000, 0x0000, 0x0000,
    0x0000, 0x0000, 0x0000, 0x0000, 0x0000, 0x0000, 0x0000, 0x0000, 0x0000, 0x0000, 0x0000, 0x0000,
    0x0000, 0x0000, 0x0000, 0x0000, 0x0000, 0x0000, 0x0000, 0x0000, 0x0000, 0x0000, 0x0000, 0x0000,
    0x0000, 0x0000, 0x0000, 0x0000, 0x0000, 0x0000, 0x0000, 0x0000, 0x0000, 0x0000, 0x0000, 0x0000,
    0x0000, 0x0000, 0x0000, 0x0000, 0x0000, 0x0000, 0x0000, 0x0000, 0x0000, 0x0000, 0x0000, 0x0000,
    0x0000, 0x0000, 0x0000, 0x0000, 0x0000, 0x0000, 0x0000, 0x0000, 0x0000, 0x0000, 0x0000, 0x0000,
    0x0000, 0x0000, 0x0000, 0x0000, 0x0000, 0x0000, 0x0000, 0x0000, 0x0000, 0x0000, 0x0000, 0x0000,
    0x0000, 0x0000, 0x0000, 0x0000, 0x0000, 0x0000, 0x0000, 0x0000, 0x0000, 0x0000, 0x0000, 0x0000,
    0x0000, 0x0000, 0x0000, 0x0000, 0x0000, 0x0000, 0x0000, 0x0000, 0x0000, 0x0000, 0x0000, 0x0000,
    0x0000, 0x0000, 0x0000, 0x0000, 0x0000, 0x0000, 0x0000, 0x0000, 0x0000, 0x0000, 0x0000, 0x0000,
    0x0000, 0x0000, 0x0000, 0x0000, 0x0000, 0x0000, 0x0000, 0x0000, 0x0000, 0x0000, 0x0000, 0x0000,
    0x0000, 0x0000, 0x0000, 0x0000, 0x0000, 0x0000, 0x0000, 0x0000, 0x0000, 0x0000, 0x0000, 0x0000,
    0x0000, 0x0000, 0x0000, 0x0000, 0x0000, 0x0000, 0x0000, 0x0000, 0x0000, 0x0000, 0x0000, 0x0000,
    0x0000, 0x0000, 0x0000, 0x0000, 0x0000, 0x0000, 0x0000, 0x0000, 0x0000, 0x0000, 0x0000, 0x0000,
    0x0000, 0x0000, 0x0000, 0x0000, 0x0000, 0x0000, 0x0000, 0x0000, 0x0000, 0x0000, 0x0000, 0x0000,
    0x0000, 0x0000, 0x0000, 0x0000, 0x0000, 0x0000, 0x0000, 0x0000, 0x0000, 0x0000, 0x0000, 0x0000,
    0x0000, 0x0000, 0x0000, 0x0000, 0x0000, 0x0000, 0x0000, 0x0000, 0x0000, 0x0000, 0x0000, 0x0000,
    0x0000, 0x0000, 0x0000, 0x0000, 0x0000, 0x0000, 0x0000, 0x0000, 0x0000, 0x0000, 0x0000, 0x0000,
    0x0000, 0x0000, 0x0000, 0x0000, 0x0000, 0x0000, 0x0000, 0x0000, 0x0000, 0x0000, 0x0000, 0x0000,
    0x0000, 0x0000, 0x0000, 0x0000, 0x0000, 0x0000, 0x0000, 0x0000, 0x0000, 0x0000, 0x0000, 0x0000,
    0x0000, 0x0000, 0x0000, 0x0000, 0x0000, 0x0000, 0x0000, 0x0000, 0x0000, 0x0000, 0x0000, 0x0000,
    0x0000, 0x0000, 0x0000, 0x0000, 0x0000, 0x0000, 0x0000, 0x0000, 0x0000, 0x0000, 0x0000, 0x0000,
    0x0000, 0x0000, 0x0000, 0x0000, 0x0000, 0x0000, 0x0000, 0x0000, 0x0000, 0x0000, 0x0000, 0x0000,
    0x0000, 0x0000, 0x0000, 0x0000, 0x0000, 0x0000, 0x0000, 0x0000, 0x0000, 0x0000, 0x0000, 0x0000,
    0x0000, 0x0000, 0x0000, 0x0000, 0x0000, 0x0000, 0x0000, 0x0000, 0x0000, 0x0000, 0x0000, 0x0000,
    0x0000, 0x0000, 0x0000, 0x0000, 0x0000, 0x0000, 0x0000, 0x0000, 0x0000, 0x0000, 0x0000, 0x0000,
    0x0000, 0x0000, 0x0000, 0x0000, 0x0000, 0x0000, 0x0000, 0x0000, 0x0000, 0x0000, 0x0000, 0x0000,
    0x0000, 0x0000, 0x0000, 0x0000, 0x0000, 0x0000, 0x0000, 0x0000, 0x0000, 0x0000, 0x0000, 0x0000,
    0x0000, 0x0000, 0x0000, 0x0000, 0x0000, 0x0000, 0x0000, 0x0000, 0x0000, 0x0000, 0x0000, 0x0000,
    0x0000, 0x0000, 0x0000, 0x0000, 0x0000, 0x0000, 0x0000, 0x0000, 0x0000, 0x0000, 0x0000, 0x0000,
    0x0000, 0x0000, 0x0000, 0x0000, 0x0000, 0x0000, 0x0000, 0x0000, 0x0000, 0x0000, 0x0000, 0x0000,
    0x0000, 0x0000, 0x0000, 0x0000, 0x0000, 0x0000, 0x0000, 0x0000, 0x0000, 0x0000, 0x0000, 0x0000,
    0x0000, 0x0000, 0x0000, 0x0000, 0x0000, 0x0000, 0x0000, 0x0000, 0x0000, 0x0000, 0x0000, 0x0000,
    0x0000, 0x0000, 0x0000, 0x0000, 0x0000, 0x0000, 0x0000, 0x0000, 0x0000, 0x0000, 0x0000, 0x0000,
    0x0000, 0x0000, 0x0000, 0x0000, 0x0000, 0x0000, 0x0000, 0x0000, 0x0000, 0x0000, 0x0000, 0x0000,
    0x0000, 0x0000, 0x0000, 0x0000, 0x0000, 0x0000, 0x0000, 0x0000, 0x0000, 0x0000, 0x0000, 0x0000,
    0x0000, 0x0000, 0x0000, 0x0000, 0x0000, 0x0000, 0x0000, 0x0000, 0x0000, 0x0000, 0x0000, 0x0000,
    0x0000, 0x0000, 0x0000, 0x0000, 0x0000, 0x0000, 0x0000, 0x0000, 0x0000, 0x0000, 0x0000, 0x0000,
    0x0000, 0x0000, 0x0000, 0x0000, 0x0000, 0x0000, 0x0000, 0x0000, 0x0000, 0x0000, 0x0000, 0x0000,
    0x0000, 0x0000, 0x0000, 0x0000, 0x0000, 0x0000, 0x0000, 0x0000, 0x0000, 0x0000, 0x0000, 0x0000,
    0x0000, 0x0000, 0x0000, 0x0000, 0x0000, 0x0000, 0x0000, 0x0000, 0x0000, 0x0000, 0x0000, 0x0000,
    0x0000, 0x0000, 0x0000, 0x0000, 0x0000, 0x0000, 0x0000, 0x0000, 0x0000, 0x0000, 0x0000, 0x0000,
    0x0000, 0x0000, 0x0000, 0x0000, 0x0000, 0x0000, 0x0000, 0x0000, 0x0000, 0x0000, 0x0000, 0x0000,
    0x0000, 0x0000, 0x0000, 0x0000, 0x0000, 0x0000, 0x0000, 0x0000, 0x0000, 0x0000, 0x0000, 0x0000,
    0x0000, 0x0000, 0x0000, 0x0000, 0x0000, 0x0000, 0x0000, 0x0000, 0x0000, 0x0000, 0x0000, 0x0000,
    0x0000, 0x0000, 0x0000, 0x0000, 0x0000, 0x0000, 0x0000, 0x0000, 0x0000, 0x0000, 0x0000, 0x0000,
    0x0000, 0x0000, 0x0000, 0x0000, 0x0000, 0x0000, 0x0000, 0x0000, 0x0000, 0x0000, 0x0000, 0x0000,
    0x0000, 0x0000, 0x0000, 0x0000, 0x0000, 0x0000, 0x0000, 0x0000, 0x0000, 0x0000, 0x0000, 0x0000,
    0x0000, 0x0000, 0x0000, 0x0000, 0x0000, 0x0000, 0x0000, 0x0000, 0x0000, 0x0000, 0x0000, 0x0000,
    0x0000, 0x0000, 0x0000, 0x0000, 0x0000, 0x0000, 0x0000, 0x0000, 0x0000, 0x0000, 0x0000, 0x0000,
    0x0000, 0x0000, 0x0000, 0x0000, 0x0000, 0x0000, 0x0000, 0x0000, 0x0000, 0x0000, 0x0000, 0x0000,
    0x0000, 0x0000, 0x0000, 0x0000, 0x0000, 0x0000, 0x0000, 0x0000, 0x0000, 0x0000, 0x0000, 0x0000,
    0x0000, 0x0000, 0x0000, 0x0000, 0x0000, 0x0000, 0x0000, 0x0000, 0x0000, 0x0000, 0x0000, 0x0000,
    0x0000, 0x0000, 0x0000, 0x0000, 0x0000, 0x0000, 0x0000, 0x0000, 0x0000, 0x0000, 0x0000, 0x0000,
    0x0000, 0x0000, 0x0000, 0x0000, 0x0000, 0x0000, 0x0000, 0x0000, 0x0000, 0x0000, 0x0000, 0x0000,
    0x0000, 0x0000, 0x0000, 0x0000, 0x0000, 0x0000, 0x0000, 0x0000, 0x0000, 0x0000, 0x0000, 0x0000,
    0x0000, 0x0000, 0x0000, 0x0000, 0x0000, 0x0000, 0x0000, 0x0000, 0x0000, 0x0000, 0x0000, 0x0000,
    0x0000, 0x0000, 0x0000, 0x0000, 0x0000, 0x0000, 0x0000, 0x0000, 0x0000, 0x0000, 0x0000, 0x0000,
    0x0000, 0x0000, 0x0000, 0x0000, 0x0000, 0x0000, 0x0000, 0x0000, 0x0000, 0x0000, 0x0000, 0x0000,
    0x0000, 0x0000, 0x0000, 0x0000, 0x0000, 0x0000, 0x0000, 0x0000, 0x0000, 0x0000, 0x0000, 0x0000,
    0x0000, 0x0000, 0x0000, 0x0000, 0x0000, 0x0000, 0x0000, 0x0000, 0x0000, 0x0000, 0x0000, 0x0000,
    0x0000, 0x0000, 0x0000, 0x0000, 0x0000, 0x0000, 0x0000, 0x0000, 0x0000, 0x0000, 0x0000, 0x0000,
    0x0000, 0x0000, 0x0000, 0x0000, 0x0000, 0x0000, 0x0000, 0x0000, 0x0000, 0x0000, 0x0000, 0x0000,
    0x0000, 0x0000, 0x0000, 0x0000, 0x0000, 0x0000, 0x0000, 0x0000, 0x0000, 0x0000, 0x0000, 0x0000,
    0x0000, 0x0000, 0x0000, 0x0000, 0x0000, 0x0000, 0x0000, 0x0000, 0x0000, 0x0000, 0x0000, 0x0000,
    0x0000, 0x0000, 0x0000, 0x0000, 0x0000, 0x0000, 0x0000, 0x0000, 0x0000, 0x0000, 0x0000, 0x0000,
    0x0000, 0x0000, 0x0000, 0x0000, 0x0000, 0x0000, 0x0000, 0x0000, 0x0000, 0x0000, 0x0000, 0x0000,
    0x0000, 0x0000, 0x0000, 0x0000, 0x0000, 0x0000, 0x0000, 0x0000, 0x0000, 0x0000, 0x0000, 0x0000,
    0x0000, 0x0000, 0x0000, 0x0000, 0x0000, 0x0000, 0x0000, 0x0000, 0x0000, 0x0000, 0x0000, 0x0000,
    0x0000, 0x0000, 0x0000, 0x0000, 0x0000, 0x0000, 0x0000, 0x0000, 0x0000, 0x0000, 0x0000, 0x0000,
    0x0000, 0x0000, 0x0000, 0x0000, 0x0000, 0x0000, 0x0000, 0x0000, 0x0000, 0x0000, 0x0000, 0x0000,
    0x0000, 0x0000, 0x0000, 0x0000, 0x0000, 0x0000, 0x0000, 0x0000, 0x0000, 0x0000, 0x0000, 0x0000,
    0x0000, 0x0000, 0x0000, 0x0000, 0x0000, 0x0000, 0x0000, 0x0000, 0x0000, 0x0000, 0x0000, 0x0000,
    0x0000, 0x0000, 0x0000, 0x0000, 0x0000, 0x0000, 0x0000, 0x0000, 0x0000, 0x0000, 0x0000, 0x0000,
    0x0000, 0x0000, 0x0000, 0x0000, 0x0000, 0x0000, 0x0000, 0x0000, 0x0000, 0x0000, 0x0000, 0x0000,
    0x0000, 0x0000, 0x0000, 0x0000, 0x0000, 0x0000, 0x0000, 0x0000, 0x0000, 0x0000, 0x0000, 0x0000,
    0x0000, 0x0000, 0x0000, 0x0000, 0x0000, 0x0000, 0x0000, 0x0000, 0x0000, 0x0000, 0x0000, 0x0000,
    0x0000, 0x0000, 0x0000, 0x0000, 0x0000, 0x0000, 0x0000, 0x0000, 0x0000, 0x0000, 0x0000, 0x0000,
    0x0000, 0x0000, 0x0000, 0x0000, 0x0000, 0x0000, 0x0000, 0x0000, 0x0000, 0x0000, 0x0000, 0x0000,
    0x0000, 0x0000, 0x0000, 0x0000, 0x0000, 0x0000, 0x0000, 0x0000, 0x0000, 0x0000, 0x0000, 0x0000,
    0x0000, 0x0000, 0x0000, 0x0000, 0x0000, 0x0000, 0x0000, 0x0000, 0x0000, 0x0000, 0x0000, 0x0000,
    0x0000, 0x0000, 0x0000, 0x0000, 0x0000, 0x0000, 0x0000, 0x0000, 0x0000, 0x0000, 0x0000, 0x0000,
    0x0000, 0x0000, 0x0000, 0x0000, 0x0000, 0x0000, 0x0000, 0x0000, 0x0000, 0x0000, 0x0000, 0x0000,
    0x0000, 0x0000, 0x0000, 0x0000, 0x0000, 0x0000, 0x0000, 0x0000, 0x0000, 0x0000, 0x0000, 0x0000,
    0x0000, 0x0000, 0x0000, 0x0000, 0x0000, 0x0000, 0x0000, 0x0000, 0x0000, 0x0000, 0x0000, 0x0000,
    0x0000, 0x0000, 0x0000, 0x0000, 0x0000, 0x0000, 0x0000, 0x0000, 0x0000, 0x0000, 0x0000, 0x0000,
    0x0000, 0x0000, 0x0000, 0x0000, 0x0000, 0x0000, 0x0000, 0x0000, 0x0000, 0x0000, 0x0000, 0x0000,
    0x0000, 0x0000, 0x0000, 0x0000, 0x0000, 0x0000, 0x0000, 0x0000, 0x0000, 0x0000, 0x0000, 0x0000,
    0x0000, 0x0000, 0x0000, 0x0000, 0x0000, 0x0000, 0x0000, 0x0000, 0x0000, 0x0000, 0x0000, 0x0000,
    0x0000, 0x0000, 0x0000, 0x0000, 0x0000, 0x0000, 0x0000, 0x0000, 0x0000, 0x0000, 0x0000, 0x0000,
    0x0000, 0x0000, 0x0000, 0x0000, 0x0000, 0x0000, 0x0000, 0x0000, 0x0000, 0x0000, 0x0000, 0x0000,
    0x0000, 0x0000, 0x0000, 0x0000, 0x0000, 0x0000, 0x0000, 0x0000, 0x0000, 0x0000, 0x0000, 0x0000,
    0x0000, 0x0000, 0x0000, 0x0000, 0x0000, 0x0000, 0x0000, 0x0000, 0x0000, 0x0000, 0x0000, 0x0000,
    0x0000, 0x0000, 0x0000, 0x0000, 0x0000, 0x0000, 0x0000, 0x0000, 0x0000, 0x0000, 0x0000, 0x0000,
    0x0000, 0x0000, 0x0000, 0x0000, 0x0000, 0x0000, 0x0000, 0x0000, 0x0000, 0x0000, 0x0000, 0x0000,
    0x0000, 0x0000, 0x0000, 0x0000, 0x0000, 0x0000, 0x0000, 0x0000, 0x0000, 0x0000, 0x0000, 0x0000,
    0x0000, 0x0000, 0x0000, 0x0000, 0x0000, 0x0000, 0x0000, 0x0000, 0x0000, 0x0000, 0x0000, 0x0000,
    0x0000, 0x0000, 0x0000, 0x0000, 0x0000, 0x0000, 0x0000, 0x0000, 0x0000, 0x0000, 0x0000, 0x0000,
    0x0000, 0x0000, 0x0000, 0x0000, 0x0000, 0x0000, 0x0000, 0x0000, 0x0000, 0x0000, 0x0000, 0x0000,
    0x0000, 0x0000, 0x0000, 0x0000, 0x0000, 0x0000, 0x0000, 0x0000, 0x0000, 0x0000, 0x0000, 0x0000,
    0x0000, 0x0000, 0x0000, 0x0000, 0x0000, 0x0000, 0x0000, 0x0000, 0x0000, 0x0000, 0x0000, 0x0000,
    0x0000, 0x0000, 0x0000, 0x0000, 0x0000, 0x0000, 0x0000, 0x0000, 0x0000, 0x0000, 0x0000, 0x0000,
    0x0000, 0x0000, 0x0000, 0x0000, 0x0000, 0x0000, 0x0000, 0x0000, 0x0000, 0x0000, 0x0000, 0x0000,
    0x0000, 0x0000, 0x0000, 0x0000, 0x0000, 0x0000, 0x0000, 0x0000, 0x0000, 0x0000, 0x0000, 0x0000,
    0x0000, 0x0000, 0x0000, 0x0000, 0x0000, 0x0000, 0x0000, 0x0000, 0x0000, 0x0000, 0x0000, 0x0000,
    0x0000, 0x0000, 0x0000, 0x0000, 0x0000, 0x0000, 0x0000, 0x0000, 0x0000, 0x0000, 0x0000, 0x0000,
    0x0000, 0x0000, 0x0000, 0x0000, 0x0000, 0x0000, 0x0000, 0x0000, 0x0000, 0x0000, 0x0000, 0x0000,
    0x0000, 0x0000, 0x0000, 0x0000, 0x0000, 0x0000, 0x0000, 0x0000, 0x0000, 0x0000, 0x0000, 0x0000,
    0x0000, 0x0000, 0x0000, 0x0000, 0x0000, 0x0000, 0x0000, 0x0000, 0x0000, 0x0000, 0x0000, 0x0000,
    0x0000, 0x0000, 0x0000, 0x0000, 0x0000, 0x0000, 0x0000, 0x0000, 0x0000, 0x0000, 0x0000, 0x0000,
    0x0000, 0x0000, 0x0000, 0x0000, 0x0000, 0x0000, 0x0000, 0x0000, 0x0000, 0x0000, 0x0000, 0x0000,
    0x0000, 0x0000, 0x0000, 0x0000, 0x0000, 0x0000, 0x0000, 0x0000, 0x0000, 0x0000, 0x0000, 0x0000,
    0x0000, 0x0000, 0x0000, 0x0000, 0x0000, 0x0000, 0x0000, 0x0000, 0x0000, 0x0000, 0x0000, 0x0000,
    0x0000, 0x0000, 0x0000, 0x0000, 0x0000, 0x0000, 0x0000, 0x0000, 0x0000, 0x0000, 0x0000, 0x0000,
    0x0000, 0x0000, 0x0000, 0x0000, 0x0000, 0x0000, 0x0000, 0x0000, 0x0000, 0x0000, 0x0000, 0x0000,
    0x0000, 0x0000, 0x0000, 0x0000, 0x0000, 0x0000, 0x0000, 0x0000, 0x0000, 0x0000, 0x0000, 0x0000,
    0x0000, 0x0000, 0x0000, 0x0000, 0x0000, 0x0000, 0x0000, 0x0000, 0x0000, 0x0000, 0x0000, 0x0000,
    0x0000, 0x0000, 0x0000, 0x0000, 0x0000, 0x0000, 0x0000, 0x0000, 0x0000, 0x0000, 0x0000, 0x0000,
    0x0000, 0x0000, 0x0000, 0x0000, 0x0000, 0x0000, 0x0000, 0x0000, 0x0000, 0x0000, 0x0000, 0x0000,
    0x0000, 0x0000, 0x0000, 0x0000, 0x0000, 0x0000, 0x0000, 0x0000, 0x0000, 0x0000, 0x0000, 0x0000,
    0x0000, 0x0000, 0x0000, 0x0000, 0x0000, 0x0000, 0x0000, 0x0000, 0x0000, 0x0000, 0x0000, 0x0000,
    0x0000, 0x0000, 0x0000, 0x0000, 0x0000, 0x0000, 0x0000, 0x0000, 0x0000, 0x0000, 0x0000, 0x0000,
    0x0000, 0x0000, 0x0000, 0x0000, 0x0000, 0x0000, 0x0000, 0x0000, 0x0000, 0x0000, 0x0000, 0x0000,
    0x0000, 0x0000, 0x0000, 0x0000, 0x0000, 0x0000, 0x0000, 0x0000, 0x0000, 0x0000, 0x0000, 0x0000,
    0x0000, 0x0000, 0x0000, 0x0000, 0x0000, 0x0000, 0x0000, 0x0000, 0x0000, 0x0000, 0x0000, 0x0000,
    0x0000, 0x0000, 0x0000, 0x0000, 0x0000, 0x0000, 0x0000, 0x0000, 0x0000, 0x0000, 0x0000, 0x0000,
    0x0000, 0x0000, 0x0000, 0x0000, 0x0000, 0x0000, 0x0000, 0x0000, 0x0000, 0x0000, 0x0000, 0x0000,
    0x0000, 0x0000, 0x0000, 0x0000, 0x0000, 0x0000, 0x0000, 0x0000, 0x0000, 0x0000, 0x0000, 0x0000,
    0x0000, 0x0000, 0x0000, 0x0000, 0x0000, 0x0000, 0x0000, 0x0000, 0x0000, 0x0000, 0x0000, 0x0000,
    0x0000, 0x0000, 0x0000, 0x0000, 0x0000, 0x0000, 0x0000, 0x0000, 0x0000, 0x0000, 0x0000, 0x0000,
    0x0000, 0x0000, 0x0000, 0x0000, 0x0000, 0x0000, 0x0000, 0x0000, 0x0000, 0x0000, 0x0000, 0x0000,
    0x0000, 0x0000, 0x0000, 0x0000, 0x0000, 0x0000, 0x0000, 0x0000, 0x0000, 0x0000, 0x0000, 0x0000,
    0x0000, 0x0000, 0x0000, 0x0000, 0x0000, 0x0000, 0x0000, 0x0000, 0x0000, 0x0000, 0x0000, 0x0000,
    0x0000, 0x0000, 0x0000, 0x0000, 0x0000, 0x0000, 0x0000, 0x0000, 0x0000, 0x0000, 0x0000, 0x0000,
    0x0000, 0x0000, 0x0000, 0x0000, 0x0000, 0x0000, 0x0000, 0x0000, 0x0000, 0x0000, 0x0000, 0x0000,
    0x0000, 0x0000, 0x0000, 0x0000, 0x0000, 0x0000, 0x0000, 0x0000, 0x0000, 0x0000, 0x0000, 0x0000,
    0x0000, 0x0000, 0x0000, 0x0000, 0x0000, 0x0000, 0x0000, 0x0000, 0x0000, 0x0000, 0x0000, 0x0000,
    0x0000, 0x0000, 0x0000, 0x0000, 0x0000, 0x0000, 0x0000, 0x0000, 0x0000, 0x0000, 0x0000, 0x0000,
    0x0000, 0x0000, 0x0000, 0x0000, 0x0000, 0x0000, 0x0000, 0x0000, 0x0000, 0x0000, 0x0000, 0x0000,
    0x0000, 0x0000, 0x0000, 0x0000, 0x0000, 0x0000, 0x0000, 0x0000, 0x0000, 0x0000, 0x0000, 0x0000,
    0x0000, 0x0000, 0x0000, 0x0000, 0x0000, 0x0000, 0x0000, 0x0000, 0x0000, 0x0000, 0x0000, 0x0000,
    0x0000, 0x0000, 0x0000, 0x0000, 0x0000, 0x0000, 0x0000, 0x0000, 0x0000, 0x0000, 0x0000, 0x0000,
    0x0000, 0x0000, 0x0000, 0x0000, 0x0000, 0x0000, 0x0000, 0x0000, 0x0000, 0x0000, 0x0000, 0x0000,
    0x0000, 0x0000, 0x0000, 0x0000, 0x0000, 0x0000, 0x0000, 0x0000, 0x0000, 0x0000, 0x0000, 0x0000,
    0x0000, 0x0000, 0x0000, 0x0000, 0x0000, 0x0000, 0x0000, 0x0000, 0x0000, 0x0000, 0x0000, 0x0000,
    0x0000, 0x0000, 0x0000, 0x0000, 0x0000, 0x0000, 0x0000, 0x0000, 0x0000, 0x0000, 0x0000, 0x0000,
    0x0000, 0x0000, 0x0000, 0x0000, 0x0000, 0x0000, 0x0000, 0x0000, 0x0000, 0x0000, 0x0000, 0x0000,
    0x0000, 0x0000, 0x0000, 0x0000, 0x0000, 0x0000, 0x0000, 0x0000, 0x0000, 0x0000, 0x0000, 0x0000,
    0x0000, 0x0000, 0x0000, 0x0000, 0x0000, 0x0000, 0x0000, 0x0000, 0x0000, 0x0000, 0x0000, 0x0000,
    0x0000, 0x0000, 0x0000, 0x0000, 0x0000, 0x0000, 0x0000, 0x0000, 0x0000, 0x0000, 0x0000, 0x0000,
    0x0000, 0x0000, 0x0000, 0x0000, 0x0000, 0x0000, 0x0000, 0x0000, 0x0000, 0x0000, 0x0000, 0x0000,
    0x0000, 0x0000, 0x0000, 0x0000, 0x0000, 0x0000, 0x0000, 0x0000, 0x0000, 0x0000, 0x0000, 0x0000,
    0x0000, 0x0000, 0x0000, 0x0000, 0x0000, 0x0000, 0x0000, 0x0000, 0x0000, 0x0000, 0x0000, 0x0000,
    0x0000, 0x0000, 0x0000, 0x0000, 0x0000, 0x0000, 0x0000, 0x0000, 0x0000, 0x0000, 0x0000, 0x0000,
    0x0000, 0x0000, 0x0000, 0x0000, 0x0000, 0x0000, 0x0000, 0x0000, 0x0000, 0x0000, 0x0000, 0x0000,
    0x0000, 0x0000, 0x0000, 0x0000, 0x0000, 0x0000, 0x0000, 0x0000, 0x0000, 0x0000, 0x0000, 0x0000,
    0x0000, 0x0000, 0x0000, 0x0000, 0x0000, 0x0000, 0x0000, 0x0000, 0x0000, 0x0000, 0x0000, 0x0000,
    0x0000, 0x0000, 0x0000, 0x0000, 0x0000, 0x0000, 0x0000, 0x0000, 0x0000, 0x0000, 0x0000, 0x0000,
    0x0000, 0x0000, 0x0000, 0x0000, 0x0000, 0x0000, 0x0000, 0x0000, 0x0000, 0x0000, 0x0000, 0x0000,
    0x0000, 0x0000, 0x0000, 0x0000, 0x0000, 0x0000, 0x0000, 0x0000, 0x0000, 0x0000, 0x0000, 0x0000,
    0x0000, 0x0000, 0x0000, 0x0000, 0x0000, 0x0000, 0x0000, 0x0000, 0x0000, 0x0000, 0x0000, 0x0000,
    0x0000, 0x0000, 0x0000, 0x0000, 0x0000, 0x0000, 0x0000, 0x0000, 0x0000, 0x0000, 0x0000, 0x0000,
    0x0000, 0x0000, 0x0000, 0x0000, 0x0000, 0x0000, 0x0000, 0x0000, 0x0000, 0x0000, 0x0000, 0x0000,
    0x0000, 0x0000, 0x0000, 0x0000, 0x0000, 0x0000, 0x0000, 0x0000, 0x0000, 0x0000, 0x0000, 0x0000,
    0x0000, 0x0000, 0x0000, 0x0000, 0x0000, 0x0000, 0x0000, 0x0000, 0x0000, 0x0000, 0x0000, 0x0000,
    0x0000, 0x0000, 0x0000, 0x0000, 0x0000, 0x0000, 0x0000, 0x0000, 0x0000, 0x0000, 0x0000, 0x0000,
    0x0000, 0x0000, 0x0000, 0x0000, 0x0000, 0x0000, 0x0000, 0x0000, 0x0000, 0x0000, 0x0000, 0x0000,
    0x0000, 0x0000, 0x0000, 0x0000, 0x0000, 0x0000, 0x0000, 0x0000, 0x0000, 0x0000, 0x0000, 0x0000,
    0x0000, 0x0000, 0x0000, 0x0000, 0x0000, 0x0000, 0x0000, 0x0000, 0x0000, 0x0000, 0x0000, 0x0000,
    0x0000, 0x0000, 0x0000, 0x0000, 0x0000, 0x0000, 0x0000, 0x0000, 0x0000, 0x0000, 0x0000, 0x0000,
    0x0000, 0x0000, 0x0000, 0x0000, 0x0000, 0x0000, 0x0000, 0x0000, 0x0000, 0x0000, 0x0000, 0x0000,
    0x0000, 0x0000, 0x0000, 0x0000, 0x0000, 0x0000, 0x0000, 0x0000, 0x0000, 0x0000, 0x0000, 0x0000,
    0x0000, 0x0000, 0x0000, 0x0000, 0x0000, 0x0000, 0x0000, 0x0000, 0x0000, 0x0000, 0x0000, 0x0000,
    0x0000, 0x0000, 0x0000, 0x0000, 0x0000, 0x0000, 0x0000, 0x0000, 0x0000, 0x0000, 0x0000, 0x0000,
    0x0000, 0x0000, 0x0000, 0x0000, 0x0000, 0x0000, 0x0000, 0x0000, 0x0000, 0x0000, 0x0000, 0x0000,
    0x0000, 0x0000, 0x0000, 0x0000, 0x0000, 0x0000, 0x0000, 0x0000, 0x0000, 0x0000, 0x0000, 0x0000,
    0x0000, 0x0000, 0x0000, 0x0000, 0x0000, 0x0000, 0x0000, 0x0000, 0x0000, 0x0000, 0x0000, 0x0000,
    0x0000, 0x0000, 0x0000, 0x0000, 0x0000, 0x0000, 0x0000, 0x0000, 0x0000, 0x0000, 0x0000, 0x0000,
    0x0000, 0x0000, 0x0000, 0x0000, 0x0000, 0x0000, 0x0000, 0x0000, 0x0000, 0x0000, 0x0000, 0x0000,
    0x0000, 0x0000, 0x0000, 0x0000, 0x0000, 0x0000, 0x0000, 0x0000, 0x0000, 0x0000, 0x0000, 0x0000,
    0x0000, 0x0000, 0x0000, 0x0000, 0x0000, 0x0000, 0x0000, 0x0000, 0x0000, 0x0000, 0x0000, 0x0000,
    0x0000, 0x0000, 0x0000, 0x0000, 0x0000, 0x0000, 0x0000, 0x0000, 0x0000, 0x0000, 0x0000, 0x0000,
    0x0000, 0x0000, 0x0000, 0x0000, 0x0000, 0x0000, 0x0000, 0x0000, 0x0000, 0x0000, 0x0000, 0x0000,
    0x0000, 0x0000, 0x0000, 0x0000, 0x0000, 0x0000, 0x0000, 0x0000, 0x0000, 0x0000, 0x0000, 0x0000,
    0x0000, 0x0000, 0x0000, 0x0000, 0x0000, 0x0000, 0x0000, 0x0000, 0x0000, 0x0000, 0x0000, 0x0000,
    0x0000, 0x0000, 0x0000, 0x0000, 0x0000, 0x0000, 0x0000, 0x0000, 0x0000, 0x0000, 0x0000, 0x0000,
    0x0000, 0x0000, 0x0000, 0x0000, 0x0000, 0x0000, 0x0000, 0x0000, 0x0000, 0x0000, 0x0000, 0x0000,
    0x0000, 0x0000, 0x0000, 0x0000, 0x0000, 0x0000, 0x0000, 0x0000, 0x0000, 0x0000, 0x0000, 0x0000,
    0x0000, 0x0000, 0x0000, 0x0000, 0x0000, 0x0000, 0x0000, 0x0000, 0x0000, 0x0000, 0x0000, 0x0000,
    0x0000, 0x0000, 0x0000, 0x0000, 0x0000, 0x0000, 0x0000, 0x0000, 0x0000, 0x0000, 0x0000, 0x0000,
    0x0000, 0x0000, 0x0000, 0x0000, 0x0000, 0x0000, 0x0000, 0x0000, 0x0000, 0x0000, 0x0000, 0x0000,
    0x0000, 0x0000, 0x0000, 0x0000, 0x0000, 0x0000, 0x0000, 0x0000, 0x0000, 0x0000, 0x0000, 0x0000,
    0x0000, 0x0000, 0x0000, 0x0000, 0x0000, 0x0000, 0x0000, 0x0000, 0x0000, 0x0000, 0x0000, 0x0000,
    0x0000, 0x0000, 0x0000, 0x0000, 0x0000, 0x0000, 0x0000, 0x0000, 0x0000, 0x0000, 0x0000, 0x0000,
    0x0000, 0x0000, 0x0000, 0x0000, 0x0000, 0x0000, 0x0000, 0x0000, 0x0000, 0x0000, 0x0000, 0x0000,
    0x0000, 0x0000, 0x0000, 0x0000, 0x0000, 0x0000, 0x0000, 0x0000, 0x0000, 0x0000, 0x0000, 0x0000,
    0x0000, 0x0000, 0x0000, 0x0000, 0x0000, 0x0000, 0x0000, 0x0000, 0x0000, 0x0000, 0x0000, 0x0000,
    0x0000, 0x0000, 0x0000, 0x0000, 0x0000, 0x0000, 0x0000, 0x0000, 0x0000, 0x0000, 0x0000, 0x0000,
    0x0000, 0x0000, 0x0000, 0x0000, 0x0000, 0x0000, 0x0000, 0x0000, 0x0000, 0x0000, 0x0000, 0x0000,
    0x0000, 0x0000, 0x0000, 0x0000, 0x0000, 0x0000, 0x0000, 0x0000, 0x0000, 0x0000, 0x0000, 0x0000,
    0x0000, 0x0000, 0x0000, 0x0000, 0x0000, 0x0000, 0x0000, 0x0000, 0x0000, 0x0000, 0x0000, 0x0000,
    0x0000, 0x0000, 0x0000, 0x0000, 0x0000, 0x0000, 0x0000, 0x0000, 0x0000, 0x0000, 0x0000, 0x0000,
    0x0000, 0x0000, 0x0000, 0x0000, 0x0000, 0x0000, 0x0000, 0x0000, 0x0000, 0x0000, 0x0000, 0x0000,
    0x0000, 0x0000, 0x0000, 0x0000, 0x0000, 0x0000, 0x0000, 0x0000, 0x0000, 0x0000, 0x0000, 0x0000,
    0x0000, 0x0000, 0x0000, 0x0000, 0x0000, 0x0000, 0x0000, 0x0000, 0x0000, 0x0000, 0x0000, 0x0000,
    0x0000, 0x0000, 0x0000, 0x0000, 0x0000, 0x0000, 0x0000, 0x0000, 0x0000, 0x0000, 0x0000, 0x0000,
    0x0000, 0x0000, 0x0000, 0x0000, 0x0000, 0x0000, 0x0000, 0x0000, 0x0000, 0x0000, 0x0000, 0x0000,
    0x0000, 0x0000, 0x0000, 0x0000, 0x0000, 0x0000, 0x0000, 0x0000, 0x0000, 0x0000, 0x0000, 0x0000,
    0x0000, 0x0000, 0x0000, 0x0000, 0x0000, 0x0000, 0x0000, 0x0000, 0x0000, 0x0000, 0x0000, 0x0000,
    0x0000, 0x0000, 0x0000, 0x0000, 0x0000, 0x0000, 0x0000, 0x0000, 0x0000, 0x0000, 0x0000, 0x0000,
    0x0000, 0x0000, 0x0000, 0x0000, 0x0000, 0x0000, 0x0000, 0x0000, 0x0000, 0x0000, 0x0000, 0x0000,
    0x0000, 0x0000, 0x0000, 0x0000, 0x0000, 0x0000, 0x0000, 0x0000, 0x0000, 0x0000, 0x0000, 0x0000,
    0x0000, 0x0000, 0x0000, 0x0000, 0x0000, 0x0000, 0x0000, 0x0000, 0x0000, 0x0000, 0x0000, 0x0000,
    0x0000, 0x0000, 0x0000, 0x0000, 0x0000, 0x0000, 0x0000, 0x0000, 0x0000, 0x0000, 0x0000, 0x0000,
    0x0000, 0x0000, 0x0000, 0x0000, 0x0000, 0x0000, 0x0000, 0x0000, 0x0000, 0x0000, 0x0000, 0x0000,
    0x0000, 0x0000, 0x0000, 0x0000, 0x0000, 0x0000, 0x0000, 0x0000, 0x0000, 0x0000, 0x0000, 0x0000,
    0x0000, 0x0000, 0x0000, 0x0000, 0x0000, 0x0000, 0x0000, 0x0000, 0x0000, 0x0000, 0x0000, 0x0000,
    0x0000, 0x0000, 0x0000, 0x0000, 0x0000, 0x0000, 0x0000, 0x0000, 0x0000, 0x0000, 0x0000, 0x0000,
    0x0000, 0x0000, 0x0000, 0x0000, 0x0000, 0x0000, 0x0000, 0x0000, 0x0000, 0x0000, 0x0000, 0x0000,
    0x0000, 0x0000, 0x0000, 0x0000, 0x0000, 0x0000, 0x0000, 0x0000, 0x0000, 0x0000, 0x0000, 0x0000,
    0x0000, 0x0000, 0x0000, 0x0000, 0x0000, 0x0000, 0x0000, 0x0000, 0x0000, 0x0000, 0x0000, 0x0000,
    0x0000, 0x0000, 0x0000, 0x0000, 0x0000, 0x0000, 0x0000, 0x0000, 0x0000, 0x0000, 0x0000, 0x0000,
    0x0000, 0x0000, 0x0000, 0x0000, 0x0000, 0x0000, 0x0000, 0x0000, 0x0000, 0x0000, 0x0000, 0x0000,
    0x0000, 0x0000, 0x0000, 0x0000, 0x0000, 0x0000, 0x0000, 0x0000, 0x0000, 0x0000, 0x0000, 0x0000,
    0x0000, 0x0000, 0x0000, 0x0000, 0x0000, 0x0000, 0x0000, 0x0000, 0x0000, 0x0000, 0x0000, 0x0000,
    0x0000, 0x0000, 0x0000, 0x0000, 0x0000, 0x0000, 0x0000, 0x0000, 0x0000, 0x0000, 0x0000, 0x0000,
    0x0000, 0x0000, 0x0000, 0x0000, 0x0000, 0x0000, 0x0000, 0x0000, 0x0000, 0x0000, 0x0000, 0x0000,
    0x0000, 0x0000, 0x0000, 0x0000, 0x0000, 0x0000, 0x0000, 0x0000, 0x0000, 0x0000, 0x0000, 0x0000,
    0x0000, 0x0000, 0x0000, 0x0000, 0x0000, 0x0000, 0x0000, 0x0000, 0x0000, 0x0000, 0x0000, 0x0000,
    0x0000, 0x0000, 0x0000, 0x0000, 0x0000, 0x0000, 0x0000, 0x0000, 0x0000, 0x0000, 0x0000, 0x0000,
    0x0000, 0x0000, 0x0000, 0x0000, 0x0000, 0x0000, 0x0000, 0x0000, 0x0000, 0x0000, 0x0000, 0x0000,
    0x0000, 0x0000, 0x0000, 0x0000, 0x0000, 0x0000, 0x0000, 0x0000, 0x0000, 0x0000, 0x0000, 0x0000,
    0x0000, 0x0000, 0x0000, 0x0000, 0x0000, 0x0000, 0x0000, 0x0000, 0x0000, 0x0000, 0x0000, 0x0000,
    0x0000, 0x0000, 0x0000, 0x0000, 0x0000, 0x0000, 0x0000, 0x0000, 0x0000, 0x0000, 0x0000, 0x0000,
    0x0000, 0x0000, 0x0000, 0x0000, 0x0000, 0x0000, 0x0000, 0x0000, 0x0000, 0x0000, 0x0000, 0x0000,
    0x0000, 0x0000, 0x0000, 0x0000, 0x0000, 0x0000, 0x0000, 0x0000, 0x0000, 0x0000, 0x0000, 0x0000,
    0x0000, 0x0000, 0x0000, 0x0000, 0x0000, 0x0000, 0x0000, 0x0000, 0x0000, 0x0000, 0x0000, 0x0000,
    0x0000, 0x0000, 0x0000, 0x0000, 0x0000, 0x0000, 0x0000, 0x0000, 0x0000, 0x0000, 0x0000, 0x0000,
    0x0000, 0x0000, 0x0000, 0x0000, 0x0000, 0x0000, 0x0000, 0x0000, 0x0000, 0x0000, 0x0000, 0x0000,
    0x0000, 0x0000, 0x0000, 0x0000, 0x0000, 0x0000, 0x0000, 0x0000, 0x0000, 0x0000, 0x0000, 0x0000,
    0x0000, 0x0000, 0x0000, 0x0000, 0x0000, 0x0000, 0x0000, 0x0000, 0x0000, 0x0000, 0x0000, 0x0000,
    0x0000, 0x0000, 0x0000, 0x0000, 0x0000, 0x0000, 0x0000, 0x0000, 0x0000, 0x0000, 0x0000, 0x0000,
    0x0000, 0x0000, 0x0000, 0x0000, 0x0000, 0x0000, 0x0000, 0x0000, 0x0000, 0x0000, 0x0000, 0x0000,
    0x0000, 0x0000, 0x0000, 0x0000, 0x0000, 0x0000, 0x0000, 0x0000, 0x0000, 0x0000, 0x0000, 0x0000,
    0x0000, 0x0000, 0x0000, 0x0000, 0x0000, 0x0000, 0x0000, 0x0000, 0x0000, 0x0000, 0x0000, 0x0000,
    0x0000, 0x0000, 0x0000, 0x0000, 0x0000, 0x0000, 0x0000, 0x0000, 0x0000, 0x0000, 0x0000, 0x0000,
    0x0000, 0x0000, 0x0000, 0x0000, 0x0000, 0x0000, 0x0000, 0x0000, 0x0000, 0x0000, 0x0000, 0x0000,
    0x0000, 0x0000, 0x0000, 0x0000, 0x0000, 0x0000, 0x0000, 0x0000, 0x0000, 0x0000, 0x0000, 0x0000,
    0x0000, 0x0000, 0x0000, 0x0000, 0x0000, 0x0000, 0x0000, 0x0000, 0x0000, 0x0000, 0x0000, 0x0000,
    0x0000, 0x0000, 0x0000, 0x0000, 0x0000, 0x0000, 0x0000, 0x0000, 0x0000, 0x0000, 0x0000, 0x0000,
    0x0000, 0x0000, 0x0000, 0x0000, 0x0000, 0x0000, 0x0000, 0x0000, 0x0000, 0x0000, 0x0000, 0x0000,
    0x0000, 0x0000, 0x0000, 0x0000, 0x0000, 0x0000, 0x0000, 0x0000, 0x0000, 0x0000, 0x0000, 0x0000,
    0x0000, 0x0000, 0x0000, 0x0000, 0x0000, 0x0000, 0x0000, 0x0000, 0x0000, 0x0000, 0x0000, 0x0000,
    0x0000, 0x0000, 0x0000, 0x0000, 0x0000, 0x0000, 0x0000, 0x0000, 0x0000, 0x0000, 0x0000, 0x0000,
    0x0000, 0x0000, 0x0000, 0x0000, 0x0000, 0x0000, 0x0000, 0x0000, 0x0000, 0x0000, 0x0000, 0x0000,
    0x0000, 0x0000, 0x0000, 0x0000, 0x0000, 0x0000, 0x0000, 0x0000, 0x0000, 0x0000, 0x0000, 0x0000,
    0x0000, 0x0000, 0x0000, 0x0000, 0x0000, 0x0000, 0x0000, 0x0000, 0x0000, 0x0000, 0x0000, 0x0000,
    0x0000, 0x0000, 0x0000, 0x0000, 0x0000, 0x0000, 0x0000, 0x0000, 0x0000, 0x0000, 0x0000, 0x0000,
    0x0000, 0x0000, 0x0000, 0x0000, 0x0000, 0x0000, 0x0000, 0x0000, 0x0000, 0x0000, 0x0000, 0x0000,
    0x0000, 0x0000, 0x0000, 0x0000, 0x0000, 0x0000, 0x0000, 0x0000, 0x0000, 0x0000, 0x0000, 0x0000,
    0x0000, 0x0000, 0x0000, 0x0000, 0x0000, 0x0000, 0x0000, 0x0000, 0x0000, 0x0000, 0x0000, 0x0000,
    0x0000, 0x0000, 0x0000, 0x0000, 0x0000, 0x0000, 0x0000, 0x0000, 0x0000, 0x0000, 0x0000, 0x0000,
    0x0000, 0x0000, 0x0000, 0x0000, 0x0000, 0x0000, 0x0000, 0x0000, 0x0000, 0x0000, 0x0000, 0x0000,
    0x0000, 0x0000, 0x0000, 0x0000, 0x0000, 0x0000, 0x0000, 0x0000, 0x0000, 0x0000, 0x0000, 0x0000,
    0x0000, 0x0000, 0x0000, 0x0000, 0x0000, 0x0000, 0x0000, 0x0000, 0x0000, 0x0000, 0x0000, 0x0000,
    0x0000, 0x0000, 0x0000, 0x0000, 0x0000, 0x0000, 0x0000, 0x0000, 0x0000, 0x0000, 0x0000, 0x0000,
    0x0000, 0x0000, 0x0000, 0x0000, 0x0000, 0x0000, 0x0000, 0x0000, 0x0000, 0x0000, 0x0000, 0x0000,
    0x0000, 0x0000, 0x0000, 0x0000, 0x0000, 0x0000, 0x0000, 0x0000, 0x0000, 0x0000, 0x0000, 0x0000,
    0x0000, 0x0000, 0x0000, 0x0000, 0x0000, 0x0000, 0x0000, 0x0000, 0x0000, 0x0000, 0x0000, 0x0000,
    0x0000, 0x0000, 0x0000, 0x0000, 0x0000, 0x0000, 0x0000, 0x0000, 0x0000, 0x0000, 0x0000, 0x0000,
    0x0000, 0x0000, 0x0000, 0x0000, 0x0000, 0x0000, 0x0000, 0x0000, 0x0000, 0x0000, 0x0000, 0x0000,
    0x0000, 0x0000, 0x0000, 0x0000, 0x0000, 0x0000, 0x0000, 0x0000, 0x0000, 0x0000, 0x0000, 0x0000,
    0x0000, 0x0000, 0x0000, 0x0000, 0x0000, 0x0000, 0x0000, 0x0000, 0x0000, 0x0000, 0x0000, 0x0000,
    0x0000, 0x0000, 0x0000, 0x0000, 0x0000, 0x0000, 0x0000, 0x0000, 0x0000, 0x0000, 0x0000, 0x0000,
    0x0000, 0x0000, 0x0000, 0x0000, 0x0000, 0x0000, 0x0000, 0x0000, 0x0000, 0x0000, 0x0000, 0x0000,
    0x0000, 0x0000, 0x0000, 0x0000, 0x0000, 0x0000, 0x0000, 0x0000, 0x0000, 0x0000, 0x0000, 0x0000,
    0x0000, 0x0000, 0x0000, 0x0000, 0x0000, 0x0000, 0x0000, 0x0000, 0x0000, 0x0000, 0x0000, 0x0000,
    0x0000, 0x0000, 0x0000, 0x0000, 0x0000, 0x0000, 0x0000, 0x0000, 0x0000, 0x0000, 0x0000, 0x0000,
    0x0000, 0x0000, 0x0000, 0x0000, 0x0000, 0x0000, 0x0000, 0x0000, 0x0000, 0x0000, 0x0000, 0x0000,
    0x0000, 0x0000, 0x0000, 0x0000, 0x0000, 0x0000, 0x0000, 0x0000, 0x0000, 0x0000, 0x0000, 0x0000,
    0x0000, 0x0000, 0x0000, 0x0000, 0x0000, 0x0000, 0x0000, 0x0000, 0x0000, 0x0000, 0x0000, 0x0000,
    0x0000, 0x0000, 0x0000, 0x0000, 0x0000, 0x0000, 0x0000, 0x0000, 0x0000, 0x0000, 0x0000, 0x0000,
    0x0000, 0x0000, 0x0000, 0x0000, 0x0000, 0x0000, 0x0000, 0x0000, 0x0000, 0x0000, 0x0000, 0x0000,
    0x0000, 0x0000, 0x0000, 0x0000, 0x0000, 0x0000, 0x0000, 0x0000, 0x0000, 0x0000, 0x0000, 0x0000,
    0x0000, 0x0000, 0x0000, 0x0000, 0x0000, 0x0000, 0x0000, 0x0000, 0x0000, 0x0000, 0x0000, 0x0000,
    0x0000, 0x0000, 0x0000, 0x0000, 0x0000, 0x0000, 0x0000, 0x0000, 0x0000, 0x0000, 0x0000, 0x0000,
    0x0000, 0x0000, 0x0000, 0x0000, 0x0000, 0x0000, 0x0000, 0x0000, 0x0000, 0x0000, 0x0000, 0x0000,
    0x0000, 0x0000, 0x0000, 0x0000, 0x0000, 0x0000, 0x0000, 0x0000, 0x0000, 0x0000, 0x0000, 0x0000,
    0x0000, 0x0000, 0x0000, 0x0000, 0x0000, 0x0000, 0x0000, 0x0000, 0x0000, 0x0000, 0x0000, 0x0000,
    0x0000, 0x0000, 0x0000, 0x0000, 0x0000, 0x0000, 0x0000, 0x0000, 0x0000, 0x0000, 0x0000, 0x0000,
    0x0000, 0x0000, 0x0000, 0x0000, 0x0000, 0x0000, 0x0000, 0x0000, 0x0000, 0x0000, 0x0000, 0x0000,
    0x0000, 0x0000, 0x0000, 0x0000, 0x0000, 0x0000, 0x0000, 0x0000, 0x0000, 0x0000, 0x0000, 0x0000,
    0x0000, 0x0000, 0x0000, 0x0000, 0x0000, 0x0000, 0x0000, 0x0000, 0x0000, 0x0000, 0x0000, 0x0000,
    0x0000, 0x0000, 0x0000, 0x0000, 0x0000, 0x0000, 0x0000, 0x0000, 0x0000, 0x0000, 0x0000, 0x0000,
    0x0000, 0x0000, 0x0000, 0x0000, 0x0000, 0x0000, 0x0000, 0x0000, 0x0000, 0x0000, 0x0000, 0x0000,
    0x0000, 0x0000, 0x0000, 0x0000, 0x0000, 0x0000, 0x0000, 0x0000, 0x0000, 0x0000, 0x0000, 0x0000,
};
