#pragma once

#include <Arduino.h>

constexpr int kSupaChatSplashWidth = 240;
constexpr int kSupaChatSplashHeight = 135;
const uint16_t kSupaChatSplash[] PROGMEM = {
    0x0000, 0x0000, 0x0000, 0x0000, 0x0000, 0x0000, 0x0000, 0x0000, 0x0000, 0x0000, 0x0000, 0x0000,
    0x0000, 0x0000, 0x0000, 0x0000, 0x0000, 0x0000, 0x0000, 0x0000, 0x0000, 0x0000, 0x0000, 0x0000,
    0x0000, 0x0000, 0x0000, 0x0000, 0x0000, 0x0000, 0x0000, 0x0000, 0x0000, 0x0000, 0x0000, 0x0000,
    0x0000, 0x0000, 0x0000, 0x0000, 0x0000, 0x0000, 0x0000, 0x0000, 0x0000, 0x0000, 0x0000, 0x0000,
    0x0000, 0x0000, 0x0000, 0x0000, 0x0000, 0x0000, 0x0000, 0x0000, 0x0000, 0x0000, 0x0000, 0x0000,
    0x0000, 0x0000, 0x0000, 0x0000, 0x0000, 0x0000, 0x0000, 0x0000, 0x0000, 0x0000, 0x0000, 0x0000,
    0x0000, 0x0000, 0x0000, 0x0000, 0x0000, 0x0000, 0x0000, 0x0000, 0x0000, 0x0000, 0x0000, 0x0000,
    0x0000, 0x0000, 0x0000, 0x0000, 0x0000, 0x0000, 0x0000, 0x0000, 0x0000, 0x0000, 0x0000, 0x0000,
    0x0000, 0x0000, 0x0000, 0x0000, 0x0000, 0x0000, 0x0000, 0x0000, 0x0000, 0x0000, 0x0000, 0x0000,
    0x0000, 0x0000, 0x0000, 0x0000, 0x0000, 0x0000, 0x0000, 0x0000, 0x0000, 0x0000, 0x0000, 0x0000,
    0x0000, 0x0000, 0x0000, 0x0000, 0x0000, 0x0000, 0x0000, 0x0000, 0x0000, 0x0000, 0x0000, 0x0000,
    0x0000, 0x0000, 0x0000, 0x0000, 0x0000, 0x0000, 0x0000, 0x0000, 0x0000, 0x0000, 0x0000, 0x0000,
    0x0000, 0x0000, 0x0000, 0x0000, 0x0000, 0x0000, 0x0000, 0x0000, 0x0000, 0x0000, 0x0000, 0x0000,
    0x0000, 0x0000, 0x0000, 0x0000, 0x0000, 0x0000, 0x0000, 0x0000, 0x0000, 0x0000, 0x0000, 0x0000,
    0x0000, 0x0000, 0x0000, 0x0000, 0x0000, 0x0000, 0x0000, 0x0000, 0x0000, 0x0000, 0x0000, 0x0000,
    0x0000, 0x0000, 0x0000, 0x0000, 0x0000, 0x0000, 0x0000, 0x0000, 0x0000, 0x0000, 0x0000, 0x0000,
    0x0000, 0x0000, 0x0000, 0x0000, 0x0000, 0x0000, 0x0000, 0x0000, 0x0000, 0x0000, 0x0000, 0x0000,
    0x0000, 0x0000, 0x0000, 0x0000, 0x0000, 0x0000, 0x0000, 0x0000, 0x0000, 0x0000, 0x0000, 0x0000,
    0x0000, 0x0000, 0x0000, 0x0000, 0x0000, 0x0000, 0x0000, 0x0000, 0x0000, 0x0000, 0x0000, 0x0000,
    0x0000, 0x0000, 0x0000, 0x0000, 0x0000, 0x0000, 0x0000, 0x0000, 0x0000, 0x0000, 0x0000, 0x0000,
    0x0000, 0x0000, 0x0000, 0x0000, 0x0000, 0x0000, 0x0000, 0x0000, 0x0000, 0x0000, 0x0000, 0x0000,
    0x0000, 0x0000, 0x0000, 0x0000, 0x0000, 0x0000, 0x0000, 0x0000, 0x0000, 0x0000, 0x0000, 0x0000,
    0x0000, 0x0000, 0x0000, 0x0000, 0x0000, 0x0000, 0x0000, 0x0000, 0x0000, 0x0000, 0x0000, 0x0000,
    0x0000, 0x0000, 0x0000, 0x0000, 0x0000, 0x0000, 0x0000, 0x0000, 0x0000, 0x0000, 0x0000, 0x0000,
    0x0000, 0x0000, 0x0000, 0x0000, 0x0000, 0x0000, 0x0000, 0x0000, 0x0000, 0x0000, 0x0000, 0x0000,
    0x0000, 0x0000, 0x0000, 0x0000, 0x0000, 0x0000, 0x0000, 0x0000, 0x0000, 0x0000, 0x0000, 0x0000,
    0x0000, 0x0000, 0x0000, 0x0000, 0x0000, 0x0000, 0x0000, 0x0000, 0x0000, 0x0000, 0x0000, 0x0000,
    0x0000, 0x0000, 0x0000, 0x0000, 0x0000, 0x0000, 0x0000, 0x0000, 0x0000, 0x0000, 0x0000, 0x0000,
    0x0000, 0x0000, 0x0000, 0x0000, 0x0000, 0x0000, 0x0000, 0x0000, 0x0000, 0x0000, 0x0000, 0x0000,
    0x0000, 0x0000, 0x0000, 0x0000, 0x0000, 0x0000, 0x0000, 0x0000, 0x0000, 0x0000, 0x0000, 0x0000,
    0x0000, 0x0000, 0x0000, 0x0000, 0x0000, 0x0000, 0x0000, 0x0000, 0x0000, 0x0000, 0x0000, 0x0000,
    0x0000, 0x0000, 0x0000, 0x0000, 0x0000, 0x0000, 0x0000, 0x0000, 0x0000, 0x0000, 0x0000, 0x0000,
    0x0000, 0x0000, 0x0000, 0x0000, 0x0000, 0x0000, 0x0000, 0x0000, 0x0000, 0x0000, 0x0000, 0x0000,
    0x0000, 0x0000, 0x0000, 0x0000, 0x0000, 0x0000, 0x0000, 0x0000, 0x0000, 0x0000, 0x0000, 0x0000,
    0x0000, 0x0000, 0x0000, 0x0000, 0x0000, 0x0000, 0x0000, 0x0000, 0x0000, 0x0000, 0x0000, 0x0000,
    0x0000, 0x0000, 0x0000, 0x0000, 0x0000, 0x0000, 0x0000, 0x0000, 0x0000, 0x0000, 0x0000, 0x0000,
    0x0000, 0x0000, 0x0000, 0x0000, 0x0000, 0x0000, 0x0000, 0x0000, 0x0000, 0x0000, 0x0000, 0x0000,
    0x0000, 0x0000, 0x0000, 0x0000, 0x0000, 0x0000, 0x0000, 0x0000, 0x0000, 0x0000, 0x0000, 0x0000,
    0x0000, 0x0000, 0x0000, 0x0000, 0x0000, 0x0000, 0x0000, 0x0000, 0x0000, 0x0000, 0x0000, 0x0000,
    0x0000, 0x0000, 0x0000, 0x0000, 0x0000, 0x0000, 0x0000, 0x0000, 0x0000, 0x0000, 0x0000, 0x0000,
    0x0000, 0x0000, 0x0000, 0x0000, 0x0000, 0x0000, 0x0000, 0x0000, 0x0000, 0x0000, 0x0000, 0x0000,
    0x0000, 0x0000, 0x0000, 0x0000, 0x0000, 0x0000, 0x0000, 0x0000, 0x0000, 0x0000, 0x0000, 0x0000,
    0x0000, 0x0000, 0x0000, 0x0000, 0x0000, 0x0000, 0x0000, 0x0000, 0x0000, 0x0000, 0x0000, 0x0000,
    0x0000, 0x0000, 0x0000, 0x0000, 0x0000, 0x0000, 0x0000, 0x0000, 0x0000, 0x0000, 0x0000, 0x0000,
    0x0000, 0x0000, 0x0000, 0x0000, 0x0000, 0x0000, 0x0000, 0x0000, 0x0000, 0x0000, 0x0000, 0x0000,
    0x0000, 0x0000, 0x0000, 0x0000, 0x0000, 0x0000, 0x0000, 0x0000, 0x0000, 0x0000, 0x0000, 0x0000,
    0x0000, 0x0000, 0x0000, 0x0000, 0x0000, 0x0000, 0x0000, 0x0000, 0x0000, 0x0000, 0x0000, 0x0000,
    0x0000, 0x0000, 0x0000, 0x0000, 0x0000, 0x0000, 0x0000, 0x0000, 0x0000, 0x0000, 0x0000, 0x0000,
    0x0000, 0x0000, 0x0000, 0x0000, 0x0000, 0x0000, 0x0000, 0x0000, 0x0000, 0x0000, 0x0000, 0x0000,
    0x0000, 0x0000, 0x0000, 0x0000, 0x0000, 0x0000, 0x0000, 0x0000, 0x0000, 0x0000, 0x0000, 0x0000,
    0x0000, 0x0000, 0x0000, 0x0000, 0x0000, 0x0000, 0x0000, 0x0000, 0x0000, 0x0000, 0x0000, 0x0000,
    0x0000, 0x0000, 0x0000, 0x0000, 0x0000, 0x0000, 0x0000, 0x0000, 0x0000, 0x0000, 0x0000, 0x0000,
    0x0000, 0x0000, 0x0000, 0x0000, 0x0000, 0x0000, 0x0000, 0x0000, 0x0000, 0x0000, 0x0000, 0x0000,
    0x0000, 0x0000, 0x0000, 0x0000, 0x0000, 0x0000, 0x0000, 0x0000, 0x0000, 0x0000, 0x0000, 0x0000,
    0x0000, 0x0000, 0x0000, 0x0000, 0x0000, 0x0000, 0x0000, 0x0000, 0x0000, 0x0000, 0x0000, 0x0000,
    0x0000, 0x0000, 0x0000, 0x0000, 0x0000, 0x0000, 0x0000, 0x0000, 0x0000, 0x0000, 0x0000, 0x0000,
    0x0000, 0x0000, 0x0000, 0x0000, 0x0000, 0x0000, 0x0000, 0x0000, 0x0000, 0x0000, 0x0000, 0x0000,
    0x0000, 0x0000, 0x0000, 0x0000, 0x0000, 0x0000, 0x0000, 0x0000, 0x0000, 0x0000, 0x0000, 0x0000,
    0x0000, 0x0000, 0x0000, 0x0000, 0x0000, 0x0000, 0x0000, 0x0000, 0x0000, 0x0000, 0x0000, 0x0000,
    0x0000, 0x0000, 0x0000, 0x0000, 0x0000, 0x0000, 0x0000, 0x0000, 0x0000, 0x0000, 0x0000, 0x0000,
    0x0000, 0x0000, 0x0000, 0x0000, 0x0000, 0x0000, 0x0000, 0x0000, 0x0000, 0x0000, 0x0000, 0x0000,
    0x0000, 0x0000, 0x0000, 0x0000, 0x0000, 0x0000, 0x0000, 0x0000, 0x0000, 0x0000, 0x0000, 0x0000,
    0x0000, 0x0000, 0x0000, 0x0000, 0x0000, 0x0000, 0x0000, 0x0000, 0x0000, 0x0000, 0x0000, 0x0000,
    0x0000, 0x0000, 0x0000, 0x0000, 0x0000, 0x0000, 0x0000, 0x0000, 0x0000, 0x0000, 0x0000, 0x0000,
    0x0000, 0x0000, 0x0000, 0x0000, 0x0000, 0x0000, 0x0000, 0x0000, 0x0000, 0x0000, 0x0000, 0x0000,
    0x0000, 0x0000, 0x0000, 0x0000, 0x0000, 0x0000, 0x0000, 0x0000, 0x0000, 0x0000, 0x0000, 0x0000,
    0x0000, 0x0000, 0x0000, 0x0000, 0x0000, 0x0000, 0x0000, 0x0000, 0x0000, 0x0000, 0x0000, 0x0000,
    0x0000, 0x0000, 0x0000, 0x0000, 0x0000, 0x0000, 0x0000, 0x0000, 0x0000, 0x0000, 0x0000, 0x0000,
    0x0000, 0x0000, 0x0000, 0x0000, 0x0000, 0x0000, 0x0000, 0x0000, 0x0000, 0x0000, 0x0000, 0x0000,
    0x0000, 0x0000, 0x0000, 0x0000, 0x0000, 0x0000, 0x0000, 0x0000, 0x0000, 0x0000, 0x0000, 0x0000,
    0x0000, 0x0000, 0x0000, 0x0000, 0x0000, 0x0000, 0x0000, 0x0000, 0x0000, 0x0000, 0x0000, 0x0000,
    0x0000, 0x0000, 0x0000, 0x0000, 0x0000, 0x0000, 0x0000, 0x0000, 0x0000, 0x0000, 0x0000, 0x0000,
    0x0000, 0x0000, 0x0000, 0x0000, 0x0000, 0x0000, 0x0000, 0x0000, 0x0000, 0x0000, 0x0000, 0x0000,
    0x0000, 0x0000, 0x0000, 0x0000, 0x0000, 0x0000, 0x0000, 0x0000, 0x0000, 0x0000, 0x0000, 0x0000,
    0x0000, 0x0000, 0x0000, 0x0000, 0x0000, 0x0000, 0x0000, 0x0000, 0x0000, 0x0000, 0x0000, 0x0000,
    0x0000, 0x0000, 0x0000, 0x0000, 0x0000, 0x0000, 0x0000, 0x0000, 0x0000, 0x0000, 0x0000, 0x0000,
    0x0000, 0x0000, 0x0000, 0x0000, 0x0000, 0x0000, 0x0000, 0x0000, 0x0000, 0x0000, 0x0000, 0x0000,
    0x0000, 0x0000, 0x0000, 0x0000, 0x0000, 0x0000, 0x0000, 0x0000, 0x0000, 0x0000, 0x0000, 0x0000,
    0x0000, 0x0000, 0x0000, 0x0000, 0x0000, 0x0000, 0x0000, 0x0000, 0x0000, 0x0000, 0x0000, 0x0000,
    0x0000, 0x0000, 0x0000, 0x0000, 0x0000, 0x0000, 0x0000, 0x0000, 0x0000, 0x0000, 0x0000, 0x0000,
    0x0000, 0x0000, 0x0000, 0x0000, 0x0000, 0x0000, 0x0000, 0x0000, 0x0000, 0x0000, 0x0000, 0x0000,
    0x0000, 0x0000, 0x0000, 0x0000, 0x0000, 0x0000, 0x0000, 0x0000, 0x0000, 0x0000, 0x0000, 0x0000,
    0x0000, 0x0000, 0x0000, 0x0000, 0x0000, 0x0000, 0x0000, 0x0000, 0x0000, 0x0000, 0x0000, 0x0000,
    0x0000, 0x0000, 0x0000, 0x0000, 0x0000, 0x0000, 0x0000, 0x0000, 0x0000, 0x0000, 0x0000, 0x0000,
    0x0000, 0x0000, 0x0000, 0x0000, 0x0000, 0x0000, 0x0000, 0x0000, 0x0000, 0x0000, 0x0000, 0x0000,
    0x0000, 0x0000, 0x0000, 0x0000, 0x0000, 0x0000, 0x0000, 0x0000, 0x0000, 0x0000, 0x0000, 0x0000,
    0x0000, 0x0000, 0x0000, 0x0000, 0x0000, 0x0000, 0x0000, 0x0000, 0x0000, 0x0000, 0x0000, 0x0000,
    0x0000, 0x0000, 0x0000, 0x0000, 0x0000, 0x0000, 0x0000, 0x0000, 0x0000, 0x0000, 0x0000, 0x0000,
    0x0000, 0x0000, 0x0000, 0x0000, 0x0000, 0x0000, 0x0000, 0x0000, 0x0000, 0x0000, 0x0000, 0x0000,
    0x0000, 0x0000, 0x0000, 0x0000, 0x0000, 0x0000, 0x0000, 0x0000, 0x0000, 0x0000, 0x0000, 0x0000,
    0x0000, 0x0000, 0x0000, 0x0000, 0x0000, 0x0000, 0x0000, 0x0000, 0x0000, 0x0000, 0x0000, 0x0000,
    0x0000, 0x0000, 0x0000, 0x0000, 0x0000, 0x0000, 0x0000, 0x0000, 0x0000, 0x0000, 0x0000, 0x0000,
    0x0000, 0x0000, 0x0000, 0x0000, 0x0000, 0x0000, 0x0000, 0x0000, 0x0000, 0x0000, 0x0000, 0x0000,
    0x0000, 0x0000, 0x0000, 0x0000, 0x0000, 0x0000, 0x0000, 0x0000, 0x0000, 0x0000, 0x0000, 0x0000,
    0x0000, 0x0000, 0x0000, 0x0000, 0x0000, 0x0000, 0x0000, 0x0000, 0x0000, 0x0000, 0x0000, 0x0000,
    0x0000, 0x0000, 0x0000, 0x0000, 0x0000, 0x0000, 0x0000, 0x0000, 0x0000, 0x0000, 0x0000, 0x0000,
    0x0000, 0x0000, 0x0000, 0x0000, 0x0000, 0x0000, 0x0000, 0x0000, 0x0000, 0x0000, 0x0000, 0x0000,
    0x0000, 0x0000, 0x0000, 0x0000, 0x0000, 0x0000, 0x0000, 0x0000, 0x0000, 0x0000, 0x0000, 0x0000,
    0x0000, 0x0000, 0x0000, 0x0000, 0x0000, 0x0000, 0x0000, 0x0000, 0x0000, 0x0000, 0x0000, 0x0000,
    0x0000, 0x0000, 0x0000, 0x0000, 0x0000, 0x0000, 0x0000, 0x0000, 0x0000, 0x0000, 0x0000, 0x0000,
    0x0000, 0x0000, 0x0000, 0x0000, 0x0000, 0x0000, 0x0000, 0x0000, 0x0000, 0x0000, 0x0000, 0x0000,
    0x0000, 0x0000, 0x0000, 0x0000, 0x0000, 0x0000, 0x0000, 0x0000, 0x0000, 0x0000, 0x0000, 0x0000,
    0x0000, 0x0000, 0x0000, 0x0000, 0x0000, 0x0000, 0x0000, 0x0000, 0x0000, 0x0000, 0x0000, 0x0000,
    0x0000, 0x0000, 0x0000, 0x0000, 0x0000, 0x0000, 0x0000, 0x0000, 0x0000, 0x0000, 0x0000, 0x0000,
    0x0000, 0x0000, 0x0000, 0x0000, 0x0000, 0x0000, 0x0000, 0x0000, 0x0000, 0x0000, 0x0000, 0x0000,
    0x0000, 0x0000, 0x0000, 0x0000, 0x0000, 0x0000, 0x0000, 0x0000, 0x0000, 0x0000, 0x0000, 0x0000,
    0x0000, 0x0000, 0x0000, 0x0000, 0x0000, 0x0000, 0x0000, 0x0000, 0x0000, 0x0000, 0x0000, 0x0000,
    0x0000, 0x0000, 0x0000, 0x0000, 0x0000, 0x0000, 0x0000, 0x0000, 0x0000, 0x0000, 0x0000, 0x0000,
    0x0000, 0x0000, 0x0000, 0x0000, 0x0000, 0x0000, 0x0000, 0x0000, 0x0000, 0x0000, 0x0000, 0x0000,
    0x0000, 0x0000, 0x0000, 0x0000, 0x0000, 0x0000, 0x0000, 0x0000, 0x0000, 0x0000, 0x0000, 0x0000,
    0x0000, 0x0000, 0x0000, 0x0000, 0x0000, 0x0000, 0x0000, 0x0000, 0x0000, 0x0000, 0x0000, 0x0000,
    0x0000, 0x0000, 0x0000, 0x0000, 0x0000, 0x0000, 0x0000, 0x0000, 0x0000, 0x0000, 0x0000, 0x0000,
    0x0000, 0x0000, 0x0000, 0x0000, 0x0000, 0x0000, 0x0000, 0x0000, 0x0000, 0x0000, 0x0000, 0x0000,
    0x0000, 0x0000, 0x0000, 0x0000, 0x0000, 0x0000, 0x0000, 0x0000, 0x0000, 0x0000, 0x0000, 0x0000,
    0x0000, 0x0000, 0x0000, 0x0000, 0x0000, 0x0000, 0x0000, 0x0000, 0x0000, 0x0000, 0x0000, 0x0000,
    0x0000, 0x0000, 0x0000, 0x0000, 0x0000, 0x0000, 0x0000, 0x0000, 0x0000, 0x0000, 0x0000, 0x0000,
    0x0000, 0x0000, 0x0000, 0x0000, 0x0000, 0x0000, 0x0000, 0x0000, 0x0000, 0x0000, 0x0000, 0x0000,
    0x0000, 0x0000, 0x0000, 0x0000, 0x0000, 0x0000, 0x0000, 0x0000, 0x0000, 0x0000, 0x0000, 0x0000,
    0x0000, 0x0000, 0x0000, 0x0000, 0x0000, 0x0000, 0x0000, 0x0000, 0x0000, 0x0000, 0x0000, 0x0000,
    0x0000, 0x0000, 0x0000, 0x0000, 0x0000, 0x0000, 0x0000, 0x0000, 0x0000, 0x0000, 0x0000, 0x0000,
    0x0000, 0x0000, 0x0000, 0x0000, 0x0000, 0x0000, 0x0000, 0x0000, 0x0000, 0x0000, 0x0000, 0x0000,
    0x0000, 0x0000, 0x0000, 0x0000, 0x0000, 0x0000, 0x0000, 0x0000, 0x0000, 0x0000, 0x0000, 0x0000,
    0x0000, 0x0000, 0x0000, 0x0000, 0x0000, 0x0000, 0x0000, 0x0000, 0x0000, 0x0000, 0x0000, 0x0000,
    0x0000, 0x0000, 0x0000, 0x0000, 0x0000, 0x0000, 0x0000, 0x0000, 0x0000, 0x0000, 0x0000, 0x0000,
    0x0000, 0x0000, 0x0000, 0x0000, 0x0000, 0x0000, 0x0000, 0x0000, 0x0000, 0x0000, 0x0000, 0x0000,
    0x0000, 0x0000, 0x0000, 0x0000, 0x0000, 0x0000, 0x0000, 0x0000, 0x0000, 0x0000, 0x0000, 0x0000,
    0x0000, 0x0000, 0x0000, 0x0000, 0x0000, 0x0000, 0x0000, 0x0000, 0x0000, 0x0000, 0x0000, 0x0000,
    0x0000, 0x0000, 0x0000, 0x0000, 0x0000, 0x0000, 0x0000, 0x0000, 0x0000, 0x0000, 0x0000, 0x0000,
    0x0000, 0x0000, 0x0000, 0x0000, 0x0000, 0x0000, 0x0000, 0x0000, 0x0000, 0x0000, 0x0000, 0x0000,
    0x0000, 0x0000, 0x0000, 0x0000, 0x0000, 0x0000, 0x0000, 0x0000, 0x0000, 0x0000, 0x0000, 0x0000,
    0x0000, 0x0000, 0x0000, 0x0000, 0x0000, 0x0000, 0x0000, 0x0000, 0x0000, 0x0000, 0x0000, 0x0000,
    0x0000, 0x0000, 0x0000, 0x0000, 0x0000, 0x0000, 0x0000, 0x0000, 0x0000, 0x0000, 0x0000, 0x0000,
    0x0000, 0x0000, 0x0000, 0x0000, 0x0000, 0x0000, 0x0000, 0x0000, 0x0000, 0x0000, 0x0000, 0x0000,
    0x0000, 0x0000, 0x0000, 0x0000, 0x0000, 0x0000, 0x0000, 0x0000, 0x0000, 0x0000, 0x0000, 0x0000,
    0x0000, 0x0000, 0x0000, 0x0000, 0x0000, 0x0000, 0x0000, 0x0000, 0x0000, 0x0000, 0x0000, 0x0000,
    0x0000, 0x0000, 0x0000, 0x0000, 0x0000, 0x0000, 0x0000, 0x0000, 0x0000, 0x0000, 0x0000, 0x0000,
    0x0000, 0x0000, 0x0000, 0x0000, 0x0000, 0x0000, 0x0000, 0x0000, 0x0000, 0x0000, 0x0000, 0x0000,
    0x0000, 0x0000, 0x0000, 0x0000, 0x0000, 0x0000, 0x0000, 0x0000, 0x0000, 0x0000, 0x0000, 0x0000,
    0x0000, 0x0000, 0x0000, 0x0000, 0x0000, 0x0000, 0x0000, 0x0000, 0x0000, 0x0000, 0x0000, 0x0000,
    0x0000, 0x0000, 0x0000, 0x0000, 0x0000, 0x0000, 0x0000, 0x0000, 0x0000, 0x0000, 0x0000, 0x0000,
    0x0000, 0x0000, 0x0000, 0x0000, 0x0000, 0x0000, 0x0000, 0x0000, 0x0000, 0x0000, 0x0000, 0x0000,
    0x0000, 0x0000, 0x0000, 0x0000, 0x0000, 0x0000, 0x0000, 0x0000, 0x0000, 0x0000, 0x0000, 0x0000,
    0x0000, 0x0000, 0x0000, 0x0000, 0x0000, 0x0000, 0x0000, 0x0000, 0x0000, 0x0000, 0x0000, 0x0000,
    0x0000, 0x0000, 0x0000, 0x0000, 0x0000, 0x0000, 0x0000, 0x0000, 0x0000, 0x0000, 0x0000, 0x0000,
    0x0000, 0x0000, 0x0000, 0x0000, 0x0000, 0x0000, 0x0000, 0x0000, 0x0000, 0x0000, 0x0000, 0x0000,
    0x0000, 0x0000, 0x0000, 0x0000, 0x0000, 0x0000, 0x0000, 0x0000, 0x0000, 0x0000, 0x0000, 0x0000,
    0x0000, 0x0000, 0x0000, 0x0000, 0x0000, 0x0000, 0x0000, 0x0000, 0x0000, 0x0000, 0x0000, 0x0000,
    0x0000, 0x0000, 0x0000, 0x0000, 0x0000, 0x0000, 0x0000, 0x0000, 0x0000, 0x0000, 0x0000, 0x0000,
    0x0000, 0x0000, 0x0000, 0x0000, 0x0000, 0x0000, 0x0000, 0x0000, 0x0000, 0x0000, 0x0000, 0x0000,
    0x0000, 0x0000, 0x0000, 0x0000, 0x0000, 0x0000, 0x0000, 0x0000, 0x0000, 0x0000, 0x0000, 0x0000,
    0x0000, 0x0000, 0x0000, 0x0000, 0x0000, 0x0000, 0x0000, 0x0000, 0x0000, 0x0000, 0x0000, 0x0000,
    0x0000, 0x0000, 0x0000, 0x0000, 0x0000, 0x0000, 0x0000, 0x0000, 0x0000, 0x0000, 0x0000, 0x0000,
    0x0000, 0x0000, 0x0000, 0x0000, 0x0000, 0x0000, 0x0000, 0x0000, 0x0000, 0x0000, 0x0000, 0x0000,
    0x0000, 0x0000, 0x0000, 0x0000, 0x0000, 0x0000, 0x0000, 0x0000, 0x0000, 0x0000, 0x0000, 0x0000,
    0x0000, 0x0000, 0x0000, 0x0000, 0x0000, 0x0000, 0x0000, 0x0000, 0x0000, 0x0000, 0x0000, 0x0000,
    0x0000, 0x0000, 0x0000, 0x0000, 0x0000, 0x0000, 0x0000, 0x0000, 0x0000, 0x0000, 0x0000, 0x0000,
    0x0000, 0x0000, 0x0000, 0x0000, 0x0000, 0x0000, 0x0000, 0x0000, 0x0000, 0x0000, 0x0000, 0x0000,
    0x0000, 0x0000, 0x0000, 0x0000, 0x0000, 0x0000, 0x0000, 0x0000, 0x0000, 0x0000, 0x0000, 0x0000,
    0x0000, 0x0000, 0x0000, 0x0000, 0x0000, 0x0000, 0x0000, 0x0000, 0x0000, 0x0000, 0x0000, 0x0000,
    0x0000, 0x0000, 0x0000, 0x0000, 0x0000, 0x0000, 0x0000, 0x0000, 0x0000, 0x0000, 0x0000, 0x0000,
    0x0000, 0x0000, 0x0000, 0x0000, 0x0000, 0x0000, 0x0000, 0x0000, 0x0000, 0x0000, 0x0000, 0x0000,
    0x0000, 0x0000, 0x0000, 0x0000, 0x0000, 0x0000, 0x0000, 0x0000, 0x0000, 0x0000, 0x0000, 0x0000,
    0x0000, 0x0000, 0x0000, 0x0000, 0x0000, 0x0000, 0x0000, 0x0000, 0x0000, 0x0000, 0x0000, 0x0000,
    0x0000, 0x0000, 0x0000, 0x0000, 0x0000, 0x0000, 0x0000, 0x0000, 0x0000, 0x0000, 0x0000, 0x0000,
    0x0000, 0x0000, 0x0000, 0x0000, 0x0000, 0x0000, 0x0000, 0x0000, 0x0000, 0x0000, 0x0000, 0x0000,
    0x0000, 0x0000, 0x0000, 0x0000, 0x0000, 0x0000, 0x0000, 0x0000, 0x0000, 0x0000, 0x0000, 0x0000,
    0x0000, 0x0000, 0x0000, 0x0000, 0x0000, 0x0000, 0x0000, 0x0000, 0x0000, 0x0000, 0x0000, 0x0000,
    0x0000, 0x0000, 0x0000, 0x0000, 0x0000, 0x0000, 0x0000, 0x0000, 0x0000, 0x0000, 0x0000, 0x0000,
    0x0000, 0x0000, 0x0000, 0x0000, 0x0000, 0x0000, 0x0000, 0x0000, 0x0000, 0x0000, 0x0000, 0x0000,
    0x0000, 0x0000, 0x0000, 0x0000, 0x0000, 0x0000, 0x0000, 0x0000, 0x0000, 0x0000, 0x0000, 0x0000,
    0x0000, 0x0000, 0x0000, 0x0000, 0x0000, 0x0000, 0x0000, 0x0000, 0x0000, 0x0000, 0x0000, 0x0000,
    0x0000, 0x0000, 0x0000, 0x0000, 0x0000, 0x0000, 0x0000, 0x0000, 0x0000, 0x0000, 0x0000, 0x0000,
    0x0000, 0x0000, 0x0000, 0x0000, 0x0000, 0x0000, 0x0000, 0x0000, 0x0000, 0x0000, 0x0000, 0x0000,
    0x0000, 0x0000, 0x0000, 0x0000, 0x0000, 0x0000, 0x0000, 0x0000, 0x0000, 0x0000, 0x0000, 0x0000,
    0x0000, 0x0000, 0x0000, 0x0000, 0x0000, 0x0000, 0x0000, 0x0000, 0x0000, 0x0000, 0x0000, 0x0000,
    0x0000, 0x0000, 0x0000, 0x0000, 0x0000, 0x0000, 0x0000, 0x0000, 0x0000, 0x0000, 0x0000, 0x0000,
    0x0000, 0x0000, 0x0000, 0x0000, 0x0000, 0x0000, 0x0000, 0x0000, 0x0000, 0x0000, 0x0000, 0x0000,
    0x0000, 0x0000, 0x0000, 0x0000, 0x0000, 0x0000, 0x0000, 0x0000, 0x0000, 0x0000, 0x0000, 0x0000,
    0x0000, 0x0000, 0x0000, 0x0000, 0x0000, 0x0000, 0x0000, 0x0000, 0x0000, 0x0000, 0x0000, 0x0000,
    0x0000, 0x0000, 0x0000, 0x0000, 0x0000, 0x0000, 0x0000, 0x0000, 0x0000, 0x0000, 0x0000, 0x0000,
    0x0000, 0x0000, 0x0000, 0x0000, 0x0000, 0x0000, 0x0000, 0x0000, 0x0000, 0x0000, 0x0000, 0x0000,
    0x0000, 0x0000, 0x0000, 0x0000, 0x0000, 0x0000, 0x0000, 0x0000, 0x0000, 0x0000, 0x0000, 0x0000,
    0x0000, 0x0000, 0x0000, 0x0000, 0x0000, 0x0000, 0x0000, 0x0000, 0x0000, 0x0000, 0x0000, 0x0000,
    0x0000, 0x0000, 0x0000, 0x0000, 0x0000, 0x0000, 0x0000, 0x0000, 0x0000, 0x0000, 0x0000, 0x0000,
    0x0000, 0x0000, 0x0000, 0x0000, 0x0000, 0x0000, 0x0000, 0x0000, 0x0000, 0x0000, 0x0000, 0x0000,
    0x0000, 0x0000, 0x0000, 0x0000, 0x0000, 0x0000, 0x0000, 0x0000, 0x0000, 0x0000, 0x0000, 0x0000,
    0x0000, 0x0000, 0x0000, 0x0000, 0x0000, 0x0000, 0x0000, 0x0000, 0x0000, 0x0000, 0x0000, 0x0000,
    0x0000, 0x0000, 0x0000, 0x0000, 0x0000, 0x0000, 0x0000, 0x0000, 0x0000, 0x0000, 0x0000, 0x0000,
    0x0000, 0x0000, 0x0000, 0x0000, 0x0000, 0x0000, 0x0000, 0x0000, 0x0000, 0x0000, 0x0000, 0x0000,
    0x0000, 0x0000, 0x0000, 0x0000, 0x0000, 0x0000, 0x0000, 0x0000, 0x0000, 0x0000, 0x0000, 0x0000,
    0x0000, 0x0000, 0x0000, 0x0000, 0x0000, 0x0000, 0x0000, 0x0000, 0x0000, 0x0000, 0x0000, 0x0000,
    0x0000, 0x0000, 0x0000, 0x0000, 0x0000, 0x0000, 0x0000, 0x0000, 0x0000, 0x0000, 0x0000, 0x0000,
    0x0000, 0x0000, 0x0000, 0x0000, 0x0000, 0x0000, 0x0000, 0x0000, 0x0000, 0x0000, 0x0000, 0x0000,
    0x0000, 0x0000, 0x0000, 0x0000, 0x0000, 0x0000, 0x0000, 0x0000, 0x0000, 0x0000, 0x0000, 0x0000,
    0x0000, 0x0000, 0x0000, 0x0000, 0x0000, 0x0000, 0x0000, 0x0000, 0x0000, 0x0000, 0x0000, 0x0000,
    0x0000, 0x0000, 0x0000, 0x0000, 0x0000, 0x0000, 0x0000, 0x0000, 0x0000, 0x0000, 0x0000, 0x0000,
    0x0000, 0x0000, 0x0000, 0x0000, 0x0000, 0x0000, 0x0000, 0x0000, 0x0000, 0x0000, 0x0000, 0x0000,
    0x0000, 0x0000, 0x0000, 0x0000, 0x0000, 0x0000, 0x0000, 0x0000, 0x0000, 0x0000, 0x0000, 0x0000,
    0x0000, 0x0000, 0x0000, 0x0000, 0x0000, 0x0000, 0x0000, 0x0000, 0x0000, 0x0000, 0x0000, 0x0000,
    0x0000, 0x0000, 0x0000, 0x0000, 0x0000, 0x0000, 0x0000, 0x0000, 0x0000, 0x0000, 0x0000, 0x0000,
    0x0000, 0x0000, 0x0000, 0x0000, 0x0000, 0x0000, 0x0000, 0x0000, 0x0000, 0x0000, 0x0000, 0x0000,
    0x0000, 0x0000, 0x0000, 0x0000, 0x0000, 0x0000, 0x0000, 0x0000, 0x0000, 0x0000, 0x0000, 0x0000,
    0x0000, 0x0000, 0x0000, 0x0000, 0x0000, 0x0000, 0x0000, 0x0000, 0x0000, 0x0000, 0x0000, 0x0000,
    0x0000, 0x0000, 0x0000, 0x0000, 0x0000, 0x0000, 0x0000, 0x0000, 0x0000, 0x0000, 0x0000, 0x0000,
    0x0000, 0x0000, 0x0000, 0x0000, 0x0000, 0x0000, 0x0000, 0x0000, 0x0000, 0x0000, 0x0000, 0x0000,
    0x0000, 0x0000, 0x0000, 0x0000, 0x0000, 0x0000, 0x0000, 0x0000, 0x0000, 0x0000, 0x0000, 0x0000,
    0x0000, 0x0000, 0x0000, 0x0000, 0x0000, 0x0000, 0x0000, 0x0000, 0x0000, 0x0000, 0x0000, 0x0000,
    0x0000, 0x0000, 0x0000, 0x0000, 0x0000, 0x0000, 0x0000, 0x0000, 0x0000, 0x0000, 0x0000, 0x0000,
    0x0000, 0x0000, 0x0000, 0x0000, 0x0000, 0x0000, 0x0000, 0x0000, 0x0000, 0x0000, 0x0000, 0x0000,
    0x0000, 0x0000, 0x0000, 0x0000, 0x0000, 0x0000, 0x0000, 0x0000, 0x0000, 0x0000, 0x0000, 0x0000,
    0x0000, 0x0000, 0x0000, 0x0000, 0x0000, 0x0000, 0x0000, 0x0000, 0x0000, 0x0000, 0x0000, 0x0000,
    0x0000, 0x0000, 0x0000, 0x0000, 0x0000, 0x0000, 0x0000, 0x0000, 0x0000, 0x0000, 0x0000, 0x0000,
    0x0000, 0x0000, 0x0000, 0x0000, 0x0000, 0x0000, 0x0000, 0x0000, 0x0000, 0x0000, 0x0000, 0x0000,
    0x0000, 0x0000, 0x0000, 0x0000, 0x0000, 0x0000, 0x0000, 0x0000, 0x0000, 0x0000, 0x0000, 0x0000,
    0x0000, 0x0000, 0x0000, 0x0000, 0x0000, 0x0000, 0x0000, 0x0000, 0x0000, 0x0000, 0x0000, 0x0000,
    0x0000, 0x0000, 0x0000, 0x0000, 0x0000, 0x0000, 0x0000, 0x0000, 0x0000, 0x0000, 0x0000, 0x0000,
    0x0000, 0x0000, 0x0000, 0x0000, 0x0000, 0x0000, 0x0000, 0x0000, 0x0000, 0x0000, 0x0000, 0x0000,
    0x0000, 0x0000, 0x0000, 0x0000, 0x0000, 0x0000, 0x0000, 0x0000, 0x0000, 0x0000, 0x0000, 0x0000,
    0x0000, 0x0000, 0x0000, 0x0000, 0x0000, 0x0000, 0x0000, 0x0000, 0x0000, 0x0000, 0x0000, 0x0000,
    0x0000, 0x0000, 0x0000, 0x0000, 0x0000, 0x0000, 0x0000, 0x0000, 0x0000, 0x0000, 0x0000, 0x0000,
    0x0000, 0x0000, 0x0000, 0x0000, 0x0000, 0x0000, 0x0000, 0x0000, 0x0000, 0x0000, 0x0000, 0x0000,
    0x0000, 0x0000, 0x0000, 0x0000, 0x0000, 0x0000, 0x0000, 0x0000, 0x0000, 0x0000, 0x0000, 0x0000,
    0x0000, 0x0000, 0x0000, 0x0000, 0x0000, 0x0000, 0x0000, 0x0000, 0x0000, 0x0000, 0x0000, 0x0000,
    0x0000, 0x0000, 0x0000, 0x0000, 0x0000, 0x0000, 0x0000, 0x0000, 0x0000, 0x0000, 0x0000, 0x0000,
    0x0000, 0x0000, 0x0000, 0x0000, 0x0000, 0x0000, 0x0000, 0x0000, 0x0000, 0x0000, 0x0000, 0x0000,
    0x0000, 0x0000, 0x0000, 0x0000, 0x0000, 0x0000, 0x0000, 0x0000, 0x0000, 0x0000, 0x0000, 0x0000,
    0x0000, 0x0000, 0x0000, 0x0000, 0x0000, 0x0000, 0x0000, 0x0000, 0x0000, 0x0000, 0x0000, 0x0000,
    0x0000, 0x0000, 0x0000, 0x0000, 0x0000, 0x0000, 0x0000, 0x0000, 0x0000, 0x0000, 0x0000, 0x0000,
    0x0000, 0x0000, 0x0000, 0x0000, 0x0000, 0x0000, 0x0000, 0x0000, 0x0000, 0x0000, 0x0000, 0x0000,
    0x0000, 0x0000, 0x0000, 0x0000, 0x0000, 0x0000, 0x0000, 0x0000, 0x0000, 0x0000, 0x0000, 0x0000,
    0x0000, 0x0000, 0x0000, 0x0000, 0x0000, 0x0000, 0x0000, 0x0000, 0x0000, 0x0000, 0x0000, 0x0000,
    0x0000, 0x0000, 0x0000, 0x0000, 0x0000, 0x0000, 0x0000, 0x0000, 0x0000, 0x0000, 0x0000, 0x0000,
    0x0000, 0x0000, 0x0000, 0x0000, 0x0000, 0x0000, 0x0000, 0x0000, 0x0000, 0x0000, 0x0000, 0x0000,
    0x0000, 0x0000, 0x0000, 0x0000, 0x0000, 0x0000, 0x0000, 0x0000, 0x0000, 0x0000, 0x0000, 0x0000,
    0x0000, 0x0000, 0x0000, 0x0000, 0x0000, 0x0000, 0x0000, 0x0000, 0x0000, 0x0000, 0x0000, 0x0000,
    0x0000, 0x0000, 0x0000, 0x0000, 0x0000, 0x0000, 0x0000, 0x0000, 0x0000, 0x0000, 0x0000, 0x0000,
    0x0000, 0x0000, 0x0000, 0x0000, 0x0000, 0x0000, 0x0000, 0x0000, 0x0000, 0x0000, 0x0000, 0x0000,
    0x0000, 0x0000, 0x0000, 0x0000, 0x0000, 0x0000, 0x0000, 0x0000, 0x0000, 0x0000, 0x0000, 0x0000,
    0x0000, 0x0000, 0x0000, 0x0000, 0x0000, 0x0000, 0x0000, 0x0000, 0x0000, 0x0000, 0x0000, 0x0000,
    0x0000, 0x0000, 0x0000, 0x0000, 0x0000, 0x0000, 0x0000, 0x0000, 0x0000, 0x0000, 0x0000, 0x0000,
    0x0000, 0x0000, 0x0000, 0x0000, 0x0000, 0x0000, 0x0000, 0x0000, 0x0000, 0x0000, 0x0000, 0x0000,
    0x0000, 0x0000, 0x0000, 0x0000, 0x0000, 0x0000, 0x0000, 0x0000, 0x0000, 0x0000, 0x0000, 0x0000,
    0x0000, 0x0000, 0x0000, 0x0000, 0x0000, 0x0000, 0x0000, 0x0000, 0x0000, 0x0000, 0x0000, 0x0000,
    0x0000, 0x0000, 0x0000, 0x0000, 0x0000, 0x0000, 0x0000, 0x0000, 0x0000, 0x0000, 0x0000, 0x0000,
    0x0000, 0x0000, 0x0000, 0x0000, 0x0000, 0x0000, 0x0000, 0x0000, 0x0000, 0x0000, 0x0000, 0x0000,
    0x0000, 0x0000, 0x0000, 0x0000, 0x0000, 0x0000, 0x0000, 0x0000, 0x0000, 0x0000, 0x0000, 0x0000,
    0x0000, 0x0000, 0x0000, 0x0000, 0x0000, 0x0000, 0x0000, 0x0000, 0x0000, 0x0000, 0x0000, 0x0000,
    0x0000, 0x0000, 0x0000, 0x0000, 0x0000, 0x0000, 0x0000, 0x0000, 0x0000, 0x0000, 0x0000, 0x0000,
    0x0000, 0x0000, 0x0000, 0x0000, 0x0000, 0x0000, 0x0000, 0x0000, 0x0000, 0x0000, 0x0000, 0x0000,
    0x0000, 0x0000, 0x0000, 0x0000, 0x0000, 0x0000, 0x0000, 0x0000, 0x0000, 0x0000, 0x0000, 0x0000,
    0x0000, 0x0000, 0x0000, 0x0000, 0x0000, 0x0000, 0x0000, 0x0000, 0x0000, 0x0000, 0x0000, 0x0000,
    0x0000, 0x0000, 0x0000, 0x0000, 0x0000, 0x0000, 0x0000, 0x0000, 0x0000, 0x0000, 0x0000, 0x0000,
    0x0000, 0x0000, 0x0000, 0x0000, 0x0000, 0x0000, 0x0000, 0x0000, 0x0000, 0x0000, 0x0000, 0x0000,
    0x0000, 0x0000, 0x0000, 0x0000, 0x0000, 0x0000, 0x0000, 0x0000, 0x0000, 0x0000, 0x0000, 0x0000,
    0x0000, 0x0000, 0x0000, 0x0000, 0x0000, 0x0000, 0x0000, 0x0000, 0x0000, 0x0000, 0x0000, 0x0000,
    0x0000, 0x0000, 0x0000, 0x0000, 0x0000, 0x0000, 0x0000, 0x0000, 0x0000, 0x0000, 0x0000, 0x0000,
    0x0000, 0x0000, 0x0000, 0x0000, 0x0000, 0x0000, 0x0000, 0x0000, 0x0000, 0x0000, 0x0000, 0x0000,
    0x0000, 0x0000, 0x0000, 0x0000, 0x0000, 0x0000, 0x0000, 0x0000, 0x0000, 0x0000, 0x0000, 0x0000,
    0x0000, 0x0000, 0x0000, 0x0000, 0x0000, 0x0000, 0x0000, 0x0000, 0x0000, 0x0000, 0x0000, 0x0000,
    0x0000, 0x0000, 0x0000, 0x0000, 0x0000, 0x0000, 0x0000, 0x0000, 0x0000, 0x0000, 0x0000, 0x0000,
    0x0000, 0x0000, 0x0000, 0x0000, 0x0000, 0x0000, 0x0000, 0x0000, 0x0000, 0x0000, 0x0000, 0x0000,
    0x0000, 0x0000, 0x0000, 0x0000, 0x0000, 0x0000, 0x0000, 0x0000, 0x0000, 0x0000, 0x0000, 0x0000,
    0x0000, 0x0000, 0x0000, 0x0000, 0x0000, 0x0000, 0x0000, 0x0000, 0x0000, 0x0000, 0x0000, 0x0000,
    0x0000, 0x0000, 0x0000, 0x0000, 0x0000, 0x0000, 0x0000, 0x0000, 0x0000, 0x0000, 0x0000, 0x0000,
    0x0000, 0x0000, 0x0000, 0x0000, 0x0000, 0x0000, 0x0000, 0x0000, 0x0000, 0x0000, 0x0000, 0x0000,
    0x0000, 0x0000, 0x0000, 0x0000, 0x0000, 0x0000, 0x0000, 0x0000, 0x0000, 0x0000, 0x0000, 0x0000,
    0x0000, 0x0000, 0x0000, 0x0000, 0x0000, 0x0000, 0x0000, 0x0000, 0x0000, 0x0000, 0x0000, 0x0000,
    0x0000, 0x0000, 0x0000, 0x0000, 0x0000, 0x0000, 0x0000, 0x0000, 0x0000, 0x0000, 0x0000, 0x0000,
    0x0000, 0x0000, 0x0000, 0x0000, 0x0000, 0x0000, 0x0000, 0x0000, 0x0000, 0x0000, 0x0000, 0x0000,
    0x0000, 0x0000, 0x0000, 0x0000, 0x0000, 0x0000, 0x0000, 0x0000, 0x0000, 0x0000, 0x0000, 0x0000,
    0x0000, 0x0000, 0x0000, 0x0000, 0x0000, 0x0000, 0x0000, 0x0000, 0x0000, 0x0000, 0x0000, 0x0000,
    0x0000, 0x0000, 0x0000, 0x0000, 0x0000, 0x0000, 0x0000, 0x0000, 0x0000, 0x0000, 0x0000, 0x0000,
    0x0000, 0x0000, 0x0000, 0x0000, 0x0000, 0x0000, 0x0000, 0x0000, 0x0000, 0x0000, 0x0000, 0x0000,
    0x0000, 0x0000, 0x0000, 0x0000, 0x0000, 0x0000, 0x0000, 0x0000, 0x0000, 0x0000, 0x0000, 0x0000,
    0x0000, 0x0000, 0x0000, 0x0000, 0x0000, 0x0000, 0x0000, 0x0000, 0x0000, 0x0000, 0x0000, 0x0000,
    0x0000, 0x0000, 0x0000, 0x0000, 0x0000, 0x0000, 0x0000, 0x0000, 0x0000, 0x0000, 0x0000, 0x0000,
    0x0000, 0x0000, 0x0000, 0x0000, 0x0000, 0x0000, 0x0000, 0x0000, 0x0000, 0x0000, 0x0000, 0x0000,
    0x0000, 0x0000, 0x0000, 0x0000, 0x0000, 0x0000, 0x0000, 0x0000, 0x0000, 0x0000, 0x0000, 0x0000,
    0x0000, 0x0000, 0x0000, 0x0000, 0x0000, 0x0000, 0x0000, 0x0000, 0x0000, 0x0000, 0x0000, 0x0000,
    0x0000, 0x0000, 0x0000, 0x0000, 0x0000, 0x0000, 0x0000, 0x0000, 0x0000, 0x0000, 0x0000, 0x0000,
    0x0000, 0x0000, 0x0000, 0x0000, 0x0000, 0x0000, 0x0000, 0x0000, 0x0000, 0x0000, 0x0000, 0x0000,
    0x0000, 0x0000, 0x0000, 0x0000, 0x0000, 0x0000, 0x0000, 0x0000, 0x0000, 0x0000, 0x0000, 0x0000,
    0x0000, 0x0000, 0x0000, 0x0000, 0x0000, 0x0000, 0x0000, 0x0000, 0x0000, 0x0000, 0x0000, 0x0000,
    0x0000, 0x0000, 0x0000, 0x0000, 0x0000, 0x0000, 0x0000, 0x0000, 0x0000, 0x0000, 0x0000, 0x0000,
    0x0000, 0x0000, 0x0000, 0x0000, 0x0000, 0x0000, 0x0000, 0x0000, 0x0000, 0x0000, 0x0000, 0x0000,
    0x0000, 0x0000, 0x0000, 0x0000, 0x0000, 0x0000, 0x0000, 0x0000, 0x0000, 0x0000, 0x0000, 0x0000,
    0x0000, 0x0000, 0x0000, 0x0000, 0x0000, 0x0000, 0x0000, 0x0000, 0x0000, 0x0000, 0x0000, 0x0000,
    0x0000, 0x0000, 0x0000, 0x0000, 0x0000, 0x0000, 0x0000, 0x0000, 0x0000, 0x0000, 0x0000, 0x0000,
    0x0000, 0x0000, 0x0000, 0x0000, 0x0000, 0x0000, 0x0000, 0x0000, 0x0000, 0x0000, 0x0000, 0x0000,
    0x0000, 0x0000, 0x0000, 0x0000, 0x0000, 0x0000, 0x0000, 0x0000, 0x0000, 0x0000, 0x0000, 0x0000,
    0x0000, 0x0000, 0x0000, 0x0000, 0x0000, 0x0000, 0x0000, 0x0000, 0x0000, 0x0000, 0x0000, 0x0000,
    0x0000, 0x0000, 0x0000, 0x0000, 0x0000, 0x0000, 0x0000, 0x0000, 0x0000, 0x0000, 0x0000, 0x0000,
    0x0000, 0x0000, 0x0000, 0x0000, 0x0000, 0x0000, 0x0000, 0x0000, 0x0000, 0x0000, 0x0000, 0x0000,
    0x0000, 0x0000, 0x0000, 0x0000, 0x0000, 0x0000, 0x0000, 0x0000, 0x0000, 0x0000, 0x0000, 0x0000,
    0x0000, 0x0000, 0x0000, 0x0000, 0x0000, 0x0000, 0x0000, 0x0000, 0x0000, 0x0000, 0x0000, 0x0000,
    0x0000, 0x0000, 0x0000, 0x0000, 0x0000, 0x0000, 0x0000, 0x0000, 0x0000, 0x0000, 0x0000, 0x0000,
    0x0000, 0x0000, 0x0000, 0x0000, 0x0000, 0x0000, 0x0000, 0x0000, 0x0000, 0x0000, 0x0000, 0x0000,
    0x0000, 0x0000, 0x0000, 0x0000, 0x0000, 0x0000, 0x0000, 0x0000, 0x0000, 0x0000, 0x0000, 0x0000,
    0x0000, 0x0000, 0x0000, 0x0000, 0x0000, 0x0000, 0x0000, 0x0000, 0x0000, 0x0000, 0x0000, 0x0000,
    0x0000, 0x0000, 0x0000, 0x0000, 0x0000, 0x0000, 0x0000, 0x0000, 0x0000, 0x0000, 0x0000, 0x0000,
    0x0000, 0x0000, 0x0000, 0x0000, 0x0000, 0x0000, 0x0000, 0x0000, 0x0000, 0x0000, 0x0000, 0x0000,
    0x0000, 0x0000, 0x0000, 0x0000, 0x0000, 0x0000, 0x0000, 0x0000, 0x0000, 0x0000, 0x0000, 0x0000,
    0x0000, 0x0000, 0x0000, 0x0000, 0x0000, 0x0000, 0x0000, 0x0000, 0x0000, 0x0000, 0x0000, 0x0000,
    0x0000, 0x0000, 0x0000, 0x0000, 0x0000, 0x0000, 0x0000, 0x0000, 0x0000, 0x0000, 0x0000, 0x0000,
    0x0000, 0x0000, 0x0000, 0x0000, 0x0000, 0x0000, 0x0000, 0x0000, 0x0000, 0x0000, 0x0000, 0x0000,
    0x0000, 0x0000, 0x0000, 0x0000, 0x0000, 0x0000, 0x0000, 0x0000, 0x0000, 0x0000, 0x0000, 0x0000,
    0x0000, 0x0000, 0x0000, 0x0000, 0x0000, 0x0000, 0x0000, 0x0000, 0x0000, 0x0000, 0x0000, 0x0000,
    0x0000, 0x0000, 0x0000, 0x0000, 0x0000, 0x0000, 0x0000, 0x0000, 0x0000, 0x0000, 0x0000, 0x0000,
    0x0000, 0x0000, 0x0000, 0x0000, 0x0000, 0x0000, 0x0000, 0x0000, 0x0000, 0x0000, 0x0000, 0x0000,
    0x0000, 0x0000, 0x0000, 0x0000, 0x0000, 0x0000, 0x0000, 0x0000, 0x0000, 0x0000, 0x0000, 0x0000,
    0x0000, 0x0000, 0x0000, 0x0000, 0x0000, 0x0000, 0x0000, 0x0000, 0x0000, 0x0000, 0x0000, 0x0000,
    0x0000, 0x0000, 0x0000, 0x0000, 0x0000, 0x0000, 0x0000, 0x0000, 0x0000, 0x0000, 0x0000, 0x0000,
    0x0000, 0x0000, 0x0000, 0x0000, 0x0000, 0x0000, 0x0000, 0x0000, 0x0000, 0x0000, 0x0000, 0x0000,
    0x0000, 0x0000, 0x0000, 0x0000, 0x0000, 0x0000, 0x0000, 0x0000, 0x0000, 0x0000, 0x0000, 0x0000,
    0x0000, 0x0000, 0x0000, 0x0000, 0x0000, 0x0000, 0x0000, 0x0000, 0x0000, 0x0000, 0x0000, 0x0000,
    0x0000, 0x0000, 0x0000, 0x0000, 0x0000, 0x0000, 0x0000, 0x0000, 0x0000, 0x0000, 0x0000, 0x0000,
    0x0000, 0x0000, 0x0000, 0x0000, 0x0000, 0x0000, 0x0000, 0x0000, 0x0000, 0x0000, 0x0000, 0x0000,
    0x0000, 0x0000, 0x0000, 0x0000, 0x0000, 0x0000, 0x0000, 0x0000, 0x0000, 0x0000, 0x0000, 0x0000,
    0x0000, 0x0000, 0x0000, 0x0000, 0x0000, 0x0000, 0x0000, 0x0000, 0x0000, 0x0000, 0x0000, 0x0000,
    0x0000, 0x0000, 0x0000, 0x0000, 0x0000, 0x0000, 0x0000, 0x0000, 0x0000, 0x0000, 0x0000, 0x0000,
    0x0000, 0x0000, 0x0000, 0x0000, 0x0000, 0x0000, 0x0000, 0x0000, 0x0000, 0x0000, 0x0000, 0x0000,
    0x0000, 0x0000, 0x0000, 0x0000, 0x0000, 0x0000, 0x0000, 0x0000, 0x0000, 0x0000, 0x0000, 0x0000,
    0x0000, 0x0000, 0x0000, 0x0000, 0x0000, 0x0000, 0x0000, 0x0000, 0x0000, 0x0000, 0x0000, 0x0000,
    0x0000, 0x0000, 0x0000, 0x0000, 0x0000, 0x0000, 0x0000, 0x0000, 0x0000, 0x0000, 0x0000, 0x0000,
    0x0000, 0x0000, 0x0000, 0x0000, 0x0000, 0x0000, 0x0000, 0x0000, 0x0000, 0x0000, 0x0000, 0x0000,
    0x0000, 0x0000, 0x0000, 0x0000, 0x0000, 0x0000, 0x0000, 0x0000, 0x0000, 0x0000, 0x0000, 0x0000,
    0x0000, 0x0000, 0x0000, 0x0000, 0x0000, 0x0000, 0x0000, 0x0000, 0x0000, 0x0000, 0x0000, 0x0000,
    0x0000, 0x0000, 0x0000, 0x0000, 0x0000, 0x0000, 0x0000, 0x0000, 0x0000, 0x0000, 0x0000, 0x0000,
    0x0000, 0x0000, 0x0000, 0x0000, 0x0000, 0x0000, 0x0000, 0x0000, 0x0000, 0x0000, 0x0000, 0x0000,
    0x0000, 0x0000, 0x0000, 0x0000, 0x0000, 0x0000, 0x0000, 0x0000, 0x0000, 0x0000, 0x0000, 0x0000,
    0x0000, 0x0000, 0x0000, 0x0000, 0x0000, 0x0000, 0x0000, 0x0000, 0x0000, 0x0000, 0x0000, 0x0000,
    0x0000, 0x0000, 0x0000, 0x0000, 0x0000, 0x0000, 0x0000, 0x0000, 0x0000, 0x0000, 0x0000, 0x0000,
    0x0000, 0x0000, 0x0000, 0x0000, 0x0000, 0x0000, 0x0000, 0x0000, 0x0000, 0x0000, 0x0000, 0x0000,
    0x0000, 0x0000, 0x0000, 0x0000, 0x0000, 0x0000, 0x0000, 0x0000, 0x0000, 0x0000, 0x0000, 0x0000,
    0x0000, 0x0000, 0x0000, 0x0000, 0x0000, 0x0000, 0x0000, 0x0000, 0x0000, 0x0000, 0x0000, 0x0000,
    0x0000, 0x0000, 0x0000, 0x0000, 0x0000, 0x0000, 0x0000, 0x0000, 0x0000, 0x0000, 0x0000, 0x0000,
    0x0000, 0x0000, 0x0000, 0x0000, 0x0000, 0x0000, 0x0000, 0x0000, 0x0000, 0x0000, 0x0000, 0x0000,
    0x0000, 0x0000, 0x0000, 0x0000, 0x0000, 0x0000, 0x0000, 0x0000, 0x0000, 0x0000, 0x0000, 0x0000,
    0x0000, 0x0000, 0x0000, 0x0000, 0x0000, 0x0000, 0x0000, 0x0000, 0x0000, 0x0000, 0x0000, 0x0000,
    0x0000, 0x0000, 0x0000, 0x0000, 0x0000, 0x0000, 0x0000, 0x0000, 0x0000, 0x0000, 0x0000, 0x0000,
    0x0000, 0x0000, 0x0000, 0x0000, 0x0000, 0x0000, 0x0000, 0x0000, 0x0000, 0x0000, 0x0000, 0x0000,
    0x0000, 0x0000, 0x0000, 0x0000, 0x0000, 0x0000, 0x0000, 0x0000, 0x0000, 0x0000, 0x0000, 0x0000,
    0x0000, 0x0000, 0x0000, 0x0000, 0x0000, 0x0000, 0x0000, 0x0000, 0x0000, 0x0000, 0x0000, 0x0000,
    0x0000, 0x0000, 0x0000, 0x0000, 0x0000, 0x0000, 0x0000, 0x0000, 0x0000, 0x0000, 0x0000, 0x0000,
    0x0000, 0x0000, 0x0000, 0x0000, 0x0000, 0x0000, 0x0000, 0x0000, 0x0000, 0x0000, 0x0000, 0x0000,
    0x0000, 0x0000, 0x0000, 0x0000, 0x0000, 0x0000, 0x0000, 0x0000, 0x0000, 0x0000, 0x0000, 0x0000,
    0x0000, 0x0000, 0x0000, 0x0000, 0x0000, 0x0000, 0x0000, 0x0000, 0x0000, 0x0000, 0x0000, 0x0000,
    0x0000, 0x0000, 0x0000, 0x0000, 0x0000, 0x0000, 0x0000, 0x0000, 0x0000, 0x0000, 0x0000, 0x0000,
    0x0000, 0x0000, 0x0000, 0x0000, 0x0000, 0x0000, 0x0000, 0x0000, 0x0000, 0x0000, 0x0000, 0x0000,
    0x0000, 0x0000, 0x0000, 0x0000, 0x0000, 0x0000, 0x0000, 0x0000, 0x0000, 0x0000, 0x0000, 0x0000,
    0x0000, 0x0000, 0x0000, 0x0000, 0x0000, 0x0000, 0x0000, 0x0000, 0x0000, 0x0000, 0x0000, 0x0000,
    0x0000, 0x0000, 0x0000, 0x0000, 0x0000, 0x0000, 0x0000, 0x0000, 0x0000, 0x0000, 0x0000, 0x0000,
    0x0000, 0x0000, 0x0000, 0x0000, 0x0000, 0x0000, 0x0000, 0x0000, 0x0000, 0x0000, 0x0000, 0x0000,
    0x0000, 0x0000, 0x0000, 0x0000, 0x0000, 0x0000, 0x0000, 0x0000, 0x0000, 0x0000, 0x0000, 0x0000,
    0x0000, 0x0000, 0x0000, 0x0000, 0x0000, 0x0000, 0x0000, 0x0000, 0x0000, 0x0000, 0x0000, 0x0000,
    0x0000, 0x0000, 0x0000, 0x0000, 0x0000, 0x0000, 0x0000, 0x0000, 0x0000, 0x0000, 0x0000, 0x0000,
    0x0000, 0x0000, 0x0000, 0x0000, 0x0000, 0x0000, 0x0000, 0x0000, 0x0000, 0x0000, 0x0000, 0x0000,
    0x0000, 0x0000, 0x0000, 0x0000, 0x0000, 0x0000, 0x0000, 0x0000, 0x0000, 0x0000, 0x0000, 0x0000,
    0x0000, 0x0000, 0x0000, 0x0000, 0x0000, 0x0000, 0x0000, 0x0000, 0x0000, 0x0000, 0x0000, 0x0000,
    0x0000, 0x0000, 0x0000, 0x0000, 0x0000, 0x0000, 0x0000, 0x0000, 0x0000, 0x0000, 0x0000, 0x0000,
    0x0000, 0x0000, 0x0000, 0x0000, 0x0000, 0x0000, 0x0000, 0x0000, 0x0000, 0x0000, 0x0000, 0x0000,
    0x0000, 0x0000, 0x0000, 0x0000, 0x0000, 0x0000, 0x0000, 0x0000, 0x0000, 0x0000, 0x0000, 0x0000,
    0x0000, 0x0000, 0x0000, 0x0000, 0x0000, 0x0000, 0x0000, 0x0000, 0x0000, 0x0000, 0x0000, 0x0000,
    0x0000, 0x0000, 0x0000, 0x0000, 0x0000, 0x0000, 0x0000, 0x0000, 0x0000, 0x0000, 0x0000, 0x0000,
    0x0000, 0x0000, 0x0000, 0x0000, 0x0000, 0x0000, 0x0000, 0x0000, 0x0000, 0x0000, 0x0000, 0x0000,
    0x0000, 0x0000, 0x0000, 0x0000, 0x0000, 0x0000, 0x0000, 0x0000, 0x0000, 0x0000, 0x0000, 0x0000,
    0x0000, 0x0000, 0x0000, 0x0000, 0x0000, 0x0000, 0x0000, 0x0000, 0x0000, 0x0000, 0x0000, 0x0000,
    0x0000, 0x0000, 0x0000, 0x0000, 0x0000, 0x0000, 0x0000, 0x0000, 0x0000, 0x0000, 0x0000, 0x0000,
    0x0000, 0x0000, 0x0000, 0x0000, 0x0000, 0x0000, 0x0000, 0x0000, 0x0000, 0x0000, 0x0000, 0x0000,
    0x0000, 0x0000, 0x0000, 0x0000, 0x0000, 0x0000, 0x0000, 0x0000, 0x0000, 0x0000, 0x0000, 0x0000,
    0x0000, 0x0000, 0x0000, 0x0000, 0x0000, 0x0000, 0x0000, 0x0000, 0x0000, 0x0000, 0x0000, 0x0000,
    0x0000, 0x0000, 0x0000, 0x0000, 0x0000, 0x0000, 0x0000, 0x0000, 0x0000, 0x0000, 0x0000, 0x0000,
    0x0000, 0x0000, 0x0000, 0x0000, 0x0000, 0x0000, 0x0000, 0x0000, 0x0000, 0x0000, 0x0000, 0x0000,
    0x0000, 0x0000, 0x0000, 0x0000, 0x0000, 0x0000, 0x0000, 0x0000, 0x0000, 0x0000, 0x0000, 0x0000,
    0x0000, 0x0000, 0x0000, 0x0000, 0x0000, 0x0000, 0x0000, 0x0000, 0x0000, 0x0000, 0x0000, 0x0000,
    0x0000, 0x0000, 0x0000, 0x0000, 0x0000, 0x0000, 0x0000, 0x0000, 0x0000, 0x0000, 0x0000, 0x0000,
    0x0000, 0x0000, 0x0000, 0x0000, 0x0000, 0x0000, 0x0000, 0x0000, 0x0000, 0x0000, 0x0000, 0x0000,
    0x0000, 0x0000, 0x0000, 0x0000, 0x0000, 0x0000, 0x0000, 0x0000, 0x0000, 0x0000, 0x0000, 0x0000,
    0x0000, 0x0000, 0x0000, 0x0000, 0x0000, 0x0000, 0x0000, 0x0000, 0x0000, 0x0000, 0x0000, 0x0000,
    0x0000, 0x0000, 0x0000, 0x0000, 0x0000, 0x0000, 0x0000, 0x0000, 0x0000, 0x0000, 0x0000, 0x0000,
    0x0000, 0x0000, 0x0000, 0x0000, 0x0000, 0x0000, 0x0000, 0x0000, 0x0000, 0x0000, 0x0000, 0x0000,
    0x0000, 0x0000, 0x0000, 0x0000, 0x0000, 0x0000, 0x0000, 0x0000, 0x0000, 0x0000, 0x0000, 0x0000,
    0x0000, 0x0000, 0x0000, 0x0000, 0x0000, 0x0000, 0x0000, 0x0000, 0x0000, 0x0000, 0x0000, 0x0000,
    0x0000, 0x0000, 0x0000, 0x0000, 0x0000, 0x0000, 0x0000, 0x0000, 0x0000, 0x0000, 0x0000, 0x0000,
    0x0000, 0x0000, 0x0000, 0x0000, 0x0000, 0x0000, 0x0000, 0x0000, 0x0000, 0x0000, 0x0000, 0x0000,
    0x0000, 0x0000, 0x0000, 0x0000, 0x0000, 0x0000, 0x0000, 0x0000, 0x0000, 0x0000, 0x0000, 0x0000,
    0x0000, 0x0000, 0x0000, 0x0000, 0x0000, 0x0000, 0x0000, 0x0000, 0x0000, 0x0000, 0x0000, 0x0000,
    0x0000, 0x0000, 0x0000, 0x0000, 0x0000, 0x0000, 0x0000, 0x0000, 0x0000, 0x0000, 0x0000, 0x0000,
    0x0000, 0x0000, 0x0000, 0x0000, 0x0000, 0x0000, 0x0000, 0x0000, 0x0000, 0x0000, 0x0000, 0x0000,
    0x0000, 0x0000, 0x0000, 0x0000, 0x0000, 0x0000, 0x0000, 0x0000, 0x0000, 0x0000, 0x0000, 0x0000,
    0x0000, 0x0000, 0x0000, 0x0000, 0x0000, 0x0000, 0x0000, 0x0000, 0x0000, 0x0000, 0x0000, 0x0000,
    0x0000, 0x0000, 0x0000, 0x0000, 0x0000, 0x0000, 0x0000, 0x0000, 0x0000, 0x0000, 0x0000, 0x0000,
    0x0000, 0x0000, 0x0000, 0x0000, 0x0000, 0x0000, 0x0000, 0x0000, 0x0000, 0x0000, 0x0000, 0x0000,
    0x0000, 0x0000, 0x0000, 0x0000, 0x0000, 0x0000, 0x0000, 0x0000, 0x0000, 0x0000, 0x0000, 0x0000,
    0x0000, 0x0000, 0x0000, 0x0000, 0x0000, 0x0000, 0x0000, 0x0000, 0x0000, 0x0000, 0x0000, 0x0000,
    0x0000, 0x0000, 0x0000, 0x0000, 0x0000, 0x0000, 0x0000, 0x0000, 0x0000, 0x0000, 0x0000, 0x0000,
    0x0000, 0x0000, 0x0000, 0x0000, 0x0000, 0x0000, 0x0000, 0x0000, 0x0000, 0x0000, 0x0000, 0x0000,
    0x0000, 0x0000, 0x0000, 0x0000, 0x0000, 0x0000, 0x0000, 0x0000, 0x0000, 0x0000, 0x0000, 0x0000,
    0x0000, 0x0000, 0x0000, 0x0000, 0x0000, 0x0000, 0x0000, 0x0000, 0x0000, 0x0000, 0x0000, 0x0000,
    0x0000, 0x0000, 0x0000, 0x0000, 0x0000, 0x0000, 0x0000, 0x0000, 0x0000, 0x0000, 0x0000, 0x0000,
    0x0000, 0x0000, 0x0000, 0x0000, 0x0000, 0x0000, 0x0000, 0x0000, 0x0000, 0x0000, 0x0000, 0x0000,
    0x0000, 0x0000, 0x0000, 0x0000, 0x0000, 0x0000, 0x0000, 0x0000, 0x0000, 0x0000, 0x0000, 0x0000,
    0x0000, 0x0000, 0x0000, 0x0000, 0x0000, 0x0000, 0x0000, 0x0000, 0x0000, 0x0000, 0x0000, 0x0000,
    0x0000, 0x0000, 0x0000, 0x0000, 0x0000, 0x0000, 0x0000, 0x0000, 0x0000, 0x0000, 0x0000, 0x0000,
    0x0000, 0x0000, 0x0000, 0x0000, 0x0000, 0x0000, 0x0000, 0x0000, 0x0000, 0x0000, 0x0000, 0x0000,
    0x0000, 0x0000, 0x0000, 0x0000, 0x0000, 0x0000, 0x0000, 0x0000, 0x0000, 0x0000, 0x0000, 0x0000,
    0x0000, 0x0000, 0x0000, 0x0000, 0x0000, 0x0000, 0x0000, 0x0000, 0x0000, 0x0000, 0x0000, 0x0000,
    0x0000, 0x0000, 0x0000, 0x0000, 0x0000, 0x0000, 0x0000, 0x0000, 0x0000, 0x0000, 0x0000, 0x0000,
    0x0000, 0x0000, 0x0000, 0x0000, 0x0000, 0x0000, 0x0000, 0x0000, 0x0000, 0x0000, 0x0000, 0x0000,
    0x0000, 0x0000, 0x0000, 0x0000, 0x0000, 0x0000, 0x0000, 0x0000, 0x0000, 0x0000, 0x0000, 0x0000,
    0x0000, 0x0000, 0x0000, 0x0000, 0x0000, 0x0000, 0x0000, 0x0000, 0x0000, 0x0000, 0x0000, 0x0000,
    0x0000, 0x0000, 0x0000, 0x0000, 0x0000, 0x0000, 0x0000, 0x0000, 0x0000, 0x0000, 0x0000, 0x0000,
    0x0000, 0x0000, 0x0000, 0x0000, 0x0000, 0x0000, 0x0000, 0x0000, 0x0000, 0x0000, 0x0000, 0x0000,
    0x0000, 0x0000, 0x0000, 0x0000, 0x0000, 0x0000, 0x0000, 0x0000, 0x0000, 0x0000, 0x0000, 0x0000,
    0x0000, 0x0000, 0x0000, 0x0000, 0x0000, 0x0000, 0x0000, 0x0000, 0x0000, 0x0000, 0x0000, 0x0000,
    0x0000, 0x0000, 0x0000, 0x0000, 0x0000, 0x0000, 0x0000, 0x0000, 0x0000, 0x0000, 0x0000, 0x0000,
    0x0000, 0x0000, 0x0000, 0x0000, 0x0000, 0x0000, 0x0000, 0x0000, 0x0000, 0x0000, 0x0000, 0x0000,
    0x0000, 0x0000, 0x0000, 0x0000, 0x0000, 0x0000, 0x0000, 0x0000, 0x0000, 0x0000, 0x0000, 0x0000,
    0x0000, 0x0000, 0x0000, 0x0000, 0x0000, 0x0000, 0x0000, 0x0000, 0x0000, 0x0000, 0x0000, 0x0000,
    0x0000, 0x0000, 0x0000, 0x0000, 0x0000, 0x0000, 0x0000, 0x0000, 0x0000, 0x0000, 0x0000, 0x0000,
    0x0000, 0x0000, 0x0000, 0x0000, 0x0000, 0x0000, 0x0000, 0x0000, 0x0000, 0x0000, 0x0000, 0x0000,
    0x0000, 0x0000, 0x0000, 0x0000, 0x0000, 0x0000, 0x0000, 0x0000, 0x0000, 0x0000, 0x0000, 0x0000,
    0x0000, 0x0000, 0x0000, 0x0000, 0x0000, 0x0000, 0x0000, 0x0000, 0x0000, 0x0000, 0x0000, 0x0000,
    0x0000, 0x0000, 0x0000, 0x0000, 0x0000, 0x0000, 0x0000, 0x0000, 0x0000, 0x0000, 0x0000, 0x0000,
    0x0000, 0x0000, 0x0000, 0x0000, 0x0000, 0x0000, 0x0000, 0x0000, 0x0000, 0x0000, 0x0000, 0x0000,
    0x0000, 0x0000, 0x0000, 0x0000, 0x0000, 0x0000, 0x0000, 0x0000, 0x0000, 0x0000, 0x0000, 0x0000,
    0x0000, 0x0000, 0x0000, 0x0000, 0x0000, 0x0000, 0x0000, 0x0000, 0x0000, 0x0000, 0x0000, 0x0000,
    0x0000, 0x0000, 0x0000, 0x0000, 0x0000, 0x0000, 0x0000, 0x0000, 0x0000, 0x0000, 0x0000, 0x0000,
    0x0000, 0x0000, 0x0000, 0x0000, 0x0000, 0x0000, 0x0000, 0x0000, 0x0000, 0x0000, 0x0000, 0x0000,
    0x0000, 0x0000, 0x0000, 0x0000, 0x0000, 0x0000, 0x0000, 0x0000, 0x0000, 0x0000, 0x0000, 0x0000,
    0x0000, 0x0000, 0x0000, 0x0000, 0x0000, 0x0000, 0x0000, 0x0000, 0x0000, 0x0000, 0x0000, 0x0000,
    0x0000, 0x0000, 0x0000, 0x0000, 0x0000, 0x0000, 0x0000, 0x0000, 0x0000, 0x0000, 0x0000, 0x0000,
    0x0000, 0x0000, 0x0000, 0x0000, 0x0000, 0x0000, 0x0000, 0x0000, 0x0000, 0x0000, 0x0000, 0x0000,
    0x0000, 0x0000, 0x0000, 0x0000, 0x0000, 0x0000, 0x0000, 0x0000, 0x0000, 0x0000, 0x0000, 0x0000,
    0x0000, 0x0000, 0x0000, 0x0000, 0x0000, 0x0000, 0x0000, 0x0000, 0x0000, 0x0000, 0x0000, 0x0000,
    0x0000, 0x0000, 0x0000, 0x0000, 0x0000, 0x0000, 0x0000, 0x0000, 0x0000, 0x0000, 0x0000, 0x0000,
    0x0000, 0x0000, 0x0000, 0x0000, 0x0000, 0x0000, 0x0000, 0x0000, 0x0000, 0x0000, 0x0000, 0x0000,
    0x0000, 0x0000, 0x0000, 0x0000, 0x0000, 0x0000, 0x0000, 0x0000, 0x0000, 0x0000, 0x0000, 0x0000,
    0x0000, 0x0000, 0x0000, 0x0000, 0x0000, 0x0000, 0x0000, 0x0000, 0x0000, 0x0000, 0x0000, 0x0000,
    0x0000, 0x0000, 0x0000, 0x0000, 0x0000, 0x0000, 0x0000, 0x0000, 0x0000, 0x0000, 0x0000, 0x0000,
    0x0000, 0x0000, 0x0000, 0x0000, 0x0000, 0x0000, 0x0000, 0x0000, 0x0000, 0x0000, 0x0000, 0x0000,
    0x0000, 0x0000, 0x0000, 0x0000, 0x0000, 0x0000, 0x0000, 0x0000, 0x0000, 0x0000, 0x0000, 0x0000,
    0x0000, 0x0000, 0x0000, 0x0000, 0x0000, 0x0000, 0x0000, 0x0000, 0x0000, 0x0000, 0x0000, 0x0000,
    0x0000, 0x0000, 0x0000, 0x0000, 0x0000, 0x0000, 0x0000, 0x0000, 0x0000, 0x0000, 0x0000, 0x0000,
    0x0000, 0x0000, 0x0000, 0x0000, 0x0000, 0x0000, 0x0000, 0x0000, 0x0000, 0x0000, 0x0000, 0x0000,
    0x0000, 0x0000, 0x0000, 0x0000, 0x0000, 0x0000, 0x0000, 0x0000, 0x0000, 0x0000, 0x0000, 0x0000,
    0x0000, 0x0000, 0x0000, 0x0000, 0x0000, 0x0000, 0x0000, 0x0000, 0x0000, 0x0000, 0x0000, 0x0000,
    0x0000, 0x0000, 0x0000, 0x0000, 0x0000, 0x0000, 0x0000, 0x0000, 0x0000, 0x0000, 0x0000, 0x0000,
    0x0000, 0x0000, 0x0000, 0x0000, 0x0000, 0x0000, 0x0000, 0x0000, 0x0000, 0x0000, 0x0000, 0x0000,
    0x0000, 0x0000, 0x0000, 0x0000, 0x0000, 0x0000, 0x0000, 0x0000, 0x0000, 0x0000, 0x0000, 0x0000,
    0x0000, 0x0000, 0x0000, 0x0000, 0x0000, 0x0000, 0x0000, 0x0000, 0x0000, 0x0000, 0x0000, 0x0000,
    0x0000, 0x0000, 0x0000, 0x0000, 0x0000, 0x0000, 0x0000, 0x0000, 0x0000, 0x0000, 0x0000, 0x0000,
    0x0000, 0x0000, 0x0000, 0x0000, 0x0000, 0x0000, 0x0000, 0x0000, 0x0000, 0x0000, 0x0000, 0x0000,
    0x0000, 0x0000, 0x0000, 0x0000, 0x0000, 0x0000, 0x0000, 0x0000, 0x0000, 0x0000, 0x0000, 0x0000,
    0x0000, 0x0000, 0x0000, 0x0000, 0x0000, 0x0000, 0x0000, 0x0000, 0x0000, 0x0000, 0x0000, 0x0000,
    0x0000, 0x0000, 0x0000, 0x0000, 0x0000, 0x0000, 0x0000, 0x0000, 0x0000, 0x0000, 0x0000, 0x0000,
    0x0000, 0x0000, 0x0000, 0x0000, 0x0000, 0x0000, 0x0000, 0x0000, 0x0000, 0x0000, 0x0000, 0x0000,
    0x0000, 0x0000, 0x0000, 0x0000, 0x0000, 0x0000, 0x0000, 0x0000, 0x0000, 0x0000, 0x0000, 0x0000,
    0x0000, 0x0000, 0x0000, 0x0000, 0x0000, 0x0000, 0x0000, 0x0000, 0x0000, 0x0000, 0x0000, 0x0000,
    0x0000, 0x0000, 0x0000, 0x0000, 0x0000, 0x0000, 0x0000, 0x0000, 0x0000, 0x0000, 0x0000, 0x0000,
    0x0000, 0x0000, 0x0000, 0x0000, 0x0000, 0x0000, 0x0000, 0x0000, 0x0000, 0x0000, 0x0000, 0x0000,
    0x0000, 0x0000, 0x0000, 0x0000, 0x0000, 0x0000, 0x0000, 0x0000, 0x0000, 0x0000, 0x0000, 0x0000,
    0x0000, 0x0000, 0x0000, 0x0000, 0x0000, 0x0000, 0x0000, 0x0000, 0x0000, 0x0000, 0x0000, 0x0000,
    0x0000, 0x0000, 0x0000, 0x0000, 0x0000, 0x0000, 0x0000, 0x0000, 0x0000, 0x0000, 0x0000, 0x0000,
    0x0000, 0x0000, 0x0000, 0x0000, 0x0000, 0x0000, 0x0000, 0x0000, 0x0000, 0x0000, 0x0000, 0x0000,
    0x0000, 0x0000, 0x0000, 0x0000, 0x0000, 0x0000, 0x0000, 0x0000, 0x0000, 0x0000, 0x0000, 0x0000,
    0x0000, 0x0000, 0x0000, 0x0000, 0x0000, 0x0000, 0x0000, 0x0000, 0x0000, 0x0000, 0x0000, 0x0000,
    0x0000, 0x0000, 0x0000, 0x0000, 0x0000, 0x0000, 0x0000, 0x0000, 0x0000, 0x0000, 0x0000, 0x0000,
    0x0000, 0x0000, 0x0000, 0x0000, 0x0000, 0x0000, 0x0000, 0x0000, 0x0000, 0x0000, 0x0000, 0x0000,
    0x0000, 0x0000, 0x0000, 0x0000, 0x0000, 0x0000, 0x0000, 0x0000, 0x0000, 0x0000, 0x0000, 0x0000,
    0x0000, 0x0000, 0x0000, 0x0000, 0x0000, 0x0000, 0x0000, 0x0000, 0x0000, 0x0000, 0x0000, 0x0000,
    0x0000, 0x0000, 0x0000, 0x0000, 0x0000, 0x0000, 0x0000, 0x0000, 0x0000, 0x0000, 0x0000, 0x0000,
    0x0000, 0x0000, 0x0000, 0x0000, 0x0000, 0x0000, 0x0000, 0x0000, 0x0000, 0x0000, 0x0000, 0x0000,
    0x0000, 0x0000, 0x0000, 0x0000, 0x0000, 0x0000, 0x0000, 0x0000, 0x0000, 0x0000, 0x0000, 0x0000,
    0x0000, 0x0000, 0x0000, 0x0000, 0x0000, 0x0000, 0x0000, 0x0000, 0x0000, 0x0000, 0x0000, 0x0000,
    0x0000, 0x0000, 0x0000, 0x0000, 0x0000, 0x0000, 0x0000, 0x0000, 0x0000, 0x0000, 0x0000, 0x0000,
    0x0000, 0x0000, 0x0000, 0x0000, 0x0000, 0x0000, 0x0000, 0x0000, 0x0000, 0x0000, 0x0000, 0x0000,
    0x0000, 0x0000, 0x0000, 0x0000, 0x0000, 0x0000, 0x0000, 0x0000, 0x0000, 0x0000, 0x0000, 0x0000,
    0x0000, 0x0000, 0x0000, 0x0000, 0x0000, 0x0000, 0x0000, 0x0000, 0x0000, 0x0000, 0x0000, 0x0000,
    0x0000, 0x0000, 0x0000, 0x0000, 0x0000, 0x0000, 0x0000, 0x0000, 0x0000, 0x0000, 0x0000, 0x0000,
    0x0000, 0x0000, 0x0000, 0x0000, 0x0000, 0x0000, 0x0000, 0x0000, 0x0000, 0x0000, 0x0000, 0x0000,
    0x0000, 0x0000, 0x0000, 0x0000, 0x0000, 0x0000, 0x0000, 0x0000, 0x0000, 0x0000, 0x0000, 0x0000,
    0x0000, 0x0000, 0x0000, 0x0000, 0x0000, 0x0000, 0x0000, 0x0000, 0x0000, 0x0000, 0x0000, 0x0000,
    0x0000, 0x0000, 0x0000, 0x0000, 0x0000, 0x0000, 0x0000, 0x0000, 0x0000, 0x0000, 0x0000, 0x0000,
    0x0000, 0x0000, 0x0000, 0x0000, 0x0000, 0x0000, 0x0000, 0x0000, 0x0000, 0x0000, 0x0000, 0x0000,
    0x0000, 0x0000, 0x0000, 0x0000, 0x0000, 0x0000, 0x0000, 0x0000, 0x0000, 0x0000, 0x0000, 0x0000,
    0x0000, 0x0000, 0x0000, 0x0000, 0x0000, 0x0000, 0x0000, 0x0000, 0x0000, 0x0000, 0x0000, 0x0000,
    0x0000, 0x0000, 0x0000, 0x0000, 0x0000, 0x0000, 0x0000, 0x0000, 0x0000, 0x0000, 0x0000, 0x0000,
    0x0000, 0x0000, 0x0000, 0x0000, 0x0000, 0x0000, 0x0000, 0x0000, 0x0000, 0x0000, 0x0000, 0x0000,
    0x0000, 0x0000, 0x0000, 0x0000, 0x0000, 0x0000, 0x0000, 0x0000, 0x0000, 0x0000, 0x0000, 0x0000,
    0x0000, 0x0000, 0x0000, 0x0000, 0x0000, 0x0000, 0x0000, 0x0000, 0x0000, 0x0000, 0x0000, 0x0000,
    0x0000, 0x0000, 0x0000, 0x0000, 0x0000, 0x0000, 0x0000, 0x0000, 0x0000, 0x0000, 0x0000, 0x0000,
    0x0000, 0x0000, 0x0000, 0x0000, 0x0000, 0x0000, 0x0000, 0x0000, 0x0000, 0x0000, 0x0000, 0x0000,
    0x0000, 0x0000, 0x0000, 0x0000, 0x0000, 0x0000, 0x0000, 0x0000, 0x0000, 0x0000, 0x0000, 0x0000,
    0x0000, 0x0000, 0x0000, 0x0000, 0x0000, 0x0000, 0x0000, 0x0000, 0x0000, 0x0000, 0x0000, 0x0000,
    0x0000, 0x0000, 0x0000, 0x0000, 0x0000, 0x0000, 0x0000, 0x0000, 0x0000, 0x0000, 0x0000, 0x0000,
    0x0000, 0x0000, 0x0000, 0x0000, 0x0000, 0x0000, 0x0000, 0x0000, 0x0000, 0x0000, 0x0000, 0x0000,
    0x0000, 0x0000, 0x0000, 0x0000, 0x0000, 0x0000, 0x0000, 0x0000, 0x0000, 0x0000, 0x0000, 0x0000,
    0x0000, 0x0000, 0x0000, 0x0000, 0x0000, 0x0000, 0x0000, 0x0000, 0x0000, 0x0000, 0x0000, 0x0000,
    0x0000, 0x0000, 0x0000, 0x0000, 0x0000, 0x0000, 0x0000, 0x0000, 0x0000, 0x0000, 0x0000, 0x0000,
    0x0000, 0x0000, 0x0000, 0x0000, 0x0000, 0x0000, 0x0000, 0x0000, 0x0000, 0x0000, 0x0000, 0x0000,
    0x0000, 0x0000, 0x0000, 0x0000, 0x0000, 0x0000, 0x0000, 0x0000, 0x0000, 0x0000, 0x0000, 0x0000,
    0x0000, 0x0000, 0x0000, 0x0000, 0x0000, 0x0000, 0x0000, 0x0000, 0x0000, 0x0000, 0x0000, 0x0000,
    0x0000, 0x0000, 0x0000, 0x0000, 0x0000, 0x0000, 0x0000, 0x0000, 0x0000, 0x0000, 0x0000, 0x0000,
    0x0000, 0x0000, 0x0000, 0x0000, 0x0000, 0x0000, 0x0000, 0x0000, 0x0000, 0x0000, 0x0000, 0x0000,
    0x0000, 0x0000, 0x0000, 0x0000, 0x0000, 0x0000, 0x0000, 0x0000, 0x0000, 0x0000, 0x0000, 0x0000,
    0x0000, 0x0000, 0x0000, 0x0000, 0x0000, 0x0000, 0x0000, 0x0000, 0x0000, 0x0000, 0x0000, 0x0000,
    0x0000, 0x0000, 0x0000, 0x0000, 0x0000, 0x0000, 0x0000, 0x0000, 0x0000, 0x0000, 0x0000, 0x0000,
    0x0000, 0x0000, 0x0000, 0x0000, 0x0000, 0x0000, 0x0000, 0x0000, 0x0000, 0x0000, 0x0000, 0x0000,
    0x0000, 0x0000, 0x0000, 0x0000, 0x0000, 0x0000, 0x0000, 0x0000, 0x0000, 0x0000, 0x0000, 0x0000,
    0x0000, 0x0000, 0x0000, 0x0000, 0x0000, 0x0000, 0x0000, 0x0000, 0x0000, 0x0000, 0x0000, 0x0000,
    0x0000, 0x0000, 0x0000, 0x0000, 0x0000, 0x0000, 0x0000, 0x0000, 0x0000, 0x0000, 0x0000, 0x0000,
    0x0000, 0x0000, 0x0000, 0x0000, 0x0000, 0x0000, 0x0000, 0x0000, 0x0000, 0x0000, 0x0000, 0x0000,
    0x0000, 0x0000, 0x0000, 0x0000, 0x0000, 0x0000, 0x0000, 0x0000, 0x0000, 0x0000, 0x0000, 0x0000,
    0x0000, 0x0000, 0x0000, 0x0000, 0x0000, 0x0000, 0x0000, 0x0000, 0x0000, 0x0000, 0x0000, 0x0000,
    0x0000, 0x0000, 0x0000, 0x0000, 0x0000, 0x0000, 0x0000, 0x0000, 0x0000, 0x0000, 0x0000, 0x0000,
    0x0000, 0x0000, 0x0000, 0x0000, 0x0000, 0x0000, 0x0000, 0x0000, 0x0000, 0x0000, 0x0000, 0x0000,
    0x0000, 0x0000, 0x0000, 0x0000, 0x0000, 0x0000, 0x0000, 0x0000, 0x0000, 0x0000, 0x0000, 0x0000,
    0x0000, 0x0000, 0x0000, 0x0000, 0x0000, 0x0000, 0x0000, 0x0000, 0x0000, 0x0000, 0x0000, 0x0000,
    0x0000, 0x0000, 0x0000, 0x0000, 0x0000, 0x0000, 0x0000, 0x0000, 0x0000, 0x0000, 0x0000, 0x0000,
    0x0000, 0x0000, 0x0000, 0x0000, 0x0000, 0x0000, 0x0000, 0x0000, 0x0000, 0x0000, 0x0000, 0x0000,
    0x0000, 0x0000, 0x0000, 0x0000, 0x0000, 0x0000, 0x0000, 0x0000, 0x0000, 0x0000, 0x0000, 0x0000,
    0x0000, 0x0000, 0x0000, 0x0000, 0x0000, 0x0000, 0x0000, 0x0000, 0x0000, 0x0000, 0x0000, 0x0000,
    0x0000, 0x0000, 0x0000, 0x0000, 0x0000, 0x0000, 0x0000, 0x0000, 0x0000, 0x0000, 0x0000, 0x0000,
    0x0000, 0x0000, 0x0000, 0x0000, 0x0000, 0x0000, 0x0000, 0x0000, 0x0000, 0x0000, 0x0000, 0x0000,
    0x0000, 0x0000, 0x0000, 0x0000, 0x0000, 0x0000, 0x0000, 0x0000, 0x0000, 0x0000, 0x0000, 0x0000,
    0x0000, 0x0000, 0x0000, 0x0000, 0x0000, 0x0000, 0x0000, 0x0000, 0x0000, 0x0000, 0x0000, 0x0000,
    0x0000, 0x0000, 0x0000, 0x0000, 0x0000, 0x0000, 0x0000, 0x0000, 0x0000, 0x0000, 0x0000, 0x0000,
    0x0000, 0x0000, 0x0000, 0x0000, 0x0000, 0x0000, 0x0000, 0x0000, 0x0000, 0x0000, 0x0000, 0x0000,
    0x0000, 0x0000, 0x0000, 0x0000, 0x0000, 0x0000, 0x0000, 0x0000, 0x0000, 0x0000, 0x0000, 0x0000,
    0x0000, 0x0000, 0x0000, 0x0000, 0x0000, 0x0000, 0x0000, 0x0000, 0x0000, 0x0000, 0x0000, 0x0000,
    0x0000, 0x0000, 0x0000, 0x0000, 0x0000, 0x0000, 0x0000, 0x0000, 0x0000, 0x0000, 0x0000, 0x0000,
    0x0000, 0x0000, 0x0000, 0x0000, 0x0000, 0x0000, 0x0000, 0x0000, 0x0000, 0x0000, 0x0000, 0x0000,
    0x0000, 0x0000, 0x0000, 0x0000, 0x0000, 0x0000, 0x0000, 0x0000, 0x0000, 0x0000, 0x0000, 0x0000,
    0x0000, 0x0000, 0x0000, 0x0000, 0x0000, 0x0000, 0x0000, 0x0000, 0x0000, 0x0000, 0x0000, 0x0000,
    0x0000, 0x0000, 0x0000, 0x0000, 0x0000, 0x0000, 0x0000, 0x0000, 0x0000, 0x0000, 0x0000, 0x0000,
    0x0000, 0x0000, 0x0000, 0x0000, 0x0000, 0x0000, 0x0000, 0x0000, 0x0000, 0x0000, 0x0000, 0x0000,
    0x0000, 0x0000, 0x0000, 0x0000, 0x0000, 0x0000, 0x0000, 0x0000, 0x0000, 0x0000, 0x0000, 0x0000,
    0x0000, 0x0000, 0x0000, 0x0000, 0x0000, 0x0000, 0x0000, 0x0000, 0x0000, 0x0000, 0x0000, 0x0000,
    0x0000, 0x0000, 0x0000, 0x0000, 0x0000, 0x0000, 0x0000, 0x0000, 0x0000, 0x0000, 0x0000, 0x0000,
    0x0000, 0x0000, 0x0000, 0x0000, 0x0000, 0x0000, 0x0000, 0x0000, 0x0000, 0x0000, 0x0000, 0x0000,
    0x0000, 0x0000, 0x0000, 0x0000, 0x0000, 0x0000, 0x0000, 0x0000, 0x0000, 0x0000, 0x0000, 0x0000,
    0x0000, 0x0000, 0x0000, 0x0000, 0x0000, 0x0047, 0x0047, 0x0067, 0x0087, 0x0087, 0x00C7, 0x0148,
    0x0148, 0x0168, 0x0147, 0x00E7, 0x0087, 0x00E7, 0x0148, 0x00E7, 0x00A7, 0x0087, 0x00E7, 0x0147,
    0x0147, 0x0107, 0x00C7, 0x0087, 0x00E7, 0x0127, 0x00E7, 0x0087, 0x00A7, 0x0127, 0x0147, 0x00E7,
    0x00A7, 0x0087, 0x0127, 0x0188, 0x0086, 0x0000, 0x0000, 0x0000, 0x0000, 0x0000, 0x0000, 0x0000,
    0x0000, 0x0000, 0x0000, 0x0000, 0x0000, 0x0000, 0x0000, 0x0000, 0x0000, 0x0000, 0x0000, 0x0000,
    0x0000, 0x0000, 0x0000, 0x0000, 0x0000, 0x0000, 0x0000, 0x0000, 0x0000, 0x0000, 0x0000, 0x0000,
    0x0000, 0x0000, 0x0000, 0x0000, 0x0000, 0x0000, 0x0000, 0x0000, 0x0000, 0x0000, 0x0000, 0x0000,
    0x0000, 0x0000, 0x0000, 0x0000, 0x0000, 0x0000, 0x0000, 0x0000, 0x0000, 0x0000, 0x0000, 0x0000,
    0x0000, 0x0000, 0x0000, 0x0000, 0x0000, 0x0000, 0x0000, 0x0000, 0x0000, 0x0000, 0x0000, 0x0000,
    0x0000, 0x0067, 0x0067, 0x0067, 0x0067, 0x00C7, 0x0167, 0x0107, 0x00E8, 0x0148, 0x0127, 0x00C7,
    0x00C7, 0x0147, 0x0147, 0x00C7, 0x00C8, 0x00E8, 0x0087, 0x0087, 0x0128, 0x0167, 0x00E7, 0x0087,
    0x0087, 0x0067, 0x00A7, 0x0127, 0x00E7, 0x0087, 0x0067, 0x00A7, 0x0127, 0x0168, 0x0128, 0x0002,
    0x0000, 0x0000, 0x0000, 0x0000, 0x0000, 0x0000, 0x0000, 0x0000, 0x0000, 0x0000, 0x0000, 0x0000,
    0x0000, 0x0000, 0x0000, 0x0000, 0x0000, 0x0000, 0x0000, 0x0000, 0x0000, 0x0000, 0x0000, 0x0000,
    0x0000, 0x0000, 0x0000, 0x0000, 0x0000, 0x0000, 0x0000, 0x0000, 0x0000, 0x0000, 0x0000, 0x0000,
    0x0000, 0x0000, 0x0000, 0x0000, 0x0000, 0x0000, 0x0000, 0x0000, 0x0000, 0x0000, 0x0000, 0x0000,
    0x0000, 0x0000, 0x0000, 0x0000, 0x0000, 0x0000, 0x0000, 0x0000, 0x0000, 0x0000, 0x0000, 0x0000,
    0x0000, 0x0000, 0x0000, 0x0000, 0x0000, 0x0000, 0x0000, 0x0000, 0x0000, 0x0000, 0x0000, 0x0000,
    0x0000, 0x0000, 0x0000, 0x0000, 0x0000, 0x0000, 0x0000, 0x0000, 0x0000, 0x0000, 0x0000, 0x0000,
    0x0000, 0x0000, 0x0000, 0x0000, 0x0000, 0x0000, 0x0000, 0x0000, 0x0000, 0x0000, 0x0000, 0x0000,
    0x0000, 0x0000, 0x0000, 0x0000, 0x006C, 0x0008, 0x0004, 0x0025, 0x0045, 0x0065, 0x0065, 0x0085,
    0x00C5, 0x00C5, 0x0084, 0x0045, 0x0025, 0x0085, 0x00C5, 0x0065, 0x0045, 0x0025, 0x0065, 0x00A5,
    0x0085, 0x0065, 0x0046, 0x0025, 0x0045, 0x0086, 0x0046, 0x0005, 0x0026, 0x0066, 0x0085, 0x0045,
    0x0005, 0x0005, 0x0065, 0x00E5, 0x0043, 0x0083, 0x0000, 0x0000, 0x0000, 0x0000, 0x0000, 0x0000,
    0x0000, 0x0000, 0x0000, 0x0000, 0x0000, 0x0000, 0x0000, 0x0000, 0x0000, 0x0000, 0x0000, 0x0000,
    0x0000, 0x0000, 0x0000, 0x0000, 0x0000, 0x0000, 0x0000, 0x0000, 0x0000, 0x0000, 0x0000, 0x0000,
    0x0000, 0x0000, 0x0000, 0x0000, 0x0000, 0x0000, 0x0000, 0x0000, 0x0000, 0x0000, 0x0000, 0x0000,
    0x0000, 0x0000, 0x0000, 0x0000, 0x0000, 0x0000, 0x0000, 0x0000, 0x0000, 0x0000, 0x0000, 0x0000,
    0x0000, 0x0000, 0x0000, 0x0000, 0x0000, 0x0000, 0x0000, 0x0000, 0x0000, 0x0000, 0x0000, 0x0001,
    0x006D, 0x0008, 0x0005, 0x0025, 0x0025, 0x0065, 0x00A5, 0x0065, 0x0045, 0x0085, 0x0085, 0x0045,
    0x0045, 0x0085, 0x00A5, 0x0045, 0x0045, 0x0045, 0x0025, 0x0025, 0x0065, 0x00A5, 0x0065, 0x0005,
    0x0005, 0x0005, 0x0026, 0x0066, 0x0066, 0x0006, 0x0005, 0x0005, 0x0065, 0x00E6, 0x00A4, 0x0043,
    0x0042, 0x0000, 0x0000, 0x0000, 0x0000, 0x0000, 0x0000, 0x0000, 0x0000, 0x0000, 0x0000, 0x0000,
    0x0000, 0x0000, 0x0000, 0x0000, 0x0000, 0x0000, 0x0000, 0x0000, 0x0000, 0x0000, 0x0000, 0x0000,
    0x0000, 0x0000, 0x0000, 0x0000, 0x0000, 0x0000, 0x0000, 0x0000, 0x0000, 0x0000, 0x0000, 0x0000,
    0x0000, 0x0000, 0x0000, 0x0000, 0x0000, 0x0000, 0x0000, 0x0000, 0x0000, 0x0000, 0x0000, 0x0000,
    0x0000, 0x0000, 0x0000, 0x0000, 0x0000, 0x0000, 0x0000, 0x0000, 0x0000, 0x0000, 0x0000, 0x0000,
    0x0000, 0x0000, 0x0000, 0x0000, 0x0000, 0x0000, 0x0000, 0x0000, 0x0000, 0x0000, 0x0000, 0x0000,
    0x0000, 0x0000, 0x0000, 0x0000, 0x0000, 0x0000, 0x0000, 0x0000, 0x0000, 0x0000, 0x0000, 0x0000,
    0x0000, 0x0000, 0x0000, 0x0000, 0x0000, 0x0000, 0x0000, 0x0000, 0x0000, 0x0000, 0x0000, 0x0000,
    0x0000, 0x0000, 0x0000, 0x004A, 0x0005, 0x5A40, 0xBB60, 0xA960, 0xAA60, 0xB300, 0xABE0, 0xBC40,
    0x9340, 0x9B40, 0xB440, 0xB420, 0xB460, 0xBBE0, 0xBBE0, 0xB3C2, 0xB448, 0xB468, 0xB468, 0xB447,
    0xB447, 0xB467, 0xB487, 0xB487, 0xB4A7, 0xB4A7, 0xB4A7, 0xB4E6, 0xB4E6, 0xB4E7, 0xB4C6, 0xB4A5,
    0xB4A6, 0xB4C8, 0xBD48, 0x61E0, 0x0000, 0x02D9, 0x0083, 0x0000, 0x0000, 0x0000, 0x0000, 0x0000,
    0x0000, 0x0000, 0x0000, 0x0000, 0x0000, 0x0000, 0x0000, 0x0000, 0x0000, 0x0000, 0x0000, 0x0000,
    0x0000, 0x0000, 0x0000, 0x0000, 0x0000, 0x0000, 0x0000, 0x0000, 0x0000, 0x0000, 0x0000, 0x0000,
    0x0000, 0x0000, 0x0000, 0x0000, 0x0000, 0x0000, 0x0000, 0x0000, 0x0000, 0x0000, 0x0000, 0x0000,
    0x0000, 0x0000, 0x0000, 0x0000, 0x0000, 0x0000, 0x0000, 0x0000, 0x0000, 0x0000, 0x0000, 0x0000,
    0x0000, 0x0000, 0x0000, 0x0000, 0x0000, 0x0000, 0x0000, 0x0000, 0x0000, 0x0000, 0x0000, 0x0029,
    0x0004, 0x4A25, 0xB486, 0xBBC0, 0xABA0, 0xABE0, 0xB3A0, 0xB3A0, 0xBC40, 0xB400, 0xB3E0, 0xB420,
    0xB3E0, 0xB400, 0xB440, 0xBC80, 0xB440, 0xB440, 0xB480, 0xB480, 0xB440, 0xB440, 0xB463, 0xB4A6,
    0xB507, 0xB527, 0xB507, 0xB4C7, 0xB4C7, 0xB4E6, 0xB526, 0xB506, 0xB528, 0xAC06, 0x1000, 0x01B1,
    0x0232, 0x0000, 0x0000, 0x0000, 0x0000, 0x0000, 0x0000, 0x0000, 0x0000, 0x0000, 0x0000, 0x0000,
    0x0000, 0x0000, 0x0000, 0x0000, 0x0000, 0x0000, 0x0000, 0x0000, 0x0000, 0x0000, 0x0000, 0x0000,
    0x0000, 0x0000, 0x0000, 0x0000, 0x0000, 0x0000, 0x0000, 0x0000, 0x0000, 0x0000, 0x0000, 0x0000,
    0x0000, 0x0000, 0x0000, 0x0000, 0x0000, 0x0000, 0x0000, 0x0000, 0x0000, 0x0000, 0x0000, 0x0000,
    0x0000, 0x0000, 0x0000, 0x0000, 0x0000, 0x0000, 0x0000, 0x0000, 0x0000, 0x0000, 0x0000, 0x0000,
    0x0000, 0x0000, 0x0000, 0x0000, 0x0000, 0x0000, 0x0000, 0x0000, 0x0000, 0x0000, 0x0000, 0x0000,
    0x0000, 0x0000, 0x0000, 0x0000, 0x0000, 0x0000, 0x0000, 0x0000, 0x0000, 0x0000, 0x0000, 0x0000,
    0x0000, 0x0000, 0x0000, 0x0000, 0x0000, 0x0000, 0x0000, 0x0000, 0x0000, 0x0000, 0x0000, 0x0000,
    0x0000, 0x0000, 0x0003, 0x0002, 0x72E0, 0xEBE0, 0xE1C0, 0xFBE1, 0xFB20, 0xF360, 0xEC40, 0xCB60,
    0xB2C0, 0xFD20, 0xFD80, 0xFDC0, 0xFD80, 0xFBE0, 0xF440, 0xFD60, 0xFD60, 0xFDA0, 0xFDC0, 0xFDC0,
    0xFDE0, 0xFE00, 0xFE20, 0xFE40, 0xFE40, 0xFE60, 0xFE60, 0xFE80, 0xFEA0, 0xFE80, 0xFEA0, 0xFEE0,
    0xFEC0, 0xFF01, 0xFD00, 0x3040, 0x00EF, 0x023F, 0x00ED, 0x0000, 0x0000, 0x0000, 0x0000, 0x0000,
    0x0000, 0x0000, 0x0000, 0x0000, 0x0000, 0x0000, 0x0000, 0x0000, 0x0000, 0x0000, 0x0000, 0x0000,
    0x0000, 0x0000, 0x0000, 0x0000, 0x0000, 0x0000, 0x0000, 0x0000, 0x0000, 0x0000, 0x0000, 0x0000,
    0x0000, 0x0000, 0x0000, 0x0000, 0x0000, 0x0000, 0x0000, 0x0000, 0x0000, 0x0000, 0x0000, 0x0000,
    0x0000, 0x0000, 0x0000, 0x0000, 0x0000, 0x0000, 0x0000, 0x0000, 0x0000, 0x0000, 0x0000, 0x0000,
    0x0000, 0x0000, 0x0000, 0x0000, 0x0000, 0x0000, 0x0000, 0x0000, 0x0000, 0x0000, 0x0045, 0x0001,
    0x62C6, 0xFD85, 0xFC20, 0xFCA0, 0xFCC0, 0xFD80, 0xFD40, 0xFD60, 0xFDE0, 0xFD60, 0xFD60, 0xFE00,
    0xFD60, 0xFD00, 0xFD80, 0xFE00, 0xFE00, 0xFE00, 0xFE00, 0xFE00, 0xFE00, 0xFE20, 0xFE40, 0xFE80,
    0xFEA0, 0xFEC0, 0xFEA0, 0xFE80, 0xFEA0, 0xFEE0, 0xFF20, 0xFF42, 0xFF01, 0x8180, 0x0004, 0x019D,
    0x021D, 0x0022, 0x0000, 0x0000, 0x0000, 0x0000, 0x0000, 0x0000, 0x0000, 0x0000, 0x0000, 0x0000,
    0x0000, 0x0000, 0x0000, 0x0000, 0x0000, 0x0000, 0x0000, 0x0000, 0x0000, 0x0000, 0x0000, 0x0000,
    0x0000, 0x0000, 0x0000, 0x0000, 0x0000, 0x0000, 0x0000, 0x0000, 0x0000, 0x0000, 0x0000, 0x0000,
    0x0000, 0x0000, 0x0000, 0x0000, 0x0000, 0x0000, 0x0000, 0x0000, 0x0000, 0x0000, 0x0000, 0x0000,
    0x0000, 0x0000, 0x0000, 0x0000, 0x0000, 0x0000, 0x0000, 0x0000, 0x0000, 0x0000, 0x0000, 0x0000,
    0x0000, 0x0000, 0x0000, 0x0000, 0x0000, 0x0000, 0x0000, 0x0000, 0x0000, 0x0000, 0x0000, 0x0000,
    0x0000, 0x0000, 0x0000, 0x0000, 0x0000, 0x0000, 0x0000, 0x0000, 0x0000, 0x0000, 0x0000, 0x0000,
    0x0000, 0x0000, 0x0000, 0x0000, 0x0000, 0x0000, 0x0000, 0x0000, 0x0000, 0x0000, 0x0000, 0x0000,
    0x0000, 0x0022, 0x0008, 0x41E0, 0xDC80, 0xDB20, 0xC260, 0xEAE0, 0x9120, 0xECA0, 0xFCE0, 0xD2E0,
    0xFD40, 0xFD60, 0xF4E0, 0xF540, 0xFCE0, 0xF4A0, 0xEC20, 0xFD80, 0xF4E0, 0xFD80, 0xFDA0, 0xFDC0,
    0xFDC0, 0xFDC0, 0xFDE0, 0xFDE0, 0xFDE0, 0xFDE0, 0xFDE0, 0xFDE0, 0xFE00, 0xFE00, 0xFE00, 0xFE20,
    0xF621, 0xFEE2, 0x8A20, 0x0002, 0x0178, 0x019D, 0x0199, 0x0000, 0x0000, 0x0000, 0x0000, 0x0000,
    0x0000, 0x0000, 0x0000, 0x0000, 0x0000, 0x0000, 0x0000, 0x0000, 0x0000, 0x0000, 0x0000, 0x0000,
    0x0000, 0x0000, 0x0000, 0x0000, 0x0000, 0x0000, 0x0000, 0x0000, 0x0000, 0x0000, 0x0000, 0x0000,
    0x0000, 0x0000, 0x0000, 0x0000, 0x0000, 0x0000, 0x0000, 0x0000, 0x0000, 0x0000, 0x0000, 0x0000,
    0x0000, 0x0000, 0x0000, 0x0000, 0x0000, 0x0000, 0x0000, 0x0000, 0x0000, 0x0000, 0x0000, 0x0000,
    0x0000, 0x0000, 0x0000, 0x0000, 0x0000, 0x0000, 0x0000, 0x0000, 0x0000, 0x0063, 0x0068, 0x4A25,
    0xFD64, 0xEC40, 0xFCC0, 0xF540, 0xECE0, 0xFDC0, 0xECA0, 0xF520, 0xF520, 0xF540, 0xF560, 0xFDC0,
    0xECA0, 0xFD60, 0xFDC0, 0xFDC0, 0xFDC0, 0xFDC0, 0xFDE0, 0xFDE0, 0xFDE0, 0xFDE0, 0xFE00, 0xFDE0,
    0xFDE0, 0xFE00, 0xFE00, 0xFE20, 0xFE20, 0xFE40, 0xFE20, 0xFEA2, 0xE4E0, 0x0800, 0x00F2, 0x019C,
    0x01FF, 0x014F, 0x0000, 0x0000, 0x0000, 0x0000, 0x0000, 0x0000, 0x0000, 0x0000, 0x0000, 0x0000,
    0x0000, 0x0000, 0x0000, 0x0000, 0x0000, 0x0000, 0x0000, 0x0000, 0x0000, 0x0000, 0x0000, 0x0000,
    0x0000, 0x0000, 0x0000, 0x0000, 0x0000, 0x0000, 0x0000, 0x0000, 0x0000, 0x0000, 0x0000, 0x0000,
    0x0000, 0x0000, 0x0000, 0x0000, 0x0000, 0x0000, 0x0000, 0x0000, 0x0000, 0x0000, 0x0000, 0x0000,
    0x0000, 0x0000, 0x0000, 0x0000, 0x0000, 0x0000, 0x0000, 0x0000, 0x0000, 0x0000, 0x0000, 0x0000,
    0x0000, 0x0000, 0x0000, 0x0000, 0x0000, 0x0000, 0x0000, 0x0000, 0x0000, 0x0000, 0x0000, 0x0000,
    0x0000, 0x0000, 0x0000, 0x0000, 0x0000, 0x0000, 0x0000, 0x0000, 0x0000, 0x0000, 0x0000, 0x0000,
    0x0000, 0x0000, 0x0000, 0x0000, 0x0000, 0x0000, 0x0000, 0x0000, 0x0000, 0x0000, 0x0000, 0x0000,
    0x0000, 0x0047, 0x0004, 0xA360, 0xDB80, 0xDBE0, 0xDB60, 0xCAC0, 0x8A40, 0xECC0, 0xFD20, 0xFDA0,
    0xFDC0, 0xECE0, 0xF580, 0xFD60, 0xECA0, 0xFD80, 0xFDE0, 0xFD80, 0xFDA0, 0xFDE0, 0xFDE0, 0xFE00,
    0xFE00, 0xFE00, 0xFE00, 0xFE00, 0xFE00, 0xFE00, 0xFE00, 0xFE00, 0xFE20, 0xFE20, 0xFE20, 0xFDE0,
    0xFE21, 0xF580, 0x20C0, 0x00AE, 0x0135, 0x0157, 0x023E, 0x0086, 0x0000, 0x0000, 0x0000, 0x0000,
    0x0000, 0x0000, 0x0000, 0x0000, 0x0000, 0x0000, 0x0000, 0x0000, 0x0000, 0x0000, 0x0000, 0x0000,
    0x0000, 0x0000, 0x0000, 0x0000, 0x0000, 0x0000, 0x0000, 0x0000, 0x0000, 0x0000, 0x0000, 0x0000,
    0x0000, 0x0000, 0x0000, 0x0000, 0x0000, 0x0000, 0x0000, 0x0000, 0x0000, 0x0000, 0x0000, 0x0000,
    0x0000, 0x0000, 0x0000, 0x0000, 0x0000, 0x0000, 0x0000, 0x0000, 0x0000, 0x0000, 0x0000, 0x0000,
    0x0000, 0x0000, 0x0000, 0x0000, 0x0000, 0x0000, 0x0000, 0x0000, 0x0000, 0x00A7, 0x0004, 0xAC87,
    0xFDE0, 0xF580, 0xFE20, 0xED80, 0xE520, 0xFD80, 0xE4A0, 0xFDA0, 0xF580, 0xFDC0, 0xFDE0, 0xFDE0,
    0xFDA0, 0xFE20, 0xFDE0, 0xFDE0, 0xFE00, 0xFE00, 0xFE20, 0xFE00, 0xFE20, 0xFE20, 0xFE20, 0xFE00,
    0xFE00, 0xFE00, 0xFE20, 0xFE20, 0xFE40, 0xFE20, 0xFE21, 0xFEC2, 0x7220, 0x0027, 0x0157, 0x0136,
    0x019D, 0x0219, 0x0000, 0x0000, 0x0000, 0x0000, 0x0000, 0x0000, 0x0000, 0x0000, 0x0000, 0x0000,
    0x0000, 0x0000, 0x0000, 0x0000, 0x0000, 0x0000, 0x0000, 0x0000, 0x0000, 0x0000, 0x0000, 0x0000,
    0x0000, 0x0000, 0x0000, 0x0000, 0x0000, 0x0000, 0x0000, 0x0000, 0x0000, 0x0000, 0x0000, 0x0000,
    0x0000, 0x0000, 0x0000, 0x0000, 0x0000, 0x0000, 0x0000, 0x0000, 0x0000, 0x0000, 0x0000, 0x0000,
    0x0000, 0x0000, 0x0000, 0x0000, 0x0000, 0x0000, 0x0000, 0x0000, 0x0000, 0x0000, 0x0000, 0x0000,
    0x0000, 0x0000, 0x0000, 0x0000, 0x0000, 0x0000, 0x0000, 0x0000, 0x0000, 0x0000, 0x0000, 0x0000,
    0x0000, 0x0000, 0x0000, 0x0000, 0x0000, 0x0000, 0x0000, 0x0000, 0x0000, 0x0000, 0x0000, 0x0000,
    0x0000, 0x0000, 0x0000, 0x0000, 0x0000, 0x0000, 0x0000, 0x0000, 0x0000, 0x0000, 0x0000, 0x0000,
    0x0021, 0x002A, 0x2140, 0xF500, 0xF420, 0xEC40, 0xBA60, 0xB2E0, 0xED00, 0xFD80, 0xF520, 0xDBC0,
    0xF4E0, 0xFDE0, 0xFE40, 0xE500, 0xE4A0, 0xFDC0, 0xFDA0, 0xFE00, 0xFE00, 0xFDE0, 0xFE00, 0xFE00,
    0xFE00, 0xFE00, 0xFE00, 0xFE00, 0xFE20, 0xFE20, 0xFE20, 0xFE20, 0xFE20, 0xFE20, 0xFE40, 0xFE00,
    0xFE81, 0x8260, 0x0004, 0x0156, 0x0135, 0x0158, 0x0114, 0x0001, 0x0000, 0x0000, 0x0000, 0x0000,
    0x0000, 0x0000, 0x0000, 0x0000, 0x0000, 0x0000, 0x0000, 0x0000, 0x0000, 0x0000, 0x0000, 0x0000,
    0x0000, 0x0000, 0x0000, 0x0000, 0x0000, 0x0000, 0x0000, 0x0000, 0x0000, 0x0000, 0x0000, 0x0000,
    0x0000, 0x0000, 0x0000, 0x0000, 0x0000, 0x0000, 0x0000, 0x0000, 0x0000, 0x0000, 0x0000, 0x0000,
    0x0000, 0x0000, 0x0000, 0x0000, 0x0000, 0x0000, 0x0000, 0x0000, 0x0000, 0x0000, 0x0000, 0x0000,
    0x0000, 0x0000, 0x0000, 0x0000, 0x0000, 0x0000, 0x0000, 0x0000, 0x0000, 0x0068, 0x18C3, 0xED84,
    0xFDA0, 0xFDE0, 0xFDC0, 0xF540, 0xFDE0, 0xF5C0, 0xFDA0, 0xFDE0, 0xFDC0, 0xFDE0, 0xFE00, 0xFE00,
    0xFE00, 0xFDE0, 0xFDE0, 0xFE00, 0xFE20, 0xFE20, 0xFE20, 0xFE20, 0xFE20, 0xFE20, 0xFE20, 0xFE20,
    0xFE00, 0xFE00, 0xFE00, 0xFE20, 0xFE40, 0xFE20, 0xFEA1, 0xDCA0, 0x0800, 0x00F2, 0x0136, 0x0137,
    0x017C, 0x008C, 0x0000, 0x0000, 0x0000, 0x0000, 0x0000, 0x0000, 0x0000, 0x0000, 0x0000, 0x0000,
    0x0000, 0x0000, 0x0000, 0x0000, 0x0000, 0x0000, 0x0000, 0x0000, 0x0000, 0x0000, 0x0000, 0x0000,
    0x0000, 0x0000, 0x0000, 0x0000, 0x0000, 0x0000, 0x0000, 0x0000, 0x0000, 0x0000, 0x0000, 0x0000,
    0x0000, 0x0000, 0x0000, 0x0000, 0x0000, 0x0000, 0x0000, 0x0000, 0x0000, 0x0000, 0x0000, 0x0000,
    0x0000, 0x0000, 0x0000, 0x0000, 0x0000, 0x0000, 0x0000, 0x0000, 0x0000, 0x0000, 0x0000, 0x0000,
    0x0000, 0x0000, 0x0000, 0x0000, 0x0000, 0x0000, 0x0000, 0x0000, 0x0000, 0x0000, 0x0000, 0x0000,
    0x0000, 0x0000, 0x0000, 0x0000, 0x0000, 0x0000, 0x0000, 0x0000, 0x0000, 0x0000, 0x0000, 0x0000,
    0x0000, 0x0000, 0x0000, 0x0000, 0x0000, 0x0000, 0x0000, 0x0000, 0x0000, 0x0000, 0x0000, 0x0000,
    0x0045, 0x0006, 0x7AA0, 0xF460, 0xDC00, 0xECE0, 0xBB00, 0xD460, 0xFE00, 0xF540, 0xED40, 0xDC60,
    0xD420, 0xF5C0, 0xFE40, 0xC460, 0xF580, 0xFDE0, 0xFE20, 0xFE40, 0xFE20, 0xFE20, 0xFE20, 0xFE20,
    0xFE20, 0xFE20, 0xFE20, 0xFE20, 0xFE20, 0xFE20, 0xFE20, 0xFE40, 0xFE40, 0xFE60, 0xFE40, 0xFE80,
    0xED80, 0x1840, 0x008C, 0x00F2, 0x0112, 0x0156, 0x0047, 0x0000, 0x0000, 0x0000, 0x0000, 0x0000,
    0x0000, 0x0000, 0x0000, 0x0000, 0x0000, 0x0000, 0x0000, 0x0000, 0x0000, 0x0000, 0x0000, 0x0000,
    0x0000, 0x0000, 0x0000, 0x0000, 0x0000, 0x0000, 0x0000, 0x0000, 0x0000, 0x0000, 0x0000, 0x0000,
    0x0000, 0x0000, 0x0000, 0x0000, 0x0000, 0x0000, 0x0000, 0x0000, 0x0000, 0x0000, 0x0000, 0x0000,
    0x0000, 0x0000, 0x0000, 0x0000, 0x0000, 0x0000, 0x0000, 0x0000, 0x0000, 0x0000, 0x0000, 0x0000,
    0x0000, 0x0000, 0x0000, 0x0000, 0x0000, 0x0000, 0x0000, 0x0000, 0x0065, 0x0006, 0x6AC6, 0xFE21,
    0xF5A0, 0xFDC0, 0xFDE0, 0xFDA0, 0xFE00, 0xFDC0, 0xFDE0, 0xFE00, 0xFE20, 0xFE40, 0xFE40, 0xFE20,
    0xFE20, 0xFE20, 0xFE20, 0xFE20, 0xFE20, 0xFE20, 0xFE40, 0xFE40, 0xFE40, 0xFE40, 0xFE40, 0xFE40,
    0xFE20, 0xFE20, 0xFE20, 0xFE20, 0xFE40, 0xFE60, 0xFEA1, 0x6180, 0x0006, 0x0113, 0x00F3, 0x0136,
    0x0115, 0x0000, 0x0000, 0x0000, 0x0000, 0x0000, 0x0000, 0x0000, 0x0000, 0x0000, 0x0000, 0x0000,
    0x0000, 0x0000, 0x0000, 0x0000, 0x0000, 0x0000, 0x0000, 0x0000, 0x0000, 0x0000, 0x0000, 0x0000,
    0x0000, 0x0000, 0x0000, 0x0000, 0x0000, 0x0000, 0x0000, 0x0000, 0x0000, 0x0000, 0x0000, 0x0000,
    0x0000, 0x0000, 0x0000, 0x0000, 0x0000, 0x0000, 0x0000, 0x0000, 0x0000, 0x0000, 0x0000, 0x0000,
    0x0000, 0x0000, 0x0000, 0x0000, 0x0000, 0x0000, 0x0000, 0x0000, 0x0000, 0x0000, 0x0000, 0x0000,
    0x0000, 0x0000, 0x0000, 0x0000, 0x0000, 0x0000, 0x0000, 0x0000, 0x0000, 0x0000, 0x0000, 0x0000,
    0x0000, 0x0000, 0x0000, 0x0000, 0x0000, 0x0000, 0x0000, 0x0000, 0x0000, 0x0000, 0x0000, 0x0000,
    0x0000, 0x0000, 0x0000, 0x0000, 0x0000, 0x0000, 0x0000, 0x0000, 0x0000, 0x0000, 0x0000, 0x0000,
    0x0028, 0x0861, 0xD4E0, 0xFCC0, 0xFD60, 0xFD40, 0xAB00, 0xE500, 0xFDC0, 0xF560, 0xFE00, 0xFDC0,
    0xE540, 0xCC40, 0xDD40, 0xAC20, 0xFEA0, 0xFE20, 0xFE40, 0xFE40, 0xFE40, 0xFE60, 0xFE60, 0xFE40,
    0xFE60, 0xFE60, 0xFE60, 0xFE40, 0xFE40, 0xFE20, 0xFE40, 0xFE40, 0xFE60, 0xFEA0, 0xFE80, 0xFE80,
    0x79E0, 0x0004, 0x00F0, 0x00CF, 0x00F2, 0x00CE, 0x0000, 0x0000, 0x0000, 0x0000, 0x0000, 0x0000,
    0x0000, 0x0000, 0x0000, 0x0000, 0x0000, 0x0000, 0x0000, 0x0000, 0x0000, 0x0000, 0x0000, 0x0000,
    0x0000, 0x0000, 0x0000, 0x0000, 0x0000, 0x0000, 0x0000, 0x0000, 0x0000, 0x0000, 0x0000, 0x0000,
    0x0000, 0x0000, 0x0000, 0x0000, 0x0000, 0x0000, 0x0000, 0x0000, 0x0000, 0x0000, 0x0000, 0x0000,
    0x0000, 0x0000, 0x0000, 0x0000, 0x0000, 0x0000, 0x0000, 0x0000, 0x0000, 0x0000, 0x0000, 0x0000,
    0x0000, 0x0000, 0x0000, 0x0000, 0x0000, 0x0000, 0x0000, 0x0000, 0x00C8, 0x0023, 0xC506, 0xFE40,
    0xFE20, 0xFE00, 0xFE00, 0xFE20, 0xFE60, 0xFE00, 0xFE40, 0xFE40, 0xFE40, 0xFE60, 0xFE40, 0xFE40,
    0xFE60, 0xFE40, 0xFE40, 0xFE40, 0xFE40, 0xFE40, 0xFE40, 0xFE60, 0xFE60, 0xFE60, 0xFE40, 0xFE40,
    0xFE40, 0xFE40, 0xFE40, 0xFE40, 0xFE40, 0xFEC0, 0xDCE0, 0x0801, 0x00CE, 0x00F1, 0x00F2, 0x0115,
    0x0047, 0x0000, 0x0000, 0x0000, 0x0000, 0x0000, 0x0000, 0x0000, 0x0000, 0x0000, 0x0000, 0x0000,
    0x0000, 0x0000, 0x0000, 0x0000, 0x0000, 0x0000, 0x0000, 0x0000, 0x0000, 0x0000, 0x0000, 0x0000,
    0x0000, 0x0000, 0x0000, 0x0000, 0x0000, 0x0000, 0x0000, 0x0000, 0x0000, 0x0000, 0x0000, 0x0000,
    0x0000, 0x0000, 0x0000, 0x0000, 0x0000, 0x0000, 0x0000, 0x0000, 0x0000, 0x0000, 0x0000, 0x0000,
    0x0000, 0x0000, 0x0000, 0x0000, 0x0000, 0x0000, 0x0000, 0x0000, 0x0000, 0x0000, 0x0000, 0x0000,
    0x0000, 0x0000, 0x0000, 0x0000, 0x0000, 0x0000, 0x0000, 0x0000, 0x0000, 0x0000, 0x0000, 0x0000,
    0x0000, 0x0000, 0x0000, 0x0000, 0x0000, 0x0000, 0x0000, 0x0000, 0x0000, 0x0000, 0x0000, 0x0000,
    0x0000, 0x0000, 0x0000, 0x0000, 0x0000, 0x0000, 0x0000, 0x0000, 0x0000, 0x0000, 0x0000, 0x0044,
    0x0007, 0x49E0, 0xF5C0, 0xF540, 0xED20, 0xDC40, 0xD400, 0xFDC0, 0xED60, 0xED60, 0xFE20, 0xFE40,
    0xE580, 0xDCE0, 0x9360, 0xC500, 0xFEC0, 0xFE80, 0xFE00, 0xFE20, 0xFE80, 0xFE80, 0xFEA0, 0xFE80,
    0xFE80, 0xFE60, 0xFE60, 0xFE60, 0xFE60, 0xFE40, 0xFE40, 0xFE60, 0xFE80, 0xFE80, 0xFF00, 0xE4A0,
    0x1000, 0x008A, 0x00CE, 0x00CE, 0x00F0, 0x0023, 0x0000, 0x0000, 0x0000, 0x0000, 0x0000, 0x0000,
    0x0000, 0x0000, 0x0000, 0x0000, 0x0000, 0x0000, 0x0000, 0x0000, 0x0000, 0x0000, 0x0000, 0x0000,
    0x0000, 0x0000, 0x0000, 0x0000, 0x0000, 0x0000, 0x0000, 0x0000, 0x0000, 0x0000, 0x0000, 0x0000,
    0x0000, 0x0000, 0x0000, 0x0000, 0x0000, 0x0000, 0x0000, 0x0000, 0x0000, 0x0000, 0x0000, 0x0000,
    0x0000, 0x0000, 0x0000, 0x0000, 0x0000, 0x0000, 0x0000, 0x0000, 0x0000, 0x0000, 0x0000, 0x0000,
    0x0000, 0x0000, 0x0000, 0x0000, 0x0000, 0x0000, 0x0000, 0x0042, 0x00A8, 0x31A5, 0xF644, 0xFE20,
    0xFE60, 0xFE60, 0xFE40, 0xFE60, 0xFE60, 0xFE40, 0xFE60, 0xFE40, 0xFE60, 0xFE60, 0xFE40, 0xFE40,
    0xFE40, 0xFE40, 0xFE40, 0xFE40, 0xFE40, 0xFE40, 0xFE60, 0xFE60, 0xFE40, 0xFE40, 0xFE40, 0xFE40,
    0xFE60, 0xFE60, 0xFE60, 0xFE60, 0xFE60, 0xFE60, 0x5980, 0x0028, 0x0112, 0x00F0, 0x0113, 0x00CF,
    0x0000, 0x0000, 0x0000, 0x0000, 0x0000, 0x0000, 0x0000, 0x0000, 0x0000, 0x0000, 0x0000, 0x0000,
    0x0000, 0x0000, 0x0000, 0x0000, 0x0000, 0x0000, 0x0000, 0x0000, 0x0000, 0x0000, 0x0000, 0x0000,
    0x0000, 0x0000, 0x0000, 0x0000, 0x0000, 0x0000, 0x0000, 0x0000, 0x0000, 0x0000, 0x0000, 0x0000,
    0x0000, 0x0000, 0x0000, 0x0000, 0x0000, 0x0000, 0x0000, 0x0000, 0x0000, 0x0000, 0x0000, 0x0000,
    0x0000, 0x0000, 0x0000, 0x0000, 0x0000, 0x0000, 0x0000, 0x0000, 0x0000, 0x0000, 0x0000, 0x0000,
    0x0000, 0x0000, 0x0000, 0x0000, 0x0000, 0x0000, 0x0000, 0x0000, 0x0000, 0x0000, 0x0000, 0x0000,
    0x0000, 0x0000, 0x0000, 0x0000, 0x0000, 0x0000, 0x0000, 0x0000, 0x0000, 0x0000, 0x0000, 0x0000,
    0x0000, 0x0000, 0x0000, 0x0000, 0x0000, 0x0000, 0x0000, 0x0000, 0x0000, 0x0000, 0x0000, 0x0068,
    0x0003, 0xB4C3, 0xFE20, 0xFE00, 0xFDE0, 0xF540, 0xED40, 0xFE20, 0xED40, 0xED80, 0xFE40, 0xF5C0,
    0xFDE0, 0xF5E0, 0x8B60, 0xFEA0, 0xFE60, 0xF640, 0xE540, 0xF680, 0xF660, 0xFE60, 0xFE60, 0xF640,
    0xFE80, 0xFE60, 0xFE60, 0xFE60, 0xFE40, 0xFE40, 0xFE40, 0xFE40, 0xFE40, 0xF680, 0xFEA0, 0x7980,
    0x0025, 0x00CC, 0x00CC, 0x00EF, 0x008A, 0x0000, 0x0000, 0x0000, 0x0000, 0x0000, 0x0000, 0x0000,
    0x0000, 0x0000, 0x0000, 0x0000, 0x0000, 0x0000, 0x0000, 0x0000, 0x0000, 0x0000, 0x0000, 0x0000,
    0x0000, 0x0000, 0x0000, 0x0000, 0x0000, 0x0000, 0x0000, 0x0000, 0x0000, 0x0000, 0x0000, 0x0000,
    0x0000, 0x0000, 0x0000, 0x0000, 0x0000, 0x0000, 0x0000, 0x0000, 0x0000, 0x0000, 0x0000, 0x0000,
    0x0000, 0x0000, 0x0000, 0x0000, 0x0000, 0x0000, 0x0000, 0x0000, 0x0000, 0x0000, 0x0000, 0x0000,
    0x0000, 0x0000, 0x0000, 0x0000, 0x0000, 0x0000, 0x0000, 0x00A6, 0x0005, 0x7B87, 0xF641, 0xF600,
    0xE560, 0xF5E0, 0xFEA0, 0xFE40, 0xFE40, 0xFE60, 0xFE80, 0xFE80, 0xFEC0, 0xFE60, 0xFE60, 0xFEA0,
    0xFEA0, 0xFEA0, 0xFEA0, 0xFEA0, 0xFEA0, 0xFE80, 0xFE60, 0xFE00, 0xFE40, 0xFE40, 0xFE40, 0xFE60,
    0xFE60, 0xFE60, 0xFE60, 0xFE60, 0xFEC0, 0xCC00, 0x0001, 0x00CE, 0x00F0, 0x00F1, 0x0112, 0x0045,
    0x0000, 0x0000, 0x0000, 0x0000, 0x0000, 0x0000, 0x0000, 0x0000, 0x0000, 0x0000, 0x0000, 0x0000,
    0x0000, 0x0000, 0x0000, 0x0000, 0x0000, 0x0000, 0x0000, 0x0000, 0x0000, 0x0000, 0x0000, 0x0000,
    0x0000, 0x0000, 0x0000, 0x0000, 0x0000, 0x0000, 0x0000, 0x0000, 0x0000, 0x0000, 0x0000, 0x0000,
    0x0000, 0x0000, 0x0000, 0x0000, 0x0000, 0x0000, 0x0000, 0x0000, 0x0000, 0x0000, 0x0000, 0x0000,
    0x0000, 0x0000, 0x0000, 0x0000, 0x0000, 0x0000, 0x0000, 0x0000, 0x0000, 0x0000, 0x0000, 0x0000,
    0x0000, 0x0000, 0x0000, 0x0000, 0x0000, 0x0000, 0x0000, 0x0000, 0x0000, 0x0000, 0x0000, 0x0000,
    0x0000, 0x0000, 0x0000, 0x0000, 0x0000, 0x0000, 0x0000, 0x0000, 0x0000, 0x0000, 0x0000, 0x0000,
    0x0000, 0x0000, 0x0000, 0x0000, 0x0000, 0x0000, 0x0000, 0x0000, 0x0000, 0x0000, 0x0022, 0x0029,
    0x18E0, 0xEDE2, 0xFE40, 0xE4C0, 0xC340, 0xDCA0, 0xFEA0, 0xFE00, 0xE500, 0xE540, 0xFE00, 0xF5A0,
    0xFE60, 0xFDC0, 0xFE40, 0xFF00, 0xFEC0, 0xFE40, 0xFDE0, 0xFF40, 0xFDC0, 0xFCE0, 0xFE80, 0xFDE0,
    0xFEE0, 0xFF00, 0xFEE0, 0xFEE0, 0xFF00, 0xFEE0, 0xFF00, 0xFF00, 0xFEE0, 0xFF20, 0xDC60, 0x0800,
    0x00A8, 0x008A, 0x00AC, 0x00CD, 0x0022, 0x0000, 0x0000, 0x0000, 0x0000, 0x0000, 0x0000, 0x0000,
    0x0000, 0x0000, 0x0000, 0x0000, 0x0000, 0x0000, 0x0000, 0x0000, 0x0000, 0x0000, 0x0000, 0x0000,
    0x0000, 0x0000, 0x0000, 0x0000, 0x0000, 0x0000, 0x0000, 0x0000, 0x0000, 0x0000, 0x0000, 0x0000,
    0x0000, 0x0000, 0x0000, 0x0000, 0x0000, 0x0000, 0x0000, 0x0000, 0x0000, 0x0000, 0x0000, 0x0000,
    0x0000, 0x0000, 0x0000, 0x0000, 0x0000, 0x0000, 0x0000, 0x0000, 0x0000, 0x0000, 0x0000, 0x0000,
    0x0000, 0x0000, 0x0000, 0x0000, 0x0000, 0x0000, 0x0000, 0x00E8, 0x0884, 0xCD46, 0xFE00, 0xF600,
    0xDCE0, 0xB2E0, 0xFE41, 0xFE60, 0xFE60, 0xFEA0, 0xFEC0, 0xFE60, 0xFD60, 0xFD20, 0xFD80, 0xFDA0,
    0xFD60, 0xFD80, 0xFDC0, 0xFDC0, 0xFDA0, 0xFE20, 0xFE80, 0xFE20, 0xFE40, 0xFE60, 0xFE60, 0xFE60,
    0xFE60, 0xFE60, 0xFE60, 0xFE80, 0xFE61, 0x5120, 0x0006, 0x00CE, 0x00AE, 0x00F0, 0x00AC, 0x0000,
    0x0000, 0x0000, 0x0000, 0x0000, 0x0000, 0x0000, 0x0000, 0x0000, 0x0000, 0x0000, 0x0000, 0x0000,
    0x0000, 0x0000, 0x0000, 0x0000, 0x0000, 0x0000, 0x0000, 0x0000, 0x0000, 0x0000, 0x0000, 0x0000,
    0x0000, 0x0000, 0x0000, 0x0000, 0x0000, 0x0000, 0x0000, 0x0000, 0x0000, 0x0000, 0x0000, 0x0000,
    0x0000, 0x0000, 0x0000, 0x0000, 0x0000, 0x0000, 0x0000, 0x0000, 0x0000, 0x0000, 0x0000, 0x0000,
    0x0000, 0x0000, 0x0000, 0x0000, 0x0000, 0x0000, 0x0000, 0x0000, 0x0000, 0x0000, 0x0000, 0x0000,
    0x0000, 0x0000, 0x0000, 0x0000, 0x0000, 0x0000, 0x0000, 0x0000, 0x0000, 0x0000, 0x0000, 0x0000,
    0x0000, 0x0000, 0x0000, 0x0000, 0x0000, 0x0000, 0x0000, 0x0000, 0x0000, 0x0000, 0x0000, 0x0000,
    0x0000, 0x0000, 0x0000, 0x0000, 0x0000, 0x0000, 0x0000, 0x0000, 0x0000, 0x0000, 0x0088, 0x0006,
    0x8B80, 0xFDE0, 0xFE00, 0xEDA0, 0xDCA0, 0xE540, 0xFEA0, 0xF600, 0xFE20, 0xF5A0, 0xF580, 0xF5E0,
    0xFDA0, 0x9A00, 0x9260, 0x9A60, 0x9240, 0x9A40, 0xA2A0, 0xA280, 0xA240, 0xA220, 0x9AC0, 0x9A00,
    0x9A40, 0x9A60, 0x9A60, 0x9A60, 0xA2C0, 0x9AA0, 0x9AA0, 0x9A80, 0x92A0, 0x9BA0, 0x4980, 0x0024,
    0x00AA, 0x0089, 0x00CC, 0x0068, 0x0000, 0x0000, 0x0000, 0x0000, 0x0000, 0x0000, 0x0000, 0x0000,
    0x0000, 0x0000, 0x0000, 0x0000, 0x0000, 0x0000, 0x0000, 0x0000, 0x0000, 0x0000, 0x0000, 0x0000,
    0x0000, 0x0000, 0x0000, 0x0000, 0x0000, 0x0000, 0x0000, 0x0000, 0x0000, 0x0000, 0x0000, 0x0000,
    0x0000, 0x0000, 0x0000, 0x0000, 0x0000, 0x0000, 0x0000, 0x0000, 0x0000, 0x0000, 0x0000, 0x0000,
    0x0000, 0x0000, 0x0000, 0x0000, 0x0000, 0x0000, 0x0000, 0x0000, 0x0000, 0x0000, 0x0000, 0x0000,
    0x0000, 0x0000, 0x0000, 0x0000, 0x0000, 0x0000, 0x0043, 0x0067, 0x5225, 0xFEA4, 0xFE00, 0xFE20,
    0xEDA0, 0xDD60, 0xFE80, 0xF640, 0xF640, 0xEE00, 0xF680, 0xEC40, 0x3000, 0x2800, 0x3020, 0x2800,
    0x2000, 0x2800, 0x3040, 0x2820, 0x3882, 0xEDC3, 0xFE80, 0xFE40, 0xFE60, 0xFE60, 0xFE60, 0xFE60,
    0xFE60, 0xFE60, 0xFE60, 0xFEE0, 0xCBE0, 0x0001, 0x00AC, 0x00AD, 0x00AE, 0x00CF, 0x0024, 0x0000,
    0x0000, 0x0000, 0x0000, 0x0000, 0x0000, 0x0000, 0x0000, 0x0000, 0x0000, 0x0000, 0x0000, 0x0000,
    0x0000, 0x0000, 0x0000, 0x0000, 0x0000, 0x0000, 0x0000, 0x0000, 0x0000, 0x0000, 0x0000, 0x0000,
    0x0000, 0x0000, 0x0000, 0x0000, 0x0000, 0x0000, 0x0000, 0x0000, 0x0000, 0x0000, 0x0000, 0x0000,
    0x0000, 0x0000, 0x0000, 0x0000, 0x0000, 0x0000, 0x0000, 0x0000, 0x0000, 0x0000, 0x0000, 0x0000,
    0x0000, 0x0000, 0x0000, 0x0000, 0x0000, 0x0000, 0x0000, 0x0000, 0x0000, 0x0000, 0x0000, 0x0000,
    0x0000, 0x0000, 0x0000, 0x0000, 0x0000, 0x0000, 0x0000, 0x0000, 0x0000, 0x0000, 0x0000, 0x0000,
    0x0000, 0x0000, 0x0000, 0x0000, 0x0000, 0x0000, 0x0000, 0x0000, 0x0000, 0x0000, 0x0000, 0x0000,
    0x0000, 0x0000, 0x0000, 0x0000, 0x0000, 0x0000, 0x0000, 0x0000, 0x0000, 0x0000, 0x00AB, 0x0860,
    0xDD20, 0xFE20, 0xFE20, 0xFE40, 0xFDE0, 0xFE20, 0xE560, 0xDD80, 0xFE80, 0xFE40, 0xFDE0, 0xFE20,
    0xBA60, 0x0000, 0x0001, 0x0000, 0x0000, 0x0000, 0x0000, 0x0000, 0x0000, 0x0000, 0x0000, 0x0000,
    0x0000, 0x0000, 0x0000, 0x0000, 0x0000, 0x0000, 0x0000, 0x0000, 0x0000, 0x0000, 0x0000, 0x0067,
    0x00CB, 0x00CB, 0x00CC, 0x0001, 0x0000, 0x0000, 0x0000, 0x0000, 0x0000, 0x0000, 0x0000, 0x0000,
    0x0000, 0x0000, 0x0000, 0x0000, 0x0000, 0x0000, 0x0000, 0x0000, 0x0000, 0x0000, 0x0000, 0x0000,
    0x0000, 0x0000, 0x0000, 0x0000, 0x0000, 0x0000, 0x0000, 0x0000, 0x0000, 0x0000, 0x0000, 0x0000,
    0x0000, 0x0000, 0x0000, 0x0000, 0x0000, 0x0000, 0x0000, 0x0000, 0x0000, 0x0000, 0x0000, 0x0000,
    0x0000, 0x0000, 0x0000, 0x0000, 0x0000, 0x0000, 0x0000, 0x0000, 0x0000, 0x0000, 0x0000, 0x0000,
    0x0000, 0x0000, 0x0000, 0x0000, 0x0000, 0x0000, 0x0066, 0x0004, 0xA447, 0xFE40, 0xF5C0, 0xF5E0,
    0xCCC0, 0xEE00, 0xFE60, 0xFE80, 0xE5E0, 0xD540, 0xCCA0, 0x70E0, 0x0004, 0x0022, 0x0002, 0x0002,
    0x0002, 0x0001, 0x0001, 0x0000, 0x5AE7, 0xFF02, 0xFE60, 0xFE60, 0xFE60, 0xFE80, 0xFE60, 0xFE60,
    0xFE60, 0xFE60, 0xFEA0, 0xFE00, 0x40C0, 0x0046, 0x00CC, 0x00AC, 0x00CE, 0x008A, 0x0000, 0x0000,
    0x0000, 0x0000, 0x0000, 0x0000, 0x0000, 0x0000, 0x0000, 0x0000, 0x0000, 0x0000, 0x0000, 0x0000,
    0x0000, 0x0000, 0x0000, 0x0000, 0x0000, 0x0000, 0x0000, 0x0000, 0x0000, 0x0000, 0x0000, 0x0000,
    0x0000, 0x0000, 0x0000, 0x0000, 0x0000, 0x0000, 0x0000, 0x0000, 0x0000, 0x0000, 0x0000, 0x0000,
    0x0000, 0x0000, 0x0000, 0x0000, 0x0000, 0x0000, 0x0000, 0x0000, 0x0000, 0x0000, 0x0000, 0x0000,
    0x0000, 0x0000, 0x0000, 0x0000, 0x0000, 0x0000, 0x0000, 0x0000, 0x0000, 0x0000, 0x0000, 0x0000,
    0x0000, 0x0000, 0x0000, 0x0000, 0x0000, 0x0000, 0x0000, 0x0000, 0x0000, 0x0000, 0x0000, 0x0000,
    0x0000, 0x0000, 0x0000, 0x0000, 0x0000, 0x0000, 0x0000, 0x0000, 0x0000, 0x0000, 0x0000, 0x0000,
    0x0000, 0x0000, 0x0000, 0x0000, 0x0000, 0x0000, 0x0000, 0x0000, 0x0000, 0x0086, 0x0048, 0x5A43,
    0xFE41, 0xFE60, 0xFE60, 0xEDA0, 0xDCC0, 0xF5C0, 0xD4C0, 0xFE20, 0xFE60, 0xFE40, 0xFE40, 0xFD80,
    0x5060, 0x00AB, 0x0088, 0x0000, 0x0021, 0x0022, 0x0022, 0x0022, 0x0022, 0x0022, 0x0022, 0x0022,
    0x0023, 0x0022, 0x0022, 0x0022, 0x0021, 0x0021, 0x0021, 0x0021, 0x0021, 0x0021, 0x0000, 0x0046,
    0x00AB, 0x00A9, 0x0044, 0x0000, 0x0000, 0x0000, 0x0000, 0x0000, 0x0000, 0x0000, 0x0000, 0x0000,
    0x0000, 0x0000, 0x0000, 0x0000, 0x0000, 0x0000, 0x0000, 0x0000, 0x0000, 0x0000, 0x0000, 0x0000,
    0x0000, 0x0000, 0x0000, 0x0000, 0x0000, 0x0000, 0x0000, 0x0000, 0x0000, 0x0000, 0x0000, 0x0000,
    0x0000, 0x0000, 0x0000, 0x0000, 0x0000, 0x0000, 0x0000, 0x0000, 0x0000, 0x0000, 0x0000, 0x0000,
    0x0000, 0x0000, 0x0000, 0x0000, 0x0000, 0x0000, 0x0000, 0x0000, 0x0000, 0x0000, 0x0000, 0x0000,
    0x0000, 0x0000, 0x0000, 0x0000, 0x0000, 0x0000, 0x0048, 0x1904, 0xEDE5, 0xF5C0, 0xED80, 0xCCC0,
    0xA420, 0xFE60, 0xFE60, 0xFE80, 0xFE80, 0xFEA0, 0xFD60, 0x3000, 0x00AF, 0x006A, 0x0002, 0x0004,
    0x0003, 0x0003, 0x0000, 0x0022, 0xD5C7, 0xFEC0, 0xFE60, 0xFE80, 0xFE80, 0xFE80, 0xFE80, 0xFE80,
    0xFE80, 0xFE60, 0xFEE0, 0xBB40, 0x0001, 0x0067, 0x0068, 0x0069, 0x008A, 0x0002, 0x0000, 0x0000,
    0x0000, 0x0000, 0x0000, 0x0000, 0x0000, 0x0000, 0x0000, 0x0000, 0x0000, 0x0000, 0x0000, 0x0000,
    0x0000, 0x0000, 0x0000, 0x0000, 0x0000, 0x0000, 0x0000, 0x0000, 0x0000, 0x0000, 0x0000, 0x0000,
    0x0000, 0x0000, 0x0000, 0x0000, 0x0000, 0x0000, 0x0000, 0x0000, 0x0000, 0x0000, 0x0000, 0x0000,
    0x0000, 0x0000, 0x0000, 0x0000, 0x0000, 0x0000, 0x0000, 0x0000, 0x0000, 0x0000, 0x0000, 0x0000,
    0x0000, 0x0000, 0x0000, 0x0000, 0x0000, 0x0000, 0x0000, 0x0000, 0x0000, 0x0000, 0x0000, 0x0000,
    0x0000, 0x0000, 0x0000, 0x0000, 0x0000, 0x0000, 0x0000, 0x0000, 0x0000, 0x0000, 0x0000, 0x0000,
    0x0000, 0x0000, 0x0000, 0x0000, 0x0000, 0x0000, 0x0000, 0x0000, 0x0000, 0x0000, 0x0000, 0x0000,
    0x0000, 0x0000, 0x0000, 0x0000, 0x0000, 0x0000, 0x0000, 0x0000, 0x0000, 0x00A9, 0x0021, 0xC4A1,
    0xFE80, 0xFE80, 0xFEA0, 0xE560, 0xED60, 0xFE40, 0xF600, 0xFE60, 0xEDA0, 0xEDC0, 0xFE60, 0xDBC0,
    0x0801, 0x0112, 0x008C, 0x0000, 0x0003, 0x0023, 0x0003, 0x0003, 0x0002, 0x0002, 0x0002, 0x0003,
    0x0003, 0x0003, 0x0003, 0x0002, 0x0002, 0x0002, 0x0002, 0x0001, 0x0000, 0x0002, 0x0001, 0x0066,
    0x00EF, 0x0067, 0x0000, 0x0000, 0x0000, 0x0000, 0x0000, 0x0000, 0x0000, 0x0000, 0x0000, 0x0000,
    0x0000, 0x0000, 0x0000, 0x0000, 0x0000, 0x0000, 0x0000, 0x0000, 0x0000, 0x0000, 0x0000, 0x0000,
    0x0000, 0x0000, 0x0000, 0x0000, 0x0000, 0x0000, 0x0000, 0x0000, 0x0000, 0x0000, 0x0000, 0x0000,
    0x0000, 0x0000, 0x0000, 0x0000, 0x0000, 0x0000, 0x0000, 0x0000, 0x0000, 0x0000, 0x0000, 0x0000,
    0x0000, 0x0000, 0x0000, 0x0000, 0x0000, 0x0000, 0x0000, 0x0000, 0x0000, 0x0000, 0x0000, 0x0000,
    0x0000, 0x0000, 0x0000, 0x0000, 0x0000, 0x0085, 0x0006, 0x7366, 0xFEC1, 0xE580, 0xE580, 0x9360,
    0xBCC1, 0xFEE0, 0xFE80, 0xFE80, 0xF620, 0xD5E0, 0xC300, 0x0001, 0x00CF, 0x00AE, 0x0002, 0x0003,
    0x0024, 0x0046, 0x0002, 0x4226, 0xFEA3, 0xFE40, 0xFE80, 0xFE80, 0xFEA0, 0xFEA0, 0xFE80, 0xFE80,
    0xFE60, 0xFE80, 0xFDA0, 0x3880, 0x0024, 0x0046, 0x0047, 0x008A, 0x0067, 0x0000, 0x0000, 0x0000,
    0x0000, 0x0000, 0x0000, 0x0000, 0x0000, 0x0000, 0x0000, 0x0000, 0x0000, 0x0000, 0x0000, 0x0000,
    0x0000, 0x0000, 0x0000, 0x0000, 0x0000, 0x0000, 0x0000, 0x0000, 0x0000, 0x0000, 0x0000, 0x0000,
    0x0000, 0x0000, 0x0000, 0x0000, 0x0000, 0x0000, 0x0000, 0x0000, 0x0000, 0x0000, 0x0000, 0x0000,
    0x0000, 0x0000, 0x0000, 0x0000, 0x0000, 0x0000, 0x0000, 0x0000, 0x0000, 0x0000, 0x0000, 0x0000,
    0x0000, 0x0000, 0x0000, 0x0000, 0x0000, 0x0000, 0x0000, 0x0000, 0x0000, 0x0000, 0x0000, 0x0000,
    0x0000, 0x0000, 0x0000, 0x0000, 0x0000, 0x0000, 0x0000, 0x0000, 0x0000, 0x0000, 0x0000, 0x0000,
    0x0000, 0x0000, 0x0000, 0x0000, 0x0000, 0x0000, 0x0000, 0x0000, 0x0000, 0x0000, 0x0000, 0x0000,
    0x0000, 0x0000, 0x0000, 0x0000, 0x0000, 0x0000, 0x0000, 0x0000, 0x0063, 0x00CB, 0x41E0, 0xFE80,
    0xFE40, 0xF600, 0xFE80, 0xEDC0, 0xFE60, 0xF5C0, 0xF600, 0xFE40, 0xFE40, 0xFE60, 0xFE40, 0x7940,
    0x0004, 0x00CF, 0x00F2, 0x00AD, 0x0001, 0x0002, 0x0002, 0x0003, 0x0003, 0x0001, 0x0001, 0x0001,
    0x0000, 0x0001, 0x0001, 0x0002, 0x0001, 0x0001, 0x0000, 0x0001, 0x0002, 0x0001, 0x0002, 0x0002,
    0x0068, 0x0024, 0x0000, 0x0000, 0x0000, 0x0000, 0x0000, 0x0000, 0x0000, 0x0000, 0x0000, 0x0000,
    0x0000, 0x0000, 0x0000, 0x0000, 0x0000, 0x0000, 0x0000, 0x0000, 0x0000, 0x0000, 0x0000, 0x0000,
    0x0000, 0x0000, 0x0000, 0x0000, 0x0000, 0x0000, 0x0000, 0x0000, 0x0000, 0x0000, 0x0000, 0x0000,
    0x0000, 0x0000, 0x0000, 0x0000, 0x0000, 0x0000, 0x0000, 0x0000, 0x0000, 0x0000, 0x0000, 0x0000,
    0x0000, 0x0000, 0x0000, 0x0000, 0x0000, 0x0000, 0x0000, 0x0000, 0x0000, 0x0000, 0x0000, 0x0000,
    0x0000, 0x0000, 0x0000, 0x0000, 0x0000, 0x0109, 0x0064, 0xBC66, 0xF5E0, 0xF620, 0xE5A0, 0x8300,
    0xEE21, 0xFE80, 0xE5E0, 0xFE60, 0xEE00, 0xCC60, 0x6880, 0x0027, 0x00CF, 0x00F2, 0x008B, 0x0003,
    0x0004, 0x0046, 0x0002, 0xA485, 0xFEA0, 0xF640, 0xF640, 0xFE80, 0xFE60, 0xFE80, 0xFEA0, 0xFEC0,
    0xFEE0, 0xFF40, 0xA280, 0x0000, 0x0067, 0x0068, 0x0068, 0x0069, 0x0023, 0x0021, 0x0021, 0x0021,
    0x0021, 0x0000, 0x0000, 0x0000, 0x0000, 0x0000, 0x0021, 0x0021, 0x0021, 0x0021, 0x0021, 0x0021,
    0x0041, 0x0041, 0x0020, 0x0000, 0x0000, 0x0000, 0x0000, 0x0000, 0x0000, 0x0000, 0x0021, 0x0021,
    0x0021, 0x0021, 0x0041, 0x0041, 0x0041, 0x0021, 0x0041, 0x0041, 0x0000, 0x0000, 0x0000, 0x0000,
    0x0021, 0x0041, 0x0041, 0x0041, 0x0021, 0x0021, 0x0021, 0x0021, 0x0021, 0x0021, 0x0041, 0x0041,
    0x0021, 0x0021, 0x0021, 0x0021, 0x0021, 0x0041, 0x0041, 0x0041, 0x0041, 0x0021, 0x0021, 0x0021,
    0x0021, 0x0000, 0x0000, 0x0000, 0x0000, 0x0000, 0x0000, 0x0000, 0x0000, 0x0000, 0x0000, 0x0000,
    0x0000, 0x0000, 0x0000, 0x0000, 0x0000, 0x0000, 0x0000, 0x0000, 0x0000, 0x0000, 0x0000, 0x0000,
    0x0000, 0x0000, 0x0000, 0x0000, 0x0000, 0x0000, 0x0000, 0x0000, 0x0109, 0x0044, 0xA420, 0xFEE2,
    0xFE40, 0xFE20, 0xFE40, 0xFE20, 0xFE40, 0xF600, 0xFE80, 0xFE40, 0xFE40, 0xFE80, 0xFD60, 0x2020,
    0x0025, 0x0046, 0x00AD, 0x00F1, 0x00A9, 0x00A7, 0x00A9, 0x00AA, 0x0109, 0x0128, 0x0149, 0x0168,
    0x0168, 0x0148, 0x00E9, 0x00A8, 0x0088, 0x0129, 0x0169, 0x0026, 0x0004, 0x0067, 0x0004, 0x0001,
    0x0006, 0x004B, 0x00AC, 0x01AD, 0x022D, 0x01EC, 0x0043, 0x0000, 0x0000, 0x0000, 0x0067, 0x012C,
    0x01CC, 0x020C, 0x01EC, 0x012C, 0x014C, 0x024D, 0x02CD, 0x0062, 0x0088, 0x00CB, 0x014B, 0x01EC,
    0x01AD, 0x012D, 0x010C, 0x012C, 0x00EC, 0x00AC, 0x00EC, 0x014D, 0x016D, 0x014D, 0x00EC, 0x012D,
    0x01CD, 0x01AD, 0x014D, 0x01CE, 0x01CC, 0x0001, 0x0000, 0x0000, 0x0000, 0x0000, 0x0000, 0x008A,
    0x008C, 0x006A, 0x010B, 0x01AB, 0x01EB, 0x01CB, 0x01EB, 0x020B, 0x020B, 0x020C, 0x01EB, 0x01AB,
    0x01CB, 0x028D, 0x00E8, 0x0000, 0x0020, 0x0045, 0x39C6, 0xF685, 0xFE60, 0xFE80, 0xDD20, 0xD520,
    0xFEC0, 0xEDA0, 0xCD00, 0xF620, 0xFEA0, 0xEB80, 0x1800, 0x008B, 0x008D, 0x00CF, 0x00AD, 0x0001,
    0x0002, 0x0024, 0x1904, 0xEE24, 0xFE40, 0xFEA0, 0xFEA0, 0xFE40, 0xFEE0, 0xFEE0, 0xFE80, 0xFE00,
    0xE520, 0xC440, 0x2880, 0x0024, 0x0024, 0x0028, 0x0009, 0x002C, 0x004B, 0x010A, 0x01AC, 0x018C,
    0x020D, 0x0083, 0x0000, 0x0000, 0x0022, 0x012D, 0x010C, 0x014B, 0x012B, 0x00CB, 0x00EB, 0x01AB,
    0x020B, 0x028C, 0x0128, 0x0000, 0x0000, 0x0000, 0x0000, 0x0000, 0x0000, 0x00CB, 0x00EC, 0x010B,
    0x016B, 0x016B, 0x01CB, 0x022A, 0x022A, 0x016B, 0x01CB, 0x020C, 0x0022, 0x0000, 0x0044, 0x00ED,
    0x00EA, 0x020B, 0x026B, 0x01EB, 0x016B, 0x014B, 0x01AB, 0x01CB, 0x012B, 0x012B, 0x01CB, 0x01EB,
    0x018B, 0x010B, 0x00CB, 0x012B, 0x016B, 0x022B, 0x026C, 0x024B, 0x01EC, 0x014C, 0x010B, 0x01CB,
    0x024D, 0x0088, 0x0000, 0x0000, 0x0000, 0x0000, 0x0000, 0x0000, 0x0000, 0x0000, 0x0000, 0x0000,
    0x0000, 0x0000, 0x0000, 0x0000, 0x0000, 0x0000, 0x0000, 0x0000, 0x0000, 0x0000, 0x0000, 0x0000,
    0x0000, 0x0000, 0x0000, 0x0000, 0x0000, 0x0000, 0x0000, 0x0021, 0x0109, 0x18E3, 0xEE24, 0xFEA0,
    0xFE80, 0xFEA0, 0xFE00, 0xFE20, 0xFE20, 0xFEA0, 0xFEC0, 0xFEC0, 0xFE80, 0xFE20, 0x7A40, 0x0002,
    0x0885, 0x0023, 0x0002, 0x0022, 0x0065, 0x0085, 0x0065, 0x0044, 0x0064, 0x0085, 0x0085, 0x00A5,
    0x0085, 0x0064, 0x0065, 0x0045, 0x0043, 0x0083, 0x0063, 0x0001, 0x0024, 0x0067, 0x0861, 0x1880,
    0x1880, 0x18A1, 0x2101, 0x2101, 0x2101, 0x1060, 0x0000, 0x0021, 0x0000, 0x00A6, 0x0022, 0x1904,
    0x1903, 0x1904, 0x2105, 0x1905, 0x18C2, 0x2141, 0x1080, 0x0045, 0x00A8, 0x18E4, 0x2103, 0x2102,
    0x2102, 0x2101, 0x20E0, 0x20E0, 0x20E0, 0x20E0, 0x20E0, 0x20E0, 0x20E0, 0x2100, 0x2921, 0x2901,
    0x2941, 0x2120, 0x2100, 0x2941, 0x18C0, 0x0001, 0x0000, 0x0000, 0x0000, 0x0000, 0x0047, 0x004B,
    0x10A3, 0x2145, 0x2125, 0x2125, 0x2125, 0x2125, 0x2125, 0x2146, 0x2146, 0x2125, 0x2145, 0x2166,
    0x2966, 0x1923, 0x0000, 0x0801, 0x0865, 0x0003, 0x9407, 0xFEC0, 0xF620, 0xFE60, 0xDD20, 0xEE20,
    0xFEC1, 0xFE80, 0xEDC0, 0xE560, 0xFDC0, 0x91A0, 0x0003, 0x00AC, 0x00AD, 0x00D0, 0x0069, 0x0000,
    0x0084, 0x0025, 0x9C27, 0xFEE1, 0xFD60, 0xF4E0, 0xE440, 0xC340, 0x9A80, 0x7A00, 0x5180, 0x30C0,
    0x0800, 0x0000, 0x0023, 0x0089, 0x0001, 0x20C0, 0x20E2, 0x2945, 0x2923, 0x18E4, 0x20C2, 0x2940,
    0x20A0, 0x0002, 0x0043, 0x0000, 0x00A8, 0x0085, 0x2944, 0x2104, 0x2924, 0x2945, 0x3165, 0x3985,
    0x3185, 0x2902, 0x0000, 0x0065, 0x0000, 0x0000, 0x0000, 0x0000, 0x00AA, 0x008A, 0x18E3, 0x2965,
    0x2924, 0x2944, 0x2945, 0x2945, 0x2945, 0x2944, 0x2965, 0x20E1, 0x0001, 0x0002, 0x00AA, 0x0885,
    0x3165, 0x2924, 0x2924, 0x2945, 0x2945, 0x2944, 0x2924, 0x2925, 0x2945, 0x2965, 0x2945, 0x2924,
    0x2944, 0x2965, 0x2965, 0x2965, 0x2965, 0x2964, 0x2964, 0x2944, 0x2964, 0x2965, 0x2965, 0x31A4,
    0x1800, 0x0001, 0x00E9, 0x0000, 0x0000, 0x0000, 0x0000, 0x0000, 0x0000, 0x0000, 0x0000, 0x0000,
    0x0000, 0x0000, 0x0000, 0x0000, 0x0000, 0x0000, 0x0000, 0x0000, 0x0000, 0x0000, 0x0000, 0x0000,
    0x0000, 0x0000, 0x0000, 0x0000, 0x0000, 0x0000, 0x0000, 0x00C7, 0x0046, 0x7B67, 0xFEE1, 0xFE60,
    0xFE60, 0xFE40, 0xFE80, 0xFEA0, 0xF640, 0xFE60, 0xFEC0, 0xFEA0, 0xFE60, 0xFE40, 0xCCC0, 0xC4E3,
    0xCD48, 0xD588, 0xD587, 0xCD47, 0xCD27, 0xD547, 0xCD47, 0xCD67, 0xCD67, 0xD587, 0xCD27, 0xC4E7,
    0xC527, 0xCD86, 0xCD87, 0xD586, 0xD540, 0xDDE0, 0x7A00, 0x0000, 0x0086, 0x0064, 0xCCA5, 0xF520,
    0xF500, 0xF560, 0xF5C0, 0xE4C0, 0xF520, 0x7140, 0x0027, 0x0067, 0x0040, 0x0085, 0x5265, 0xF6E7,
    0xF603, 0xF5C3, 0xF5A5, 0xF5A4, 0xF581, 0xFE20, 0x50C0, 0x0001, 0x18E4, 0xEE08, 0xFE22, 0xF5E1,
    0xF581, 0xF560, 0xFD60, 0xFD80, 0xFD80, 0xFD80, 0xFD80, 0xFD80, 0xFDA0, 0xFDC0, 0xFDE0, 0xFDA0,
    0xFDA0, 0xF5A0, 0xF580, 0xFDE0, 0x9260, 0x0004, 0x0045, 0x0000, 0x0000, 0x0044, 0x006E, 0x10A1,
    0xDD85, 0xFE45, 0xFDE5, 0xF584, 0xF544, 0xFDA5, 0xFE45, 0xF5E5, 0xF5E5, 0xFE04, 0xFE45, 0xFE85,
    0xFF05, 0xED42, 0x1000, 0x00CB, 0x0068, 0x10C6, 0xE5C6, 0xF5C0, 0xF600, 0xFE60, 0xFE60, 0xFEA0,
    0xFEA0, 0xF640, 0xC480, 0xF5E0, 0xEC40, 0x3820, 0x0048, 0x00AD, 0x00AC, 0x00AD, 0x0002, 0x0000,
    0x0084, 0x0021, 0x6A00, 0x7200, 0x48E0, 0x2000, 0x0800, 0x0000, 0x0000, 0x0001, 0x0002, 0x0023,
    0x0023, 0x0001, 0x0022, 0x0002, 0x4A27, 0xF5C4, 0xE4C1, 0xFDA4, 0xED02, 0xDCA4, 0xEDA2, 0xFE00,
    0x91C0, 0x0029, 0x00AB, 0x0000, 0x0004, 0x5246, 0xFE27, 0xF583, 0xFDE4, 0xFE05, 0xFE25, 0xFDE4,
    0xFDE4, 0xB2A2, 0x0002, 0x0175, 0x0022, 0x0000, 0x0000, 0x0043, 0x008C, 0x20E3, 0xEDC7, 0xFDE4,
    0xFDC4, 0xFDE4, 0xFDE4, 0xFE24, 0xFE64, 0xFE64, 0xFEE5, 0xD3C1, 0x0003, 0x00CF, 0x0007, 0x4207,
    0xFEC9, 0xFE24, 0xFE05, 0xFE04, 0xFE04, 0xFDE4, 0xFE04, 0xFE25, 0xFE65, 0xFEA4, 0xFE65, 0xFE44,
    0xFE64, 0xFEA5, 0xFEC5, 0xFEE5, 0xFF05, 0xFF25, 0xFF25, 0xFF04, 0xFF24, 0xFF45, 0xFFC7, 0xFD24,
    0x3000, 0x00AC, 0x01DC, 0x0022, 0x0000, 0x0000, 0x0000, 0x0000, 0x0000, 0x0000, 0x0000, 0x0000,
    0x0000, 0x0000, 0x0000, 0x0000, 0x0000, 0x0000, 0x0000, 0x0000, 0x0000, 0x0000, 0x0000, 0x0000,
    0x0000, 0x0000, 0x0000, 0x0000, 0x0000, 0x0000, 0x0000, 0x00AA, 0x0043, 0xD5A6, 0xFEC0, 0xFE80,
    0xFE80, 0xFE80, 0xFE80, 0xFE20, 0xFE60, 0xFEA0, 0xFE40, 0xED20, 0xFE40, 0xFE80, 0xFEA0, 0xFE60,
    0xFE20, 0xFE40, 0xFE80, 0xFE60, 0xFE20, 0xFE40, 0xFE80, 0xFE80, 0xFE80, 0xFEA0, 0xFEA0, 0xFE20,
    0xFE20, 0xFEE0, 0xFE60, 0xFE60, 0xFE40, 0xFE60, 0x99A0, 0x0026, 0x0004, 0x41C4, 0xFE03, 0xFDE0,
    0xFD80, 0xFD20, 0xFD80, 0xF520, 0xE340, 0x2000, 0x00EF, 0x00EF, 0x0021, 0x0003, 0xB4C7, 0xFE40,
    0xFDE0, 0xFDA0, 0xFDC0, 0xFDC0, 0xFDE0, 0xE400, 0x1022, 0x0043, 0x6AC6, 0xFE41, 0xFE00, 0xFDE0,
    0xFDC0, 0xFDC0, 0xFDC0, 0xFDA0, 0xFDA0, 0xFDA0, 0xFDC0, 0xFDE0, 0xFDE0, 0xFDE0, 0xFDE0, 0xFDE0,
    0xFDC0, 0xFDA0, 0xFDC0, 0xFD60, 0x48C0, 0x0048, 0x0068, 0x0000, 0x0000, 0x008D, 0x0002, 0xC521,
    0xFE80, 0xFDA0, 0xFDC0, 0xFDA0, 0xFD80, 0xFD80, 0xDCC0, 0xF5C0, 0xFDE0, 0xFE20, 0xFE20, 0xF580,
    0xFDE0, 0xBA80, 0x0025, 0x00F0, 0x0001, 0x4A46, 0xFE83, 0xFE00, 0xFE00, 0xFE60, 0xFE80, 0xFEA0,
    0xF620, 0xF580, 0xB400, 0xFE00, 0xCAC0, 0x0002, 0x00AC, 0x008B, 0x008B, 0x0068, 0x0000, 0x0000,
    0x0000, 0x0000, 0x0000, 0x0003, 0x0025, 0x0025, 0x0044, 0x0044, 0x0044, 0x0023, 0x0022, 0x0022,
    0x0023, 0x0024, 0x0045, 0x0001, 0x9368, 0xFDA0, 0xFDA0, 0xECE0, 0xD3E0, 0xECE0, 0xFE00, 0xF300,
    0x3000, 0x008B, 0x008D, 0x0000, 0x0001, 0xB487, 0xFE00, 0xFDE0, 0xFDE0, 0xFDA0, 0xFDA0, 0xED60,
    0xC3A0, 0x3000, 0x0047, 0x0116, 0x0067, 0x0000, 0x0000, 0x00CD, 0x0004, 0xBCE7, 0xFDC0, 0xF560,
    0xFDA0, 0xFDA0, 0xFDC0, 0xFE20, 0xFE20, 0xFDA0, 0xFDC0, 0xA200, 0x0005, 0x0116, 0x0008, 0x6AE5,
    0xFDE0, 0xFDA0, 0xFDE0, 0xFDE0, 0xFDC0, 0xFDE0, 0xFE40, 0xFD80, 0xF560, 0xFDC0, 0xFDE0, 0xFE20,
    0xFE20, 0xFE20, 0xFE20, 0xFE00, 0xFE40, 0xFE40, 0xFE60, 0xFE60, 0xFE60, 0xFEA0, 0xFD80, 0x6040,
    0x0003, 0x00CF, 0x0117, 0x008C, 0x0000, 0x0000, 0x0000, 0x0000, 0x0000, 0x0000, 0x0000, 0x0000,
    0x0000, 0x0000, 0x0000, 0x0000, 0x0000, 0x0000, 0x0000, 0x0000, 0x0000, 0x0000, 0x0000, 0x0000,
    0x0000, 0x0000, 0x0000, 0x0000, 0x0000, 0x0000, 0x0043, 0x0027, 0x4A43, 0xFF02, 0xFEC0, 0xFE40,
    0xFEC0, 0xFEA0, 0xFE80, 0xFDE0, 0xFE20, 0xFE60, 0xFE40, 0xFE40, 0xFEA0, 0xFEA0, 0xFE60, 0xFE40,
    0xFE40, 0xFE20, 0xFE20, 0xFE20, 0xFE20, 0xFE40, 0xFE60, 0xFE60, 0xFE60, 0xFE80, 0xFE80, 0xFE80,
    0xFE60, 0xFE20, 0xFE60, 0xF600, 0xFE20, 0xF400, 0x2000, 0x00CC, 0x0025, 0xAC26, 0xFE20, 0xED60,
    0xE500, 0xFD40, 0xF540, 0xFD20, 0xA1A0, 0x0002, 0x00AB, 0x00AB, 0x0003, 0x2145, 0xF5C3, 0xFDA0,
    0xFDE0, 0xFDC0, 0xFE00, 0xFDE0, 0xFDE0, 0x8120, 0x0064, 0x08C7, 0xCD67, 0xFDE0, 0xF5C0, 0xF5A0,
    0xFE40, 0xFE20, 0xFE00, 0xFDE0, 0xFDE0, 0xFDE0, 0xFE00, 0xFE00, 0xFE00, 0xFE00, 0xFE00, 0xFE00,
    0xFE00, 0xFDC0, 0xFE00, 0xD400, 0x0001, 0x00CD, 0x00AC, 0x0020, 0x008B, 0x0005, 0x7AE0, 0xFDE0,
    0xCCA0, 0xFE00, 0xFDE0, 0xFE00, 0xFDE0, 0xF580, 0xCCA0, 0xFE00, 0xFE20, 0xFE40, 0xFE00, 0xFE00,
    0xFDA1, 0x5880, 0x0005, 0x008A, 0x0002, 0xAC66, 0xFE60, 0xFE60, 0xFE00, 0xF5E0, 0xFE60, 0xFEC0,
    0xED80, 0xF5A0, 0xED00, 0xFD80, 0x68E0, 0x0005, 0x00AC, 0x008A, 0x00AC, 0x0024, 0x0000, 0x0000,
    0x0000, 0x0023, 0x0046, 0x0046, 0x0045, 0x0025, 0x0025, 0x0045, 0x0025, 0x0025, 0x0024, 0x0002,
    0x0002, 0x0024, 0x0045, 0x1926, 0xDD05, 0xE480, 0xF560, 0xDC40, 0xDCA0, 0xD440, 0xFC80, 0xB160,
    0x0002, 0x008B, 0x00AE, 0x0004, 0x2145, 0xF5C4, 0xFDE0, 0xFE00, 0xFDE0, 0xFDC0, 0xF5A0, 0xFE20,
    0xE3A0, 0x0800, 0x008B, 0x00AE, 0x008B, 0x0000, 0x0087, 0x0005, 0x7346, 0xFE62, 0xFDC0, 0xFE00,
    0xFE00, 0xFE00, 0xFE20, 0xFE20, 0xFE00, 0xF5C0, 0xFE20, 0x91E0, 0x0004, 0x00AD, 0x0006, 0x9C48,
    0xFE20, 0xF5A0, 0xFE00, 0xFE40, 0xFE40, 0xFE40, 0xFE20, 0xF5A0, 0xFDE0, 0xFDE0, 0xFE00, 0xFE60,
    0xFE40, 0xFE20, 0xFE40, 0xFE40, 0xFE40, 0xFE60, 0xFE60, 0xFE60, 0xFE60, 0xFEA0, 0xA1A0, 0x0000,
    0x0025, 0x0068, 0x00F1, 0x0179, 0x0022, 0x0000, 0x0000, 0x0000, 0x0000, 0x0000, 0x0000, 0x0000,
    0x0000, 0x0000, 0x0000, 0x0000, 0x0000, 0x0000, 0x0000, 0x0000, 0x0000, 0x0000, 0x0000, 0x0000,
    0x0000, 0x0000, 0x0000, 0x0000, 0x0000, 0x0000, 0x0088, 0x0004, 0xBD26, 0xFF00, 0xFE80, 0xFE40,
    0xFEC0, 0xFEA0, 0xFEA0, 0xF640, 0xFDA0, 0xFE00, 0xFEE1, 0xFEE1, 0xFE80, 0xF620, 0xFE80, 0xFE80,
    0xFE60, 0xFE60, 0xFE40, 0xFE40, 0xFE60, 0xFE80, 0xFEA0, 0xFE80, 0xFEA0, 0xFEA0, 0xFEA0, 0xFEA0,
    0xFE40, 0xF5E0, 0xF5C0, 0xEDC0, 0xFEA0, 0xAA40, 0x0002, 0x0026, 0x1904, 0xF6C9, 0xFEA1, 0xE540,
    0xDCC0, 0xFDE0, 0xFDE0, 0xFD00, 0x4040, 0x0067, 0x00AA, 0x0088, 0x0001, 0x6A60, 0xFD80, 0xFD80,
    0xFDE0, 0xFE20, 0xFE60, 0xFE60, 0xFD40, 0x2860, 0x0023, 0x41C3, 0xFEC2, 0xFE60, 0xFE60, 0xE520,
    0xFE40, 0xFE40, 0xFE40, 0xFE40, 0xFE40, 0xFE20, 0xFE40, 0xFE40, 0xFE40, 0xFE40, 0xFE40, 0xFE40,
    0xFE40, 0xFE20, 0xFE60, 0x7260, 0x0006, 0x00CB, 0x0088, 0x0068, 0x0008, 0x49C0, 0xFEA0, 0xDCC0,
    0xCCA0, 0xFE80, 0xFE00, 0xFE40, 0xFE00, 0xF5E0, 0xFE60, 0xFE20, 0xED80, 0xE520, 0xFDE0, 0xFE40,
    0xEC60, 0x1000, 0x0025, 0x0003, 0x2146, 0xFEC6, 0xFE80, 0xEDA0, 0xED60, 0xF5E0, 0xFE80, 0xFE40,
    0xFEA0, 0xFE40, 0xF640, 0xF3C0, 0x1800, 0x0047, 0x008A, 0x008A, 0x006A, 0x0000, 0x0000, 0x0000,
    0x0000, 0x0022, 0x0069, 0x0067, 0x0046, 0x0046, 0x0046, 0x0046, 0x0046, 0x0045, 0x0025, 0x0025,
    0x0023, 0x0002, 0x0001, 0x6AE8, 0xFEE2, 0xFE20, 0xDC20, 0xC340, 0xED80, 0xED80, 0xFD00, 0x58A0,
    0x0025, 0x0069, 0x0067, 0x0001, 0x6AE8, 0xFE43, 0xFE00, 0xF5C0, 0xFDC0, 0xFDE0, 0xF600, 0xFE80,
    0x91C0, 0x0005, 0x00AC, 0x0069, 0x0047, 0x0085, 0x0069, 0x3163, 0xF624, 0xF5C0, 0xFE40, 0xFE40,
    0xFE40, 0xFE60, 0xFE40, 0xF5E0, 0xFE00, 0xFE20, 0xFEA0, 0x81A0, 0x0003, 0x0045, 0x0001, 0xBD48,
    0xFEA0, 0xFE40, 0xFE60, 0xFE80, 0xFE60, 0xFEA0, 0xED80, 0xE520, 0xFEA0, 0xFE60, 0xFE40, 0xFE60,
    0xFE60, 0xF640, 0xFE80, 0xFE60, 0xFE60, 0xFE60, 0xFE80, 0xFE80, 0xFF20, 0xDB80, 0x0800, 0x0025,
    0x0025, 0x0047, 0x00AD, 0x00F2, 0x0022, 0x0000, 0x0000, 0x0000, 0x0000, 0x0000, 0x0000, 0x0000,
    0x0000, 0x0000, 0x0000, 0x0000, 0x0000, 0x0000, 0x0000, 0x0000, 0x0000, 0x0000, 0x0000, 0x0000,
    0x0000, 0x0000, 0x0000, 0x0000, 0x0000, 0x0022, 0x008A, 0x31A5, 0xFEC3, 0xFE40, 0xFE60, 0xFEA0,
    0xFE60, 0xFEA0, 0xFE60, 0xFE60, 0xFE20, 0xFE80, 0xFE80, 0xFEC0, 0xFE80, 0xEE00, 0xFEA0, 0xFE80,
    0xFE80, 0xFE80, 0xFE80, 0xFE60, 0xFE80, 0xFEA0, 0xFEC0, 0xFEA0, 0xFEA0, 0xFEA0, 0xFEA0, 0xFEA0,
    0xFE80, 0xFEA0, 0xF600, 0xEE00, 0xFDA0, 0x4820, 0x0068, 0x0003, 0x7B66, 0xFF02, 0xFE80, 0xF620,
    0xE560, 0xFE40, 0xFE60, 0xBC40, 0x0000, 0x0066, 0x0088, 0x0024, 0x0041, 0xCD24, 0xFE80, 0xFE60,
    0xFDA0, 0xFE20, 0xFE40, 0xFE40, 0xB320, 0x00A4, 0x00A5, 0x9C05, 0xFEA0, 0xFEA0, 0xF640, 0xEE00,
    0xEDE0, 0xFE60, 0xF620, 0xF620, 0xFE40, 0xFE20, 0xFE40, 0xFE60, 0xFE80, 0xFE80, 0xFE60, 0xFE60,
    0xFE40, 0xFE60, 0xED80, 0x1880, 0x0068, 0x0068, 0x0067, 0x0006, 0x20C0, 0xEE21, 0xF640, 0xF5E0,
    0xF640, 0xFE40, 0xFE40, 0xFE80, 0xFE60, 0xFE80, 0xFEA0, 0xFEC0, 0xF640, 0xEE00, 0xF660, 0xFE60,
    0x89C0, 0x0004, 0x00AB, 0x0002, 0x7B48, 0xFE81, 0xF5E0, 0xF5C0, 0xED80, 0xF640, 0xFE80, 0xFE60,
    0xFEA0, 0xF5E0, 0xFDE0, 0xA180, 0x0002, 0x008A, 0x008A, 0x008C, 0x0046, 0x0000, 0x0000, 0x0000,
    0x0000, 0x0000, 0x0067, 0x0089, 0x0089, 0x0069, 0x0068, 0x0047, 0x0045, 0x0024, 0x0023, 0x0023,
    0x0001, 0x00C6, 0x0022, 0xBCC6, 0xFE20, 0xFDE0, 0xD420, 0xD460, 0xF5A0, 0xFE60, 0xCA80, 0x0800,
    0x0045, 0x0047, 0x0025, 0x0883, 0xCCE7, 0xFDE0, 0xFE80, 0xF5C0, 0xF5E0, 0xFE80, 0xFEA0, 0xFD40,
    0x2800, 0x0048, 0x006A, 0x0048, 0x0003, 0x00A9, 0x0043, 0xBD07, 0xFDC0, 0xFE40, 0xFE60, 0xFE60,
    0xFE40, 0xFE60, 0xFE60, 0xFE60, 0xFE80, 0xFE80, 0xFE20, 0x48E0, 0x0005, 0x0026, 0x0063, 0xD5E6,
    0xFE80, 0xFE80, 0xFE80, 0xFE60, 0xFE80, 0xFEA0, 0xFE60, 0xFE60, 0xFE60, 0xFE20, 0xFEA0, 0xFE80,
    0xFE80, 0xFE60, 0xFE60, 0xFE60, 0xFE60, 0xFE60, 0xFE60, 0xFF00, 0xFD41, 0x3800, 0x0046, 0x0047,
    0x0025, 0x0046, 0x0069, 0x0002, 0x0000, 0x0000, 0x0000, 0x0000, 0x0000, 0x0000, 0x0000, 0x0000,
    0x0000, 0x0000, 0x0000, 0x0000, 0x0000, 0x0000, 0x0000, 0x0000, 0x0000, 0x0000, 0x0000, 0x0000,
    0x0000, 0x0000, 0x0000, 0x0000, 0x0000, 0x00E8, 0x0045, 0x9C26, 0xFEC0, 0xFE60, 0xFEA0, 0xFF00,
    0xF5E0, 0xFE80, 0xFEC0, 0xFEA0, 0xFEC0, 0xFE80, 0xFE80, 0xFE80, 0xFEA0, 0xFF00, 0xFEA0, 0xFE80,
    0xFE80, 0xFE80, 0xFEA0, 0xFEA0, 0xFEA0, 0xFEE0, 0xFEC0, 0xFEA0, 0xFEA0, 0xFEC0, 0xFEC0, 0xFE80,
    0xFE20, 0xFEA0, 0xFE80, 0xFF40, 0xE3C0, 0x0800, 0x0046, 0x0864, 0xDE07, 0xFEE0, 0xFEA0, 0xFEA0,
    0xFEC0, 0xFE60, 0xFEA0, 0x5220, 0x0003, 0x0067, 0x0088, 0x0003, 0x5287, 0xFEA2, 0xFE20, 0xFE80,
    0xFEA0, 0xFEC1, 0xFE80, 0xFE40, 0x5140, 0x00E5, 0x1925, 0xEE25, 0xFE20, 0xFE40, 0xE560, 0xFE80,
    0xEE40, 0xFEC0, 0xFE80, 0xFEE0, 0xFEC0, 0xFEC0, 0xFEC0, 0xFE80, 0xFEA0, 0xFEA0, 0xFE80, 0xFE80,
    0xFE60, 0xFEE0, 0x9B80, 0x0002, 0x0088, 0x0067, 0x00ED, 0x0001, 0xC500, 0xFE60, 0xF620, 0xDD80,
    0xE5E0, 0xFEE0, 0xFEC0, 0xFEC0, 0xFEC0, 0xFEC0, 0xFEA0, 0xFEA0, 0xFEC0, 0xFEC0, 0xFEC0, 0xFE00,
    0x3860, 0x006B, 0x0048, 0x0042, 0xD565, 0xF600, 0xEDA0, 0xFE40, 0xEE00, 0xFEA0, 0xFEA0, 0xFEC0,
    0xED60, 0xED00, 0xFCE0, 0x4820, 0x0047, 0x008C, 0x008A, 0x008B, 0x0002, 0x0000, 0x0000, 0x0000,
    0x0000, 0x0000, 0x0023, 0x0068, 0x0066, 0x0045, 0x0022, 0x0001, 0x0000, 0x0000, 0x0000, 0x0000,
    0x0021, 0x00A7, 0x39C5, 0xFE63, 0xED60, 0xF580, 0xE4E0, 0xFE60, 0xEDA0, 0xFE00, 0x8980, 0x0002,
    0x0024, 0x0046, 0x0002, 0x5246, 0xFE82, 0xFE40, 0xFE80, 0xFE60, 0xFE80, 0xFE80, 0xFF00, 0xB2C0,
    0x0001, 0x0068, 0x0069, 0x0047, 0x00EA, 0x0004, 0x9426, 0xCC41, 0xCC40, 0xFEA0, 0xFE40, 0xFE80,
    0xFE80, 0xFE80, 0xFE80, 0xFE80, 0xFE60, 0xFE80, 0xFDE0, 0x4860, 0x0005, 0x0006, 0x2986, 0xFF65,
    0xFF00, 0xFEE0, 0xFF00, 0xFEE0, 0xFEC0, 0xFEA0, 0xFE80, 0xFEC0, 0xF620, 0xEDA0, 0xFEC0, 0xFEA0,
    0xFEA0, 0xFF00, 0xFF00, 0xFF20, 0xFF20, 0xFF20, 0xFF20, 0xFE40, 0x70C0, 0x0002, 0x0068, 0x0026,
    0x0046, 0x0047, 0x0023, 0x0000, 0x0000, 0x0000, 0x0000, 0x0000, 0x0000, 0x0000, 0x0000, 0x0000,
    0x0000, 0x0000, 0x0000, 0x0000, 0x0000, 0x0000, 0x0000, 0x0000, 0x0000, 0x0000, 0x0000, 0x0000,
    0x0000, 0x0000, 0x0000, 0x0000, 0x0000, 0x0047, 0x10C4, 0xE605, 0xFEC0, 0xFEE0, 0xFEA0, 0xFE80,
    0xF620, 0xFEE0, 0xF640, 0xF620, 0xFEA0, 0xFEA0, 0xFEE0, 0xF660, 0xEE20, 0xFEC0, 0xFEA0, 0xFEC0,
    0xFEA0, 0xFEA0, 0xFEC0, 0xFEC0, 0xFEC0, 0xFEE0, 0xFEC0, 0xFEC0, 0xFEC0, 0xFEC0, 0xFEC0, 0xFEA0,
    0xFEC0, 0xFEA0, 0xFE60, 0xFE60, 0x7120, 0x0003, 0x0002, 0x5266, 0xFF23, 0xFEC0, 0xFEC0, 0xFEA0,
    0xFEA0, 0xFEA0, 0xDD40, 0x0820, 0x0046, 0x0067, 0x0044, 0x0002, 0xB527, 0xFEA0, 0xFE80, 0xFEA0,
    0xFEE0, 0xFEC0, 0xFEA0, 0xD4A0, 0x0821, 0x0002, 0x6AE6, 0xFEA1, 0xFE60, 0xF620, 0xF5E0, 0xFEA0,
    0xF5C0, 0xCC20, 0x8220, 0x92E0, 0x8280, 0x7A60, 0x9C03, 0xFEE1, 0xFE80, 0xFE80, 0xFE80, 0xFE80,
    0xFEA0, 0xFE60, 0x3940, 0x0026, 0x008A, 0x010D, 0x0045, 0x83A0, 0xFEC0, 0xE5A0, 0xDD40, 0xB480,
    0xFEE0, 0xFEE0, 0xFF00, 0xFF01, 0xFEC0, 0xFE80, 0xFEC0, 0xFEC0, 0xFEC0, 0xFEC0, 0xFF20, 0xCBE0,
    0x0002, 0x00AB, 0x0003, 0x4226, 0xFEA3, 0xFE40, 0xFE60, 0xFE00, 0xFE20, 0xFE80, 0xFEC0, 0xFE60,
    0xED60, 0xFE60, 0xDB80, 0x0800, 0x0068, 0x0048, 0x0069, 0x0047, 0x0000, 0x0000, 0x0000, 0x0000,
    0x0000, 0x0000, 0x0000, 0x0000, 0x0000, 0x0000, 0x0000, 0x0000, 0x0000, 0x0000, 0x0000, 0x0000,
    0x00A5, 0x0024, 0x8B86, 0xFE00, 0xF5E0, 0xF5A0, 0xF5A0, 0xFE60, 0xF620, 0xFCC0, 0x3820, 0x0002,
    0x0024, 0x0024, 0x0001, 0xACA8, 0xFEC0, 0xFE60, 0xFE20, 0xFE60, 0xFE60, 0xFE80, 0xFE00, 0x5880,
    0x0026, 0x0089, 0x0048, 0x0089, 0x0067, 0x28E0, 0xEE01, 0xDD20, 0xF620, 0xFEC0, 0xFE80, 0xFE80,
    0xFE80, 0xFE80, 0xFEA0, 0xFE80, 0xFE80, 0xFEA0, 0xFDC0, 0x3820, 0x0004, 0x0003, 0x2102, 0x8301,
    0x8A60, 0x8240, 0x7A20, 0x8220, 0x8241, 0xE584, 0xFE80, 0xFEA0, 0xF640, 0xF640, 0xFEC0, 0xFEA0,
    0xFEE0, 0xBB60, 0x8A40, 0x8A40, 0x8A40, 0x8A60, 0x9280, 0x7940, 0x0002, 0x008B, 0x0048, 0x0047,
    0x0046, 0x0002, 0x0000, 0x0000, 0x0000, 0x0000, 0x0000, 0x0000, 0x0000, 0x0000, 0x0000, 0x0000,
    0x0000, 0x0000, 0x0000, 0x0000, 0x0000, 0x0000, 0x0000, 0x0000, 0x0000, 0x0000, 0x0000, 0x0000,
    0x0000, 0x0000, 0x0000, 0x0000, 0x0085, 0x0005, 0x7BA8, 0xFF02, 0xF640, 0xF660, 0xFE80, 0xFEA0,
    0xFEC0, 0xFE80, 0xFE40, 0xFEE0, 0xFEE0, 0xFEE0, 0xFEE0, 0xFEA0, 0xFEC0, 0xFEC0, 0xFEC0, 0xFEC0,
    0xFEC0, 0xFEC0, 0xFEC0, 0xFEC0, 0xFEC0, 0xFEE0, 0xFEE0, 0xFEE0, 0xFEC0, 0xFEC0, 0xFEC0, 0xFEA0,
    0xFEA0, 0xFE40, 0xFEA0, 0xFD00, 0x2000, 0x0087, 0x0003, 0xACC4, 0xFEE0, 0xFEA0, 0xFEA0, 0xFEA0,
    0xFE60, 0xFEA0, 0x7AE0, 0x0001, 0x0045, 0x0045, 0x0002, 0x31A1, 0xFEE1, 0xFEE0, 0xFEC0, 0xFEA0,
    0xFEC0, 0xFE80, 0xFEA0, 0x8260, 0x0003, 0x0064, 0xCD86, 0xFEE0, 0xFEA0, 0xF640, 0xFE60, 0xFE40,
    0xFE20, 0x71C0, 0x0000, 0x0001, 0x0001, 0x0000, 0x83C6, 0xFF00, 0xFE80, 0xFE80, 0xFEA0, 0xFE80,
    0xFEE0, 0xCCA0, 0x0000, 0x0025, 0x0045, 0x0002, 0x4A00, 0xFEA0, 0xFE60, 0xFEA0, 0xD520, 0xF680,
    0xFEC0, 0xFEA0, 0xFEA0, 0xA4A0, 0xF6A0, 0xFEC0, 0xFEC0, 0xFEE0, 0xFEC0, 0xFE80, 0xFE60, 0x6920,
    0x0006, 0x00AB, 0x0002, 0xA486, 0xFF20, 0xFE60, 0xFE80, 0xFE40, 0xF660, 0xFE80, 0xFEE0, 0xFDA0,
    0xFDC0, 0xFE40, 0x70E0, 0x0003, 0x0068, 0x0068, 0x008A, 0x0023, 0x0000, 0x0000, 0x0000, 0x0000,
    0x0000, 0x0000, 0x0000, 0x0000, 0x0000, 0x0000, 0x0000, 0x0000, 0x0000, 0x0000, 0x0000, 0x0000,
    0x00E8, 0x08C4, 0xD545, 0xFDC0, 0xFE80, 0xED60, 0xFE20, 0xFE60, 0xFE40, 0xB2E0, 0x0001, 0x0044,
    0x0024, 0x0002, 0x1904, 0xEE25, 0xFE80, 0xFE60, 0xF5C0, 0xFEA0, 0xFE60, 0xFEC0, 0xE400, 0x0800,
    0x0046, 0x0047, 0x008A, 0x00CA, 0x10E3, 0xD5E7, 0xFE80, 0xEDC0, 0xFE40, 0xFE40, 0xFEA0, 0xFEA0,
    0xFE80, 0xFEA0, 0xFEA0, 0xFE80, 0xFE60, 0xFE80, 0xF4E0, 0x1800, 0x0025, 0x0004, 0x0002, 0x0002,
    0x0001, 0x0000, 0x0001, 0x0000, 0x1926, 0xF665, 0xFE80, 0xFE80, 0xFE20, 0xFE80, 0xFEA0, 0xFEC0,
    0xF520, 0x2001, 0x0003, 0x0002, 0x0001, 0x0001, 0x0002, 0x0001, 0x008A, 0x00AD, 0x008B, 0x006A,
    0x0025, 0x0000, 0x0000, 0x0000, 0x0000, 0x0000, 0x0000, 0x0000, 0x0000, 0x0000, 0x0000, 0x0000,
    0x0000, 0x0000, 0x0000, 0x0000, 0x0000, 0x0000, 0x0000, 0x0000, 0x0000, 0x0000, 0x0000, 0x0000,
    0x0000, 0x0000, 0x0000, 0x0000, 0x0045, 0x0863, 0xDE44, 0xFD20, 0xFC60, 0xFD40, 0xFD80, 0xFD20,
    0xFD80, 0xF420, 0xFD20, 0xFDC0, 0xFDA0, 0xFE00, 0xFDA0, 0xFCC0, 0xFD40, 0xFCE0, 0xFD80, 0xFD80,
    0xFDA0, 0xFD80, 0xFDC0, 0xFE20, 0xFE20, 0xFE00, 0xFE20, 0xFE20, 0xFE00, 0xFE20, 0xFE00, 0xFDE0,
    0xFDE0, 0xF5A0, 0xFE00, 0xA200, 0x0001, 0x0002, 0x18A0, 0xEDA0, 0xFE00, 0xFDE0, 0xFDE0, 0xFDE0,
    0xFDC0, 0xF4E0, 0x2080, 0x0004, 0x0045, 0x0045, 0x0002, 0x8BC0, 0xFE00, 0xFDE0, 0xFDE0, 0xFDE0,
    0xFDE0, 0xFE20, 0xF4E0, 0x2080, 0x0001, 0x39E3, 0xFE41, 0xFDE0, 0xFE00, 0xFDE0, 0xFE00, 0xFE00,
    0xECE0, 0x1840, 0x0065, 0x0841, 0x0020, 0x1904, 0xF585, 0xFDA0, 0xFDA0, 0xFD60, 0xFDA0, 0xFD60,
    0xFD80, 0x71C0, 0x0001, 0x0046, 0x0004, 0x2100, 0xEDA0, 0xFDA0, 0xF540, 0xD4A0, 0xFDA0, 0xFDE0,
    0xFDC0, 0xFE00, 0x82A0, 0x7B40, 0xFE80, 0xF580, 0xFDC0, 0xFDC0, 0xFDC0, 0xFDE0, 0xF4A0, 0x2021,
    0x00AD, 0x0049, 0x10E5, 0xED65, 0xFD60, 0xFD40, 0xFDA0, 0xFD80, 0xFDE0, 0xFE00, 0xFE00, 0xFCC0,
    0xFD00, 0xEBC0, 0x2000, 0x0067, 0x0089, 0x0069, 0x0068, 0x0000, 0x0000, 0x0000, 0x0000, 0x0000,
    0x0000, 0x0000, 0x0000, 0x0000, 0x0000, 0x0000, 0x0000, 0x0000, 0x0000, 0x0000, 0x0000, 0x0042,
    0x0026, 0x5246, 0xF502, 0xF4E0, 0xF500, 0xEC80, 0xFD60, 0xFD80, 0xFD40, 0x50C0, 0x0001, 0x0004,
    0x0004, 0x0001, 0x6AE6, 0xFDE0, 0xF5A0, 0xFD80, 0xFCE0, 0xFD60, 0xF540, 0xFD60, 0x8120, 0x0002,
    0x0025, 0x0025, 0x00CC, 0x0004, 0x7A20, 0xF501, 0xB260, 0xCC00, 0xECA0, 0xECE0, 0xFD60, 0xC485,
    0xF503, 0xFD80, 0xFD60, 0xFD60, 0xFD00, 0xFD00, 0xE320, 0x0800, 0x0047, 0x0005, 0x0003, 0x0023,
    0x0023, 0x0023, 0x0822, 0x0000, 0x8BE8, 0xFE40, 0xFDC0, 0xFDC0, 0xFD80, 0xFDC0, 0xFDA0, 0xFDC0,
    0x91A0, 0x0003, 0x0069, 0x0024, 0x0024, 0x0024, 0x0024, 0x0001, 0x0047, 0x00AD, 0x00AD, 0x008B,
    0x0001, 0x0000, 0x0000, 0x0000, 0x0000, 0x0000, 0x0000, 0x0000, 0x0000, 0x0000, 0x0000, 0x0000,
    0x0000, 0x0000, 0x0000, 0x0000, 0x0000, 0x0000, 0x0000, 0x0000, 0x0000, 0x0000, 0x0000, 0x0000,
    0x0000, 0x0000, 0x0000, 0x0000, 0x0000, 0x0000, 0x20C0, 0x30A0, 0x38C0, 0x48C0, 0x38A0, 0x3060,
    0x4080, 0x2840, 0x40A0, 0x48A0, 0x40A0, 0x48A0, 0x4060, 0x2820, 0x4880, 0x4840, 0x4060, 0x4880,
    0x48A0, 0x48A0, 0x4941, 0xCD47, 0xFE20, 0xFDE0, 0xFE00, 0xFE00, 0xFE40, 0xFE20, 0xFE20, 0xFE00,
    0xFDE0, 0xFE00, 0xFD00, 0x3840, 0x0045, 0x0002, 0x8360, 0xFE60, 0xFDE0, 0xFDE0, 0xFDC0, 0xFDC0,
    0xFE20, 0xB380, 0x0000, 0x0044, 0x0045, 0x0002, 0x0880, 0xE560, 0xFDE0, 0xFDE0, 0xFE00, 0xFDE0,
    0xFDC0, 0xFE20, 0xA2E0, 0x0000, 0x0000, 0xA440, 0xFE60, 0xFDE0, 0xFE00, 0xFE00, 0xFE00, 0xFE40,
    0x9AE0, 0x0000, 0x0026, 0x0000, 0x0000, 0x6AE2, 0xFDA0, 0xFD60, 0xFDA0, 0xFD80, 0xFD80, 0xFDA0,
    0xEC80, 0x1000, 0x0002, 0x0002, 0x0020, 0xC4E0, 0xFE40, 0xFDA0, 0xC380, 0xE4E0, 0xFDA0, 0xFD60,
    0xFDC0, 0xDC80, 0x1060, 0xD5A0, 0xFE20, 0xF5C0, 0xFDE0, 0xFDC0, 0xFDC0, 0xFE40, 0xB260, 0x0004,
    0x00CE, 0x0004, 0x6AC6, 0xFDC1, 0xF540, 0xFDA0, 0xFDA0, 0xFDA0, 0xFDA0, 0xFDA0, 0xFD80, 0xFD80,
    0xFE40, 0xC280, 0x0001, 0x0067, 0x0047, 0x0068, 0x0024, 0x0000, 0x0000, 0x0000, 0x0000, 0x0000,
    0x0000, 0x0000, 0x0000, 0x0000, 0x0000, 0x0000, 0x0000, 0x0000, 0x0000, 0x0000, 0x0000, 0x0086,
    0x0024, 0xAC47, 0xFD80, 0xFD60, 0xF4E0, 0xFD40, 0xFD60, 0xFDC0, 0xE3C0, 0x3060, 0x3180, 0x39A0,
    0x39A0, 0x39A1, 0xD4E5, 0xFD80, 0xF560, 0xFD80, 0xFD80, 0xFD60, 0xFDA0, 0xF460, 0x2000, 0x0003,
    0x0004, 0x0024, 0x0004, 0x5200, 0xDC40, 0xE480, 0xC2E0, 0xF560, 0xE4A0, 0xF4A0, 0xC340, 0x49E6,
    0xFD83, 0xFCE0, 0xFD60, 0xFDA0, 0xFD00, 0xFD20, 0xCB00, 0x0001, 0x0046, 0x0004, 0x0002, 0x0024,
    0x0004, 0x0003, 0x0001, 0x10C3, 0xE584, 0xFDC0, 0xFE20, 0xFE00, 0xFDC0, 0xFDC0, 0xFDE0, 0xFD60,
    0x3820, 0x006B, 0x008D, 0x0003, 0x0003, 0x0003, 0x0004, 0x0024, 0x0069, 0x00CF, 0x00AE, 0x0023,
    0x0000, 0x0000, 0x0000, 0x0000, 0x0000, 0x0000, 0x0000, 0x0000, 0x0000, 0x0000, 0x0000, 0x0000,
    0x0000, 0x0000, 0x0000, 0x0000, 0x0000, 0x0000, 0x0000, 0x0000, 0x0000, 0x0000, 0x0000, 0x0000,
    0x0000, 0x0000, 0x0000, 0x0000, 0x0000, 0x008C, 0x0090, 0x0049, 0x0005, 0x0004, 0x0004, 0x0004,
    0x0003, 0x0003, 0x0003, 0x0003, 0x0003, 0x0003, 0x0003, 0x0003, 0x0003, 0x0002, 0x0002, 0x0002,
    0x0002, 0x0000, 0x1926, 0xF665, 0xFE40, 0xFE40, 0xFE20, 0xFE60, 0xFEA0, 0xFE60, 0xFE40, 0xFE20,
    0xFE00, 0xFE40, 0xCAE0, 0x0000, 0x0046, 0x0860, 0xDD20, 0xFDC0, 0xFDC0, 0xFE00, 0xFE00, 0xFDE0,
    0xFE20, 0x59E0, 0x0002, 0x0044, 0x0066, 0x0004, 0x5A40, 0xFDC0, 0xFDC0, 0xFDE0, 0xFE00, 0xFE00,
    0xFDC0, 0xFD60, 0x4100, 0x0000, 0x18A0, 0xF5A0, 0xFE00, 0xFDE0, 0xFDC0, 0xFDE0, 0xFDE0, 0xFDE0,
    0x61A0, 0x2943, 0x39A6, 0x3185, 0x3120, 0xDD40, 0xFDE0, 0xFDC0, 0xFDC0, 0xFDC0, 0xFDA0, 0xFE00,
    0xA2C0, 0x0001, 0x0045, 0x0000, 0x9360, 0xFE00, 0xFDA0, 0xE4C0, 0xDC80, 0xFE20, 0xFDA0, 0xFDA0,
    0xF500, 0x30A0, 0x3A00, 0xFEA0, 0xFE20, 0xFE40, 0xFE00, 0xFE00, 0xFE20, 0xFDA0, 0x5080, 0x0049,
    0x008A, 0x0002, 0xCCE6, 0xFE00, 0xFD60, 0xFE00, 0xFE20, 0xFE00, 0xFDE0, 0xFDE0, 0xFDA0, 0xFDC0,
    0xFDC0, 0x68A0, 0x0003, 0x0046, 0x0046, 0x0047, 0x0001, 0x0000, 0x0000, 0x0000, 0x0000, 0x0000,
    0x0000, 0x0000, 0x0000, 0x0000, 0x0000, 0x0000, 0x0000, 0x0000, 0x0000, 0x0000, 0x0001, 0x0088,
    0x1904, 0xF5A4, 0xFDA0, 0xFDC0, 0xF520, 0xFDE0, 0xFDE0, 0xFE40, 0xED00, 0xECE0, 0xFE40, 0xFE20,
    0xFDE0, 0xFE00, 0xFDC0, 0xFDC0, 0xFDC0, 0xFDC0, 0xFDC0, 0xF560, 0xFE00, 0xBAA0, 0x0001, 0x0045,
    0x0046, 0x0004, 0x1061, 0xDD80, 0xFE60, 0xDCA0, 0xB320, 0xEC60, 0xDBE0, 0xFBE0, 0x40A0, 0x5AE8,
    0xFE22, 0xFD20, 0xFD80, 0xFD20, 0xF4C0, 0xFD60, 0xC2A0, 0x0000, 0x0025, 0x0025, 0x0001, 0x0003,
    0x0024, 0x0024, 0x0001, 0x62A1, 0xFE40, 0xFE00, 0xFE20, 0xFE00, 0xFE00, 0xFDC0, 0xFE60, 0xD340,
    0x0002, 0x00CE, 0x00AF, 0x0048, 0x0003, 0x0025, 0x0025, 0x0046, 0x0068, 0x00F2, 0x0068, 0x0000,
    0x0000, 0x0000, 0x0000, 0x0000, 0x0000, 0x0000, 0x0000, 0x0000, 0x0000, 0x0000, 0x0000, 0x0000,
    0x0000, 0x0000, 0x0000, 0x0000, 0x0000, 0x0000, 0x0000, 0x0000, 0x0000, 0x0000, 0x0000, 0x0000,
    0x0000, 0x0000, 0x0000, 0x0000, 0x0000, 0x0048, 0x00F3, 0x0089, 0x0067, 0x0067, 0x0067, 0x0046,
    0x0045, 0x0045, 0x0045, 0x0045, 0x0025, 0x0024, 0x0024, 0x0045, 0x0045, 0x0024, 0x0023, 0x0023,
    0x0023, 0x0000, 0x8B83, 0xFE20, 0xFE00, 0xFE60, 0xFE60, 0xFE80, 0xFE80, 0xFE00, 0xFDE0, 0xFDC0,
    0xFDE0, 0xFD80, 0x68A0, 0x0025, 0x0004, 0x5260, 0xFE20, 0xFD80, 0xFDA0, 0xFDE0, 0xFDE0, 0xFDC0,
    0xDC80, 0x0840, 0x0004, 0x0024, 0x0023, 0x0000, 0xBC60, 0xFD60, 0xFD60, 0xFDA0, 0xFDA0, 0xFDA0,
    0xFDE0, 0xD400, 0x0800, 0x0001, 0x6260, 0xFDC0, 0xFD80, 0xFDA0, 0xFDA0, 0xFD80, 0xFD80, 0xFD60,
    0xFD80, 0xFDC2, 0xFDA4, 0xFDC3, 0xFD80, 0xFE40, 0xFE40, 0xFE40, 0xFE20, 0xFE00, 0xFE00, 0xFDA0,
    0x38C0, 0x0003, 0x0002, 0x5240, 0xFDA0, 0xFD40, 0xFD80, 0xED00, 0xFE00, 0xFDC0, 0xFE00, 0xEC60,
    0x50C0, 0x0000, 0x9BC0, 0xFE20, 0xFDE0, 0xFDE0, 0xFDE0, 0xFDC0, 0xFE00, 0xDB80, 0x0801, 0x00AC,
    0x0006, 0x31A6, 0xFE24, 0xFE00, 0xFD80, 0xFDE0, 0xFE20, 0xFE20, 0xFE20, 0xFE00, 0xFDC0, 0xFE20,
    0xE3C0, 0x1000, 0x0004, 0x0025, 0x0047, 0x0045, 0x0000, 0x0000, 0x0000, 0x0000, 0x0000, 0x0000,
    0x0000, 0x0000, 0x0000, 0x0000, 0x0000, 0x0000, 0x0000, 0x0000, 0x0000, 0x0000, 0x0064, 0x0006,
    0x7367, 0xFE00, 0xF5A0, 0xFDA0, 0xF520, 0xFE20, 0xFE20, 0xFE60, 0xE4C0, 0xECC0, 0xFDC0, 0xFDC0,
    0xFDC0, 0xFDE0, 0xFDE0, 0xFDE0, 0xFE00, 0xFE00, 0xFDE0, 0xFE00, 0xFD60, 0x50A0, 0x0003, 0x0024,
    0x0023, 0x0000, 0x8B41, 0xE4A0, 0xE460, 0xCC00, 0xD440, 0xF460, 0xEA40, 0x98A0, 0x0000, 0x9363,
    0xFD80, 0xF560, 0xF540, 0xFD00, 0xFD20, 0xFE00, 0xB260, 0x0001, 0x0024, 0x0025, 0x0000, 0x0000,
    0x0001, 0x0003, 0x0041, 0xCCE0, 0xFDC0, 0xFDA0, 0xFDA0, 0xFDA0, 0xFDC0, 0xFDE0, 0xFD80, 0x6080,
    0x0027, 0x00CF, 0x00CF, 0x00CF, 0x0024, 0x0022, 0x0002, 0x0022, 0x0023, 0x0046, 0x0000, 0x0000,
    0x0000, 0x0000, 0x0000, 0x0000, 0x0000, 0x0000, 0x0000, 0x0000, 0x0000, 0x0000, 0x0000, 0x0000,
    0x0000, 0x0000, 0x0000, 0x0000, 0x0000, 0x0000, 0x0000, 0x0000, 0x0000, 0x0000, 0x0000, 0x0000,
    0x0000, 0x0000, 0x0000, 0x0000, 0x0000, 0x0000, 0x00B1, 0x00AC, 0x0068, 0x0069, 0x0068, 0x0046,
    0x0067, 0x0067, 0x0046, 0x0026, 0x0045, 0x0025, 0x0025, 0x0025, 0x0025, 0x0025, 0x0003, 0x0002,
    0x0003, 0x2141, 0xED80, 0xFD40, 0xF560, 0xFDE0, 0xFE20, 0xFE80, 0xFDA0, 0xFDC0, 0xFE00, 0xFDE0,
    0xFE40, 0xE3A0, 0x1000, 0x0068, 0x0001, 0xB420, 0xFDE0, 0xFDA0, 0xFD60, 0xFD80, 0xFD80, 0xFDA0,
    0x7A60, 0x0001, 0x0044, 0x0024, 0x0002, 0x3140, 0xFD80, 0xFD40, 0xFD40, 0xFD80, 0xFDC0, 0xFDA0,
    0xFDE0, 0x7A00, 0x0001, 0x0020, 0xCC80, 0xFDA0, 0xFD80, 0xFDC0, 0xFDC0, 0xFDA0, 0xFD80, 0xFD80,
    0xFE20, 0xFDC0, 0xFD60, 0xFD60, 0xFDC0, 0xFE00, 0xFE20, 0xFE60, 0xFE40, 0xFDE0, 0xFE20, 0xDC20,
    0x0801, 0x0003, 0x2940, 0xF5C0, 0xFD60, 0xFD60, 0xF500, 0xF560, 0xFDE0, 0xF560, 0xFDC0, 0xBAE0,
    0x0001, 0x0860, 0xE4E0, 0xFDC0, 0xFDC0, 0xFDC0, 0xFDA0, 0xF5A0, 0xFDE0, 0x8160, 0x0005, 0x00AD,
    0x0004, 0x93E4, 0xFE00, 0xFD80, 0xFD80, 0xFDC0, 0xFE40, 0xFE20, 0xFDE0, 0xFDC0, 0xFDA0, 0xFDE0,
    0x9A00, 0x0001, 0x0024, 0x0025, 0x0047, 0x0002, 0x0000, 0x0000, 0x0000, 0x0000, 0x0000, 0x0000,
    0x0000, 0x0000, 0x0000, 0x0000, 0x0000, 0x0000, 0x0000, 0x0000, 0x0000, 0x0000, 0x0087, 0x0023,
    0xD565, 0xFE00, 0xFD80, 0xE4C0, 0xF580, 0xFE40, 0xFE40, 0xED80, 0xBB60, 0xF520, 0xFD80, 0xFDC0,
    0xFDC0, 0xFE00, 0xFE00, 0xFE00, 0xFE00, 0xFE00, 0xFDC0, 0xFE40, 0xDBA0, 0x0000, 0x0003, 0x0003,
    0x0000, 0x5287, 0xFE25, 0xF540, 0xDC80, 0xDC60, 0xFD60, 0xF480, 0xB980, 0x0000, 0x0022, 0xBCA6,
    0xFDC0, 0xFDA0, 0xFD40, 0xFD20, 0xFD60, 0xFDA0, 0x89A0, 0x0001, 0x0025, 0x0025, 0x0000, 0x0000,
    0x0041, 0x0045, 0x39A0, 0xFE20, 0xFDA0, 0xFDA0, 0xFD80, 0xFDA0, 0xFD60, 0xFE00, 0xEBC0, 0x0800,
    0x00AC, 0x00AE, 0x00CF, 0x008B, 0x0000, 0x0000, 0x0000, 0x0000, 0x0000, 0x0000, 0x0000, 0x0000,
    0x0000, 0x0000, 0x0000, 0x0000, 0x0000, 0x0000, 0x0000, 0x0000, 0x0000, 0x0000, 0x0000, 0x0000,
    0x0000, 0x0000, 0x0000, 0x0000, 0x0000, 0x0000, 0x0000, 0x0000, 0x0000, 0x0000, 0x0000, 0x0000,
    0x0000, 0x0000, 0x0000, 0x0000, 0x0000, 0x0000, 0x0069, 0x0112, 0x00AB, 0x0089, 0x0089, 0x0089,
    0x00A9, 0x0089, 0x0088, 0x0067, 0x0067, 0x0067, 0x0047, 0x0046, 0x0024, 0x0024, 0x0045, 0x0024,
    0x0000, 0x6A20, 0xFCA0, 0xFC20, 0xF400, 0xEBA0, 0xEC20, 0xFCC0, 0xFC20, 0xFC80, 0xFCA0, 0xFCC0,
    0xFCA0, 0x80C0, 0x0003, 0x0006, 0x2960, 0xF460, 0xFBE0, 0xFC00, 0xFC00, 0xFC40, 0xFC60, 0xFC60,
    0x28A0, 0x0002, 0x0003, 0x0004, 0x0001, 0x9260, 0xFC00, 0xFC00, 0xFC40, 0xFC60, 0xFC60, 0xFC40,
    0xEB40, 0x2000, 0x0002, 0x41A0, 0xFC80, 0xFC40, 0xFC60, 0xFC80, 0xFCA0, 0xFCC0, 0xFCC0, 0xFCA0,
    0xFC60, 0xFC40, 0xFCA0, 0xFC80, 0xFC40, 0xFC20, 0xFC60, 0xFC80, 0xFC80, 0xFC40, 0xFC60, 0x81A0,
    0x0001, 0x0040, 0xC360, 0xFC60, 0xFC40, 0xF420, 0xDBC0, 0xFC80, 0xFC60, 0xFC20, 0xD2A0, 0x1821,
    0x0002, 0x5220, 0xFD00, 0xFC60, 0xFC80, 0xFC80, 0xFC60, 0xF460, 0xFBA0, 0x3020, 0x00AD, 0x004A,
    0x0881, 0xE3E1, 0xFC00, 0xFC60, 0xFC60, 0xFC60, 0xFDA0, 0xFC80, 0xFBE0, 0xFC40, 0xFC80, 0xFB80,
    0x4860, 0x0025, 0x0025, 0x0004, 0x0024, 0x0000, 0x0000, 0x0000, 0x0000, 0x0000, 0x0000, 0x0000,
    0x0000, 0x0000, 0x0000, 0x0000, 0x0000, 0x0000, 0x0000, 0x0000, 0x0000, 0x0022, 0x0068, 0x39C6,
    0xFD03, 0xFC60, 0xFCA0, 0xE420, 0xFC80, 0xFCC0, 0xFCE0, 0xDBE0, 0xE3E0, 0xFC60, 0xFC20, 0xFC40,
    0xFC40, 0xFC80, 0xFCA0, 0xFCA0, 0xFC80, 0xFC60, 0xFC40, 0xFC40, 0x8920, 0x0003, 0x0025, 0x0001,
    0x10A0, 0xDBE1, 0xFC60, 0xFC80, 0xD340, 0xDB60, 0xDAE0, 0xFAA0, 0x7080, 0x0001, 0x0861, 0xBAE1,
    0xEB00, 0xFC40, 0xFBA0, 0xFBA0, 0xFBE0, 0xFB60, 0x68A0, 0x0003, 0x0026, 0x0004, 0x0000, 0x0000,
    0x00A5, 0x0086, 0x9345, 0xFC80, 0xFC80, 0xFCA0, 0xFC40, 0xFC00, 0xF400, 0xFC40, 0x8900, 0x0026,
    0x00AD, 0x008B, 0x008D, 0x0023, 0x0000, 0x0000, 0x0000, 0x0000, 0x0000, 0x0000, 0x0000, 0x0000,
    0x0000, 0x0000, 0x0000, 0x0000, 0x0000, 0x0000, 0x0000, 0x0000, 0x0000, 0x0000, 0x0000, 0x0000,
    0x0000, 0x0000, 0x0000, 0x0000, 0x0000, 0x0000, 0x0000, 0x0000, 0x0000, 0x0000, 0x0000, 0x0000,
    0x0000, 0x0000, 0x0000, 0x0000, 0x0000, 0x0000, 0x0000, 0x0023, 0x0001, 0x0000, 0x0000, 0x0000,
    0x0000, 0x0000, 0x0000, 0x0000, 0x0000, 0x0000, 0x0000, 0x0000, 0x0000, 0x0000, 0x0000, 0x00A9,
    0x10E3, 0xD360, 0xFB60, 0xFBC0, 0xFC20, 0xE360, 0xEC60, 0xFCA0, 0xFC60, 0xFC60, 0xFC60, 0xFCC0,
    0xFBE0, 0x2800, 0x0026, 0x0001, 0x8280, 0xFC40, 0xFC00, 0xFC20, 0xFC00, 0xFC00, 0xFC80, 0xB320,
    0x0000, 0x0003, 0x0022, 0x0001, 0x10A0, 0xEC60, 0xFC20, 0xFC60, 0xFC20, 0xFC00, 0xFC00, 0xFCA0,
    0x99E0, 0x0001, 0x0001, 0x9B20, 0xFC00, 0xFC20, 0xFC60, 0xFC80, 0xFC80, 0xFC80, 0xFCC0, 0xFCA0,
    0xFC60, 0xFC60, 0xFC60, 0xFC40, 0xFC40, 0xFC40, 0xFC40, 0xFC00, 0xFC40, 0xFC80, 0xF3E0, 0x2840,
    0x0000, 0x9340, 0xFC60, 0xFBE0, 0xF400, 0xE3E0, 0xFD00, 0xFC80, 0xFC60, 0xE240, 0x1000, 0x0000,
    0x0000, 0xAC20, 0xFD00, 0xFC80, 0xFCA0, 0xFC80, 0xFC60, 0xFCE0, 0xBA00, 0x0003, 0x00CD, 0x0004,
    0x5226, 0xFC02, 0xF3E0, 0xFC80, 0xFCC0, 0xFC80, 0xFC40, 0xFC40, 0xFC20, 0xFC00, 0xFC80, 0xCA20,
    0x0000, 0x0045, 0x0003, 0x0002, 0x0000, 0x0000, 0x0000, 0x0000, 0x0000, 0x0000, 0x0000, 0x0000,
    0x0000, 0x0000, 0x0000, 0x0000, 0x0000, 0x0000, 0x0000, 0x0000, 0x0000, 0x00A6, 0x0024, 0x9B43,
    0xFC80, 0xF420, 0xFC60, 0xFC80, 0xFC80, 0xFC60, 0xFC80, 0xFC80, 0xFC60, 0xFC20, 0xF420, 0xFC80,
    0xFCC0, 0xFCA0, 0xFC60, 0xFC60, 0xFC60, 0xFC80, 0xFCC0, 0xF360, 0x1800, 0x0001, 0x0002, 0x0003,
    0xB448, 0xFC60, 0xE300, 0xBAA0, 0xCB00, 0xFC60, 0xEB00, 0xA8C0, 0x0000, 0x0000, 0x1082, 0xD222,
    0xFBA0, 0xFC40, 0xE320, 0xF360, 0xFBA0, 0xFB20, 0x6080, 0x0003, 0x0025, 0x0003, 0x0000, 0x0000,
    0x0066, 0x10E4, 0xF505, 0xFC80, 0xFC60, 0xFC40, 0xFC20, 0xFC40, 0xFCA0, 0xF340, 0x2000, 0x006A,
    0x008C, 0x008C, 0x0069, 0x0000, 0x0000, 0x0000, 0x0000, 0x0000, 0x0000, 0x0000, 0x0000, 0x0000,
    0x0000, 0x0000, 0x0000, 0x0000, 0x0000, 0x0000, 0x0000, 0x0000, 0x0000, 0x0000, 0x0000, 0x0000,
    0x0000, 0x0000, 0x0000, 0x0000, 0x0000, 0x0000, 0x0000, 0x0000, 0x0000, 0x0000, 0x0000, 0x0000,
    0x0000, 0x0000, 0x0000, 0x0085, 0x00EA, 0x00C9, 0x0088, 0x0066, 0x00C8, 0x00E9, 0x0109, 0x0108,
    0x0108, 0x00C8, 0x00A8, 0x00C9, 0x0109, 0x0129, 0x00E8, 0x00A8, 0x0088, 0x0088, 0x00EA, 0x0047,
    0x49E0, 0xFC60, 0xFC00, 0xFC00, 0xFBE0, 0xEBA0, 0xFD20, 0xFD00, 0xFCA0, 0xFCA0, 0xFCA0, 0xFCE0,
    0xA1C0, 0x0002, 0x0007, 0x08A0, 0xDBE0, 0xFC20, 0xFC60, 0xFC80, 0xFC80, 0xFC40, 0xFC40, 0x4920,
    0x0001, 0x0023, 0x0023, 0x0001, 0x6AA0, 0xFCA0, 0xFC40, 0xFC60, 0xFC60, 0xFC80, 0xFC80, 0xFC40,
    0x3880, 0x0001, 0x18C0, 0xF420, 0xFC20, 0xFC80, 0xFC80, 0xFCA0, 0xFCA0, 0xFC80, 0xE440, 0xF4A0,
    0xFCC0, 0xFCC0, 0xFCA0, 0xFC80, 0xFC60, 0xF420, 0xF400, 0xFC20, 0xF460, 0xFD00, 0xBA40, 0x0000,
    0x49E0, 0xFCE0, 0xFC40, 0xFC20, 0xD3A0, 0xEC80, 0xFD00, 0xFD20, 0xFCE0, 0x9220, 0x39C0, 0x49A0,
    0x4980, 0xECE0, 0xFD20, 0xFCE0, 0xFCE0, 0xFD00, 0xFD00, 0xFCA0, 0x5880, 0x0027, 0x0069, 0x0001,
    0xBC45, 0xFCE0, 0xFCA0, 0xFC80, 0xFCC0, 0xFCA0, 0xFCC0, 0xFCC0, 0xFCC0, 0xFCA0, 0xFC80, 0x68C0,
    0x0000, 0x0001, 0x0026, 0x0048, 0x008A, 0x00A9, 0x00A8, 0x0067, 0x0089, 0x00EA, 0x00E9, 0x0109,
    0x0149, 0x0129, 0x00E8, 0x00C9, 0x00E9, 0x0129, 0x0169, 0x0064, 0x0000, 0x00A8, 0x1924, 0xED02,
    0xFC80, 0xF440, 0xD380, 0xFCE0, 0xFD00, 0xFD00, 0xFCA0, 0xFC40, 0xFC60, 0xFCA0, 0xFCE0, 0xFD00,
    0xFCE0, 0xFCC0, 0xFCC0, 0xFCC0, 0xFCC0, 0xFCA0, 0xFCC0, 0xB1C0, 0x0001, 0x0023, 0x0000, 0x6283,
    0xFD03, 0xF460, 0xEC20, 0x9A60, 0xE460, 0xD340, 0xC200, 0x68E0, 0x39A0, 0x4980, 0x6A25, 0xEB64,
    0xF3C0, 0xFC20, 0xDB40, 0xCAA0, 0xFC00, 0xFBE0, 0x5060, 0x0003, 0x0004, 0x0002, 0x0000, 0x0063,
    0x0047, 0x6AC5, 0xFCE0, 0xFCC0, 0xFCC0, 0xFC80, 0xFC80, 0xFCA0, 0xFCE0, 0xA980, 0x0002, 0x008B,
    0x008C, 0x00AD, 0x0025, 0x0000, 0x0000, 0x0000, 0x0000, 0x0000, 0x0000, 0x0000, 0x0000, 0x0000,
    0x0000, 0x0000, 0x0000, 0x0000, 0x0000, 0x0000, 0x0000, 0x0000, 0x0000, 0x0000, 0x0000, 0x0000,
    0x0000, 0x0000, 0x0000, 0x0000, 0x0000, 0x0000, 0x0000, 0x0000, 0x0000, 0x0000, 0x0000, 0x0000,
    0x0000, 0x0000, 0x0065, 0x012F, 0x0065, 0x0045, 0x0024, 0x0024, 0x0065, 0x0065, 0x0065, 0x0065,
    0x0085, 0x0065, 0x0045, 0x0065, 0x0085, 0x0085, 0x0065, 0x0044, 0x0024, 0x0045, 0x0045, 0x0000,
    0xBAC0, 0xFAC0, 0xFAE0, 0xFB00, 0xFAE0, 0xF320, 0xFC00, 0xFC00, 0xFBC0, 0xFBA0, 0xFBC0, 0xFB40,
    0x3000, 0x0025, 0x0004, 0x59C0, 0xFBC0, 0xFB60, 0xFB40, 0xFB20, 0xFB60, 0xFB80, 0xE300, 0x1041,
    0x0003, 0x0002, 0x0002, 0x0040, 0xD380, 0xFBA0, 0xFB80, 0xFB80, 0xFBA0, 0xFB80, 0xFBC0, 0xC220,
    0x0001, 0x0002, 0x7260, 0xFBC0, 0xFBC0, 0xFBC0, 0xFBA0, 0xFBE0, 0xFBC0, 0xFC00, 0xFC20, 0xFC00,
    0xFC00, 0xFC20, 0xFC20, 0xFBE0, 0xFBA0, 0xFBA0, 0xFBA0, 0xFC00, 0xFC20, 0xFC20, 0x50A0, 0x18C0,
    0xEBE0, 0xFBC0, 0xFBE0, 0xEBA0, 0xF3C0, 0xFC00, 0xF3E0, 0xF3E0, 0xFBA0, 0xFC00, 0xFC60, 0xFCA0,
    0xFC00, 0xEB60, 0xFC20, 0xFC00, 0xF420, 0xFC20, 0xFC40, 0xDAC0, 0x0801, 0x008A, 0x0007, 0x3160,
    0xFCC0, 0xFC20, 0xFBE0, 0xFBC0, 0xFBA0, 0xEBC0, 0xF3E0, 0xFC20, 0xFC00, 0xFC40, 0xE320, 0x0800,
    0x0000, 0x0000, 0x0002, 0x0003, 0x0025, 0x0045, 0x0044, 0x0024, 0x0024, 0x0065, 0x0065, 0x0065,
    0x0085, 0x0085, 0x0065, 0x0045, 0x0065, 0x00A4, 0x00C5, 0x0022, 0x0045, 0x0005, 0x69E2, 0xFC01,
    0xFBC0, 0xFBC0, 0xEB40, 0xFBE0, 0xFBC0, 0xF3A0, 0x8200, 0x8A60, 0x8220, 0x92A0, 0x92C0, 0xDBC0,
    0xFBE0, 0xFBC0, 0xFBE0, 0xFBE0, 0xFBE0, 0xFBC0, 0xFB40, 0x4840, 0x0005, 0x0004, 0x3101, 0xF400,
    0xF340, 0xE2E0, 0xBA20, 0xD300, 0xFC80, 0xEB00, 0x90E0, 0x9900, 0xF360, 0xDAE0, 0xC1C0, 0xA940,
    0xCA40, 0xF380, 0xE300, 0xEB80, 0xF340, 0xF260, 0x2800, 0x0001, 0x0003, 0x0002, 0x0000, 0x0067,
    0x08A4, 0xDBE5, 0xFBC0, 0xFBC0, 0xFB80, 0xFB80, 0xFBA0, 0xFBC0, 0xFB20, 0x3800, 0x0048, 0x00AD,
    0x008C, 0x008B, 0x0000, 0x0000, 0x0000, 0x0000, 0x0000, 0x0000, 0x0000, 0x0000, 0x0000, 0x0000,
    0x0000, 0x0000, 0x0000, 0x0000, 0x0000, 0x0000, 0x0000, 0x0000, 0x0000, 0x0000, 0x0000, 0x0000,
    0x0000, 0x0000, 0x0000, 0x0000, 0x0000, 0x0000, 0x0000, 0x0000, 0x0000, 0x0000, 0x0000, 0x0000,
    0x0000, 0x0000, 0x00AC, 0x0022, 0x9140, 0xC140, 0xB160, 0x9140, 0xC200, 0xC1E0, 0xB980, 0xA120,
    0xB9C0, 0xCA40, 0xCA80, 0xA160, 0xC1E0, 0xC1C0, 0xA960, 0xB180, 0xC1C0, 0xC1C0, 0xC1C0, 0xC9E0,
    0xFA60, 0xF9E0, 0xF9C0, 0xF980, 0xF1C0, 0xFAC0, 0xFAA0, 0xFAA0, 0xFA40, 0xFA40, 0xFA80, 0xC920,
    0x0001, 0x0049, 0x0041, 0xC220, 0xFA00, 0xFA20, 0xFA20, 0xFA20, 0xF220, 0xFA60, 0x80C0, 0x0003,
    0x0024, 0x0023, 0x0001, 0x3920, 0xFA60, 0xFA40, 0xFA60, 0xFA80, 0xFA80, 0xF260, 0xFA80, 0x6880,
    0x0002, 0x0840, 0xD2A0, 0xFAC0, 0xF2E0, 0xF2C0, 0xF2C0, 0xF2C0, 0xF2E0, 0xB9A0, 0x8960, 0x91A0,
    0x8940, 0x8900, 0x8920, 0x9160, 0x9140, 0x8940, 0x8960, 0x8960, 0x8920, 0x58A0, 0x0000, 0xC2C0,
    0xFAE0, 0xFAC0, 0xE280, 0xE2A0, 0xFAC0, 0xFAC0, 0xF2C0, 0xFA40, 0xFA20, 0xFAA0, 0xFAE0, 0xFB00,
    0xFB20, 0xF320, 0xFAC0, 0xFAC0, 0xFB00, 0xFAE0, 0xFAA0, 0x80A0, 0x0026, 0x00CE, 0x0004, 0x91E0,
    0xFAC0, 0xFA60, 0xFA80, 0xFAC0, 0xFAA0, 0xEAC0, 0xFAC0, 0xFAE0, 0xFAC0, 0xFAA0, 0xEA80, 0xC220,
    0xC200, 0xC1E0, 0xC220, 0xC200, 0xC1C0, 0xC1C0, 0xC1E0, 0xC200, 0xC1E0, 0xC1C0, 0xC1C0, 0xC1C0,
    0xC1C0, 0xC1E0, 0xC1C0, 0xC1C0, 0xC180, 0xC200, 0x9920, 0x0000, 0x008E, 0x0064, 0xCB03, 0xFA20,
    0xFA40, 0xF260, 0xFAA0, 0xFA80, 0xFAC0, 0xC160, 0x0000, 0x0000, 0x0000, 0x0000, 0x0060, 0xDB00,
    0xFA60, 0xFA80, 0xFAA0, 0xFAA0, 0xFA80, 0xFAC0, 0xD980, 0x0000, 0x0002, 0x0043, 0xC348, 0xFA80,
    0xFA60, 0xC980, 0xD9E0, 0xFA80, 0xFA80, 0xFAE0, 0xC1A0, 0xF260, 0xD9A0, 0xA8E0, 0xC160, 0xA940,
    0xEAA0, 0xFB60, 0xD9C0, 0xFA20, 0xF200, 0xC8A0, 0x1800, 0x0001, 0x0003, 0x0001, 0x0042, 0x008A,
    0x59E0, 0xFB00, 0xFA60, 0xFA60, 0xFA20, 0xFA60, 0xF260, 0xFAC0, 0xC940, 0x0002, 0x00AE, 0x008C,
    0x00AC, 0x0047, 0x0000, 0x0000, 0x0000, 0x0000, 0x0000, 0x0000, 0x0000, 0x0000, 0x0000, 0x0000,
    0x0000, 0x0000, 0x0000, 0x0000, 0x0000, 0x0000, 0x0000, 0x0000, 0x0000, 0x0000, 0x0000, 0x0000,
    0x0000, 0x0000, 0x0000, 0x0000, 0x0000, 0x0000, 0x0000, 0x0000, 0x0000, 0x0000, 0x0000, 0x0000,
    0x0000, 0x0002, 0x004A, 0x48E0, 0xFA60, 0xD9A0, 0xE9C0, 0xF2C0, 0xF280, 0xEA80, 0xFAE0, 0xFAA0,
    0xFAC0, 0xFB00, 0xF2A0, 0xC9E0, 0xFAA0, 0xFAC0, 0xFAA0, 0xFA80, 0xFA80, 0xFA80, 0xFA80, 0xFA40,
    0xF9E0, 0xF9E0, 0xFA00, 0xFA40, 0xF2C0, 0xFB60, 0xFB00, 0xFAC0, 0xFA40, 0xFAA0, 0xFAC0, 0x6860,
    0x0025, 0x0005, 0x3140, 0xFAA0, 0xFA00, 0xFA40, 0xFA40, 0xFAA0, 0xFAC0, 0xF220, 0x2000, 0x0002,
    0x0003, 0x0003, 0x0000, 0xA2E0, 0xFAA0, 0xFA80, 0xFA80, 0xFA80, 0xFA80, 0xFAE0, 0xEA00, 0x1000,
    0x0001, 0x3960, 0xFAA0, 0xFA60, 0xFA80, 0xF2A0, 0xFAC0, 0xFAE0, 0xFAA0, 0x3020, 0x0001, 0x0000,
    0x0000, 0x0001, 0x0001, 0x0000, 0x0001, 0x0001, 0x0001, 0x0000, 0x0000, 0x0000, 0x9280, 0xFB40,
    0xFB00, 0xF2E0, 0xDA80, 0xFB20, 0xFB20, 0xFB00, 0xFAC0, 0xFAC0, 0xFAC0, 0xFAE0, 0xFB20, 0xFB20,
    0xFB40, 0xF340, 0xFB20, 0xFB20, 0xFB00, 0xFB20, 0xFAC0, 0x3000, 0x0048, 0x004B, 0x10E3, 0xE280,
    0xF9E0, 0xFA60, 0xFAE0, 0xFB00, 0xFAE0, 0xFB00, 0xFAE0, 0xFA80, 0xFAC0, 0xFAA0, 0xFAA0, 0xFAC0,
    0xFAE0, 0xFB00, 0xFB00, 0xFAC0, 0xFAA0, 0xFAA0, 0xFAC0, 0xFAC0, 0xFAC0, 0xFA80, 0xFAA0, 0xFAA0,
    0xFA80, 0xFAA0, 0xFAA0, 0xFAA0, 0xFAC0, 0xFAC0, 0xA0A0, 0x0005, 0x0009, 0x3940, 0xFAE0, 0xFA80,
    0xFAA0, 0xF280, 0xFAA0, 0xFAC0, 0xFAC0, 0x5860, 0x0024, 0x0024, 0x0022, 0x0000, 0x6A20, 0xFAE0,
    0xFA80, 0xFAC0, 0xFAE0, 0xFB00, 0xFAE0, 0xFAA0, 0x7860, 0x0002, 0x0000, 0x7221, 0xFAE2, 0xFA80,
    0xFAE0, 0xE280, 0xFAC0, 0xFAA0, 0xFAA0, 0xB9A0, 0xA940, 0xF220, 0xD1C0, 0xD9E0, 0xB920, 0x90E0,
    0xFAA0, 0xFAE0, 0xC180, 0xF1A0, 0xE980, 0xA880, 0x0800, 0x0003, 0x0004, 0x0001, 0x0045, 0x0044,
    0xBA80, 0xFAA1, 0xFAA0, 0xFAA0, 0xFA40, 0xFA60, 0xFAA0, 0xFAA0, 0x6040, 0x0047, 0x00AD, 0x008B,
    0x008B, 0x0002, 0x0000, 0x0000, 0x0000, 0x0000, 0x0000, 0x0000, 0x0000, 0x0000, 0x0000, 0x0000,
    0x0000, 0x0000, 0x0000, 0x0000, 0x0000, 0x0000, 0x0000, 0x0000, 0x0000, 0x0000, 0x0000, 0x0000,
    0x0000, 0x0000, 0x0000, 0x0000, 0x0000, 0x0000, 0x0000, 0x0000, 0x0000, 0x0000, 0x0000, 0x0000,
    0x0000, 0x00A9, 0x0025, 0x99C0, 0xF220, 0xE1C0, 0xA160, 0xEA60, 0x9940, 0xCA20, 0xFAC0, 0xF280,
    0xF2C0, 0xF2C0, 0x9940, 0xC9E0, 0xFAC0, 0xFAE0, 0xF2A0, 0xFAA0, 0xFA80, 0xFA40, 0xFA00, 0xFA20,
    0xFA40, 0xFA20, 0xFA40, 0xFA60, 0xFAA0, 0xFB60, 0xFAC0, 0xFA80, 0xFAA0, 0xFAE0, 0xEA20, 0x1000,
    0x0047, 0x0002, 0x9A40, 0xFA00, 0xFA20, 0xFA60, 0xFA80, 0xFAC0, 0xFAC0, 0x9120, 0x0000, 0x0000,
    0x0000, 0x0001, 0x2142, 0xF3A1, 0xFA40, 0xFA60, 0xFA80, 0xFAA0, 0xFA80, 0xFAC0, 0x88E0, 0x0001,
    0x0001, 0xA280, 0xFA60, 0xFA80, 0xFAA0, 0xFAA0, 0xFAA0, 0xFB00, 0xC9C0, 0x0002, 0x0068, 0x0001,
    0x0002, 0x0003, 0x0023, 0x0024, 0x0023, 0x0023, 0x0023, 0x0823, 0x0000, 0x4980, 0xFB40, 0xFAA0,
    0xFB20, 0xEAC0, 0xFAC0, 0xFB20, 0xFB20, 0xFAE0, 0xF2E0, 0xF300, 0xFAC0, 0xFAC0, 0xFAE0, 0xFB00,
    0xFB00, 0xFAE0, 0xFB20, 0xFB40, 0xFB40, 0xFB80, 0xC180, 0x0003, 0x008A, 0x0003, 0x5140, 0xFAE0,
    0xFA80, 0xFAA0, 0xFAC0, 0xFAE0, 0xFAE0, 0xFAE0, 0xFAC0, 0xFAC0, 0xFAA0, 0xFA80, 0xFAC0, 0xFAE0,
    0xF2C0, 0xFB00, 0xFB00, 0xFAA0, 0xF2A0, 0xFAA0, 0xFAA0, 0xFA80, 0xFA60, 0xFA60, 0xFA60, 0xFA60,
    0xFA60, 0xFA60, 0xFA80, 0xFAA0, 0xFAE0, 0xFAA0, 0x3800, 0x0003, 0x0001, 0x9A60, 0xFA80, 0xF2A0,
    0xFAA0, 0xFAC0, 0xFAC0, 0xFAE0, 0xEA00, 0x1000, 0x0048, 0x0025, 0x0002, 0x0020, 0xC260, 0xFA60,
    0xFB00, 0xFAE0, 0xF2C0, 0xF2C0, 0xFAC0, 0xF1E0, 0x2000, 0x0001, 0x28E0, 0xF2C0, 0xFA60, 0xFB00,
    0xF321, 0xFB60, 0xEAC0, 0xC180, 0xC160, 0xA100, 0xC980, 0xE220, 0xA100, 0x80A0, 0xC920, 0xA920,
    0xD1A0, 0xF260, 0x78C0, 0xE180, 0xE180, 0xD0E0, 0x1001, 0x0004, 0x0002, 0x0001, 0x0047, 0x2900,
    0xF2C0, 0xFAA0, 0xFAE0, 0xFAC0, 0xFAA0, 0xFA80, 0xFAE0, 0xE1C0, 0x0800, 0x0069, 0x0069, 0x008B,
    0x0068, 0x0000, 0x0000, 0x0000, 0x0000, 0x0000, 0x0000, 0x0000, 0x0000, 0x0000, 0x0000, 0x0000,
    0x0000, 0x0000, 0x0000, 0x0000, 0x0000, 0x0000, 0x0000, 0x0000, 0x0000, 0x0000, 0x0000, 0x0000,
    0x0000, 0x0000, 0x0000, 0x0000, 0x0000, 0x0000, 0x0000, 0x0000, 0x0000, 0x0000, 0x0000, 0x0000,
    0x0001, 0x00AC, 0x2080, 0xF260, 0xEA00, 0xD9C0, 0xB200, 0xFAC0, 0xE260, 0xEAA0, 0xE260, 0xFAE0,
    0xFB40, 0xD280, 0x9920, 0xFAE0, 0xFAE0, 0xFB20, 0xF2E0, 0xFAA0, 0xFA80, 0xFA80, 0xFA60, 0xFA60,
    0xFAA0, 0xFAC0, 0xFAC0, 0xFA60, 0xFA80, 0xF2C0, 0xFAC0, 0xFAC0, 0xFB20, 0xFB80, 0x90E0, 0x0004,
    0x0006, 0x1080, 0xEA80, 0xFA40, 0xFA80, 0xFAA0, 0xFAC0, 0xFAC0, 0xFAE0, 0xBA00, 0x91C0, 0x9A80,
    0xA320, 0x9A20, 0xC260, 0xFAE0, 0xFAC0, 0xFAC0, 0xFAC0, 0xFAC0, 0xFAE0, 0xF260, 0x2820, 0x0001,
    0x18C0, 0xF300, 0xFA80, 0xFAC0, 0xFAE0, 0xFB00, 0xFAE0, 0xFAC0, 0x58A0, 0x0025, 0x008B, 0x0047,
    0x0004, 0x0004, 0x0024, 0x0024, 0x0024, 0x0024, 0x0024, 0x0002, 0x2100, 0xE320, 0xFAC0, 0xFAC0,
    0xF2E0, 0xFB20, 0xFB20, 0xFB00, 0xFB00, 0xFB20, 0xFB20, 0xFB20, 0xFB00, 0xFB00, 0xFB20, 0xFB20,
    0xFB21, 0xFB40, 0xFB80, 0xFB60, 0xFB60, 0xFB60, 0x68A0, 0x0026, 0x0028, 0x0021, 0xB2C0, 0xFAE0,
    0xFB00, 0xFB00, 0xF2E0, 0xFB20, 0xFB40, 0xFB20, 0xFB00, 0xFAE0, 0xFB00, 0xFB20, 0xFB00, 0xFAE0,
    0xFB00, 0xFB20, 0xFB00, 0xFB00, 0xFB00, 0xFB00, 0xFB00, 0xFAC0, 0xFAA0, 0xFAC0, 0xFAC0, 0xFAA0,
    0xFAA0, 0xFAA0, 0xFAC0, 0xFAC0, 0xFB00, 0xC160, 0x0001, 0x0005, 0x1080, 0xEA60, 0xFA80, 0xFAE0,
    0xF300, 0xFB00, 0xF2C0, 0xFAC0, 0x80A0, 0x0002, 0x0048, 0x0048, 0x0002, 0x3980, 0xFAE0, 0xFAA0,
    0xFAA0, 0xE2A0, 0xF2E0, 0xFAE0, 0xFAE0, 0xA0C0, 0x0000, 0x0880, 0xC320, 0xFA60, 0xF2A0, 0xF2E0,
    0xE301, 0xFB20, 0xF2E0, 0xB160, 0xD9C0, 0xE1C0, 0xD9E0, 0xD9C0, 0xD9A0, 0xA100, 0xB160, 0xD200,
    0xE260, 0xC980, 0x7900, 0xD9E0, 0xE200, 0xC960, 0x0001, 0x0003, 0x0001, 0x0001, 0x0002, 0x8A20,
    0xFAC0, 0xFAE0, 0xFB20, 0xFAC0, 0xFAA0, 0xFAC0, 0xFB00, 0x80A0, 0x0003, 0x0069, 0x0069, 0x008B,
    0x0023, 0x0000, 0x0000, 0x0000, 0x0000, 0x0000, 0x0000, 0x0000, 0x0000, 0x0000, 0x0000, 0x0000,
    0x0000, 0x0000, 0x0000, 0x0000, 0x0000, 0x0000, 0x0000, 0x0000, 0x0000, 0x0000, 0x0000, 0x0000,
    0x0000, 0x0000, 0x0000, 0x0000, 0x0000, 0x0000, 0x0000, 0x0000, 0x0000, 0x0000, 0x0000, 0x0000,
    0x0047, 0x0047, 0x7040, 0xF9C0, 0xFA00, 0xB900, 0xC960, 0xF200, 0xFA20, 0xEA00, 0xD1E0, 0xEA40,
    0xFAE0, 0xD1C0, 0xE1E0, 0xFA60, 0xFA20, 0xFA20, 0xFA20, 0xFA20, 0xF9E0, 0xFA00, 0xFA00, 0xFA20,
    0xFA20, 0xFA00, 0xFA00, 0xFA00, 0xFA00, 0xF220, 0xFA60, 0xFA40, 0xFAA0, 0xFA40, 0x2800, 0x0026,
    0x0005, 0x69C0, 0xFA00, 0xF1E0, 0xFA20, 0xFA20, 0xFA20, 0xFA00, 0xF1E0, 0xFA40, 0xFA40, 0xFA80,
    0xFA80, 0xFA20, 0xF9E0, 0xFA00, 0xFA60, 0xFA80, 0xFA40, 0xF220, 0xFA80, 0xB140, 0x0001, 0x0001,
    0x71E0, 0xFA80, 0xF200, 0xFA20, 0xFA80, 0xFAC0, 0xFAA0, 0xD9A0, 0x0000, 0x0026, 0x008A, 0x00AB,
    0x0047, 0x0025, 0x0024, 0x0024, 0x0024, 0x0003, 0x0004, 0x0040, 0xBAA0, 0xFAA0, 0xFA60, 0xEA20,
    0xF220, 0xFA60, 0xFA60, 0xFA80, 0xF260, 0xE260, 0xE220, 0xD9C0, 0xDA00, 0xE260, 0xDA40, 0xFA20,
    0xFAA0, 0xFAC0, 0xFAA0, 0xFA80, 0xFA80, 0xE1C0, 0x1001, 0x0068, 0x0006, 0x3120, 0xFB00, 0xFA00,
    0xF240, 0xFA80, 0xFA80, 0xFA80, 0xF260, 0xFA80, 0xFA60, 0xFA80, 0xFAA0, 0xFAA0, 0xFA80, 0xFA60,
    0xFA40, 0xFA60, 0xFA60, 0xFA80, 0xFA80, 0xFA80, 0xFA60, 0xFA20, 0xFA20, 0xFA40, 0xFA40, 0xFA20,
    0xFA20, 0xFA20, 0xFA20, 0xF200, 0xFA00, 0x5840, 0x0001, 0x0002, 0x6A00, 0xFA80, 0xF200, 0xFA00,
    0xFA20, 0xFA40, 0xFA20, 0xF9A0, 0x2000, 0x0025, 0x0048, 0x0069, 0x0003, 0x9A40, 0xFA20, 0xF1E0,
    0xFA40, 0xFA60, 0xFA40, 0xF220, 0xF1E0, 0x3820, 0x0000, 0x7980, 0xFAC0, 0xFA60, 0xFA40, 0xD980,
    0xD9A0, 0xF9E0, 0xFA01, 0xD9C0, 0xC9C0, 0xB160, 0x9900, 0xC980, 0xB920, 0xA0E0, 0xB900, 0xF1C0,
    0xFA60, 0xE9A0, 0xE9A0, 0xE1E0, 0xE960, 0x9880, 0x0000, 0x0001, 0x0001, 0x0067, 0x10C1, 0xD1E0,
    0xE9A0, 0xF220, 0xFA00, 0xF1C0, 0xF9E0, 0xFA20, 0xF180, 0x2800, 0x0047, 0x0069, 0x0069, 0x0068,
    0x0000, 0x0000, 0x0000, 0x0000, 0x0000, 0x0000, 0x0000, 0x0000, 0x0000, 0x0000, 0x0000, 0x0000,
    0x0000, 0x0000, 0x0000, 0x0000, 0x0000, 0x0000, 0x0000, 0x0000, 0x0000, 0x0000, 0x0000, 0x0000,
    0x0000, 0x0000, 0x0000, 0x0000, 0x0000, 0x0000, 0x0000, 0x0000, 0x0000, 0x0000, 0x0000, 0x0000,
    0x0048, 0x0800, 0xC800, 0xF000, 0xE800, 0xB020, 0xE020, 0xF800, 0xF000, 0xD800, 0xC800, 0xF800,
    0xF800, 0xF800, 0xF800, 0xF000, 0xF001, 0xF001, 0xF001, 0xF001, 0xF001, 0xF800, 0xF001, 0xF801,
    0xF801, 0xF801, 0xF001, 0xF001, 0xF821, 0xF841, 0xF821, 0xF020, 0xF800, 0xA800, 0x0001, 0x0006,
    0x0042, 0xC8C0, 0xF801, 0xF001, 0xF801, 0xF801, 0xF001, 0xF001, 0xE000, 0xE800, 0xF000, 0xF000,
    0xF000, 0xF000, 0xF020, 0xF821, 0xF801, 0xF001, 0xF001, 0xF020, 0xF800, 0x5000, 0x0001, 0x0000,
    0xC840, 0xF801, 0xF001, 0xF001, 0xF801, 0xF001, 0xF801, 0x8800, 0x0044, 0x008A, 0x0089, 0x0089,
    0x0024, 0x0022, 0x0002, 0x0022, 0x0001, 0x0047, 0x0000, 0x7020, 0xF801, 0xF001, 0xF801, 0xD800,
    0xF000, 0xF800, 0xF000, 0xF001, 0x3800, 0x0000, 0x0800, 0x0800, 0x0800, 0x0000, 0x7920, 0xF821,
    0xF000, 0xF801, 0xF821, 0xF021, 0xF800, 0x7800, 0x0002, 0x004A, 0x0026, 0x8082, 0xF801, 0xF000,
    0xF001, 0xF021, 0xF841, 0xF820, 0xF800, 0xF000, 0xF800, 0xF821, 0xF821, 0xF821, 0xF821, 0xF801,
    0xF801, 0xF801, 0xF801, 0xF801, 0xF801, 0xF021, 0xF801, 0xF001, 0xF001, 0xF801, 0xF801, 0xF801,
    0xF801, 0xF801, 0xF801, 0xF800, 0xE000, 0x1000, 0x0004, 0x0021, 0xC100, 0xF821, 0xF041, 0xF801,
    0xF801, 0xF001, 0xF801, 0xC000, 0x0022, 0x0049, 0x0048, 0x0026, 0x0820, 0xD040, 0xF800, 0xF841,
    0xF861, 0xF041, 0xF000, 0xF800, 0xC800, 0x0000, 0x3840, 0xF880, 0xF020, 0xF840, 0xF860, 0xF881,
    0xE800, 0xF000, 0xE800, 0x2000, 0x0000, 0x0000, 0x0000, 0x0000, 0x0000, 0x2882, 0xC081, 0xF000,
    0xF800, 0xE800, 0xE800, 0xF000, 0xA800, 0x6000, 0x0001, 0x0002, 0x0002, 0x0003, 0x6180, 0xF860,
    0xE800, 0xF000, 0xD841, 0xF000, 0xE821, 0xF821, 0xA800, 0x0023, 0x0049, 0x0047, 0x0069, 0x0024,
    0x0000, 0x0000, 0x0000, 0x0000, 0x0000, 0x0000, 0x0000, 0x0000, 0x0000, 0x0000, 0x0000, 0x0000,
    0x0000, 0x0000, 0x0000, 0x0000, 0x0000, 0x0000, 0x0000, 0x0000, 0x0000, 0x0000, 0x0000, 0x0000,
    0x0000, 0x0000, 0x0000, 0x0000, 0x0000, 0x0000, 0x0000, 0x0000, 0x0000, 0x0000, 0x0000, 0x0003,
    0x0047, 0x5000, 0xE800, 0xF000, 0xD000, 0xC020, 0xF800, 0xF000, 0xE800, 0xE840, 0xF000, 0xF000,
    0xF000, 0xF000, 0xF000, 0xF800, 0xF001, 0xF021, 0xF821, 0xF821, 0xF001, 0xF001, 0xF801, 0xF001,
    0xF001, 0xF801, 0xF821, 0xF821, 0xF821, 0xF841, 0xF821, 0xF020, 0xF800, 0x4800, 0x0004, 0x0003,
    0x3900, 0xF880, 0xF000, 0xF820, 0xF021, 0xF021, 0xF041, 0xF861, 0xD000, 0xD800, 0xE800, 0xF000,
    0xF840, 0xF841, 0xF841, 0xF821, 0xF800, 0xF801, 0xF021, 0xF841, 0xD820, 0x0000, 0x0000, 0x38C2,
    0xF842, 0xF000, 0xF801, 0xF001, 0xF001, 0xF801, 0xF001, 0x2000, 0x0068, 0x00AB, 0x008A, 0x0066,
    0x0000, 0x0000, 0x0000, 0x0000, 0x0068, 0x0029, 0x4060, 0xF021, 0xF001, 0xF001, 0xE800, 0xF001,
    0xF821, 0xF021, 0xF800, 0x5800, 0x0000, 0x0003, 0x0002, 0x0001, 0x0001, 0x0880, 0xD920, 0xF800,
    0xF021, 0xF821, 0xF000, 0xF800, 0xF841, 0x3000, 0x0005, 0x0049, 0x0863, 0xC083, 0xF001, 0xF021,
    0xF841, 0xF041, 0xF021, 0xF820, 0xF820, 0xF821, 0xF821, 0xF821, 0xF821, 0xF821, 0xF821, 0xF021,
    0xF821, 0xF821, 0xF801, 0xF821, 0xF821, 0xF821, 0xF821, 0xF821, 0xF821, 0xF821, 0xF821, 0xF821,
    0xF821, 0xF821, 0xF001, 0xF821, 0x9820, 0x0023, 0x0006, 0x28C1, 0xF0A1, 0xF001, 0xF001, 0xF801,
    0xF821, 0xF021, 0xF821, 0x6000, 0x0046, 0x0049, 0x0047, 0x0002, 0x58A0, 0xF821, 0xF021, 0xF861,
    0xF061, 0xF020, 0xF840, 0xF861, 0x6000, 0x0000, 0xD0E0, 0xF860, 0xF020, 0xF800, 0xF000, 0xF881,
    0xF860, 0xF800, 0x4800, 0x0001, 0x0002, 0x0002, 0x0001, 0x0002, 0x0000, 0x5924, 0xE0A2, 0xD800,
    0xF000, 0xF000, 0xE820, 0xE000, 0xD800, 0x5820, 0x0002, 0x0003, 0x0002, 0x0020, 0xA8E2, 0xF000,
    0xE820, 0xE800, 0xE021, 0xF020, 0xF000, 0xF820, 0x4000, 0x0025, 0x0048, 0x0047, 0x0048, 0x0001,
    0x0000, 0x0000, 0x0000, 0x0000, 0x0000, 0x0000, 0x0000, 0x0000, 0x0000, 0x0000, 0x0000, 0x0000,
    0x0000, 0x0000, 0x0000, 0x0000, 0x0000, 0x0000, 0x0000, 0x0000, 0x0000, 0x0000, 0x0000, 0x0000,
    0x0000, 0x0000, 0x0000, 0x0000, 0x0000, 0x0000, 0x0000, 0x0000, 0x0000, 0x0000, 0x0000, 0x0088,
    0x0802, 0xC000, 0xE000, 0xD800, 0xD800, 0xD800, 0xE000, 0xF000, 0xE000, 0xE841, 0xF000, 0xE800,
    0xD800, 0xF800, 0xF001, 0xF001, 0xF001, 0xF842, 0xF841, 0xF821, 0xF021, 0xF001, 0xF801, 0xF801,
    0xF841, 0xF841, 0xF821, 0xF821, 0xF801, 0xF801, 0xF001, 0xF841, 0xD861, 0x0821, 0x0006, 0x0020,
    0xA160, 0xF801, 0xE801, 0xF001, 0xF001, 0xF021, 0xF021, 0xF021, 0xE801, 0xE801, 0xF001, 0xF021,
    0xF841, 0xF821, 0xF001, 0xF001, 0xF001, 0xF801, 0xF000, 0xF821, 0x7800, 0x0001, 0x0021, 0xA162,
    0xF801, 0xF001, 0xF001, 0xF801, 0xF021, 0xF821, 0xB800, 0x0022, 0x008A, 0x0068, 0x0069, 0x0022,
    0x0000, 0x0000, 0x0000, 0x0024, 0x00AE, 0x1880, 0xE080, 0xF801, 0xF001, 0xE801, 0xE800, 0xF801,
    0xF001, 0xF801, 0x9800, 0x0000, 0x0024, 0x0004, 0x0002, 0x0002, 0x0001, 0x5980, 0xF881, 0xF000,
    0xF000, 0xF000, 0xF021, 0xF821, 0xC020, 0x0023, 0x0049, 0x0003, 0x4020, 0xF002, 0xF001, 0xF021,
    0xF841, 0xF021, 0xF821, 0xF001, 0xF821, 0xF841, 0xF821, 0xF801, 0xF821, 0xF821, 0xF001, 0xF801,
    0xF821, 0xF801, 0xF821, 0xF821, 0xF821, 0xF821, 0xF821, 0xF821, 0xF821, 0xF021, 0xF821, 0xF821,
    0xF801, 0xF801, 0xF821, 0xF821, 0x3000, 0x0025, 0x0004, 0x8960, 0xF821, 0xF001, 0xF001, 0xF001,
    0xF821, 0xF841, 0xE821, 0x1000, 0x0048, 0x0048, 0x0006, 0x0040, 0xC160, 0xF801, 0xF001, 0xF801,
    0xF041, 0xF820, 0xF820, 0xF020, 0x0000, 0x8060, 0xF8A0, 0xF080, 0xF840, 0xF040, 0xF800, 0xF020,
    0xE000, 0x9000, 0x0001, 0x0005, 0x0005, 0x0003, 0x0002, 0x0002, 0x0001, 0x7040, 0xF000, 0xD800,
    0xF021, 0xD000, 0xE800, 0xE800, 0xE000, 0x3800, 0x0002, 0x0003, 0x0001, 0x30A0, 0xE881, 0xE000,
    0xF820, 0xF841, 0xF800, 0xF000, 0xF800, 0xC800, 0x0000, 0x0024, 0x0025, 0x0047, 0x0025, 0x0000,
    0x0000, 0x0000, 0x0000, 0x5A60, 0x5A60, 0x1080, 0x0800, 0x0000, 0x0000, 0x0000, 0x0000, 0x0000,
    0x0000, 0x0000, 0x0000, 0x0000, 0x0000, 0x0000, 0x0000, 0x0000, 0x0000, 0x0000, 0x0000, 0x0000,
    0x0000, 0x0000, 0x0000, 0x0000, 0x0000, 0x0000, 0x0000, 0x0000, 0x0000, 0x0000, 0x0022, 0x00C9,
    0x5000, 0xF001, 0xE001, 0xE001, 0xD000, 0xC000, 0xC000, 0xF801, 0xF041, 0xF000, 0xF801, 0xD000,
    0xE000, 0xF801, 0xF001, 0xF001, 0xF021, 0xF021, 0xF001, 0xF021, 0xE801, 0xF001, 0xF021, 0xF041,
    0xF041, 0xF021, 0xF021, 0xE801, 0xE801, 0xF001, 0xF021, 0xF841, 0x8040, 0x0046, 0x0006, 0x1840,
    0xE881, 0xE800, 0xE801, 0xF001, 0xF001, 0xE801, 0xE801, 0xE801, 0xF021, 0xF821, 0xF821, 0xF001,
    0xE801, 0xE801, 0xE801, 0xE801, 0xF001, 0xF001, 0xF821, 0xF821, 0x2821, 0x0001, 0x1841, 0xE882,
    0xF001, 0xF001, 0xF001, 0xF021, 0xF021, 0xF862, 0x5820, 0x0024, 0x0068, 0x0068, 0x0046, 0x0000,
    0x0000, 0x0000, 0x0022, 0x00EF, 0x0041, 0xA980, 0xF801, 0xE801, 0xE801, 0xE801, 0xF001, 0xF001,
    0xF801, 0xD820, 0x1020, 0x0025, 0x0026, 0x0025, 0x0003, 0x0003, 0x0002, 0xB903, 0xF800, 0xE801,
    0xF001, 0xF021, 0xE821, 0xF801, 0x6000, 0x0025, 0x0027, 0x0001, 0x9883, 0xF001, 0xF021, 0xF841,
    0xF021, 0xE801, 0xF001, 0xF021, 0xF041, 0xF041, 0xF021, 0xF021, 0xF001, 0xF001, 0xF001, 0xF021,
    0xF021, 0xF021, 0xF021, 0xF021, 0xF001, 0xF001, 0xF001, 0xF021, 0xF021, 0xF021, 0xF021, 0xF001,
    0xF001, 0xF021, 0xF821, 0xB000, 0x0000, 0x0004, 0x0040, 0xD900, 0xF801, 0xF001, 0xF021, 0xF021,
    0xE801, 0xF801, 0x9800, 0x0002, 0x0047, 0x0048, 0x0005, 0x3102, 0xF902, 0xF001, 0xF001, 0xF021,
    0xF021, 0xF021, 0xF820, 0x8000, 0x3000, 0xF840, 0xF020, 0xE020, 0xE020, 0xF020, 0xE820, 0xF800,
    0x9800, 0x0000, 0x0025, 0x0027, 0x0025, 0x0003, 0x0004, 0x0004, 0x0001, 0x90A4, 0xF800, 0xE000,
    0xE800, 0xE820, 0xF800, 0xF000, 0xC800, 0x1800, 0x0002, 0x0003, 0x0000, 0x9921, 0xF820, 0xF000,
    0xA800, 0xA000, 0xE800, 0xF820, 0xF800, 0x6000, 0x0001, 0x0004, 0x0026, 0x0047, 0x0002, 0x0000,
    0x0000, 0x1080, 0x8340, 0xFEC0, 0xFEA0, 0x9C20, 0x0000, 0x1060, 0x0000, 0x0000, 0x0000, 0x0000,
    0x0000, 0x0000, 0x0000, 0x0000, 0x0000, 0x0000, 0x0000, 0x0000, 0x0000, 0x0000, 0x0000, 0x0000,
    0x0000, 0x0000, 0x0000, 0x0000, 0x0000, 0x0000, 0x0000, 0x0000, 0x0000, 0x0000, 0x0068, 0x0023,
    0xA000, 0xF801, 0xE801, 0xA000, 0xD800, 0xF000, 0xD800, 0xE021, 0xF021, 0xF001, 0xE801, 0xC000,
    0xF801, 0xF801, 0xF801, 0xF821, 0xF822, 0xF801, 0xF801, 0xF802, 0xF802, 0xF801, 0xF842, 0xF842,
    0xF801, 0xF802, 0xF802, 0xF801, 0xF821, 0xF821, 0xF801, 0xC800, 0x1000, 0x0047, 0x0002, 0x7924,
    0xF822, 0xF801, 0xF801, 0xF801, 0xF801, 0xF801, 0xF801, 0xF801, 0xF821, 0xF821, 0xF821, 0xF801,
    0xF801, 0xF801, 0xF801, 0xF801, 0xF801, 0xF801, 0xF801, 0x8820, 0x0022, 0x0002, 0x8901, 0xF801,
    0xF801, 0xF801, 0xF821, 0xF841, 0xF821, 0xE001, 0x0800, 0x0046, 0x0047, 0x0089, 0x0024, 0x0000,
    0x0000, 0x0000, 0x00EA, 0x0085, 0x8940, 0xF841, 0xF800, 0xF801, 0xF801, 0xF801, 0xF801, 0xF801,
    0xF001, 0x3000, 0x0024, 0x0048, 0x0026, 0x0026, 0x0026, 0x0003, 0x38A0, 0xF862, 0xF801, 0xF801,
    0xF821, 0xF821, 0xF801, 0xE001, 0x1000, 0x0004, 0x0001, 0x20A3, 0xF8C4, 0xF800, 0xF801, 0xF021,
    0xF822, 0xF822, 0xF841, 0xF841, 0xF841, 0xF841, 0xF821, 0xF821, 0xF821, 0xF821, 0xF821, 0xF841,
    0xF821, 0xF821, 0xF821, 0xF821, 0xF821, 0xF821, 0xF821, 0xF821, 0xF821, 0xF821, 0xF801, 0xF821,
    0xF821, 0xF822, 0xF822, 0x5800, 0x0002, 0x0001, 0x6140, 0xF841, 0xF801, 0xF801, 0xF841, 0xF841,
    0xF821, 0xF801, 0x3000, 0x0025, 0x0047, 0x0048, 0x0023, 0xA1A2, 0xF801, 0xF801, 0xF801, 0xF821,
    0xF801, 0xF821, 0xF821, 0x6800, 0xD800, 0xF820, 0xE000, 0xB020, 0xF020, 0xF800, 0xF800, 0xE800,
    0x3800, 0x0001, 0x0005, 0x0047, 0x0048, 0x0003, 0x0022, 0x0024, 0x0001, 0x8863, 0xB800, 0xA800,
    0xB800, 0xB800, 0xB000, 0xB000, 0x9800, 0x0800, 0x0003, 0x0002, 0x0883, 0x98C4, 0x9000, 0x3800,
    0x2140, 0x2120, 0x2040, 0x6800, 0xB000, 0x1000, 0x0025, 0x0025, 0x0048, 0x0068, 0x0000, 0x2920,
    0xACA0, 0xDDA0, 0xFE60, 0xFE40, 0xFE80, 0xCD40, 0xA480, 0x49E0, 0x0000, 0x0000, 0x0000, 0x0000,
    0x0000, 0x0000, 0x0000, 0x0000, 0x0000, 0x0000, 0x0000, 0x0000, 0x0000, 0x0000, 0x0000, 0x0000,
    0x0000, 0x0000, 0x0000, 0x0000, 0x0000, 0x0000, 0x0000, 0x0000, 0x0000, 0x0000, 0x006A, 0x2000,
    0xD001, 0xF001, 0xE000, 0xE000, 0xF001, 0xE001, 0xE800, 0xE800, 0xE800, 0xF801, 0xE801, 0xD000,
    0xD000, 0xB000, 0xB800, 0xA800, 0xA801, 0xA801, 0xA801, 0xB001, 0xB821, 0xB001, 0xB001, 0xB001,
    0xB001, 0xA800, 0xA000, 0xA800, 0xB021, 0xB821, 0xA800, 0x1000, 0x0046, 0x0069, 0x0002, 0x5061,
    0xA020, 0x9000, 0x9000, 0x9000, 0x9800, 0x9000, 0x9000, 0x9000, 0x9000, 0x9000, 0x8800, 0x8800,
    0x9000, 0x9000, 0x9000, 0x9000, 0x9001, 0x9800, 0x5800, 0x0000, 0x0003, 0x0020, 0x80E0, 0xA000,
    0x9000, 0x9800, 0x9800, 0x9000, 0x9800, 0x5800, 0x0023, 0x0069, 0x0048, 0x0069, 0x0001, 0x0000,
    0x0000, 0x0000, 0x0000, 0x1020, 0x9880, 0x9800, 0x9000, 0x8800, 0x9800, 0x9000, 0x9000, 0x9800,
    0x5000, 0x0001, 0x0047, 0x0068, 0x0069, 0x0069, 0x0023, 0x0001, 0x4880, 0x9800, 0x8800, 0x9800,
    0x9821, 0x9800, 0xA001, 0x5800, 0x0000, 0x0026, 0x0004, 0x1820, 0x9000, 0x9000, 0x8800, 0x8000,
    0x8800, 0x9000, 0x9820, 0x9800, 0x9000, 0x9000, 0x9000, 0x9000, 0x9000, 0x9800, 0x9000, 0x9000,
    0x9000, 0x9000, 0x9000, 0x9000, 0x9000, 0x9000, 0x9800, 0x9000, 0x9000, 0x9000, 0x9000, 0x9800,
    0x9000, 0x9000, 0x9000, 0x1000, 0x0026, 0x0001, 0x58C0, 0x9800, 0x9000, 0x9000, 0x8800, 0x8800,
    0x9800, 0x8000, 0x0022, 0x0047, 0x0068, 0x0047, 0x0020, 0x7880, 0x9000, 0x8800, 0x8800, 0x9800,
    0x9800, 0x9800, 0x5800, 0x5820, 0xA820, 0x7800, 0x1000, 0x1800, 0x6800, 0x9820, 0x9800, 0x6000,
    0x0001, 0x0004, 0x0004, 0x0026, 0x0048, 0x0020, 0x0000, 0x0000, 0x0000, 0x0000, 0x0000, 0x0000,
    0x0000, 0x0000, 0x0000, 0x0000, 0x0000, 0x0001, 0x0026, 0x0004, 0x0000, 0x0860, 0x2160, 0x7340,
    0xFE40, 0xFE80, 0x7B80, 0x2160, 0x1080, 0x0002, 0x0048, 0x0026, 0x0046, 0x0023, 0x0000, 0xBCE0,
    0xFEC0, 0xFE40, 0xFE40, 0xFE40, 0xFE20, 0xFE20, 0xFF00, 0x5A60, 0x0000, 0x0000, 0x0000, 0x0000,
    0x0000, 0x0000, 0x0000, 0x0000, 0x0000, 0x0000, 0x0000, 0x0000, 0x0000, 0x0000, 0x0000, 0x0000,
    0x0000, 0x0000, 0x0000, 0x0000, 0x0000, 0x0000, 0x0000, 0x0000, 0x0000, 0x0046, 0x0025, 0x6800,
    0xE801, 0xE801, 0xE001, 0xF022, 0xF802, 0xF001, 0xC800, 0xD000, 0xF000, 0xF800, 0xD800, 0x5000,
    0x0000, 0x0000, 0x0000, 0x0000, 0x0000, 0x0000, 0x0000, 0x0000, 0x0000, 0x0000, 0x0000, 0x0000,
    0x0000, 0x0001, 0x0001, 0x0001, 0x0000, 0x0000, 0x0001, 0x0068, 0x00AD, 0x008C, 0x0046, 0x0001,
    0x0001, 0x0001, 0x0000, 0x0000, 0x0000, 0x0000, 0x0000, 0x0000, 0x0000, 0x0000, 0x0000, 0x0000,
    0x0001, 0x0001, 0x0000, 0x0000, 0x0000, 0x0000, 0x0000, 0x0047, 0x0047, 0x0001, 0x0001, 0x0001,
    0x0001, 0x0000, 0x0000, 0x0000, 0x0000, 0x0000, 0x0068, 0x008B, 0x008A, 0x0046, 0x0000, 0x0000,
    0x0000, 0x0000, 0x0021, 0x0023, 0x0002, 0x0022, 0x0001, 0x0000, 0x0000, 0x0001, 0x0000, 0x0001,
    0x0002, 0x0068, 0x0068, 0x0048, 0x0069, 0x0045, 0x0000, 0x0000, 0x0001, 0x0001, 0x0001, 0x0000,
    0x0000, 0x0000, 0x0000, 0x0002, 0x0068, 0x0048, 0x0026, 0x0001, 0x0000, 0x0000, 0x0001, 0x0001,
    0x0001, 0x0001, 0x0000, 0x0000, 0x0000, 0x0000, 0x0000, 0x0001, 0x0000, 0x0000, 0x0000, 0x0000,
    0x0000, 0x0000, 0x0000, 0x0000, 0x0001, 0x0000, 0x0000, 0x0000, 0x0000, 0x0000, 0x0000, 0x0000,
    0x0000, 0x0001, 0x0000, 0x0003, 0x0049, 0x0025, 0x0000, 0x0001, 0x0001, 0x0000, 0x0000, 0x0000,
    0x0001, 0x0000, 0x0001, 0x0001, 0x0002, 0x0003, 0x0000, 0x0000, 0x0001, 0x0001, 0x0000, 0x0000,
    0x0000, 0x0000, 0x0000, 0x0000, 0x0000, 0x08A0, 0xB500, 0x8BE0, 0x29A0, 0x0000, 0x0000, 0x0000,
    0x0046, 0x0048, 0x0025, 0x0025, 0x0002, 0x0000, 0x41C0, 0xBD00, 0xBD00, 0x7B00, 0x0001, 0x0002,
    0x0002, 0x0002, 0x0002, 0x0003, 0x0003, 0x0004, 0x0048, 0x0002, 0x3980, 0xDDE0, 0xFE60, 0xFEA0,
    0xFE40, 0xFE20, 0xDDA0, 0xC540, 0x0840, 0x0005, 0x0047, 0x0026, 0x0026, 0x0000, 0x8BC0, 0xFEA0,
    0xFE00, 0xFE20, 0xFE40, 0xFE40, 0xFE20, 0xFE20, 0xFE80, 0x41C0, 0x1800, 0x0000, 0x0000, 0x0000,
    0x0000, 0x0000, 0x0000, 0x0000, 0x0000, 0x0000, 0x0000, 0x0000, 0x0000, 0x0000, 0x0000, 0x0000,
    0x0000, 0x0000, 0x0000, 0x0000, 0x0000, 0x0000, 0x0000, 0x0000, 0x0000, 0x008A, 0x1800, 0xC800,
    0xF001, 0xF001, 0xE801, 0xF022, 0xF001, 0xE801, 0xE001, 0xF801, 0xF800, 0xB000, 0x2800, 0x0043,
    0x0024, 0x0002, 0x0002, 0x0003, 0x0023, 0x0024, 0x0024, 0x0024, 0x0004, 0x0004, 0x0024, 0x0024,
    0x0024, 0x0024, 0x0025, 0x0025, 0x0025, 0x0025, 0x0025, 0x0069, 0x008C, 0x008B, 0x0026, 0x0003,
    0x0026, 0x0004, 0x0003, 0x0003, 0x0003, 0x0023, 0x0024, 0x0024, 0x0024, 0x0024, 0x0024, 0x0024,
    0x0024, 0x0024, 0x0024, 0x0024, 0x0024, 0x0023, 0x0002, 0x0046, 0x0046, 0x0046, 0x0067, 0x0047,
    0x0024, 0x0023, 0x0023, 0x0023, 0x0023, 0x0002, 0x0067, 0x008A, 0x008A, 0x0022, 0x0000, 0x0000,
    0x0000, 0x0000, 0x0024, 0x008B, 0x0069, 0x0047, 0x0025, 0x0004, 0x0025, 0x0025, 0x0024, 0x0024,
    0x0045, 0x008C, 0x008B, 0x006A, 0x0047, 0x0000, 0x0000, 0x0000, 0x0047, 0x0048, 0x0025, 0x0003,
    0x0003, 0x0002, 0x0024, 0x0025, 0x008C, 0x008C, 0x0048, 0x0001, 0x0002, 0x0003, 0x0025, 0x0026,
    0x0026, 0x0025, 0x0024, 0x0024, 0x0024, 0x0024, 0x0025, 0x0025, 0x0024, 0x0024, 0x0024, 0x0024,
    0x0024, 0x0024, 0x0025, 0x0025, 0x0024, 0x0024, 0x0004, 0x0024, 0x0024, 0x0025, 0x0004, 0x0004,
    0x0024, 0x0024, 0x0024, 0x0046, 0x006A, 0x0046, 0x0025, 0x0025, 0x0004, 0x0003, 0x0004, 0x0002,
    0x0001, 0x0800, 0x7300, 0xC540, 0x9400, 0x1080, 0x0840, 0x0003, 0x0005, 0x0004, 0x0004, 0x0004,
    0x0003, 0x0003, 0x0000, 0x3960, 0x6AE0, 0xD560, 0xFEC0, 0xFF20, 0x9C20, 0x41C0, 0x18A0, 0x0001,
    0x0025, 0x0047, 0x0047, 0x0005, 0x0800, 0x5A80, 0xEE00, 0xFEA0, 0xFEE0, 0xDDA0, 0x4A00, 0x3980,
    0x0860, 0x0003, 0x0004, 0x0004, 0x0004, 0x0025, 0x0006, 0x18C0, 0xDDC0, 0xFE80, 0xFE40, 0xFE40,
    0xFE40, 0xF600, 0xFE80, 0xB480, 0x0000, 0x0003, 0x0026, 0x0046, 0x0003, 0x5A60, 0xFEA0, 0xFE40,
    0xFE40, 0xFE20, 0xFE40, 0xFE40, 0xFE40, 0xFE40, 0xE5E0, 0x1080, 0x3800, 0x0800, 0x0000, 0x0000,
    0x0000, 0x0000, 0x0000, 0x0000, 0x0000, 0x0000, 0x0000, 0x0000, 0x0000, 0x0000, 0x0000, 0x0000,
    0x0000, 0x0000, 0x0000, 0x0000, 0x0000, 0x0000, 0x0000, 0x0000, 0x0025, 0x0048, 0x7800, 0xF801,
    0xE801, 0xE801, 0xE801, 0xF001, 0xF001, 0xE801, 0xF801, 0xE000, 0x5800, 0x0042, 0x0066, 0x0026,
    0x0003, 0x0002, 0x0002, 0x0003, 0x0024, 0x0024, 0x0004, 0x0024, 0x0024, 0x0024, 0x0004, 0x0025,
    0x0025, 0x0025, 0x0025, 0x0025, 0x0046, 0x0046, 0x0025, 0x0025, 0x008C, 0x00AF, 0x0047, 0x0000,
    0x0004, 0x0003, 0x0024, 0x0024, 0x0024, 0x0024, 0x0025, 0x0025, 0x0024, 0x0025, 0x0025, 0x0025,
    0x0024, 0x0003, 0x0003, 0x0024, 0x0024, 0x0024, 0x0003, 0x0045, 0x008A, 0x0024, 0x0045, 0x0046,
    0x0025, 0x0024, 0x0024, 0x0024, 0x0024, 0x0024, 0x0067, 0x00AE, 0x0047, 0x0000, 0x0000, 0x0000,
    0x0000, 0x0000, 0x0000, 0x0068, 0x0068, 0x0025, 0x0045, 0x0046, 0x0025, 0x0045, 0x0025, 0x0025,
    0x0024, 0x0048, 0x008C, 0x008B, 0x0001, 0x0000, 0x0000, 0x0000, 0x0023, 0x0026, 0x0025, 0x0024,
    0x0024, 0x0024, 0x0025, 0x0025, 0x0047, 0x008B, 0x0025, 0x0000, 0x0024, 0x0027, 0x0026, 0x0005,
    0x0005, 0x0005, 0x0025, 0x0024, 0x0025, 0x0025, 0x0025, 0x0025, 0x0025, 0x0024, 0x0024, 0x0025,
    0x0025, 0x0025, 0x0025, 0x0024, 0x0004, 0x0004, 0x0025, 0x0025, 0x0025, 0x0025, 0x0025, 0x0025,
    0x0025, 0x0025, 0x0025, 0x0004, 0x004A, 0x0047, 0x0003, 0x0025, 0x0004, 0x0025, 0x0003, 0x2940,
    0x83A0, 0xC500, 0xFE80, 0xFE80, 0xF600, 0xA4A0, 0x5A60, 0x0002, 0x0025, 0x0004, 0x0024, 0x0024,
    0x0025, 0x0001, 0x6AE0, 0xF680, 0xFEA0, 0xFE60, 0xFE20, 0xFE20, 0xEDE0, 0xEE40, 0x20E0, 0x0003,
    0x0024, 0x0048, 0x0048, 0x0001, 0x4200, 0xFEE0, 0xFE20, 0xFE20, 0xFE20, 0xF600, 0xF640, 0xE600,
    0x20E0, 0x0005, 0x0026, 0x0025, 0x0024, 0x0024, 0x0000, 0xB4A0, 0xFEC0, 0xFE20, 0xFE20, 0xFE40,
    0xFE40, 0xFE20, 0xFE80, 0x6AE0, 0x1000, 0x0821, 0x0046, 0x0005, 0x18C0, 0xF640, 0xFE20, 0xFE20,
    0xFE40, 0xFE20, 0xFE40, 0xFE40, 0xFE20, 0xFE80, 0xBD00, 0x0800, 0x3000, 0x0000, 0x0000, 0x0000,
    0x0000, 0x0000, 0x0000, 0x0000, 0x0000, 0x0000, 0x0000, 0x0000, 0x0000, 0x0000, 0x0000, 0x0000,
    0x0000, 0x0000, 0x0000, 0x0000, 0x0000, 0x0000, 0x0000, 0x0000, 0x0049, 0x0001, 0xC800, 0xF001,
    0xE801, 0xF001, 0xE801, 0xE802, 0xF001, 0xF800, 0x9000, 0x1021, 0x0085, 0x0046, 0x0003, 0x0002,
    0x0003, 0x0023, 0x0023, 0x0024, 0x0024, 0x0024, 0x0025, 0x0025, 0x0025, 0x0025, 0x0026, 0x0026,
    0x0046, 0x0047, 0x0047, 0x0047, 0x0046, 0x0046, 0x0046, 0x0025, 0x008B, 0x00AE, 0x0000, 0x0000,
    0x0023, 0x0026, 0x0025, 0x0025, 0x0025, 0x0026, 0x0026, 0x0046, 0x0026, 0x0026, 0x0026, 0x0025,
    0x0025, 0x0026, 0x0025, 0x0025, 0x0024, 0x0024, 0x0004, 0x0025, 0x008C, 0x0002, 0x0023, 0x0069,
    0x0047, 0x0026, 0x0026, 0x0025, 0x0025, 0x0025, 0x0025, 0x00AD, 0x0044, 0x0000, 0x0000, 0x0000,
    0x0000, 0x0000, 0x0000, 0x0045, 0x008A, 0x0046, 0x0047, 0x0048, 0x0047, 0x0047, 0x0047, 0x0047,
    0x0046, 0x0046, 0x00AE, 0x0045, 0x0000, 0x0000, 0x0000, 0x0000, 0x0000, 0x0025, 0x0046, 0x0047,
    0x0047, 0x0047, 0x0046, 0x0025, 0x0024, 0x0069, 0x0022, 0x0000, 0x0023, 0x0048, 0x0026, 0x0026,
    0x0026, 0x0026, 0x0026, 0x0046, 0x0047, 0x0026, 0x0026, 0x0026, 0x0025, 0x0026, 0x0046, 0x0026,
    0x0026, 0x0025, 0x0025, 0x0025, 0x0026, 0x0026, 0x0026, 0x0026, 0x0025, 0x0003, 0x0002, 0x0002,
    0x0002, 0x0025, 0x0025, 0x0003, 0x0028, 0x0048, 0x0000, 0x0025, 0x0048, 0x0005, 0x1080, 0xD5A0,
    0xFEC0, 0xFE80, 0xFE20, 0xFE00, 0xF5C0, 0xFEE0, 0x4A00, 0x0001, 0x0045, 0x0025, 0x0025, 0x0046,
    0x0004, 0x3980, 0xFE80, 0xFE60, 0xFE00, 0xFE40, 0xFE60, 0xFE40, 0xFE60, 0xEE00, 0x20C0, 0x0002,
    0x0024, 0x0025, 0x0024, 0x0000, 0xAC60, 0xFE80, 0xFE20, 0xFE40, 0xFE40, 0xFE40, 0xFE20, 0xFEA0,
    0x4A00, 0x0003, 0x0025, 0x0003, 0x0023, 0x0000, 0x8BA0, 0xFEA0, 0xFE20, 0xFE40, 0xFE20, 0xFE40,
    0xFE40, 0xFE40, 0xF600, 0x18A0, 0x2800, 0x1801, 0x0024, 0x0001, 0x7B40, 0xFEC0, 0xFE20, 0xFE40,
    0xFE40, 0xFE40, 0xFE40, 0xFE20, 0xFE20, 0xFEC0, 0x83C0, 0x1000, 0x2800, 0x0000, 0x0000, 0x0000,
    0x0000, 0x0000, 0x0000, 0x0000, 0x0000, 0x0000, 0x0000, 0x0000, 0x0000, 0x0000, 0x0000, 0x0000,
    0x0000, 0x0000, 0x0000, 0x0000, 0x0000, 0x0000, 0x0000, 0x0023, 0x0069, 0x4800, 0xE802, 0xE002,
    0xF001, 0xF001, 0xF801, 0xF801, 0xC000, 0x3800, 0x0022, 0x0067, 0x0046, 0x0004, 0x0023, 0x0023,
    0x0024, 0x0024, 0x0023, 0x0022, 0x0023, 0x0023, 0x0023, 0x0023, 0x0023, 0x0024, 0x0024, 0x0024,
    0x0024, 0x0024, 0x0045, 0x0024, 0x0023, 0x0023, 0x0024, 0x0044, 0x0067, 0x0025, 0x0000, 0x0000,
    0x0002, 0x0024, 0x0002, 0x0023, 0x0024, 0x0024, 0x0024, 0x0024, 0x0024, 0x0024, 0x0024, 0x0024,
    0x0024, 0x0024, 0x0023, 0x0023, 0x0003, 0x0022, 0x0022, 0x0023, 0x0024, 0x0000, 0x0000, 0x0045,
    0x0024, 0x0023, 0x0024, 0x0023, 0x0023, 0x0024, 0x0023, 0x0025, 0x0001, 0x0000, 0x0000, 0x0000,
    0x0000, 0x0000, 0x0000, 0x0000, 0x0046, 0x0046, 0x0045, 0x0045, 0x0045, 0x0024, 0x0045, 0x0045,
    0x0024, 0x0045, 0x0046, 0x0000, 0x0000, 0x0000, 0x0000, 0x0000, 0x0000, 0x0023, 0x0024, 0x0025,
    0x0025, 0x0025, 0x0024, 0x0023, 0x0024, 0x0045, 0x0000, 0x0000, 0x0000, 0x0023, 0x0023, 0x0024,
    0x0024, 0x0024, 0x0025, 0x0025, 0x0024, 0x0024, 0x0024, 0x0024, 0x0024, 0x0024, 0x0024, 0x0024,
    0x0023, 0x0023, 0x0023, 0x0024, 0x0024, 0x0024, 0x0024, 0x0004, 0x0001, 0x18A0, 0x7B40, 0x8BA0,
    0x2900, 0x0001, 0x0003, 0x0003, 0x0003, 0x0002, 0x0000, 0x0022, 0x0045, 0x0001, 0xAC80, 0xFEC0,
    0xFE00, 0xFE20, 0xFE40, 0xFE40, 0xFE40, 0xEDE0, 0x20C0, 0x1000, 0x0024, 0x0024, 0x0023, 0x0002,
    0x20E0, 0xE5E0, 0xFE80, 0xFE40, 0xFE20, 0xFE40, 0xFE40, 0xFE20, 0xFE60, 0xCD60, 0x1800, 0x3001,
    0x0001, 0x0001, 0x0000, 0x5240, 0xFE60, 0xFE40, 0xFE40, 0xFE40, 0xFE40, 0xFE40, 0xFE20, 0xFEA0,
    0x5A60, 0x0000, 0x0000, 0x0000, 0x0000, 0x7B60, 0xFE80, 0xFE20, 0xFE40, 0xFE60, 0xFE40, 0xFE40,
    0xFE20, 0xFEA0, 0xA440, 0x0800, 0x3800, 0x0801, 0x0001, 0x62A0, 0xF640, 0xFE40, 0xFE60, 0xFE40,
    0xFE40, 0xFE20, 0xFE40, 0xFE40, 0xFE60, 0xEE40, 0x3180, 0x2800, 0x1800, 0x0000, 0x0000, 0x0000,
    0x0000, 0x0000, 0x0000, 0x0000, 0x0000, 0x0000, 0x0000, 0x0000, 0x0000, 0x0000, 0x0000, 0x0000,
    0x0000, 0x0000, 0x0000, 0x0000, 0x0000, 0x0000, 0x0000, 0x0069, 0x0023, 0xA000, 0xF002, 0xE001,
    0xE801, 0xF801, 0xF000, 0x8000, 0x0821, 0x0086, 0x0046, 0x0004, 0x0003, 0x0023, 0x0023, 0x0024,
    0x0024, 0x0022, 0x0000, 0x0000, 0x0000, 0x0000, 0x0000, 0x0000, 0x0000, 0x0000, 0x0000, 0x0000,
    0x0000, 0x0000, 0x0000, 0x0000, 0x0000, 0x0000, 0x0000, 0x0000, 0x0000, 0x0000, 0x0000, 0x0000,
    0x0000, 0x0000, 0x0000, 0x0000, 0x0000, 0x0000, 0x0000, 0x0000, 0x0000, 0x0000, 0x0000, 0x0000,
    0x0000, 0x0000, 0x0000, 0x0000, 0x0000, 0x0000, 0x0000, 0x0000, 0x0000, 0x0000, 0x0000, 0x0000,
    0x0000, 0x0000, 0x0000, 0x0000, 0x0000, 0x0000, 0x0000, 0x0000, 0x0000, 0x0000, 0x0000, 0x0000,
    0x0000, 0x0000, 0x0000, 0x0000, 0x0000, 0x0000, 0x0000, 0x0000, 0x0000, 0x0000, 0x0000, 0x0000,
    0x0000, 0x0000, 0x0000, 0x0000, 0x0000, 0x0000, 0x0000, 0x0000, 0x0000, 0x0000, 0x0000, 0x0000,
    0x0000, 0x0000, 0x0000, 0x0000, 0x0000, 0x0000, 0x0000, 0x0000, 0x0000, 0x0000, 0x0000, 0x0000,
    0x0000, 0x0000, 0x0000, 0x0000, 0x0000, 0x0000, 0x0000, 0x0000, 0x0000, 0x0000, 0x0000, 0x0000,
    0x0000, 0x0000, 0x0000, 0x0000, 0x0000, 0x0000, 0x0000, 0x0000, 0x3980, 0xE5E0, 0xFE80, 0xFEE0,
    0x8BC0, 0x2900, 0x2920, 0x0000, 0x0000, 0x0000, 0x0000, 0x0000, 0x0000, 0x6280, 0xFEA0, 0xFE20,
    0xFE40, 0xFE40, 0xFE40, 0xFE20, 0xFEA0, 0x9C20, 0x0000, 0x3000, 0x0000, 0x0000, 0x0000, 0x0820,
    0xC520, 0xFEA0, 0xFE20, 0xFE20, 0xFE20, 0xFE40, 0xFE40, 0xFE20, 0xFEA0, 0x9C20, 0x1000, 0x3000,
    0x0000, 0x0000, 0x18A0, 0xEE20, 0xFE60, 0xFE20, 0xFE20, 0xFE40, 0xFE20, 0xFE40, 0xFE20, 0xFEA0,
    0x5220, 0x1800, 0x0820, 0x0000, 0x6AE0, 0xFEC0, 0xFE00, 0xFE20, 0xFE40, 0xFE60, 0xFE40, 0xFE40,
    0xFE40, 0xFE60, 0x39A0, 0x1800, 0x2820, 0x0000, 0x20E0, 0xEE00, 0xFE40, 0xFE20, 0xFE40, 0xFE40,
    0xFE40, 0xFE40, 0xFE40, 0xFE40, 0xFE60, 0xC560, 0x1060, 0x3000, 0x0800, 0x0000, 0x0000, 0x0000,
    0x0000, 0x0000, 0x0000, 0x0000, 0x0000, 0x0000, 0x0000, 0x0000, 0x0000, 0x0000, 0x0000, 0x0000,
    0x0000, 0x0000, 0x0000, 0x0000, 0x0000, 0x0000, 0x0001, 0x0049, 0x2800, 0xE801, 0xF001, 0xF001,
    0xF801, 0xB800, 0x3000, 0x0044, 0x0088, 0x0046, 0x0004, 0x0025, 0x0024, 0x0024, 0x0045, 0x0023,
    0x0001, 0x0000, 0x0000, 0x0000, 0x0800, 0x1000, 0x1000, 0x1000, 0x1800, 0x1800, 0x1800, 0x1800,
    0x1800, 0x1800, 0x1800, 0x1800, 0x2000, 0x2000, 0x2000, 0x2000, 0x2000, 0x2000, 0x3000, 0x3800,
    0x3000, 0x2800, 0x3000, 0x3000, 0x2800, 0x2000, 0x2800, 0x2800, 0x2800, 0x2800, 0x2800, 0x3000,
    0x3000, 0x3000, 0x3000, 0x3800, 0x3800, 0x3800, 0x3800, 0x3800, 0x3800, 0x4800, 0x4800, 0x4000,
    0x3800, 0x4000, 0x4000, 0x4000, 0x4000, 0x4000, 0x4000, 0x4800, 0x4000, 0x4000, 0x4800, 0x5000,
    0x5000, 0x5800, 0x6800, 0x6000, 0x5800, 0x5000, 0x4800, 0x4000, 0x4000, 0x4000, 0x4000, 0x4000,
    0x4000, 0x4800, 0x4800, 0x5000, 0x6000, 0x5800, 0x5800, 0x6000, 0x6000, 0x6000, 0x5800, 0x4800,
    0x4000, 0x3800, 0x3800, 0x4000, 0x4800, 0x5000, 0x5000, 0x5800, 0x5800, 0x4800, 0x4000, 0x4800,
    0x4000, 0x4000, 0x4000, 0x4000, 0x4000, 0x4000, 0x4000, 0x3800, 0x3800, 0x3800, 0x3000, 0x3000,
    0x3800, 0x3800, 0x3000, 0x3000, 0x2800, 0x3020, 0x0800, 0x4A20, 0xFE80, 0xFE40, 0xFE20, 0xFE20,
    0xF600, 0xDDE0, 0xA480, 0x0800, 0x3000, 0x2000, 0x2000, 0x0000, 0x39C0, 0xEE00, 0xFE40, 0xFE40,
    0xFE40, 0xFE40, 0xFE40, 0xFE20, 0xFEA0, 0x4A20, 0x1800, 0x3820, 0x0000, 0x0820, 0x0000, 0x5200,
    0xFEA0, 0xFE00, 0xFE20, 0xFE40, 0xFE40, 0xFE40, 0xFE40, 0xFE20, 0xFEC0, 0x6AE0, 0x1000, 0x2020,
    0x0020, 0x0000, 0x4A00, 0xFE80, 0xFE00, 0xFE20, 0xFE20, 0xFE20, 0xFE60, 0xFE60, 0xFE40, 0xFE60,
    0x3160, 0x1800, 0x0000, 0x3180, 0xF680, 0xFE20, 0xFE20, 0xFE40, 0xFE60, 0xFE40, 0xFE40, 0xFE40,
    0xFE80, 0xA460, 0x0000, 0x3800, 0x1000, 0x0000, 0xB4A0, 0xFEA0, 0xFE20, 0xFE40, 0xFE40, 0xFE40,
    0xFE60, 0xFE60, 0xFE60, 0xFE40, 0xFE60, 0xACC0, 0x1020, 0x3000, 0x0000, 0x0000, 0x0000, 0x0000,
    0x0000, 0x0000, 0x0000, 0x0000, 0x0000, 0x0000, 0x0000, 0x0000, 0x0000, 0x0000, 0x0000, 0x0000,
    0x0000, 0x0000, 0x0000, 0x0000, 0x0000, 0x0000, 0x0047, 0x0045, 0x7800, 0xF801, 0xF801, 0xE800,
    0x6800, 0x0022, 0x0067, 0x0047, 0x0004, 0x0024, 0x0024, 0x0025, 0x0046, 0x0045, 0x0022, 0x0000,
    0x0000, 0x0000, 0x0000, 0x0000, 0x0800, 0x0800, 0x1000, 0x1000, 0x1800, 0x1800, 0x1800, 0x1800,
    0x1800, 0x1800, 0x1800, 0x1800, 0x2000, 0x2000, 0x2000, 0x2000, 0x2800, 0x2800, 0x3800, 0x3800,
    0x3800, 0x3800, 0x4000, 0x3800, 0x3000, 0x3800, 0x4000, 0x3800, 0x3000, 0x3800, 0x4000, 0x4800,
    0x4800, 0x4000, 0x4800, 0x5000, 0x5000, 0x4800, 0x5000, 0x5000, 0x5800, 0x6800, 0x6000, 0x5800,
    0x5800, 0x5800, 0x5800, 0x5800, 0x5800, 0x5000, 0x5800, 0x6000, 0x5800, 0x5800, 0x6800, 0x7000,
    0x7000, 0x8800, 0x9001, 0x8001, 0x7800, 0x7800, 0x6800, 0x6000, 0x6000, 0x6000, 0x5800, 0x5800,
    0x6000, 0x6000, 0x6000, 0x7000, 0x8000, 0x7800, 0x8000, 0x8800, 0x8800, 0x8000, 0x7000, 0x6800,
    0x6000, 0x5800, 0x6000, 0x6001, 0x7001, 0x7000, 0x7000, 0x7800, 0x7800, 0x6800, 0x6800, 0x6800,
    0x6000, 0x6000, 0x6000, 0x5800, 0x5800, 0x5800, 0x5800, 0x5000, 0x5000, 0x5000, 0x5000, 0x5000,
    0x4800, 0x4000, 0x4000, 0x3800, 0x3800, 0x4000, 0x1000, 0xBD20, 0xFE80, 0xFE20, 0xFE40, 0xFE40,
    0xFE20, 0xFE80, 0xDDC0, 0x1860, 0x3000, 0x2820, 0x1800, 0x18E0, 0xEE20, 0xFE60, 0xFE20, 0xFE60,
    0xFE60, 0xFE40, 0xFE40, 0xFE60, 0xE5C0, 0x1060, 0x3000, 0x1800, 0x0000, 0x0000, 0x10A0, 0xCD60,
    0xFE60, 0xFE20, 0xFE40, 0xFE20, 0xFE40, 0xFE40, 0xFE40, 0xFE60, 0xE5E0, 0x2120, 0x2000, 0x1000,
    0x0000, 0x0000, 0xAC60, 0xFE80, 0xFE20, 0xFE40, 0xFE40, 0xFE40, 0xFE60, 0xFE40, 0xFE60, 0xEE20,
    0x20C0, 0x2800, 0x0840, 0xD580, 0xFE80, 0xFE20, 0xFE40, 0xFE60, 0xFE60, 0xFE40, 0xFE40, 0xFE60,
    0xFE80, 0x5240, 0x1000, 0x3820, 0x0000, 0x4A00, 0xFEA0, 0xFE00, 0xFE20, 0xFE40, 0xFE60, 0xFE80,
    0xFE60, 0xFE60, 0xFE60, 0xFE60, 0xFE80, 0xC520, 0x1000, 0x2800, 0x0000, 0x0000, 0x0000, 0x0000,
    0x0000, 0x0000, 0x0000, 0x0000, 0x0000, 0x0000, 0x0000, 0x0000, 0x0000, 0x0000, 0x0000, 0x0000,
    0x0000, 0x0000, 0x0000, 0x0000, 0x0000, 0x0000, 0x00CC, 0x1000, 0xE000, 0xF801, 0x9800, 0x1800,
    0x0045, 0x0089, 0x0026, 0x0024, 0x0025, 0x0045, 0x0045, 0x0046, 0x0044, 0x0000, 0x0000, 0x0000,
    0x0000, 0x0000, 0x0000, 0x0000, 0x0000, 0x0000, 0x0000, 0x0000, 0x0000, 0x0000, 0x0000, 0x0000,
    0x0000, 0x0000, 0x0000, 0x0000, 0x0000, 0x0000, 0x0000, 0x0000, 0x0000, 0x0000, 0x0000, 0x0000,
    0x0000, 0x0000, 0x0000, 0x0000, 0x0000, 0x0000, 0x0000, 0x0000, 0x0000, 0x0000, 0x0000, 0x0000,
    0x0000, 0x0000, 0x0000, 0x0000, 0x0000, 0x0000, 0x0000, 0x0000, 0x0000, 0x0000, 0x0000, 0x0000,
    0x0000, 0x0000, 0x0000, 0x0000, 0x0000, 0x0000, 0x0000, 0x0000, 0x0000, 0x0000, 0x0000, 0x0000,
    0x0000, 0x0000, 0x0000, 0x0000, 0x0000, 0x0000, 0x0000, 0x0000, 0x0000, 0x0000, 0x0000, 0x0000,
    0x0000, 0x0000, 0x0000, 0x0000, 0x0000, 0x0000, 0x0000, 0x0000, 0x0000, 0x0000, 0x0000, 0x0000,
    0x0000, 0x0000, 0x0000, 0x0000, 0x0000, 0x0000, 0x0000, 0x0000, 0x0000, 0x0000, 0x0000, 0x0000,
    0x0000, 0x0000, 0x0000, 0x0000, 0x0000, 0x0000, 0x0000, 0x0000, 0x0000, 0x0000, 0x0000, 0x0000,
    0x0000, 0x0000, 0x0000, 0x0000, 0x0000, 0x0000, 0x41E0, 0xFE80, 0xFE40, 0xFE40, 0xFE40, 0xFE40,
    0xFE40, 0xFE60, 0xE5C0, 0x1060, 0x0000, 0x0000, 0x0020, 0xC500, 0xFE80, 0xFE20, 0xFE40, 0xFE60,
    0xFE40, 0xFE40, 0xFE20, 0xFEC0, 0x7320, 0x0800, 0x3000, 0x0000, 0x0000, 0x0000, 0xBCE0, 0xFEA0,
    0xFE20, 0xFE40, 0xFE40, 0xFE40, 0xFE40, 0xFE40, 0xFE40, 0xFE80, 0xB4E0, 0x1020, 0x3000, 0x0800,
    0x0000, 0x4A00, 0xFEA0, 0xFE40, 0xFE40, 0xFE40, 0xFE40, 0xFE40, 0xFE60, 0xFE60, 0xFE80, 0xE5E0,
    0x18A0, 0x0000, 0x7320, 0xFEA0, 0xFE20, 0xFE20, 0xFE40, 0xFE60, 0xFE60, 0xFE40, 0xFE40, 0xFE60,
    0xEE20, 0x18E0, 0x2800, 0x2000, 0x0860, 0xD560, 0xFE60, 0xFE20, 0xFE20, 0xFE60, 0xEE20, 0xCD80,
    0xFE60, 0xFE40, 0xFE60, 0xFE60, 0xFEE0, 0x8BC0, 0x0800, 0x2000, 0x0000, 0x0000, 0x0000, 0x0000,
    0x0000, 0x0000, 0x0000, 0x0000, 0x0000, 0x0000, 0x0000, 0x0000, 0x0000, 0x0000, 0x0000, 0x0000,
    0x0000, 0x0000, 0x0000, 0x0000, 0x0000, 0x00C7, 0x010B, 0x7800, 0xE000, 0x5000, 0x0001, 0x0025,
    0x0047, 0x0025, 0x0025, 0x0046, 0x0047, 0x0046, 0x0045, 0x0022, 0x0000, 0x0000, 0x0000, 0x0800,
    0x0800, 0x1800, 0x2000, 0x2000, 0x2000, 0x2800, 0x2800, 0x2800, 0x3000, 0x3800, 0x4800, 0x4800,
    0x5800, 0x6000, 0x7000, 0x7800, 0x7800, 0x7801, 0x8001, 0x9001, 0x8801, 0x8801, 0x9001, 0x8801,
    0x8801, 0x9001, 0x8801, 0x8801, 0x9801, 0x9801, 0x9001, 0x9801, 0xA001, 0xA001, 0x9801, 0x9801,
    0x9801, 0xA001, 0xA001, 0x9801, 0xA001, 0xA801, 0xA001, 0x9801, 0xB001, 0xC001, 0xB801, 0xB801,
    0xB001, 0xA801, 0xA801, 0xA801, 0xB001, 0xB001, 0xB001, 0xA801, 0xB001, 0xB001, 0xB801, 0xC001,
    0xB801, 0xB800, 0xB800, 0xB001, 0xB801, 0xC001, 0xC001, 0xC001, 0xB801, 0xA801, 0xA801, 0xB801,
    0xB801, 0xB001, 0xB001, 0xC001, 0xD800, 0xD000, 0xD000, 0xD000, 0xC801, 0xC001, 0xC001, 0xB801,
    0xB001, 0xB001, 0xA801, 0xA001, 0xA801, 0xB801, 0xC000, 0xC800, 0xB801, 0xA801, 0xA001, 0xA801,
    0xA801, 0xA801, 0xA801, 0x9801, 0x9801, 0x9801, 0x9801, 0x9001, 0x9001, 0x8801, 0x8801, 0x8801,
    0x8801, 0x8801, 0x8000, 0x8000, 0x5000, 0x18C0, 0xE600, 0xFE40, 0xFE20, 0xFE20, 0xFE40, 0xFE40,
    0xFE40, 0xFE80, 0xD5A0, 0x0800, 0x3800, 0x0000, 0x8BA0, 0xFEC0, 0xFE20, 0xFE40, 0xFE40, 0xFE40,
    0xFE40, 0xFE20, 0xFE40, 0xE5C0, 0x20E0, 0x2800, 0x2800, 0x0800, 0x0000, 0x62A0, 0xFEA0, 0xF5E0,
    0xFE20, 0xFE40, 0xFE40, 0xFE40, 0xFE40, 0xFE60, 0xFE40, 0xFE60, 0x8C00, 0x1000, 0x3000, 0x0000,
    0x0000, 0xAC80, 0xFE60, 0xFE20, 0xFE40, 0xFE40, 0xFE60, 0xFE60, 0xFE60, 0xFE60, 0xFE40, 0xFE40,
    0x18A0, 0x5240, 0xFEA0, 0xFE40, 0xFE20, 0xFE40, 0xFE60, 0xFE60, 0xFE60, 0xFE40, 0xFE40, 0xFEA0,
    0xA440, 0x0000, 0x3800, 0x0000, 0x83A0, 0xFEC0, 0xFE20, 0xFE40, 0xFE40, 0xFE80, 0x7300, 0xB4C0,
    0xFEA0, 0xFE20, 0xFE60, 0xFE60, 0xF660, 0x4200, 0x1800, 0x1000, 0x0000, 0x0000, 0x0000, 0x0000,
    0x0000, 0x0000, 0x0000, 0x0000, 0x0000, 0x0000, 0x0000, 0x0000, 0x0000, 0x0000, 0x0000, 0x0000,
    0x0000, 0x0000, 0x0000, 0x0000, 0x0000, 0x00C8, 0x0842, 0x5800, 0x0800, 0x0045, 0x0068, 0x0047,
    0x0046, 0x0046, 0x0046, 0x0047, 0x0047, 0x0023, 0x0000, 0x0000, 0x0000, 0x0000, 0x0000, 0x0000,
    0x0800, 0x0800, 0x1000, 0x1000, 0x1000, 0x1000, 0x1000, 0x1000, 0x1800, 0x2000, 0x2000, 0x2000,
    0x2800, 0x3000, 0x3800, 0x3800, 0x3800, 0x3800, 0x4000, 0x4800, 0x4800, 0x5000, 0x5000, 0x4800,
    0x4800, 0x4800, 0x4800, 0x5000, 0x5800, 0x5800, 0x5000, 0x6000, 0x6000, 0x6000, 0x6000, 0x6000,
    0x6000, 0x6000, 0x6000, 0x5800, 0x6000, 0x7000, 0x7000, 0x6800, 0x7800, 0x7800, 0x7800, 0x7800,
    0x7800, 0x8000, 0x8000, 0x8000, 0x8800, 0x8800, 0x7800, 0x7800, 0x8000, 0x8800, 0x8800, 0x8000,
    0x8000, 0x8800, 0x8800, 0x8800, 0x8800, 0x8800, 0x8800, 0x8800, 0x8800, 0x8800, 0x9020, 0x9000,
    0x8000, 0x8000, 0x8800, 0x9000, 0x9800, 0x9000, 0x9000, 0x9000, 0x9000, 0x9000, 0x9000, 0x8800,
    0x8800, 0x8001, 0x7800, 0x7800, 0x8000, 0x9000, 0x9000, 0x8800, 0x8000, 0x7800, 0x7800, 0x7800,
    0x7800, 0x7800, 0x7000, 0x7000, 0x7000, 0x7000, 0x7000, 0x7000, 0x6800, 0x6800, 0x6000, 0x6000,
    0x6000, 0x6000, 0x6000, 0x6020, 0x2000, 0x7360, 0xFEA0, 0xF600, 0xFE00, 0xFE40, 0xFE40, 0xFE20,
    0xFE20, 0xFE80, 0xB4E0, 0x1000, 0x2000, 0x3180, 0xFE80, 0xFE20, 0xFE40, 0xFE40, 0xFE40, 0xFE60,
    0xFE20, 0xFE40, 0xFE80, 0xA460, 0x0000, 0x3000, 0x1000, 0x0000, 0x10A0, 0xE600, 0xFE60, 0xFE20,
    0xFE40, 0xFE60, 0xFE60, 0xFE60, 0xFE40, 0xFE60, 0xFE40, 0xFEA0, 0x83A0, 0x0800, 0x2820, 0x0000,
    0x2920, 0xF620, 0xFE40, 0xFE40, 0xFE40, 0xFE60, 0xFE60, 0xFE40, 0xFE40, 0xFE40, 0xFE80, 0xE5C0,
    0x3180, 0xEE00, 0xFE40, 0xFE40, 0xFE60, 0xFE40, 0xFE40, 0xFE60, 0xFE60, 0xFE40, 0xFE40, 0xFEC0,
    0x5260, 0x1800, 0x1800, 0x3160, 0xFE80, 0xFE20, 0xFE40, 0xFE20, 0xFEA0, 0xBCC0, 0x0840, 0xEE00,
    0xFE80, 0xFE40, 0xFE40, 0xFE60, 0xF620, 0x39C0, 0x2000, 0x0800, 0x0000, 0x0000, 0x0000, 0x0000,
    0x0000, 0x0000, 0x0000, 0x0000, 0x0000, 0x0000, 0x0000, 0x0000, 0x0000, 0x0000, 0x0000, 0x0000,
    0x0000, 0x0000, 0x0000, 0x0000, 0x0000, 0x0000, 0x0000, 0x0002, 0x0069, 0x008A, 0x0068, 0x0068,
    0x0068, 0x0068, 0x0068, 0x0045, 0x0001, 0x0000, 0x0000, 0x0000, 0x0000, 0x0000, 0x0000, 0x0000,
    0x0000, 0x0000, 0x0000, 0x0000, 0x0000, 0x0000, 0x0000, 0x0000, 0x0000, 0x0000, 0x0000, 0x0000,
    0x0000, 0x0000, 0x0000, 0x0000, 0x0000, 0x0000, 0x0000, 0x0000, 0x0000, 0x0000, 0x0000, 0x0000,
    0x0000, 0x0000, 0x0000, 0x0000, 0x0000, 0x0000, 0x0000, 0x0000, 0x0000, 0x0000, 0x0000, 0x0000,
    0x0000, 0x0000, 0x0000, 0x0000, 0x0000, 0x0000, 0x0000, 0x0000, 0x0000, 0x0000, 0x0000, 0x0000,
    0x0000, 0x0000, 0x0000, 0x0000, 0x0000, 0x0000, 0x0000, 0x0000, 0x0000, 0x0000, 0x0000, 0x0000,
    0x0000, 0x0000, 0x0000, 0x0000, 0x0000, 0x0000, 0x0000, 0x0000, 0x0000, 0x0000, 0x0000, 0x0000,
    0x0000, 0x0000, 0x0000, 0x0000, 0x0000, 0x0000, 0x0000, 0x0000, 0x0000, 0x0000, 0x0000, 0x0000,
    0x0000, 0x0000, 0x0000, 0x0000, 0x0000, 0x0000, 0x0000, 0x0000, 0x0000, 0x0000, 0x0000, 0x0000,
    0x0000, 0x0000, 0x0000, 0x0000, 0x0000, 0x0000, 0x0000, 0x0000, 0x0000, 0x0000, 0x0000, 0x0000,
    0x0000, 0x0000, 0x0000, 0x0000, 0x0000, 0xB480, 0xFE80, 0xFE20, 0xFE40, 0xFE60, 0xFE60, 0xFE20,
    0xFE00, 0xFE80, 0x8BC0, 0x0800, 0x0000, 0xB4A0, 0xFE80, 0xFE40, 0xFE40, 0xFE40, 0xFE60, 0xFE40,
    0xFE40, 0xFE40, 0xFEA0, 0x62C0, 0x0800, 0x2800, 0x0000, 0x0000, 0x93E0, 0xFEC0, 0xFE20, 0xFE20,
    0xFE40, 0xFE40, 0xEE00, 0xFE80, 0xFE60, 0xFE60, 0xFE20, 0xFEC0, 0x62E0, 0x0800, 0x1820, 0x0000,
    0x4A00, 0xFE80, 0xFE40, 0xFE40, 0xFE20, 0xFE40, 0xFE60, 0xFE60, 0xFE40, 0xFE40, 0xFE60, 0xDDA0,
    0xC540, 0xFE80, 0xFE40, 0xFE60, 0xFE40, 0xFE20, 0xFE40, 0xFE40, 0xFE60, 0xFE40, 0xFE80, 0xDDC0,
    0x0840, 0x2800, 0x0820, 0xCD40, 0xFE80, 0xFE20, 0xFE40, 0xFE20, 0xFEA0, 0x39A0, 0x3160, 0xFEC0,
    0xFE40, 0xFE40, 0xFE60, 0xFE60, 0xF640, 0x2920, 0x2800, 0x0820, 0x0000, 0x0000, 0x0000, 0x0000,
    0x0000, 0x0000, 0x0000, 0x0000, 0x0000, 0x0000, 0x0000, 0x0000, 0x0000, 0x0000, 0x0000, 0x0000,
    0x0000, 0x0000, 0x0000, 0x0000, 0x0000, 0x0000, 0x0045, 0x0069, 0x0089, 0x0068, 0x0068, 0x0089,
    0x008A, 0x0068, 0x0023, 0x0000, 0x0000, 0x0000, 0x0800, 0x2000, 0x2000, 0x2800, 0x2800, 0x2800,
    0x2800, 0x2800, 0x3000, 0x3800, 0x4000, 0x4000, 0x4000, 0x5000, 0x6000, 0x7000, 0x7000, 0x7000,
    0x7000, 0x7800, 0x8000, 0x8800, 0x9000, 0x9800, 0x9800, 0x9801, 0x9801, 0x9801, 0xA801, 0xA801,
    0xA001, 0xA001, 0xA001, 0xA001, 0xA001, 0xA801, 0xA801, 0xA001, 0xA801, 0xB801, 0xB801, 0xA801,
    0x9801, 0x9001, 0x9001, 0xA001, 0xA801, 0xA801, 0xB001, 0xB001, 0xB801, 0xC001, 0xC001, 0xC001,
    0xB801, 0xB001, 0xB001, 0xC000, 0xC001, 0xB801, 0xC001, 0xC001, 0xB001, 0xB001, 0xB801, 0xC001,
    0xC800, 0xC000, 0xC001, 0xC001, 0xC021, 0xC001, 0xC001, 0xB801, 0xB801, 0xC001, 0xC001, 0xC021,
    0xC021, 0xC001, 0xC801, 0xC801, 0xD001, 0xD001, 0xD021, 0xC821, 0xC021, 0xB021, 0xA801, 0xA801,
    0xA801, 0xB001, 0xB801, 0xB001, 0xB801, 0xB801, 0xB821, 0xB821, 0xB801, 0xB001, 0xA801, 0x9801,
    0x9801, 0x9801, 0x9821, 0x9801, 0x9001, 0x9021, 0x9001, 0x8801, 0x8801, 0x9001, 0x9001, 0x8801,
    0x8801, 0x7821, 0x7821, 0x2000, 0x4200, 0xF660, 0xFE40, 0xFE40, 0xFE40, 0xFE40, 0xFE40, 0xFE40,
    0xFE40, 0xFEA0, 0xAC60, 0x0000, 0x8BA0, 0xFEA0, 0xFE20, 0xFE40, 0xFE60, 0xFE60, 0xFE60, 0xFE40,
    0xFE40, 0xFE60, 0xEDE0, 0x18A0, 0x2800, 0x2820, 0x0000, 0x3160, 0xF640, 0xFE20, 0xFE20, 0xFE40,
    0xFEC0, 0x9C40, 0xC500, 0xFE80, 0xFE40, 0xFE40, 0xFE20, 0xEE00, 0x3160, 0x2800, 0x1020, 0x0000,
    0xAC80, 0xFEA0, 0xFE60, 0xFE40, 0xFE40, 0xFE40, 0xFE40, 0xFE60, 0xFE40, 0xFE60, 0xFE60, 0xFE60,
    0xFE80, 0xFE40, 0xFE40, 0xFE60, 0xFE60, 0xFE40, 0xFE40, 0xFE40, 0xFE20, 0xF620, 0xFEC0, 0x8BC0,
    0x1000, 0x0800, 0x5220, 0xFE80, 0xFE40, 0xFE40, 0xFE40, 0xFEE0, 0x9C20, 0x0000, 0x4A20, 0xFEA0,
    0xFE40, 0xFE60, 0xFE60, 0xFE80, 0xDDA0, 0x0000, 0x0800, 0x0000, 0x0000, 0x0000, 0x0000, 0x0000,
    0x0000, 0x0000, 0x0000, 0x0000, 0x0000, 0x0000, 0x0000, 0x0000, 0x0000, 0x0000, 0x0000, 0x0000,
    0x0000, 0x0000, 0x0000, 0x0000, 0x0000, 0x0000, 0x0068, 0x008A, 0x0089, 0x008A, 0x008A, 0x008A,
    0x0045, 0x0000, 0x0000, 0x0000, 0x0000, 0x0000, 0x0800, 0x1000, 0x1000, 0x1800, 0x1800, 0x1800,
    0x1800, 0x1800, 0x1800, 0x2000, 0x2800, 0x2800, 0x2800, 0x2800, 0x3800, 0x4800, 0x4800, 0x4000,
    0x3800, 0x4000, 0x5000, 0x5800, 0x5800, 0x5800, 0x5800, 0x6000, 0x6800, 0x6800, 0x6800, 0x6800,
    0x6800, 0x7000, 0x7800, 0x7800, 0x7800, 0x8000, 0x9000, 0x9001, 0x9001, 0x8800, 0x9000, 0x8001,
    0x7801, 0x7801, 0x7800, 0x8801, 0x9801, 0x9800, 0x9000, 0x9000, 0x9000, 0x9001, 0x8800, 0x8800,
    0x9800, 0x9800, 0xA000, 0xA800, 0xA801, 0xA001, 0x9001, 0x9801, 0xA800, 0xA801, 0xA001, 0xA000,
    0xA800, 0xA800, 0xA800, 0xA001, 0x9801, 0xA001, 0xA001, 0xA801, 0xA801, 0xA001, 0x9801, 0x9801,
    0xA001, 0xA001, 0xA001, 0xA801, 0xB001, 0xB001, 0xA801, 0xA001, 0x9801, 0x9801, 0x9801, 0x9801,
    0x9801, 0x9001, 0x9001, 0x9801, 0x9001, 0x9801, 0xA001, 0xA801, 0x9801, 0x8801, 0x8801, 0x9001,
    0x9001, 0x8801, 0x8001, 0x7801, 0x8001, 0x7801, 0x7001, 0x7001, 0x8001, 0x8001, 0x7801, 0x7001,
    0x7001, 0x6800, 0x6000, 0x1840, 0xDDA0, 0xFE80, 0xFE20, 0xFE20, 0xFE40, 0xFE40, 0xFE40, 0xFE40,
    0xFE20, 0xFEA0, 0x9C00, 0x3180, 0xFEA0, 0xFE40, 0xFE40, 0xFE40, 0xFE60, 0xFE60, 0xFE60, 0xFE60,
    0xFE40, 0xFE80, 0xB4C0, 0x0000, 0x2800, 0x1000, 0x0840, 0xCD60, 0xFE80, 0xFE20, 0xFE20, 0xFE60,
    0xD560, 0x2100, 0xEE00, 0xFE60, 0xFE40, 0xFE60, 0xFE80, 0xD5A0, 0x1860, 0x3000, 0x0000, 0x0860,
    0xDD80, 0xFE40, 0xFE20, 0xFE40, 0xFE60, 0xFE60, 0xFE60, 0xFE40, 0xFE60, 0xFE60, 0xFE60, 0xFE60,
    0xFE40, 0xFE40, 0xFE40, 0xFE80, 0xC540, 0xE5E0, 0xFE40, 0xFE40, 0xFE40, 0xFE40, 0xFE40, 0x2940,
    0x2000, 0x1860, 0xD580, 0xFE40, 0xFE20, 0xFE40, 0xFE60, 0xEE20, 0x28E0, 0x0000, 0x7320, 0xFE80,
    0xFE40, 0xFE60, 0xFE40, 0xFE80, 0xCD20, 0x39A0, 0x5240, 0x4A20, 0x41C0, 0x18A0, 0x0820, 0x0000,
    0x0000, 0x0000, 0x0000, 0x0000, 0x0000, 0x0000, 0x0000, 0x0000, 0x0000, 0x0000, 0x0000, 0x0000,
    0x0000, 0x0000, 0x0000, 0x0000, 0x0000, 0x0000, 0x0023, 0x00AC, 0x00AC, 0x00AC, 0x0089, 0x0022,
    0x0000, 0x0000, 0x0000, 0x0000, 0x0000, 0x0000, 0x0000, 0x0000, 0x0000, 0x0000, 0x0000, 0x0000,
    0x0000, 0x0000, 0x0000, 0x0000, 0x0000, 0x0000, 0x0000, 0x0000, 0x0000, 0x0000, 0x0000, 0x0000,
    0x0000, 0x0000, 0x0000, 0x0000, 0x0000, 0x0000, 0x0000, 0x0000, 0x0000, 0x0000, 0x0000, 0x0000,
    0x0000, 0x0000, 0x0000, 0x0000, 0x0000, 0x0000, 0x0000, 0x0000, 0x0000, 0x0000, 0x0000, 0x0000,
    0x0000, 0x0000, 0x0000, 0x0000, 0x0000, 0x0000, 0x0000, 0x0000, 0x0000, 0x0000, 0x0000, 0x0000,
    0x0000, 0x0000, 0x0000, 0x0000, 0x0000, 0x0000, 0x0000, 0x0000, 0x0000, 0x0000, 0x0000, 0x0000,
    0x0000, 0x0000, 0x0000, 0x0000, 0x0000, 0x0000, 0x0000, 0x0000, 0x0000, 0x0000, 0x0000, 0x0000,
    0x0000, 0x0000, 0x0000, 0x0000, 0x0000, 0x0000, 0x0000, 0x0000, 0x0000, 0x0000, 0x0000, 0x0000,
    0x0000, 0x0000, 0x0000, 0x0000, 0x0000, 0x0000, 0x0000, 0x0000, 0x0000, 0x0000, 0x0000, 0x0000,
    0x0000, 0x0000, 0x0000, 0x0000, 0x0000, 0x0000, 0x0000, 0x0000, 0x0000, 0x0000, 0x0000, 0x0000,
    0x0000, 0x0000, 0x0000, 0x5220, 0xFEA0, 0xFE20, 0xFE00, 0xFE20, 0xFE40, 0xFE60, 0xFE60, 0xFE60,
    0xFE20, 0xFE80, 0x9C40, 0xCD20, 0xFE80, 0xFE20, 0xFE60, 0xFE60, 0xFE60, 0xFE60, 0xFE40, 0xFE60,
    0xFE20, 0xFEA0, 0x62A0, 0x1000, 0x2820, 0x0000, 0x62A0, 0xFEC0, 0xFE20, 0xFE40, 0xFE60, 0xFEC0,
    0x41A0, 0x2100, 0xFE60, 0xFE40, 0xFE60, 0xFE60, 0xFEA0, 0xCD60, 0x1020, 0x2820, 0x0000, 0x6280,
    0xFE80, 0xF5E0, 0xF600, 0xFE40, 0xFE60, 0xEE40, 0xF620, 0xFE40, 0xFE40, 0xFE40, 0xFE60, 0xFE20,
    0xFE40, 0xFE40, 0xFE80, 0xCD40, 0x9C80, 0xFE80, 0xFE20, 0xFE20, 0xFE20, 0xFEC0, 0x9C20, 0x0000,
    0x0000, 0x8380, 0xFEE0, 0xFE40, 0xFE20, 0xFE40, 0xFE60, 0x4A20, 0x0000, 0x0000, 0xACA0, 0xFE80,
    0xFE20, 0xFE40, 0xFE40, 0xFE60, 0xFE60, 0xFE80, 0xFEC0, 0xF660, 0xBD40, 0x52A0, 0x0860, 0x0000,
    0x0000, 0x0000, 0x0000, 0x0000, 0x0000, 0x0000, 0x0000, 0x0000, 0x0000, 0x0000, 0x0000, 0x0000,
    0x0000, 0x0000, 0x0000, 0x0000, 0x0000, 0x0000, 0x0000, 0x00AC, 0x00CD, 0x0044, 0x0000, 0x0000,
    0x0000, 0x0000, 0x0800, 0x1000, 0x1800, 0x1800, 0x2000, 0x2000, 0x2000, 0x2000, 0x2000, 0x2800,
    0x2800, 0x3000, 0x3000, 0x3800, 0x4800, 0x4800, 0x4821, 0x4821, 0x5821, 0x5821, 0x5000, 0x5800,
    0x6000, 0x6800, 0x6800, 0x6800, 0x6800, 0x7800, 0x8000, 0x7800, 0x7800, 0x7800, 0x7800, 0x8000,
    0x8800, 0x9000, 0x8800, 0x8800, 0x8800, 0x8800, 0x8800, 0x8800, 0x9000, 0x9000, 0x9800, 0xA000,
    0xA000, 0xA800, 0xA000, 0x9800, 0x9000, 0x9000, 0x9000, 0x9000, 0x9800, 0x9800, 0xA000, 0xA000,
    0x9800, 0x9800, 0xA000, 0xA000, 0x9800, 0xA000, 0xA000, 0xA000, 0xA000, 0xA000, 0xA800, 0xA800,
    0xA800, 0xA000, 0xA000, 0xA800, 0xB000, 0xB000, 0xA000, 0x9800, 0x9801, 0xA001, 0xA000, 0xA000,
    0x9800, 0x9800, 0x9800, 0xA000, 0xA800, 0xA800, 0xA000, 0xA001, 0x9801, 0x9800, 0x9801, 0x9001,
    0x9001, 0x9001, 0x9001, 0x9001, 0x9801, 0x9801, 0x9001, 0x8800, 0x9001, 0x9000, 0x9000, 0x8801,
    0x8000, 0x8800, 0x8800, 0x8000, 0x8000, 0x7800, 0x7800, 0x8000, 0x7000, 0x7000, 0x7000, 0x7800,
    0x7000, 0x7800, 0x1000, 0x7320, 0xFE60, 0xFE20, 0xFE20, 0xFE40, 0xFE40, 0xFE40, 0xFE40, 0xFE40,
    0xFE40, 0xFE60, 0xEE20, 0xFE60, 0xFE20, 0xFE20, 0xFE60, 0xFE80, 0xFE60, 0xFE60, 0xFE60, 0xFE40,
    0xFE60, 0xE5C0, 0x1060, 0x2800, 0x2000, 0x10A0, 0xDDA0, 0xFE20, 0xFE20, 0xFE20, 0xFE80, 0xB4A0,
    0x0000, 0x62A0, 0xFEC0, 0xFE40, 0xFE60, 0xFE40, 0xFEA0, 0xA440, 0x0000, 0x0800, 0x0020, 0xD580,
    0xFE80, 0xFE40, 0xFE20, 0xFE20, 0xFE80, 0xA460, 0xDDA0, 0xFE60, 0xFE60, 0xFE60, 0xFE60, 0xFE60,
    0xFE40, 0xFE40, 0xFE60, 0x4A00, 0xDDA0, 0xFE80, 0xFE40, 0xFE20, 0xFE20, 0xF640, 0x41E0, 0x0800,
    0x18C0, 0xEDE0, 0xFE60, 0xFE60, 0xFE20, 0xFE80, 0xC520, 0x2940, 0x3160, 0x8BC0, 0xF660, 0xFE60,
    0xFE40, 0xFE40, 0xFE60, 0xFE60, 0xFE40, 0xF600, 0xCD40, 0xB4E0, 0x4A00, 0x0000, 0x1800, 0x0800,
    0x0000, 0x0000, 0x0000, 0x0000, 0x0000, 0x0000, 0x0000, 0x0000, 0x0000, 0x0000, 0x0000, 0x0000,
    0x0000, 0x0000, 0x0000, 0x0000, 0x0000, 0x0000, 0x0000, 0x0024, 0x0002, 0x0000, 0x0000, 0x0000,
    0x0000, 0x0000, 0x0800, 0x1000, 0x2000, 0x2000, 0x2000, 0x2000, 0x2800, 0x2800, 0x2800, 0x3000,
    0x3000, 0x3800, 0x3800, 0x4000, 0x4800, 0x4800, 0x4821, 0x4821, 0x5021, 0x5821, 0x5800, 0x5800,
    0x5800, 0x6800, 0x6800, 0x6800, 0x6800, 0x6800, 0x6800, 0x6000, 0x7000, 0x6800, 0x6800, 0x7000,
    0x7800, 0x8000, 0x7800, 0x7800, 0x7800, 0x7000, 0x7800, 0x7800, 0x8800, 0x8800, 0x9000, 0x9000,
    0x8800, 0x8800, 0x8000, 0x8000, 0x8000, 0x8800, 0x8800, 0x8800, 0x8800, 0x8800, 0x8800, 0x9000,
    0x9000, 0x9800, 0x9800, 0x9000, 0x9000, 0x9000, 0x9000, 0x9000, 0x9800, 0x9800, 0x9800, 0x9000,
    0x9800, 0x9800, 0x9800, 0x9800, 0x9800, 0x9000, 0x9000, 0x9000, 0x9000, 0x9000, 0x9000, 0x9000,
    0x9000, 0x9000, 0x9000, 0x9000, 0x9800, 0x9800, 0x9800, 0x9000, 0x9000, 0x9000, 0x8800, 0x8800,
    0x8800, 0x8800, 0x8801, 0x8800, 0x8800, 0x8800, 0x8800, 0x8800, 0x8000, 0x8000, 0x8000, 0x8000,
    0x7800, 0x7800, 0x7800, 0x7800, 0x7800, 0x7800, 0x7000, 0x6800, 0x6800, 0x6800, 0x6800, 0x6000,
    0x6000, 0x6000, 0x1840, 0xD5A0, 0xFE60, 0xFE20, 0xFE20, 0xFE40, 0xFE40, 0xFE40, 0xFE40, 0xFE40,
    0xFE60, 0xFE60, 0xFE60, 0xFE40, 0xFE20, 0xFE60, 0xF640, 0xD5A0, 0xFE40, 0xFE40, 0xFE40, 0xFE20,
    0xFEC0, 0x9C20, 0x0000, 0x3020, 0x0000, 0x8BC0, 0xFEC0, 0xFE20, 0xFE20, 0xFE40, 0xF640, 0x2920,
    0x0000, 0x8380, 0xFEC0, 0xFE40, 0xFE60, 0xFE40, 0xFEA0, 0x9C00, 0x2920, 0x2960, 0x6B00, 0xFE80,
    0xFE20, 0xFE40, 0xFE40, 0xFE80, 0xF620, 0x5A80, 0xF600, 0xFE40, 0xFE40, 0xFE40, 0xFE40, 0xFE60,
    0xFE40, 0xFF00, 0x8340, 0x4A20, 0xFEC0, 0xFE40, 0xFE40, 0xFE20, 0xFE60, 0xD560, 0x1060, 0x0000,
    0xA460, 0xFE80, 0xF600, 0xFE20, 0xFE20, 0xFE40, 0xEE00, 0xFE60, 0xFE60, 0xFE60, 0xFE40, 0xFE40,
    0xFE40, 0xFE60, 0xFE60, 0xFE60, 0xF600, 0xFE40, 0xEE40, 0xA460, 0x2900, 0x2000, 0x5000, 0x2800,
    0x0000, 0x0000, 0x0000, 0x0000, 0x0000, 0x0000, 0x0000, 0x0000, 0x0000, 0x0000, 0x0000, 0x0000,
    0x0000, 0x0000, 0x0000, 0x0000, 0x0000, 0x0000, 0x0000, 0x0000, 0x0000, 0x0000, 0x0000, 0x0000,
    0x0000, 0x0000, 0x0000, 0x0000, 0x0000, 0x0000, 0x0000, 0x0000, 0x0000, 0x0000, 0x0000, 0x0000,
    0x0000, 0x0000, 0x0000, 0x0000, 0x0000, 0x0000, 0x0000, 0x0000, 0x0000, 0x0000, 0x0000, 0x0000,
    0x0000, 0x0000, 0x0000, 0x0000, 0x0000, 0x0000, 0x0000, 0x0000, 0x0000, 0x0000, 0x0000, 0x0000,
    0x0000, 0x0000, 0x0000, 0x0000, 0x0000, 0x0000, 0x0000, 0x0000, 0x0000, 0x0000, 0x0000, 0x0000,
    0x0000, 0x0000, 0x0000, 0x0000, 0x0000, 0x0000, 0x0000, 0x0000, 0x0000, 0x0000, 0x0000, 0x0000,
    0x0000, 0x0000, 0x0000, 0x0000, 0x0000, 0x0000, 0x0000, 0x0000, 0x0000, 0x0000, 0x0000, 0x0000,
    0x0000, 0x0000, 0x0000, 0x0000, 0x0000, 0x0000, 0x0000, 0x0000, 0x0000, 0x0000, 0x0000, 0x0000,
    0x0000, 0x0000, 0x0000, 0x0000, 0x0000, 0x0000, 0x0000, 0x0000, 0x0000, 0x0000, 0x0000, 0x0000,
    0x0000, 0x0000, 0x0000, 0x0000, 0x0000, 0x0000, 0x0000, 0x0000, 0x0000, 0x0000, 0x0000, 0x0000,
    0x0000, 0x0000, 0x0000, 0x0000, 0x0000, 0x0000, 0x0000, 0x0000, 0x0000, 0x0000, 0x0000, 0x0000,
    0x0000, 0x0000, 0x2940, 0xF640, 0xFE40, 0xFE20, 0xFE40, 0xFE40, 0xFE60, 0xFE60, 0xFE60, 0xFE40,
    0xFE40, 0xFE40, 0xFE40, 0xFE40, 0xFE40, 0xFE80, 0xACA0, 0xD580, 0xFE80, 0xFE20, 0xFE20, 0xFE40,
    0xF640, 0x3160, 0x2000, 0x2000, 0x18E0, 0xEDE0, 0xFE20, 0xFE20, 0xFE40, 0xFEE1, 0x9400, 0x0800,
    0x0000, 0xB4E0, 0xFE80, 0xFE20, 0xFE60, 0xFE40, 0xFE40, 0xF640, 0xFE80, 0xD5E0, 0xEE20, 0xFE40,
    0xF5E0, 0xF600, 0xF600, 0xFEA0, 0x9C20, 0x20E0, 0xEE21, 0xFE60, 0xFE40, 0xFE20, 0xFE40, 0xFE20,
    0xFEC0, 0x9C40, 0x0000, 0xD5A0, 0xFE80, 0xFE20, 0xFE20, 0xFE20, 0xFEC0, 0x9C00, 0x0000, 0x41C0,
    0xFEA0, 0xFE40, 0xFE40, 0xFE40, 0xFE40, 0xFE40, 0xFE40, 0xFE40, 0xFE40, 0xFE20, 0xFE20, 0xFE40,
    0xFE40, 0xFE60, 0xFE60, 0xFE60, 0xFEA0, 0xE5E0, 0x83A0, 0x39A0, 0x1040, 0x4000, 0x3800, 0x1800,
    0x0000, 0x0000, 0x0000, 0x0000, 0x0000, 0x0000, 0x0000, 0x0000, 0x0000, 0x0000, 0x0000, 0x0000,
    0x0000, 0x0000, 0x0000, 0x0000, 0x0000, 0x0000, 0x0000, 0x0000, 0x0000, 0x0000, 0x0000, 0x0000,
    0x0000, 0x0000, 0x0000, 0x0000, 0x0000, 0x0000, 0x0000, 0x0000, 0x0000, 0x0000, 0x0000, 0x0000,
    0x0000, 0x0000, 0x0000, 0x0000, 0x0000, 0x0000, 0x0000, 0x0000, 0x0000, 0x0000, 0x0000, 0x0000,
    0x0000, 0x0000, 0x0000, 0x0000, 0x0000, 0x0000, 0x0000, 0x0000, 0x0000, 0x0000, 0x0000, 0x0000,
    0x0000, 0x0000, 0x0000, 0x0000, 0x0000, 0x0000, 0x0000, 0x0000, 0x0000, 0x0000, 0x0000, 0x0000,
    0x0000, 0x0000, 0x0000, 0x0000, 0x0000, 0x0000, 0x0000, 0x0000, 0x0000, 0x0000, 0x0000, 0x0000,
    0x0000, 0x0000, 0x0000, 0x0000, 0x0000, 0x0000, 0x0000, 0x0000, 0x0000, 0x0000, 0x0000, 0x0000,
    0x0000, 0x0000, 0x0000, 0x0000, 0x0000, 0x0000, 0x0000, 0x0000, 0x0000, 0x0000, 0x0000, 0x0000,
    0x0000, 0x0000, 0x0000, 0x0000, 0x0000, 0x0000, 0x0000, 0x0000, 0x0000, 0x0000, 0x0000, 0x0000,
    0x0000, 0x0000, 0x0000, 0x0000, 0x0000, 0x0000, 0x0000, 0x0000, 0x0000, 0x0000, 0x0000, 0x0000,
    0x0000, 0x0000, 0x0000, 0x0000, 0x0000, 0x0000, 0x0000, 0x0000, 0x0000, 0x0000, 0x0000, 0x0000,
    0x0000, 0x0000, 0x9C00, 0xFE80, 0xFE00, 0xFE20, 0xFE40, 0xFE60, 0xDDE0, 0xF620, 0xFE20, 0xFE20,
    0xFE40, 0xFE40, 0xFE60, 0xFE40, 0xFEA0, 0xCD40, 0x62E0, 0xFE80, 0xFE40, 0xFE20, 0xFE40, 0xFE80,
    0xA460, 0x0000, 0x3000, 0x0000, 0xAC80, 0xFEC0, 0xFE20, 0xFE20, 0xFE80, 0xC560, 0x0040, 0x0000,
    0x4A20, 0xEE00, 0xFE60, 0xFE40, 0xFE60, 0xFE60, 0xFE60, 0xFE20, 0xDDA0, 0xA480, 0xF600, 0xFE60,
    0xFE40, 0xFE40, 0xFE20, 0xFE80, 0x3980, 0x0000, 0xDDC0, 0xFE80, 0xFE40, 0xFE40, 0xFE20, 0xFE80,
    0xBD00, 0x0000, 0x3980, 0xFE80, 0xFE20, 0xFE40, 0xFE60, 0xFE40, 0xFE60, 0x39A0, 0x5A80, 0xF660,
    0xFE40, 0xFE40, 0xFE60, 0xFE60, 0xFE60, 0xFE40, 0xFE20, 0xFE20, 0xFE20, 0xFE20, 0xFE60, 0xFE40,
    0xFE40, 0xFE40, 0xFE40, 0xFE80, 0xA460, 0x2120, 0x0000, 0x0800, 0x2800, 0x4000, 0x6000, 0x4000,
    0x0000, 0x0000, 0x0000, 0x0000, 0x0000, 0x0000, 0x0000, 0x0000, 0x0000, 0x0000, 0x0000, 0x0000,
    0x0000, 0x0000, 0x0000, 0x0000, 0x0000, 0x0000, 0x0000, 0x0000, 0x0000, 0x0000, 0x0000, 0x0000,
    0x0000, 0x0000, 0x0000, 0x0000, 0x0000, 0x0000, 0x0000, 0x0000, 0x0000, 0x0000, 0x0000, 0x0000,
    0x0000, 0x0000, 0x0000, 0x0000, 0x0000, 0x0000, 0x0000, 0x0000, 0x0000, 0x0000, 0x0000, 0x0000,
    0x0000, 0x0000, 0x0000, 0x0000, 0x0000, 0x0000, 0x0000, 0x0000, 0x0000, 0x0000, 0x0000, 0x0000,
    0x0000, 0x0000, 0x0000, 0x0000, 0x0000, 0x0000, 0x0000, 0x0000, 0x0000, 0x0000, 0x0000, 0x0000,
    0x0000, 0x0000, 0x0000, 0x0000, 0x0000, 0x0000, 0x0000, 0x0000, 0x0000, 0x0000, 0x0000, 0x0000,
    0x0000, 0x0000, 0x0000, 0x0000, 0x0000, 0x0000, 0x0000, 0x0000, 0x0000, 0x0000, 0x0000, 0x0000,
    0x0000, 0x0000, 0x0000, 0x0000, 0x0000, 0x0000, 0x0000, 0x0000, 0x0000, 0x0000, 0x0000, 0x0000,
    0x0000, 0x0000, 0x0000, 0x0000, 0x0000, 0x0000, 0x0000, 0x0000, 0x0000, 0x0000, 0x0000, 0x0000,
    0x0000, 0x0000, 0x0000, 0x0000, 0x0000, 0x0000, 0x0000, 0x0000, 0x0000, 0x0000, 0x0000, 0x0000,
    0x0000, 0x0000, 0x0000, 0x0000, 0x0000, 0x0000, 0x0000, 0x0000, 0x0000, 0x0000, 0x0000, 0x0000,
    0x0000, 0x2940, 0xFE80, 0xFE40, 0xFE40, 0xFE20, 0xFE60, 0xF620, 0x9C20, 0xFE40, 0xFE20, 0xFE40,
    0xFE60, 0xFE40, 0xFE40, 0xFE40, 0xFEC0, 0x41E0, 0xA440, 0xFEC0, 0xFE40, 0xFE20, 0xFE40, 0xFEA0,
    0x6B00, 0x1800, 0x1000, 0x31A0, 0xFE40, 0xFE20, 0xFE20, 0xFE20, 0xFE60, 0xBD00, 0xAC60, 0xC520,
    0xF640, 0xFE60, 0xFE40, 0xFE40, 0xFE60, 0xFE40, 0xFE40, 0xF640, 0xBD20, 0xB4C0, 0xFE40, 0xFE20,
    0xFE40, 0xFE40, 0xFE60, 0xEE20, 0x0860, 0x2100, 0xFE60, 0xFE40, 0xFE40, 0xFE40, 0xFE40, 0xFEA0,
    0x41C0, 0x0000, 0xA480, 0xFEC0, 0xFE40, 0xFE40, 0xFE40, 0xFE80, 0xE5C0, 0x6B00, 0xEE20, 0xFE60,
    0xFE20, 0xFE40, 0xFE60, 0xFE60, 0xFE20, 0xFE00, 0xFE20, 0xFE40, 0xFE80, 0xFE60, 0xFE40, 0xFE40,
    0xFE60, 0xFE40, 0xFE40, 0xEE20, 0x1060, 0x1800, 0x3800, 0x4000, 0x4000, 0x3800, 0x2800, 0x0000,
    0x0000, 0x0000, 0x0000, 0x0000, 0x0000, 0x0000, 0x0000, 0x0000, 0x0000, 0x0000, 0x0000, 0x0000,
    0x0000, 0x0000, 0x0000, 0x0000, 0x0000, 0x0000, 0x0000, 0x0000, 0x0000, 0x0000, 0x0000, 0x0000,
    0x0000, 0x0000, 0x0000, 0x0000, 0x0000, 0x0000, 0x0000, 0x0000, 0x0000, 0x0000, 0x0000, 0x0000,
    0x0000, 0x0000, 0x0000, 0x0000, 0x0000, 0x0000, 0x0000, 0x0000, 0x0000, 0x0000, 0x0000, 0x0000,
    0x0000, 0x0000, 0x0000, 0x0000, 0x0000, 0x0000, 0x0000, 0x0000, 0x0000, 0x0000, 0x0000, 0x0000,
    0x0000, 0x0000, 0x0000, 0x0000, 0x0000, 0x0000, 0x0000, 0x0000, 0x0000, 0x0000, 0x0000, 0x0000,
    0x0000, 0x0000, 0x0000, 0x0000, 0x0000, 0x0000, 0x0000, 0x0000, 0x0000, 0x0000, 0x0000, 0x0000,
    0x0000, 0x0000, 0x0000, 0x0000, 0x0000, 0x0000, 0x0000, 0x0000, 0x0000, 0x0000, 0x0000, 0x0000,
    0x0000, 0x0000, 0x0000, 0x0000, 0x0000, 0x0000, 0x0000, 0x0000, 0x0000, 0x0000, 0x0000, 0x0000,
    0x0000, 0x0000, 0x0000, 0x0000, 0x0000, 0x0000, 0x0000, 0x0000, 0x0000, 0x0000, 0x0000, 0x0000,
    0x0000, 0x0000, 0x0000, 0x0000, 0x0000, 0x0000, 0x0000, 0x0000, 0x0000, 0x0000, 0x0000, 0x0000,
    0x0000, 0x0000, 0x0000, 0x0000, 0x0000, 0x0000, 0x0000, 0x0000, 0x0000, 0x0000, 0x0000, 0x0000,
    0x0000, 0xA460, 0xFEA0, 0xFE20, 0xF620, 0xFE20, 0xFEA0, 0xBD00, 0x7B40, 0xFEC0, 0xFE20, 0xFE60,
    0xFE40, 0xFE20, 0xFE20, 0xFF00, 0x8340, 0x2100, 0xFE80, 0xFE40, 0xFE40, 0xFE20, 0xFE40, 0xF640,
    0x2920, 0x2000, 0x0000, 0xCD40, 0xFE60, 0xF600, 0xFE40, 0xFE60, 0xFE60, 0xFE80, 0xFEA0, 0xFE80,
    0xFE40, 0xFE40, 0xFE60, 0xFE60, 0xFE60, 0xFE60, 0xFE80, 0xFE60, 0x9C20, 0xDD80, 0xFE80, 0xFE40,
    0xFE40, 0xF600, 0xFEA0, 0x9C20, 0x0000, 0x3980, 0xFEA0, 0xFE40, 0xFE40, 0xFE20, 0xFEC0, 0x8380,
    0x0000, 0x1080, 0xEE00, 0xFE80, 0xFE40, 0xFE40, 0xFE40, 0xFEE0, 0x8380, 0x62A0, 0xFEA0, 0xFE40,
    0xFE40, 0xFE20, 0xFE60, 0xFE40, 0xFE40, 0xFEA0, 0xFEC0, 0xFE80, 0xCD60, 0xDDA0, 0xFE40, 0xFE20,
    0xFE60, 0xFE60, 0xFE80, 0xD560, 0x0820, 0x3000, 0x3800, 0x4000, 0x5000, 0x4800, 0x1000, 0x0000,
    0x0000, 0x0000, 0x0000, 0x0000, 0x0000, 0x0000, 0x0000, 0x0000, 0x0000, 0x0000, 0x0000, 0x0000,
    0x0000, 0x0000, 0x0000, 0x0000, 0x0000, 0x0000, 0x0000, 0x0000, 0x0000, 0x0000, 0x0000, 0x0000,
    0x0000, 0x0000, 0x0000, 0x0000, 0x0000, 0x0000, 0x0000, 0x0000, 0x0000, 0x0000, 0x0000, 0x0000,
    0x0000, 0x0000, 0x0000, 0x0000, 0x0000, 0x0000, 0x0000, 0x0000, 0x0000, 0x0000, 0x0000, 0x0000,
    0x0000, 0x0000, 0x0000, 0x0000, 0x0000, 0x0000, 0x0000, 0x0000, 0x0000, 0x0000, 0x0000, 0x0000,
    0x0000, 0x0000, 0x0000, 0x0000, 0x0000, 0x0000, 0x0000, 0x0000, 0x0000, 0x0000, 0x0000, 0x0000,
    0x0000, 0x0000, 0x0000, 0x0000, 0x0000, 0x0000, 0x0000, 0x0000, 0x0000, 0x0000, 0x0000, 0x0000,
    0x0000, 0x0000, 0x0000, 0x0000, 0x0000, 0x0000, 0x0000, 0x0000, 0x0000, 0x0000, 0x0000, 0x0000,
    0x0000, 0x0000, 0x0000, 0x0000, 0x0000, 0x0000, 0x0000, 0x0000, 0x0000, 0x0000, 0x0000, 0x0000,
    0x0000, 0x0000, 0x0000, 0x0000, 0x0000, 0x0000, 0x0000, 0x0000, 0x0000, 0x0000, 0x0000, 0x0000,
    0x0000, 0x0000, 0x0000, 0x0000, 0x0000, 0x0000, 0x0000, 0x0000, 0x0000, 0x0000, 0x0000, 0x0000,
    0x0000, 0x0000, 0x0000, 0x0000, 0x0000, 0x0000, 0x0000, 0x0000, 0x0000, 0x0000, 0x0000, 0x0000,
    0x0860, 0xE5E0, 0xFE40, 0xFE20, 0xF600, 0xFE20, 0xFE80, 0x49E0, 0x41A0, 0xFE60, 0xFE00, 0xFE20,
    0xFE20, 0xF600, 0xFE60, 0xAC80, 0x0000, 0x8BC0, 0xFEC0, 0xFE20, 0xFE40, 0xFE40, 0xFEA0, 0xBCE0,
    0x0000, 0x0020, 0x7B20, 0xFEA0, 0xFE40, 0xFE40, 0xFE40, 0xFE60, 0xFE40, 0xFE20, 0xFE20, 0xFE40,
    0xFE20, 0xFE40, 0xFE60, 0xFE60, 0xFE40, 0xFE60, 0xF660, 0x8BA0, 0x5260, 0xFE80, 0xFE60, 0xFE40,
    0xFE40, 0xFE40, 0xFE80, 0x3980, 0x0800, 0x3160, 0xFE60, 0xFE20, 0xFE40, 0xFEA0, 0xCD40, 0x0820,
    0x0800, 0x41E0, 0xFE80, 0xFE60, 0xFE40, 0xFE60, 0xFE80, 0xEE40, 0x2100, 0xAC60, 0xFEA0, 0xFE60,
    0xFE40, 0xFE00, 0xFE40, 0xFEC0, 0xF640, 0xA440, 0x6B00, 0x41A0, 0x0000, 0x9C20, 0xFEA0, 0xFE20,
    0xFE20, 0xFE20, 0xFEA0, 0xAC80, 0x1000, 0x4000, 0x4000, 0x5800, 0x2800, 0x0800, 0x0000, 0x0000,
    0x0000, 0x0000, 0x0000, 0x0000, 0x0000, 0x0000, 0x0000, 0x0000, 0x0000, 0x0000, 0x0000, 0x0000,
    0x0000, 0x0000, 0x0000, 0x0000, 0x0000, 0x0000, 0x0000, 0x0000, 0x0000, 0x0000, 0x0000, 0x0000,
    0x0000, 0x0000, 0x0000, 0x0000, 0x0000, 0x0000, 0x0000, 0x0000, 0x0000, 0x0000, 0x0000, 0x0000,
    0x0000, 0x0000, 0x0000, 0x0000, 0x0000, 0x0000, 0x0000, 0x0000, 0x0000, 0x0000, 0x0000, 0x0000,
    0x0000, 0x0000, 0x0000, 0x0000, 0x0000, 0x0000, 0x0000, 0x0000, 0x0000, 0x0000, 0x0000, 0x0000,
    0x0000, 0x0000, 0x0000, 0x0000, 0x0000, 0x0000, 0x0000, 0x0000, 0x0000, 0x0000, 0x0000, 0x0000,
    0x0000, 0x0000, 0x0000, 0x0000, 0x0000, 0x0000, 0x0000, 0x0000, 0x0000, 0x0000, 0x0000, 0x0000,
    0x0000, 0x0000, 0x0000, 0x0000, 0x0000, 0x0000, 0x0000, 0x0000, 0x0000, 0x0000, 0x0000, 0x0000,
    0x0000, 0x0000, 0x0000, 0x0000, 0x0000, 0x0000, 0x0000, 0x0000, 0x0000, 0x0000, 0x0000, 0x0000,
    0x0000, 0x0000, 0x0000, 0x0000, 0x0000, 0x0000, 0x0000, 0x0000, 0x0000, 0x0000, 0x0000, 0x0000,
    0x0000, 0x0000, 0x0000, 0x0000, 0x0000, 0x0000, 0x0000, 0x0000, 0x0000, 0x0000, 0x0000, 0x0000,
    0x0000, 0x0000, 0x0000, 0x0000, 0x0000, 0x0000, 0x0000, 0x0000, 0x0000, 0x0000, 0x0000, 0x0000,
    0x5240, 0xFE40, 0xFE00, 0xFE00, 0xFE20, 0xFE60, 0xDDA0, 0x0000, 0x41C0, 0xFE80, 0xFE20, 0xFE40,
    0xFE40, 0xFE40, 0xF620, 0x18A0, 0x0840, 0xDDA0, 0xFE40, 0xFE40, 0xFE40, 0xFE20, 0xFEE0, 0x6AC0,
    0x1060, 0xA440, 0xFE60, 0xFE20, 0xFE40, 0xFE40, 0xFE40, 0xFE20, 0xFE20, 0xFE20, 0xFE40, 0xFE40,
    0xFE40, 0xFE40, 0xFE60, 0xFE40, 0xFE20, 0xFEC0, 0xB480, 0x0000, 0x93A0, 0xFE80, 0xFE40, 0xFE40,
    0xFE40, 0xFEA0, 0xBD00, 0x0820, 0x2000, 0x2900, 0xF620, 0xFE20, 0xFE60, 0xCD60, 0x1900, 0x2000,
    0x0800, 0xA460, 0xFEC0, 0xFE40, 0xFE40, 0xFE40, 0xFEC0, 0x8360, 0x1060, 0xD5A0, 0xFE80, 0xFE40,
    0xFE40, 0xFE40, 0xEE00, 0x6280, 0x20C0, 0x0000, 0x0800, 0x3000, 0x0800, 0xACC0, 0xFEA0, 0xFE40,
    0xFE40, 0xFE40, 0xFEE0, 0x8380, 0x0800, 0x3800, 0x1000, 0x1000, 0x0000, 0x0000, 0x0000, 0x0000,
    0x0000, 0x0000, 0x0000, 0x0000, 0x0000, 0x0000, 0x0000, 0x0000, 0x0000, 0x0000, 0x0000, 0x0000,
    0x0000, 0x0000, 0x0000, 0x0000, 0x0000, 0x0000, 0x0000, 0x0000, 0x0000, 0x0000, 0x0000, 0x0000,
    0x0000, 0x0000, 0x0000, 0x0000, 0x0000, 0x0000, 0x0000, 0x0000, 0x0000, 0x0000, 0x0000, 0x0000,
    0x0000, 0x0000, 0x0000, 0x0000, 0x0000, 0x0000, 0x0000, 0x0000, 0x0000, 0x0000, 0x0000, 0x0000,
    0x0000, 0x0000, 0x0000, 0x0000, 0x0000, 0x0000, 0x0000, 0x0000, 0x0000, 0x0000, 0x0000, 0x0000,
    0x0000, 0x0000, 0x0000, 0x0000, 0x0000, 0x0000, 0x0000, 0x0000, 0x0000, 0x0000, 0x0000, 0x0000,
    0x0000, 0x0000, 0x0000, 0x0000, 0x0000, 0x0000, 0x0000, 0x0000, 0x0000, 0x0000, 0x0000, 0x0000,
    0x0000, 0x0000, 0x0000, 0x0000, 0x0000, 0x0000, 0x0000, 0x0000, 0x0000, 0x0000, 0x0000, 0x0000,
    0x0000, 0x0000, 0x0000, 0x0000, 0x0000, 0x0000, 0x0000, 0x0000, 0x0000, 0x0000, 0x0000, 0x0000,
    0x0000, 0x0000, 0x0000, 0x0000, 0x0000, 0x0000, 0x0000, 0x0000, 0x0000, 0x0000, 0x0000, 0x0000,
    0x0000, 0x0000, 0x0000, 0x0000, 0x0000, 0x0000, 0x0000, 0x0000, 0x0000, 0x0000, 0x0000, 0x0000,
    0x0000, 0x0000, 0x0000, 0x0000, 0x0000, 0x0000, 0x0000, 0x0000, 0x0000, 0x0000, 0x0000, 0x0000,
    0xB4C0, 0xFE80, 0xFE20, 0xFE20, 0xFE40, 0xFEA0, 0xB4A0, 0x0000, 0x7B40, 0xFEC0, 0xFE20, 0xFE40,
    0xF600, 0xFEA0, 0x8360, 0x0000, 0x5260, 0xFEA0, 0xFE20, 0xFE20, 0xFE40, 0xFE60, 0xE5C0, 0x3140,
    0xC4E0, 0xFE80, 0xFE20, 0xFE40, 0xFE40, 0xFE60, 0xFE40, 0xFE20, 0xFE60, 0xFE80, 0xFEE0, 0xFEA0,
    0xF620, 0xFE40, 0xFE40, 0xFE40, 0xFE20, 0xFEC0, 0x7320, 0x0020, 0xE5E0, 0xFE80, 0xFE40, 0xFE20,
    0xFE20, 0xFEA0, 0x4A00, 0x1000, 0x2800, 0x3180, 0xF620, 0xFE80, 0xCD40, 0x10C0, 0x1000, 0x2000,
    0x10A0, 0xEE00, 0xFE60, 0xFE20, 0xFE20, 0xFE40, 0xFE60, 0x18C0, 0x2900, 0xEE60, 0xFE60, 0xFE20,
    0xF5E0, 0xFE80, 0x9C00, 0x0000, 0x2800, 0x3800, 0x4020, 0x3800, 0x0800, 0xCD80, 0xFE80, 0xFE20,
    0xFE40, 0xFE40, 0xFEC0, 0x62A0, 0x2000, 0x4000, 0x0000, 0x0000, 0x0000, 0x0000, 0x0000, 0x0000,
    0x0000, 0x0000, 0x0000, 0x0000, 0x0000, 0x0000, 0x0000, 0x0000, 0x0000, 0x0000, 0x0000, 0x0000,
    0x0000, 0x0000, 0x0000, 0x0000, 0x0000, 0x0000, 0x0000, 0x0000, 0x0000, 0x0000, 0x0000, 0x0000,
    0x0000, 0x0000, 0x0000, 0x0000, 0x0000, 0x0000, 0x0000, 0x0000, 0x0000, 0x0000, 0x0000, 0x0000,
    0x0000, 0x0000, 0x0000, 0x0000, 0x0000, 0x0000, 0x0000, 0x0000, 0x0000, 0x0000, 0x0000, 0x0000,
    0x0000, 0x0000, 0x0000, 0x0000, 0x0000, 0x0000, 0x0000, 0x0000, 0x0000, 0x0000, 0x0000, 0x0000,
    0x0000, 0x0000, 0x0000, 0x0000, 0x0000, 0x0000, 0x0000, 0x0000, 0x0000, 0x0000, 0x0000, 0x0000,
    0x0000, 0x0000, 0x0000, 0x0000, 0x0000, 0x0000, 0x0000, 0x0000, 0x0000, 0x0000, 0x0000, 0x0000,
    0x0000, 0x0000, 0x0000, 0x0000, 0x0000, 0x0000, 0x0000, 0x0000, 0x0000, 0x0000, 0x0000, 0x0000,
    0x0000, 0x0000, 0x0000, 0x0000, 0x0000, 0x0000, 0x0000, 0x0000, 0x0000, 0x0000, 0x0000, 0x0000,
    0x0000, 0x0000, 0x0000, 0x0000, 0x0000, 0x0000, 0x0000, 0x0000, 0x0000, 0x0000, 0x0000, 0x0000,
    0x0000, 0x0000, 0x0000, 0x0000, 0x0000, 0x0000, 0x0000, 0x0000, 0x0000, 0x0000, 0x0000, 0x0000,
    0x0000, 0x0000, 0x0000, 0x0000, 0x0000, 0x0000, 0x0000, 0x0000, 0x0000, 0x0000, 0x0000, 0x41C0,
    0xFEA0, 0xFE40, 0xFE40, 0xFE40, 0xFE40, 0xFEA0, 0x5220, 0x0000, 0x7320, 0xFEA0, 0xF600, 0xFE40,
    0xFE80, 0xD560, 0x1040, 0x0000, 0x93C0, 0xFEC0, 0xFE40, 0xFE20, 0xFE40, 0xFEE0, 0xA440, 0x20C0,
    0xD5A0, 0xFE80, 0xFE40, 0xFE20, 0xFE20, 0xFE60, 0xFEA0, 0xFF00, 0xEE00, 0xCD20, 0x83A0, 0x3180,
    0xC500, 0xFE60, 0xFE40, 0xFE60, 0xFE40, 0xFEC0, 0x3160, 0x5220, 0xFEC0, 0xFE40, 0xFE60, 0xFE40,
    0xFE60, 0xEE00, 0x18A0, 0x3800, 0x2800, 0x10C0, 0xEDC0, 0xFE60, 0x39C0, 0x1000, 0x4840, 0x0800,
    0x7320, 0xFEA0, 0xFE20, 0xFE20, 0xFE20, 0xFE60, 0xDD80, 0x18C0, 0xD560, 0xFE60, 0xFE20, 0xFE40,
    0xFE20, 0xF640, 0x3140, 0x2000, 0x3820, 0x3000, 0x3800, 0x3800, 0x18A0, 0xEE20, 0xFE60, 0xFE40,
    0xFE40, 0xFE60, 0xFEA0, 0x3160, 0x2800, 0x3000, 0x0000, 0x0000, 0x0000, 0x0000, 0x0000, 0x0000,
    0x0000, 0x0000, 0x0000, 0x0000, 0x0000, 0x0000, 0x0000, 0x0000, 0x0000, 0x0000, 0x0000, 0x0000,
    0x0000, 0x0000, 0x0000, 0x0000, 0x0000, 0x0000, 0x0000, 0x0000, 0x0000, 0x0000, 0x0000, 0x0000,
    0x0000, 0x0000, 0x0000, 0x0000, 0x0000, 0x0000, 0x0000, 0x0000, 0x0000, 0x0000, 0x0000, 0x0000,
    0x0000, 0x0000, 0x0000, 0x0000, 0x0000, 0x0000, 0x0000, 0x0000, 0x0000, 0x0000, 0x0000, 0x0000,
    0x0000, 0x0000, 0x0000, 0x0000, 0x0000, 0x0000, 0x0000, 0x0000, 0x0000, 0x0000, 0x0000, 0x0000,
    0x0000, 0x0000, 0x0000, 0x0000, 0x0000, 0x0000, 0x0000, 0x0000, 0x0000, 0x0000, 0x0000, 0x0000,
    0x0000, 0x0000, 0x0000, 0x0000, 0x0000, 0x0000, 0x0000, 0x0000, 0x0000, 0x0000, 0x0000, 0x0000,
    0x0000, 0x0000, 0x0000, 0x0000, 0x0000, 0x0000, 0x0000, 0x0000, 0x0000, 0x0000, 0x0000, 0x0000,
    0x0000, 0x0000, 0x0000, 0x0000, 0x0000, 0x0000, 0x0000, 0x0000, 0x0000, 0x0000, 0x0000, 0x0000,
    0x0000, 0x0000, 0x0000, 0x0000, 0x0000, 0x0000, 0x0000, 0x0000, 0x0000, 0x0000, 0x0000, 0x0000,
    0x0000, 0x0000, 0x0000, 0x0000, 0x0000, 0x0000, 0x0000, 0x0000, 0x0000, 0x0000, 0x0000, 0x0000,
    0x0000, 0x0000, 0x0000, 0x0000, 0x0000, 0x0000, 0x0000, 0x0000, 0x0000, 0x0000, 0x0000, 0xA460,
    0xFEA0, 0xFE40, 0xFE20, 0xFE00, 0xFE60, 0xD580, 0x1840, 0x1000, 0x8360, 0xFEA0, 0xF620, 0xFE60,
    0xEE00, 0x2920, 0x1000, 0x20A0, 0xE600, 0xFE60, 0xFE40, 0xFE40, 0xFE40, 0xFE80, 0x49E0, 0x49E0,
    0xE600, 0xFE40, 0xFE40, 0xFE40, 0xFE40, 0xFE60, 0xD5C0, 0x8BC0, 0x18C0, 0x0800, 0x0800, 0x0000,
    0xD560, 0xFE60, 0xFE20, 0xFE40, 0xFE40, 0xFE60, 0x20E0, 0xAC80, 0xFE80, 0xFE20, 0xFE40, 0xFE20,
    0xFEE0, 0x9C20, 0x0000, 0x4820, 0x1000, 0x1080, 0xE620, 0x9420, 0x0000, 0x3800, 0x4000, 0x0800,
    0xA460, 0xFEA0, 0xFE20, 0xFE40, 0xFE20, 0xFEE0, 0x7B40, 0x4A00, 0xFEE0, 0xFE20, 0xFE20, 0xFE20,
    0xFE80, 0x62C0, 0x0000, 0x4000, 0x4800, 0x4800, 0x3000, 0x2800, 0x18C0, 0xEE00, 0xFE40, 0xFE40,
    0xFE40, 0xFE20, 0xFE80, 0x3160, 0x4000, 0x3000, 0x0000, 0x0000, 0x0000, 0x0000, 0x0000, 0x0000,
    0x0000, 0x0000, 0x0000, 0x0000, 0x0000, 0x0000, 0x0000, 0x0000, 0x0000, 0x0000, 0x0000, 0x0000,
    0x0000, 0x0000, 0x0000, 0x0000, 0x0000, 0x0000, 0x0000, 0x0000, 0x0000, 0x0000, 0x0000, 0x0000,
    0x0000, 0x0000, 0x0000, 0x0000, 0x0000, 0x0000, 0x0000, 0x0000, 0x0000, 0x0000, 0x0000, 0x0000,
    0x0000, 0x0000, 0x0000, 0x0000, 0x0000, 0x0000, 0x0000, 0x0000, 0x0000, 0x0000, 0x0000, 0x0000,
    0x0000, 0x0000, 0x0000, 0x0000, 0x0000, 0x0000, 0x0000, 0x0000, 0x0000, 0x0000, 0x0000, 0x0000,
    0x0000, 0x0000, 0x0000, 0x0000, 0x0000, 0x0000, 0x0000, 0x0000, 0x0000, 0x0000, 0x0000, 0x0000,
    0x0000, 0x0000, 0x0000, 0x0000, 0x0000, 0x0000, 0x0000, 0x0000, 0x0000, 0x0000, 0x0000, 0x0000,
    0x0000, 0x0000, 0x0000, 0x0000, 0x0000, 0x0000, 0x0000, 0x0000, 0x0000, 0x0000, 0x0000, 0x0000,
    0x0000, 0x0000, 0x0000, 0x0000, 0x0000, 0x0000, 0x0000, 0x0000, 0x0000, 0x0000, 0x0000, 0x0000,
    0x0000, 0x0000, 0x0000, 0x0000, 0x0000, 0x0000, 0x0000, 0x0000, 0x0000, 0x0000, 0x0000, 0x0000,
    0x0000, 0x0000, 0x0000, 0x0000, 0x0000, 0x0000, 0x0000, 0x0000, 0x0000, 0x0000, 0x0000, 0x0000,
    0x0000, 0x0000, 0x0000, 0x0000, 0x0000, 0x0000, 0x0000, 0x0000, 0x0000, 0x0000, 0x10A0, 0xF620,
    0xFE60, 0xFE40, 0xFE20, 0xFE20, 0xFEC0, 0x7340, 0x0800, 0x1000, 0x62C0, 0xFE80, 0xFE40, 0xE600,
    0x4220, 0x1000, 0x1000, 0x5240, 0xFEE0, 0xFE40, 0xFE20, 0xFE20, 0xFEA0, 0xB4A0, 0x0000, 0x49E0,
    0xBD00, 0xFE80, 0xFE40, 0xFE20, 0xFE60, 0xC500, 0x0020, 0x1000, 0x2800, 0x3800, 0x3800, 0x18A0,
    0xE5E0, 0xFE60, 0xFE20, 0xFE40, 0xFE80, 0xDD60, 0x0860, 0xD560, 0xFE80, 0xFE40, 0xFE40, 0xFE60,
    0xF660, 0x3160, 0x1800, 0x3800, 0x0000, 0x1060, 0x31A0, 0x0840, 0x3000, 0x3800, 0x3800, 0x0840,
    0xD580, 0xFE60, 0xFE20, 0xFE40, 0xFE60, 0xFEC0, 0x2900, 0x9C00, 0xFEE0, 0xFE40, 0xF620, 0xFE80,
    0x93C0, 0x0000, 0x3000, 0x4000, 0x3000, 0x1000, 0x0000, 0x0000, 0x0000, 0xD580, 0xFEA0, 0xFE40,
    0xFE60, 0xFEC0, 0xDDA0, 0x1060, 0x4800, 0x2800, 0x0000, 0x0000, 0x0000, 0x0000, 0x0000, 0x0000,
    0x0000, 0x0000, 0x0000, 0x0000, 0x0000, 0x0000, 0x0000, 0x0000, 0x0000, 0x0000, 0x0000, 0x0000,
    0x0000, 0x0000, 0x0000, 0x0000, 0x0000, 0x0000, 0x0000, 0x0000, 0x0000, 0x0000, 0x0000, 0x0000,
    0x0000, 0x0000, 0x0000, 0x0000, 0x0000, 0x0000, 0x0000, 0x0000, 0x0000, 0x0000, 0x0000, 0x0000,
    0x0000, 0x0000, 0x0000, 0x0000, 0x0000, 0x0000, 0x0000, 0x0000, 0x0000, 0x0000, 0x0000, 0x0000,
    0x0000, 0x0000, 0x0000, 0x0000, 0x0000, 0x0000, 0x0000, 0x0000, 0x0000, 0x0000, 0x0000, 0x0000,
    0x0000, 0x0000, 0x0000, 0x0000, 0x0000, 0x0000, 0x0000, 0x0000, 0x0000, 0x0000, 0x0000, 0x0000,
    0x0000, 0x0000, 0x0000, 0x0000, 0x0000, 0x0000, 0x0000, 0x0000, 0x0000, 0x0000, 0x0000, 0x0000,
    0x0000, 0x0000, 0x0000, 0x0000, 0x0000, 0x0000, 0x0000, 0x0000, 0x0000, 0x0000, 0x0000, 0x0000,
    0x0000, 0x0000, 0x0000, 0x0000, 0x0000, 0x0000, 0x0000, 0x0000, 0x0000, 0x0000, 0x0000, 0x0000,
    0x0000, 0x0000, 0x0000, 0x0000, 0x0000, 0x0000, 0x0000, 0x0000, 0x0000, 0x0000, 0x0000, 0x0000,
    0x0000, 0x0000, 0x0000, 0x0000, 0x0000, 0x0000, 0x0000, 0x0000, 0x0000, 0x0000, 0x0000, 0x0000,
    0x0000, 0x0000, 0x0000, 0x0000, 0x0000, 0x0000, 0x0000, 0x0000, 0x0000, 0x0000, 0x62C0, 0xFEA0,
    0xFE60, 0xFE40, 0xFE40, 0xFE80, 0xDDA0, 0x10A0, 0x2800, 0x0800, 0x7340, 0xFE80, 0xFE80, 0x4A20,
    0x0000, 0x3820, 0x0000, 0xB4A0, 0xFE80, 0xFE20, 0xFE20, 0xFE20, 0xFEE0, 0x7B40, 0x0000, 0x3980,
    0xEE00, 0xFE40, 0xFE40, 0xFE20, 0xFE80, 0x5A80, 0x0800, 0x4020, 0x3800, 0x4820, 0x2800, 0x3180,
    0xFEA0, 0xFE40, 0xFE20, 0xFE20, 0xFEC0, 0xA440, 0x39A0, 0xFE80, 0xFE40, 0xFE20, 0xFE40, 0xFEC0,
    0x8380, 0x0000, 0x3000, 0x1000, 0x0000, 0x0000, 0x1800, 0x3800, 0x3800, 0x4800, 0x2800, 0x3180,
    0xFE80, 0xFE20, 0xFE40, 0xFE40, 0xFE80, 0x8BC0, 0x18A0, 0xE5E0, 0xFE40, 0xFE40, 0xFEC0, 0xFE80,
    0x18C0, 0x1800, 0x3800, 0x4000, 0x0000, 0x0000, 0x0000, 0x0000, 0x1020, 0xA4A0, 0xBD00, 0xFE60,
    0xFEA0, 0x9C60, 0x5AC0, 0x1800, 0x5000, 0x0000, 0x0000, 0x0000, 0x0000, 0x0000, 0x0000, 0x0000,
    0x0000, 0x0000, 0x0000, 0x0000, 0x0000, 0x0000, 0x0000, 0x0000, 0x0000, 0x0000, 0x0000, 0x0000,
    0x0000, 0x0000, 0x0000, 0x0000, 0x0000, 0x0000, 0x0000, 0x0000, 0x0000, 0x0000, 0x0000, 0x0000,
    0x0000, 0x0000, 0x0000, 0x0000, 0x0000, 0x0000, 0x0000, 0x0000, 0x0000, 0x0000, 0x0000, 0x0000,
    0x0000, 0x0000, 0x0000, 0x0000, 0x0000, 0x0000, 0x0000, 0x0000, 0x0000, 0x0000, 0x0000, 0x0000,
    0x0000, 0x0000, 0x0000, 0x0000, 0x0000, 0x0000, 0x0000, 0x0000, 0x0000, 0x0000, 0x0000, 0x0000,
    0x0000, 0x0000, 0x0000, 0x0000, 0x0000, 0x0000, 0x0000, 0x0000, 0x0000, 0x0000, 0x0000, 0x0000,
    0x0000, 0x0000, 0x0000, 0x0000, 0x0000, 0x0000, 0x0000, 0x0000, 0x0000, 0x0000, 0x0000, 0x0000,
    0x0000, 0x0000, 0x0000, 0x0000, 0x0000, 0x0000, 0x0000, 0x0000, 0x0000, 0x0000, 0x0000, 0x0000,
    0x0000, 0x0000, 0x0000, 0x0000, 0x0000, 0x0000, 0x0000, 0x0000, 0x0000, 0x0000, 0x0000, 0x0000,
    0x0000, 0x0000, 0x0000, 0x0000, 0x0000, 0x0000, 0x0000, 0x0000, 0x0000, 0x0000, 0x0000, 0x0000,
    0x0000, 0x0000, 0x0000, 0x0000, 0x0000, 0x0000, 0x0000, 0x0000, 0x0000, 0x0000, 0x0000, 0x0000,
    0x0000, 0x0000, 0x0000, 0x0000, 0x0000, 0x0000, 0x0000, 0x0000, 0x0000, 0x0000, 0xD580, 0xFEA0,
    0xF620, 0xF600, 0xFE20, 0xFEA0, 0xA440, 0x0000, 0x3820, 0x0000, 0x5240, 0xFF00, 0xB480, 0x0800,
    0x4000, 0x3000, 0x18A0, 0xEE00, 0xFE40, 0xFE20, 0xFE40, 0xFE40, 0xFE80, 0x3120, 0x20E0, 0xF660,
    0xFE40, 0xF600, 0xFE00, 0xFE80, 0xC540, 0x1040, 0x3800, 0x3800, 0x4800, 0x5800, 0x3000, 0x4A00,
    0xFE80, 0xFE20, 0xFE40, 0xFE20, 0xFEC0, 0x8BA0, 0x7340, 0xFEA0, 0xFE20, 0xFE60, 0xFE80, 0xB4C0,
    0x0880, 0x2800, 0x4800, 0x0800, 0x0000, 0x0000, 0x3000, 0x5000, 0x4800, 0x3000, 0x0000, 0x7B60,
    0xF680, 0xFE40, 0xFE40, 0xEE40, 0x9C40, 0x0000, 0x8BE0, 0xFE80, 0xEE00, 0x9400, 0xACA0, 0x41E0,
    0x1800, 0x3800, 0x4000, 0x2000, 0x0000, 0x0000, 0x0000, 0x0000, 0x0820, 0x0860, 0x4A20, 0xFEC0,
    0xEE40, 0x20E0, 0x0020, 0x2800, 0x4800, 0x0000, 0x0000, 0x0000, 0x0000, 0x0000, 0x0000, 0x0000,
    0x0000, 0x0000, 0x0000, 0x0000, 0x0000, 0x0000, 0x0000, 0x0000, 0x0000, 0x0000, 0x0000, 0x0000,
    0x0000, 0x0000, 0x0000, 0x0000, 0x0000, 0x0000, 0x0000, 0x0000, 0x0000, 0x0000, 0x0000, 0x0000,
    0x0000, 0x0000, 0x0000, 0x0000, 0x0000, 0x0000, 0x0000, 0x0000, 0x0000, 0x0000, 0x0000, 0x0000,
    0x0000, 0x0000, 0x0000, 0x0000, 0x0000, 0x0000, 0x0000, 0x0000, 0x0000, 0x0000, 0x0000, 0x0000,
    0x0000, 0x0000, 0x0000, 0x0000, 0x0000, 0x0000, 0x0000, 0x0000, 0x0000, 0x0000, 0x0000, 0x0000,
    0x0000, 0x0000, 0x0000, 0x0000, 0x0000, 0x0000, 0x0000, 0x0000, 0x0000, 0x0000, 0x0000, 0x0000,
    0x0000, 0x0000, 0x0000, 0x0000, 0x0000, 0x0000, 0x0000, 0x0000, 0x0000, 0x0000, 0x0000, 0x0000,
    0x0000, 0x0000, 0x0000, 0x0000, 0x0000, 0x0000, 0x0000, 0x0000, 0x0000, 0x0000, 0x0000, 0x0000,
    0x0000, 0x0000, 0x0000, 0x0000, 0x0000, 0x0000, 0x0000, 0x0000, 0x0000, 0x0000, 0x0000, 0x0000,
    0x0000, 0x0000, 0x0000, 0x0000, 0x0000, 0x0000, 0x0000, 0x0000, 0x0000, 0x0000, 0x0000, 0x0000,
    0x0000, 0x0000, 0x0000, 0x0000, 0x0000, 0x0000, 0x0000, 0x0000, 0x0000, 0x0000, 0x0000, 0x0000,
    0x0000, 0x0000, 0x0000, 0x0000, 0x0000, 0x0000, 0x0000, 0x0000, 0x0000, 0x41A0, 0xFE80, 0xFE20,
    0xFE20, 0xFE20, 0xFE40, 0xFEE0, 0x5240, 0x1800, 0x4020, 0x0000, 0x4A20, 0xBD40, 0x2120, 0x1800,
    0x4020, 0x1800, 0x3160, 0xF640, 0xFE20, 0xFE40, 0xFE40, 0xFEA0, 0xCD60, 0x0000, 0x93E0, 0xFEE0,
    0xFE20, 0xFE40, 0xFE60, 0xDD60, 0x18E0, 0x3000, 0x4800, 0x4000, 0x3000, 0x1000, 0x0000, 0x2920,
    0xFE40, 0xFE20, 0xFE40, 0xFE60, 0xFEE0, 0x7320, 0xA4A0, 0xF620, 0xFE60, 0xD5A0, 0xACE0, 0x41E0,
    0x0800, 0x4000, 0x3000, 0x0000, 0x0000, 0x0000, 0x1000, 0x5800, 0x5000, 0x0800, 0x1040, 0xB540,
    0xDDC0, 0xFEC0, 0xC540, 0x4A80, 0x18E0, 0x3120, 0x8BE0, 0xE640, 0x5A60, 0x0000, 0x0840, 0x1000,
    0x4000, 0x4800, 0x5000, 0x0000, 0x0000, 0x0000, 0x0000, 0x0000, 0x0000, 0x2000, 0x1020, 0x7360,
    0x52A0, 0x0800, 0x2800, 0x4800, 0x4000, 0x0000, 0x0000, 0x0000, 0x0000, 0x0000, 0x0000, 0x0000,
    0x0000, 0x0000, 0x0000, 0x0000, 0x0000, 0x0000, 0x0000, 0x0000, 0x0000, 0x0000, 0x0000, 0x0000,
    0x0000, 0x0000, 0x0000, 0x0000, 0x0000, 0x0000, 0x0000, 0x0000, 0x0000, 0x0000, 0x0000, 0x0000,
    0x0000, 0x0000, 0x0000, 0x0000, 0x0000, 0x0000, 0x0000, 0x0000, 0x0000, 0x0000, 0x0000, 0x0000,
    0x0000, 0x0000, 0x0000, 0x0000, 0x0000, 0x0000, 0x0000, 0x0000, 0x0000, 0x0000, 0x0000, 0x0000,
    0x0000, 0x0000, 0x0000, 0x0000, 0x0000, 0x0000, 0x0000, 0x0000, 0x0000, 0x0000, 0x0000, 0x0000,
    0x0000, 0x0000, 0x0000, 0x0000, 0x0000, 0x0000, 0x0000, 0x0000, 0x0000, 0x0000, 0x0000, 0x0000,
    0x0000, 0x0000, 0x0000, 0x0000, 0x0000, 0x0000, 0x0000, 0x0000, 0x0000, 0x0000, 0x0000, 0x0000,
    0x0000, 0x0000, 0x0000, 0x0000, 0x0000, 0x0000, 0x0000, 0x0000, 0x0000, 0x0000, 0x0000, 0x0000,
    0x0000, 0x0000, 0x0000, 0x0000, 0x0000, 0x0000, 0x0000, 0x0000, 0x0000, 0x0000, 0x0000, 0x0000,
    0x0000, 0x0000, 0x0000, 0x0000, 0x0000, 0x0000, 0x0000, 0x0000, 0x0000, 0x0000, 0x0000, 0x0000,
    0x0000, 0x0000, 0x0000, 0x0000, 0x0000, 0x0000, 0x0000, 0x0000, 0x0000, 0x0000, 0x0000, 0x0000,
    0x0000, 0x0000, 0x0000, 0x0000, 0x0000, 0x0000, 0x0000, 0x0000, 0x0000, 0x5A60, 0xFEA0, 0xFE40,
    0xFE40, 0xFE20, 0xFE60, 0xB4A0, 0x0840, 0x4000, 0x3000, 0x0000, 0x18A0, 0x1040, 0x1000, 0x3000,
    0x4000, 0x0800, 0x83E0, 0xFEC0, 0xFE20, 0xFE20, 0xFE60, 0xF660, 0x5A40, 0x1060, 0xEDE0, 0xFE40,
    0xFE40, 0xFE40, 0xFF00, 0x62A0, 0x0000, 0x3820, 0x5000, 0x1800, 0x0000, 0x0000, 0x0000, 0x2940,
    0xA4A0, 0xDD80, 0xFEA0, 0xDD80, 0x5AA0, 0x39E0, 0xA440, 0xFE80, 0xFEA0, 0x5240, 0x0860, 0x1840,
    0x3800, 0x4000, 0x1000, 0x0000, 0x0000, 0x0000, 0x0800, 0x3800, 0x1800, 0x0000, 0x18A0, 0x62C0,
    0xEE00, 0xF680, 0x5A60, 0x0000, 0x1800, 0x0000, 0x6320, 0x39C0, 0x1000, 0x4000, 0x3800, 0x4000,
    0x3800, 0x3800, 0x2000, 0x0000, 0x0000, 0x0000, 0x0000, 0x0000, 0x0000, 0x1000, 0x4000, 0x0800,
    0x1000, 0x3800, 0x4800, 0x5000, 0x4000, 0x0000, 0x0000, 0x0000, 0x0000, 0x0000, 0x0000, 0x0000,
    0x0000, 0x0000, 0x0000, 0x0000, 0x0000, 0x0000, 0x0000, 0x0000, 0x0000, 0x0000, 0x0000, 0x0000,
    0x0000, 0x0000, 0x0000, 0x0000, 0x0000, 0x0000, 0x0000, 0x0000, 0x0000, 0x0000, 0x0000, 0x0000,
    0x0000, 0x0000, 0x0000, 0x0000, 0x0000, 0x0000, 0x0000, 0x0000, 0x0000, 0x0000, 0x0000, 0x0000,
    0x0000, 0x0000, 0x0000, 0x0000, 0x0000, 0x0000, 0x0000, 0x0000, 0x0000, 0x0000, 0x0000, 0x0000,
    0x0000, 0x0000, 0x0000, 0x0000, 0x0000, 0x0000, 0x0000, 0x0000, 0x0000, 0x0000, 0x0000, 0x0000,
    0x0000, 0x0000, 0x0000, 0x0000, 0x0000, 0x0000, 0x0000, 0x0000, 0x0000, 0x0000, 0x0000, 0x0000,
    0x0000, 0x0000, 0x0000, 0x0000, 0x0000, 0x0000, 0x0000, 0x0000, 0x0000, 0x0000, 0x0000, 0x0000,
    0x0000, 0x0000, 0x0000, 0x0000, 0x0000, 0x0000, 0x0000, 0x0000, 0x0000, 0x0000, 0x0000, 0x0000,
    0x0000, 0x0000, 0x0000, 0x0000, 0x0000, 0x0000, 0x0000, 0x0000, 0x0000, 0x0000, 0x0000, 0x0000,
    0x0000, 0x0000, 0x0000, 0x0000, 0x0000, 0x0000, 0x0000, 0x0000, 0x0000, 0x0000, 0x0000, 0x0000,
    0x0000, 0x0000, 0x0000, 0x0000, 0x0000, 0x0000, 0x0000, 0x0000, 0x0000, 0x0000, 0x0000, 0x0000,
    0x0000, 0x0000, 0x0000, 0x0000, 0x0000, 0x0000, 0x0000, 0x0000, 0x0000, 0xAC60, 0xFE60, 0xFE20,
    0xFE40, 0xFE60, 0xFEA0, 0x2940, 0x1000, 0x3800, 0x0800, 0x0000, 0x0000, 0x3800, 0x4000, 0x4000,
    0x3800, 0x0000, 0xB4E0, 0xF640, 0xFE20, 0xF640, 0xEE60, 0x62E0, 0x0000, 0x7300, 0xF680, 0xFE20,
    0xEDE0, 0xF620, 0xACA0, 0x1060, 0x3800, 0x3800, 0x3800, 0x0000, 0x0000, 0x0000, 0x0000, 0x0820,
    0x0020, 0x93E0, 0xFEE0, 0x8360, 0x0000, 0x0000, 0x93C0, 0xFEA0, 0xA4A0, 0x1000, 0x2000, 0x3000,
    0x4000, 0x4000, 0x0000, 0x0000, 0x0000, 0x0000, 0x0000, 0x0000, 0x0000, 0x0000, 0x0000, 0x2920,
    0xD5E0, 0x7B60, 0x1020, 0x3800, 0x4800, 0x2800, 0x10A0, 0x1000, 0x4000, 0x4800, 0x4800, 0x4000,
    0x4800, 0x1000, 0x0000, 0x0000, 0x0000, 0x0000, 0x0000, 0x0000, 0x0000, 0x0800, 0x6000, 0x4800,
    0x5000, 0x5000, 0x4800, 0x5800, 0x1800, 0x0000, 0x0000, 0x0000, 0x0000, 0x0000, 0x0000, 0x0000,
    0x0000, 0x0000, 0x0000, 0x0000, 0x0000, 0x0000, 0x0000, 0x0000, 0x0000, 0x0000, 0x0000, 0x0000,
    0x0000, 0x0000, 0x0000, 0x0000, 0x0000, 0x0000, 0x0000, 0x0000, 0x0000, 0x0000, 0x0000, 0x0000,
    0x0000, 0x0000, 0x0000, 0x0000, 0x0000, 0x0000, 0x0000, 0x0000, 0x0000, 0x0000, 0x0000, 0x0000,
    0x0000, 0x0000, 0x0000, 0x0000, 0x0000, 0x0000, 0x0000, 0x0000, 0x0000, 0x0000, 0x0000, 0x0000,
    0x0000, 0x0000, 0x0000, 0x0000, 0x0000, 0x0000, 0x0000, 0x0000, 0x0000, 0x0000, 0x0000, 0x0000,
    0x0000, 0x0000, 0x0000, 0x0000, 0x0000, 0x0000, 0x0000, 0x0000, 0x0000, 0x0000, 0x0000, 0x0000,
    0x0000, 0x0000, 0x0000, 0x0000, 0x0000, 0x0000, 0x0000, 0x0000, 0x0000, 0x0000, 0x0000, 0x0000,
    0x0000, 0x0000, 0x0000, 0x0000, 0x0000, 0x0000, 0x0000, 0x0000, 0x0000, 0x0000, 0x0000, 0x0000,
    0x0000, 0x0000, 0x0000, 0x0000, 0x0000, 0x0000, 0x0000, 0x0000, 0x0000, 0x0000, 0x0000, 0x0000,
    0x0000, 0x0000, 0x0000, 0x0000, 0x0000, 0x0000, 0x0000, 0x0000, 0x0000, 0x0000, 0x0000, 0x0000,
    0x0000, 0x0000, 0x0000, 0x0000, 0x0000, 0x0000, 0x0000, 0x0000, 0x0000, 0x0000, 0x0000, 0x0000,
    0x0000, 0x0000, 0x0000, 0x0000, 0x0000, 0x0000, 0x0000, 0x0000, 0x2900, 0xF660, 0xFE40, 0xFE20,
    0xFE40, 0xF660, 0x83A0, 0x1020, 0x3800, 0x3000, 0x0000, 0x0000, 0x0000, 0x3000, 0x4000, 0x4000,
    0x0000, 0x2960, 0xD5C0, 0xE5A0, 0xFEE0, 0x9400, 0x5280, 0x1880, 0x1000, 0x6B20, 0xFE80, 0xDDC1,
    0x41E0, 0x4220, 0x0000, 0x2000, 0x4000, 0x5000, 0x0800, 0x0000, 0x0000, 0x0000, 0x0000, 0x0000,
    0x2000, 0x18C0, 0x6B40, 0x0020, 0x3820, 0x1000, 0x7B60, 0x7B60, 0x1900, 0x1800, 0x4000, 0x3800,
    0x5000, 0x1000, 0x0000, 0x0000, 0x0000, 0x0000, 0x0000, 0x0000, 0x0000, 0x0000, 0x0000, 0x3180,
    0x5280, 0x0020, 0x2000, 0x3800, 0x4000, 0x4000, 0x1800, 0x5000, 0x4800, 0x4800, 0x5000, 0x6800,
    0x4000, 0x0000, 0x0000, 0x0000, 0x0000, 0x0000, 0x0000, 0x0000, 0x0000, 0x0000, 0x3800, 0x6000,
    0x4800, 0x5000, 0x5000, 0x6000, 0x1000, 0x0000, 0x0000, 0x0000, 0x0000, 0x0000, 0x0000, 0x0000,
    0x0000, 0x0000, 0x0000, 0x0000, 0x0000, 0x0000, 0x0000, 0x0000, 0x0000, 0x0000, 0x0000, 0x0000,
    0x0000, 0x0000, 0x0000, 0x0000, 0x0000, 0x0000, 0x0000, 0x0000, 0x0000, 0x0000, 0x0000, 0x0000,
    0x0000, 0x0000, 0x0000, 0x0000, 0x0000, 0x0000, 0x0000, 0x0000, 0x0000, 0x0000, 0x0000, 0x0000,
    0x0000, 0x0000, 0x0000, 0x0000, 0x0000, 0x0000, 0x0000, 0x0000, 0x0000, 0x0000, 0x0000, 0x0000,
    0x0000, 0x0000, 0x0000, 0x0000, 0x0000, 0x0000, 0x0000, 0x0000, 0x0000, 0x0000, 0x0000, 0x0000,
    0x0000, 0x0000, 0x0000, 0x0000, 0x0000, 0x0000, 0x0000, 0x0000, 0x0000, 0x0000, 0x0000, 0x0000,
    0x0000, 0x0000, 0x0000, 0x0000, 0x0000, 0x0000, 0x0000, 0x0000, 0x0000, 0x0000, 0x0000, 0x0000,
    0x0000, 0x0000, 0x0000, 0x0000, 0x0000, 0x0000, 0x0000, 0x0000, 0x0000, 0x0000, 0x0000, 0x0000,
    0x0000, 0x0000, 0x0000, 0x0000, 0x0000, 0x0000, 0x0000, 0x0000, 0x0000, 0x0000, 0x0000, 0x0000,
    0x0000, 0x0000, 0x0000, 0x0000, 0x0000, 0x0000, 0x0000, 0x0000, 0x0000, 0x0000, 0x0000, 0x0000,
    0x0000, 0x0000, 0x0000, 0x0000, 0x0000, 0x0000, 0x0000, 0x0000, 0x0000, 0x0000, 0x0000, 0x0000,
    0x0000, 0x0000, 0x0000, 0x0000, 0x0000, 0x0000, 0x0000, 0x0000, 0x7B80, 0xF661, 0xFE40, 0xFE60,
    0xC560, 0x9C80, 0x0820, 0x2000, 0x4000, 0x2000, 0x0000, 0x0000, 0x0000, 0x2800, 0x6000, 0x3000,
    0x0000, 0x39A0, 0x8BE0, 0xFE40, 0xD580, 0x1080, 0x0000, 0x1800, 0x0840, 0x5AA0, 0xB500, 0x2920,
    0x1000, 0x1000, 0x3000, 0x3800, 0x4800, 0x4800, 0x0000, 0x0000, 0x0000, 0x0000, 0x0000, 0x0000,
    0x3000, 0x3000, 0x0800, 0x2800, 0x4000, 0x1800, 0x2140, 0x1000, 0x1800, 0x3800, 0x4000, 0x5000,
    0x2000, 0x0000, 0x0000, 0x0000, 0x0000, 0x0000, 0x0000, 0x0000, 0x0000, 0x0000, 0x0000, 0x0800,
    0x1000, 0x2800, 0x3800, 0x4800, 0x5800, 0x1000, 0x3000, 0x7000, 0x5800, 0x4800, 0x3800, 0x1800,
    0x0000, 0x0000, 0x0000, 0x0000, 0x0000, 0x0000, 0x0000, 0x0000, 0x0000, 0x0000, 0x0000, 0x3800,
    0x6800, 0x7000, 0x2000, 0x1800, 0x0000, 0x0000, 0x0000, 0x0000, 0x0000, 0x0000, 0x0000, 0x0000,
    0x0000, 0x0000, 0x0000, 0x0000, 0x0000, 0x0000, 0x0000, 0x0000, 0x0000, 0x0000, 0x0000, 0x0000,
    0x0000, 0x0000, 0x0000, 0x0000, 0x0000, 0x0000, 0x0000, 0x0000, 0x0000, 0x0000, 0x0000, 0x0000,
    0x0000, 0x0000, 0x0000, 0x0000, 0x0000, 0x0000, 0x0000, 0x0000, 0x0000, 0x0000, 0x0000, 0x0000,
    0x0000, 0x0000, 0x0000, 0x0000, 0x0000, 0x0000, 0x0000, 0x0000, 0x0000, 0x0000, 0x0000, 0x0000,
    0x0000, 0x0000, 0x0000, 0x0000, 0x0000, 0x0000, 0x0000, 0x0000, 0x0000, 0x0000, 0x0000, 0x0000,
    0x0000, 0x0000, 0x0000, 0x0000, 0x0000, 0x0000, 0x0000, 0x0000, 0x0000, 0x0000, 0x0000, 0x0000,
    0x0000, 0x0000, 0x0000, 0x0000, 0x0000, 0x0000, 0x0000, 0x0000, 0x0000, 0x0000, 0x0000, 0x0000,
    0x0000, 0x0000, 0x0000, 0x0000, 0x0000, 0x0000, 0x0000, 0x0000, 0x0000, 0x0000, 0x0000, 0x0000,
    0x0000, 0x0000, 0x0000, 0x0000, 0x0000, 0x0000, 0x0000, 0x0000, 0x0000, 0x0000, 0x0000, 0x0000,
    0x0000, 0x0000, 0x0000, 0x0000, 0x0000, 0x0000, 0x0000, 0x0000, 0x0000, 0x0000, 0x0000, 0x0000,
    0x0000, 0x0000, 0x0000, 0x0000, 0x0000, 0x0000, 0x0000, 0x0000, 0x0000, 0x0000, 0x0000, 0x0000,
    0x0000, 0x0000, 0x0000, 0x0000, 0x0000, 0x0000, 0x0000, 0x0840, 0x6300, 0xDDA0, 0xFEA0, 0xD580,
    0x10C0, 0x18C0, 0x2800, 0x3800, 0x4000, 0x0800, 0x0000, 0x0000, 0x0000, 0x1000, 0x1800, 0x0000,
    0x0000, 0x0000, 0x62E0, 0xCDC0, 0x4200, 0x0800, 0x4020, 0x3800, 0x0800, 0x39C0, 0x2120, 0x1000,
    0x4000, 0x4800, 0x4000, 0x3800, 0x3000, 0x0000, 0x0000, 0x0000, 0x0000, 0x0000, 0x0000, 0x0000,
    0x0800, 0x4800, 0x4800, 0x4800, 0x4000, 0x3800, 0x2000, 0x3800, 0x4800, 0x4000, 0x4000, 0x3800,
    0x0000, 0x0000, 0x0000, 0x0000, 0x0000, 0x0000, 0x0000, 0x0000, 0x0000, 0x0000, 0x0000, 0x4000,
    0x5000, 0x4000, 0x4800, 0x3000, 0x1800, 0x0000, 0x2800, 0x5000, 0x5800, 0x1800, 0x0000, 0x0000,
    0x0000, 0x0000, 0x0000, 0x0000, 0x0000, 0x0000, 0x0000, 0x0000, 0x0000, 0x0000, 0x0000, 0x0000,
    0x3000, 0x2000, 0x0800, 0x0000, 0x0000, 0x0000, 0x0000, 0x0000, 0x0000, 0x0000, 0x0000, 0x0000,
    0x0000, 0x0000, 0x0000, 0x0000, 0x0000, 0x0000, 0x0000, 0x0000, 0x0000, 0x0000, 0x0000, 0x0000,
    0x0000, 0x0000, 0x0000, 0x0000, 0x0000, 0x0000, 0x0000, 0x0000, 0x0000, 0x0000, 0x0000, 0x0000,
    0x0000, 0x0000, 0x0000, 0x0000, 0x0000, 0x0000, 0x0000, 0x0000, 0x0000, 0x0000, 0x0000, 0x0000,
    0x0000, 0x0000, 0x0000, 0x0000, 0x0000, 0x0000, 0x0000, 0x0000, 0x0000, 0x0000, 0x0000, 0x0000,
    0x0000, 0x0000, 0x0000, 0x0000, 0x0000, 0x0000, 0x0000, 0x0000, 0x0000, 0x0000, 0x0000, 0x0000,
    0x0000, 0x0000, 0x0000, 0x0000, 0x0000, 0x0000, 0x0000, 0x0000, 0x0000, 0x0000, 0x0000, 0x0000,
    0x0000, 0x0000, 0x0000, 0x0000, 0x0000, 0x0000, 0x0000, 0x0000, 0x0000, 0x0000, 0x0000, 0x0000,
    0x0000, 0x0000, 0x0000, 0x0000, 0x0000, 0x0000, 0x0000, 0x0000, 0x0000, 0x0000, 0x0000, 0x0000,
    0x0000, 0x0000, 0x0000, 0x0000, 0x0000, 0x0000, 0x0000, 0x0000, 0x0000, 0x0000, 0x0000, 0x0000,
    0x0000, 0x0000, 0x0000, 0x0000, 0x0000, 0x0000, 0x0000, 0x0000, 0x0000, 0x0000, 0x0000, 0x0000,
    0x0000, 0x0000, 0x0000, 0x0000, 0x0000, 0x0000, 0x0000, 0x0000, 0x0000, 0x0000, 0x0000, 0x0000,
    0x0000, 0x0000, 0x0000, 0x0000, 0x0000, 0x0000, 0x0000, 0x0000, 0x20E0, 0xF640, 0xDDC0, 0x4A20,
    0x0800, 0x2800, 0x3800, 0x3800, 0x3000, 0x0000, 0x0000, 0x0000, 0x0000, 0x0000, 0x0000, 0x0000,
    0x0000, 0x0000, 0x4220, 0x2920, 0x0800, 0x3000, 0x3000, 0x4000, 0x2800, 0x0000, 0x2000, 0x4000,
    0x3800, 0x4000, 0x5000, 0x5800, 0x0800, 0x0000, 0x0000, 0x0000, 0x0000, 0x0000, 0x0000, 0x0000,
    0x0000, 0x2000, 0x5000, 0x4800, 0x4800, 0x3800, 0x4800, 0x4800, 0x4800, 0x5000, 0x0000, 0x0000,
    0x0000, 0x0000, 0x0000, 0x0000, 0x0000, 0x0000, 0x0000, 0x0000, 0x0000, 0x0000, 0x0000, 0x1800,
    0x4800, 0x5000, 0x4800, 0x0000, 0x0000, 0x0000, 0x0000, 0x0000, 0x0000, 0x0000, 0x0000, 0x0000,
    0x0000, 0x0000, 0x0000, 0x0000, 0x0000, 0x0000, 0x0000, 0x0000, 0x0000, 0x0000, 0x0000, 0x0000,
    0x0000, 0x0000, 0x0000, 0x0000, 0x0000, 0x0000, 0x0000, 0x0000, 0x0000, 0x0000, 0x0000, 0x0000,
    0x0000, 0x0000, 0x0000, 0x0000, 0x0000, 0x0000, 0x0000, 0x0000, 0x0000, 0x0000, 0x0000, 0x0000,
    0x0000, 0x0000, 0x0000, 0x0000, 0x0000, 0x0000, 0x0000, 0x0000, 0x0000, 0x0000, 0x0000, 0x0000,
    0x0000, 0x0000, 0x0000, 0x0000, 0x0000, 0x0000, 0x0000, 0x0000, 0x0000, 0x0000, 0x0000, 0x0000,
    0x0000, 0x0000, 0x0000, 0x0000, 0x0000, 0x0000, 0x0000, 0x0000, 0x0000, 0x0000, 0x0000, 0x0000,
    0x0000, 0x0000, 0x0000, 0x0000, 0x0000, 0x0000, 0x0000, 0x0000, 0x0000, 0x0000, 0x0000, 0x0000,
    0x0000, 0x0000, 0x0000, 0x0000, 0x0000, 0x0000, 0x0000, 0x0000, 0x0000, 0x0000, 0x0000, 0x0000,
    0x0000, 0x0000, 0x0000, 0x0000, 0x0000, 0x0000, 0x0000, 0x0000, 0x0000, 0x0000, 0x0000, 0x0000,
    0x0000, 0x0000, 0x0000, 0x0000, 0x0000, 0x0000, 0x0000, 0x0000, 0x0000, 0x0000, 0x0000, 0x0000,
    0x0000, 0x0000, 0x0000, 0x0000, 0x0000, 0x0000, 0x0000, 0x0000, 0x0000, 0x0000, 0x0000, 0x0000,
    0x0000, 0x0000, 0x0000, 0x0000, 0x0000, 0x0000, 0x0000, 0x0000, 0x0000, 0x0000, 0x0000, 0x0000,
    0x0000, 0x0000, 0x0000, 0x0000, 0x0000, 0x0000, 0x0000, 0x0000, 0x0000, 0x0000, 0x0000, 0x0000,
    0x0000, 0x0000, 0x0000, 0x0000, 0x0000, 0x0000, 0x0000, 0x0000, 0x2920, 0xA4A0, 0x5260, 0x1040,
    0x3000, 0x3800, 0x4000, 0x4800, 0x0000, 0x0000, 0x0000, 0x0000, 0x0000, 0x0000, 0x0000, 0x0000,
    0x0000, 0x0000, 0x1000, 0x2800, 0x3800, 0x4000, 0x5000, 0x5000, 0x0000, 0x2000, 0x4800, 0x3800,
    0x4800, 0x5000, 0x5000, 0x3800, 0x0000, 0x0000, 0x0000, 0x0000, 0x0000, 0x0000, 0x0000, 0x0000,
    0x0000, 0x0800, 0x5800, 0x7000, 0x4800, 0x0000, 0x1800, 0x5800, 0x5800, 0x3000, 0x0000, 0x0000,
    0x0000, 0x0000, 0x0000, 0x0000, 0x0000, 0x0000, 0x0000, 0x0000, 0x0000, 0x0000, 0x0000, 0x0000,
    0x5000, 0x5000, 0x2800, 0x0000, 0x0000, 0x0000, 0x0000, 0x0000, 0x0000, 0x0000, 0x0000, 0x0000,
    0x0000, 0x0000, 0x0000, 0x0000, 0x0000, 0x0000, 0x0000, 0x0000, 0x0000, 0x0000, 0x0000, 0x0000,
    0x0000, 0x0000, 0x0000, 0x0000, 0x0000, 0x0000, 0x0000, 0x0000, 0x0000, 0x0000, 0x0000, 0x0000,
    0x0000, 0x0000, 0x0000, 0x0000, 0x0000, 0x0000, 0x0000, 0x0000, 0x0000, 0x0000, 0x0000, 0x0000,
    0x0000, 0x0000, 0x0000, 0x0000, 0x0000, 0x0000, 0x0000, 0x0000, 0x0000, 0x0000, 0x0000, 0x0000,
    0x0000, 0x0000, 0x0000, 0x0000, 0x0000, 0x0000, 0x0000, 0x0000, 0x0000, 0x0000, 0x0000, 0x0000,
    0x0000, 0x0000, 0x0000, 0x0000, 0x0000, 0x0000, 0x0000, 0x0000, 0x0000, 0x0000, 0x0000, 0x0000,
    0x0000, 0x0000, 0x0000, 0x0000, 0x0000, 0x0000, 0x0000, 0x0000, 0x0000, 0x0000, 0x0000, 0x0000,
    0x0000, 0x0000, 0x0000, 0x0000, 0x0000, 0x0000, 0x0000, 0x0000, 0x0000, 0x0000, 0x0000, 0x0000,
    0x0000, 0x0000, 0x0000, 0x0000, 0x0000, 0x0000, 0x0000, 0x0000, 0x0000, 0x0000, 0x0000, 0x0000,
    0x0000, 0x0000, 0x0000, 0x0000, 0x0000, 0x0000, 0x0000, 0x0000, 0x0000, 0x0000, 0x0000, 0x0000,
    0x0000, 0x0000, 0x0000, 0x0000, 0x0000, 0x0000, 0x0000, 0x0000, 0x0000, 0x0000, 0x0000, 0x0000,
    0x0000, 0x0000, 0x0000, 0x0000, 0x0000, 0x0000, 0x0000, 0x0000, 0x0000, 0x0000, 0x0000, 0x0000,
    0x0000, 0x0000, 0x0000, 0x0000, 0x0000, 0x0000, 0x0000, 0x0000, 0x0000, 0x0000, 0x0000, 0x0000,
    0x0000, 0x0000, 0x0000, 0x0000, 0x0000, 0x0000, 0x0000, 0x0000, 0x18E0, 0x18C0, 0x0800, 0x2800,
    0x3000, 0x3800, 0x4800, 0x1800, 0x0000, 0x0000, 0x0000, 0x0000, 0x0000, 0x0000, 0x0000, 0x0000,
    0x0000, 0x1000, 0x5800, 0x4000, 0x4000, 0x4800, 0x2800, 0x1000, 0x0000, 0x2000, 0x5800, 0x5000,
    0x4000, 0x0800, 0x0000, 0x0000, 0x0000, 0x0000, 0x0000, 0x0000, 0x0000, 0x0000, 0x0000, 0x0000,
    0x0000, 0x0000, 0x0000, 0x1800, 0x1000, 0x0000, 0x1800, 0x3000, 0x1800, 0x0000, 0x0000, 0x0000,
    0x0000, 0x0000, 0x0000, 0x0000, 0x0000, 0x0000, 0x0000, 0x0000, 0x0000, 0x0000, 0x0000, 0x0000,
    0x1800, 0x0000, 0x0000, 0x0000, 0x0000, 0x0000, 0x0000, 0x0000, 0x0000, 0x0000, 0x0000, 0x0000,
    0x0000, 0x0000, 0x0000, 0x0000, 0x0000, 0x0000, 0x0000, 0x0000, 0x0000, 0x0000, 0x0000, 0x0000,
    0x0000, 0x0000, 0x0000, 0x0000, 0x0000, 0x0000, 0x0000, 0x0000, 0x0000, 0x0000, 0x0000, 0x0000,
    0x0000, 0x0000, 0x0000, 0x0000, 0x0000, 0x0000, 0x0000, 0x0000, 0x0000, 0x0000, 0x0000, 0x0000,
    0x0000, 0x0000, 0x0000, 0x0000, 0x0000, 0x0000, 0x0000, 0x0000, 0x0000, 0x0000, 0x0000, 0x0000,
    0x0000, 0x0000, 0x0000, 0x0000, 0x0000, 0x0000, 0x0000, 0x0000, 0x0000, 0x0000, 0x0000, 0x0000,
    0x0000, 0x0000, 0x0000, 0x0000, 0x0000, 0x0000, 0x0000, 0x0000, 0x0000, 0x0000, 0x0000, 0x0000,
    0x0000, 0x0000, 0x0000, 0x0000, 0x0000, 0x0000, 0x0000, 0x0000, 0x0000, 0x0000, 0x0000, 0x0000,
    0x0000, 0x0000, 0x0000, 0x0000, 0x0000, 0x0000, 0x0000, 0x0000, 0x0000, 0x0000, 0x0000, 0x0000,
    0x0000, 0x0000, 0x0000, 0x0000, 0x0000, 0x0000, 0x0000, 0x0000, 0x0000, 0x0000, 0x0000, 0x0000,
    0x0000, 0x0000, 0x0000, 0x0000, 0x0000, 0x0000, 0x0000, 0x0000, 0x0000, 0x0000, 0x0000, 0x0000,
    0x0000, 0x0000, 0x0000, 0x0000, 0x0000, 0x0000, 0x0000, 0x0000, 0x0000, 0x0000, 0x0000, 0x0000,
    0x0000, 0x0000, 0x0000, 0x0000, 0x0000, 0x0000, 0x0000, 0x0000, 0x0000, 0x0000, 0x0000, 0x0000,
    0x0000, 0x0000, 0x0000, 0x0000, 0x0000, 0x0000, 0x0000, 0x0000, 0x0000, 0x0000, 0x0000, 0x0000,
    0x0000, 0x0000, 0x0000, 0x0000, 0x0000, 0x0000, 0x0000, 0x1000, 0x3000, 0x3000, 0x4000, 0x4000,
    0x4000, 0x4800, 0x3800, 0x0000, 0x0000, 0x0000, 0x0000, 0x0000, 0x0000, 0x0000, 0x0000, 0x0000,
    0x0000, 0x0800, 0x2800, 0x4800, 0x4800, 0x3000, 0x0000, 0x0000, 0x0000, 0x0800, 0x2800, 0x3000,
    0x1000, 0x0000, 0x0000, 0x0000, 0x0000, 0x0000, 0x0000, 0x0000, 0x0000, 0x0000, 0x0000, 0x0000,
    0x0000, 0x0000, 0x0000, 0x0000, 0x0000, 0x0000, 0x0000, 0x0000, 0x0000, 0x0000, 0x0000, 0x0000,
    0x0000, 0x0000, 0x0000, 0x0000, 0x0000, 0x0000, 0x0000, 0x0000, 0x0000, 0x0000, 0x0000, 0x0000,
    0x0000, 0x0000, 0x0000, 0x0000, 0x0000, 0x0000, 0x0000, 0x0000, 0x0000, 0x0000, 0x0000, 0x0000,
    0x0000, 0x0000, 0x0000, 0x0000, 0x0000, 0x0000, 0x0000, 0x0000, 0x0000, 0x0000, 0x0000, 0x0000,
    0x0000, 0x0000, 0x0000, 0x0000, 0x0000, 0x0000, 0x0000, 0x0000, 0x0000, 0x0000, 0x0000, 0x0000,
    0x0000, 0x0000, 0x0000, 0x0000, 0x0000, 0x0000, 0x0000, 0x0000, 0x0000, 0x0000, 0x0000, 0x0000,
    0x0000, 0x0000, 0x0000, 0x0000, 0x0000, 0x0000, 0x0000, 0x0000, 0x0000, 0x0000, 0x0000, 0x0000,
    0x0000, 0x0000, 0x0000, 0x0000, 0x0000, 0x0000, 0x0000, 0x0000, 0x0000, 0x0000, 0x0000, 0x0000,
    0x0000, 0x0000, 0x0000, 0x0000, 0x0000, 0x0000, 0x0000, 0x0000, 0x0000, 0x0000, 0x0000, 0x0000,
    0x0000, 0x0000, 0x0000, 0x0000, 0x0000, 0x0000, 0x0000, 0x0000, 0x0000, 0x0000, 0x0000, 0x0000,
    0x0000, 0x0000, 0x0000, 0x0000, 0x0000, 0x0000, 0x0000, 0x0000, 0x0000, 0x0000, 0x0000, 0x0000,
    0x0000, 0x0000, 0x0000, 0x0000, 0x0000, 0x0000, 0x0000, 0x0000, 0x0000, 0x0000, 0x0000, 0x0000,
    0x0000, 0x0000, 0x0000, 0x0000, 0x0000, 0x0000, 0x0000, 0x0000, 0x0000, 0x0000, 0x0000, 0x0000,
    0x0000, 0x0000, 0x0000, 0x0000, 0x0000, 0x0000, 0x0000, 0x0000, 0x0000, 0x0000, 0x0000, 0x0000,
    0x0000, 0x0000, 0x0000, 0x0000, 0x0000, 0x0000, 0x0000, 0x0000, 0x0000, 0x0000, 0x0000, 0x0000,
    0x0000, 0x0000, 0x0000, 0x0000, 0x0000, 0x0000, 0x0000, 0x0000, 0x0000, 0x0000, 0x0000, 0x0000,
    0x0000, 0x0000, 0x0000, 0x0000, 0x0000, 0x0000, 0x0000, 0x0000, 0x3000, 0x4800, 0x3800, 0x4800,
    0x3800, 0x0000, 0x0000, 0x0000, 0x0000, 0x0000, 0x0000, 0x0000, 0x0000, 0x0000, 0x0000, 0x0000,
    0x0000, 0x0000, 0x2000, 0x6000, 0x5000, 0x1000, 0x0000, 0x0000, 0x0000, 0x0000, 0x0000, 0x0000,
    0x0000, 0x0000, 0x0000, 0x0000, 0x0000, 0x0000, 0x0000, 0x0000, 0x0000, 0x0000, 0x0000, 0x0000,
    0x0000, 0x0000, 0x0000, 0x0000, 0x0000, 0x0000, 0x0000, 0x0000, 0x0000, 0x0000, 0x0000, 0x0000,
    0x0000, 0x0000, 0x0000, 0x0000, 0x0000, 0x0000, 0x0000, 0x0000, 0x0000, 0x0000, 0x0000, 0x0000,
    0x0000, 0x0000, 0x0000, 0x0000, 0x0000, 0x0000, 0x0000, 0x0000, 0x0000, 0x0000, 0x0000, 0x0000,
    0x0000, 0x0000, 0x0000, 0x0000, 0x0000, 0x0000, 0x0000, 0x0000, 0x0000, 0x0000, 0x0000, 0x0000,
    0x0000, 0x0000, 0x0000, 0x0000, 0x0000, 0x0000, 0x0000, 0x0000, 0x0000, 0x0000, 0x0000, 0x0000,
    0x0000, 0x0000, 0x0000, 0x0000, 0x0000, 0x0000, 0x0000, 0x0000, 0x0000, 0x0000, 0x0000, 0x0000,
    0x0000, 0x0000, 0x0000, 0x0000, 0x0000, 0x0000, 0x0000, 0x0000, 0x0000, 0x0000, 0x0000, 0x0000,
    0x0000, 0x0000, 0x0000, 0x0000, 0x0000, 0x0000, 0x0000, 0x0000, 0x0000, 0x0000, 0x0000, 0x0000,
    0x0000, 0x0000, 0x0000, 0x0000, 0x0000, 0x0000, 0x0000, 0x0000, 0x0000, 0x0000, 0x0000, 0x0000,
    0x0000, 0x0000, 0x0000, 0x0000, 0x0000, 0x0000, 0x0000, 0x0000, 0x0000, 0x0000, 0x0000, 0x0000,
    0x0000, 0x0000, 0x0000, 0x0000, 0x0000, 0x0000, 0x0000, 0x0000, 0x0000, 0x0000, 0x0000, 0x0000,
    0x0000, 0x0000, 0x0000, 0x0000, 0x0000, 0x0000, 0x0000, 0x0000, 0x0000, 0x0000, 0x0000, 0x0000,
    0x0000, 0x0000, 0x0000, 0x0000, 0x0000, 0x0000, 0x0000, 0x0000, 0x0000, 0x0000, 0x0000, 0x0000,
    0x0000, 0x0000, 0x0000, 0x0000, 0x0000, 0x0000, 0x0000, 0x0000, 0x0000, 0x0000, 0x0000, 0x0000,
    0x0000, 0x0000, 0x0000, 0x0000, 0x0000, 0x0000, 0x0000, 0x0000, 0x0000, 0x0000, 0x0000, 0x0000,
    0x0000, 0x0000, 0x0000, 0x0000, 0x0000, 0x0000, 0x0000, 0x0000, 0x0000, 0x0000, 0x0000, 0x0000,
    0x0000, 0x0000, 0x0000, 0x0000, 0x0000, 0x0000, 0x0000, 0x0000, 0x0000, 0x5000, 0x5800, 0x5000,
    0x0800, 0x0000, 0x0000, 0x0000, 0x0000, 0x0000, 0x0000, 0x0000, 0x0000, 0x0000, 0x0000, 0x0000,
    0x0000, 0x0000, 0x1000, 0x1000, 0x0000, 0x0000, 0x0000, 0x0000, 0x0000, 0x0000, 0x0000, 0x0000,
    0x0000, 0x0000, 0x0000, 0x0000, 0x0000, 0x0000, 0x0000, 0x0000, 0x0000, 0x0000, 0x0000, 0x0000,
    0x0000, 0x0000, 0x0000, 0x0000, 0x0000, 0x0000, 0x0000, 0x0000, 0x0000, 0x0000, 0x0000, 0x0000,
    0x0000, 0x0000, 0x0000, 0x0000, 0x0000, 0x0000, 0x0000, 0x0000, 0x0000, 0x0000, 0x0000, 0x0000,
    0x0000, 0x0000, 0x0000, 0x0000, 0x0000, 0x0000, 0x0000, 0x0000, 0x0000, 0x0000, 0x0000, 0x0000,
    0x0000, 0x0000, 0x0000, 0x0000, 0x0000, 0x0000, 0x0000, 0x0000, 0x0000, 0x0000, 0x0000, 0x0000,
    0x0000, 0x0000, 0x0000, 0x0000, 0x0000, 0x0000, 0x0000, 0x0000, 0x0000, 0x0000, 0x0000, 0x0000,
    0x0000, 0x0000, 0x0000, 0x0000, 0x0000, 0x0000, 0x0000, 0x0000, 0x0000, 0x0000, 0x0000, 0x0000,
    0x0000, 0x0000, 0x0000, 0x0000, 0x0000, 0x0000, 0x0000, 0x0000, 0x0000, 0x0000, 0x0000, 0x0000,
    0x0000, 0x0000, 0x0000, 0x0000, 0x0000, 0x0000, 0x0000, 0x0000, 0x0000, 0x0000, 0x0000, 0x0000,
    0x0000, 0x0000, 0x0000, 0x0000, 0x0000, 0x0000, 0x0000, 0x0000, 0x0000, 0x0000, 0x0000, 0x0000,
    0x0000, 0x0000, 0x0000, 0x0000, 0x0000, 0x0000, 0x0000, 0x0000, 0x0000, 0x0000, 0x0000, 0x0000,
    0x0000, 0x0000, 0x0000, 0x0000, 0x0000, 0x0000, 0x0000, 0x0000, 0x0000, 0x0000, 0x0000, 0x0000,
    0x0000, 0x0000, 0x0000, 0x0000, 0x0000, 0x0000, 0x0000, 0x0000, 0x0000, 0x0000, 0x0000, 0x0000,
    0x0000, 0x0000, 0x0000, 0x0000, 0x0000, 0x0000, 0x0000, 0x0000, 0x0000, 0x0000, 0x0000, 0x0000,
    0x0000, 0x0000, 0x0000, 0x0000, 0x0000, 0x0000, 0x0000, 0x0000, 0x0000, 0x0000, 0x0000, 0x0000,
    0x0000, 0x0000, 0x0000, 0x0000, 0x0000, 0x0000, 0x0000, 0x0000, 0x0000, 0x0000, 0x0000, 0x0000,
    0x0000, 0x0000, 0x0000, 0x0000, 0x0000, 0x0000, 0x0000, 0x0000, 0x0000, 0x0000, 0x0000, 0x0000,
    0x0000, 0x0000, 0x0000, 0x0000, 0x0000, 0x0000, 0x0000, 0x0000, 0x0000, 0x4800, 0x2800, 0x2000,
    0x0000, 0x0000, 0x0000, 0x0000, 0x0000, 0x0000, 0x0000, 0x0000, 0x0000, 0x0000, 0x0000, 0x0000,
    0x0000, 0x0000, 0x0000, 0x0000, 0x0000, 0x0000, 0x0000, 0x0000, 0x0000, 0x0000, 0x0000, 0x0000,
    0x0000, 0x0000, 0x0000, 0x0000, 0x0000, 0x0000, 0x0000, 0x0000, 0x0000, 0x0000, 0x0000, 0x0000,
    0x0000, 0x0000, 0x0000, 0x0000, 0x0000, 0x0000, 0x0000, 0x0000, 0x0000, 0x0000, 0x0000, 0x0000,
    0x0000, 0x0000, 0x0000, 0x0000, 0x0000, 0x0000, 0x0000, 0x0000, 0x0000, 0x0000, 0x0000, 0x0000,
    0x0000, 0x0000, 0x0000, 0x0000, 0x0000, 0x0000, 0x0000, 0x0000, 0x0000, 0x0000, 0x0000, 0x0000,
    0x0000, 0x0000, 0x0000, 0x0000, 0x0000, 0x0000, 0x0000, 0x0000, 0x0000, 0x0000, 0x0000, 0x0000,
    0x0000, 0x0000, 0x0000, 0x0000, 0x0000, 0x0000, 0x0000, 0x0000, 0x0000, 0x0000, 0x0000, 0x0000,
    0x0000, 0x0000, 0x0000, 0x0000, 0x0000, 0x0000, 0x0000, 0x0000, 0x0000, 0x0000, 0x0000, 0x0000,
    0x0000, 0x0000, 0x0000, 0x0000, 0x0000, 0x0000, 0x0000, 0x0000, 0x0000, 0x0000, 0x0000, 0x0000,
    0x0000, 0x0000, 0x0000, 0x0000, 0x0000, 0x0000, 0x0000, 0x0000, 0x0000, 0x0000, 0x0000, 0x0000,
    0x0000, 0x0000, 0x0000, 0x0000, 0x0000, 0x0000, 0x0000, 0x0000, 0x0000, 0x0000, 0x0000, 0x0000,
    0x0000, 0x0000, 0x0000, 0x0000, 0x0000, 0x0000, 0x0000, 0x0000, 0x0000, 0x0000, 0x0000, 0x0000,
    0x0000, 0x0000, 0x0000, 0x0000, 0x0000, 0x0000, 0x0000, 0x0000, 0x0000, 0x0000, 0x0000, 0x0000,
    0x0000, 0x0000, 0x0000, 0x0000, 0x0000, 0x0000, 0x0000, 0x0000, 0x0000, 0x0000, 0x0000, 0x0000,
    0x0000, 0x0000, 0x0000, 0x0000, 0x0000, 0x0000, 0x0000, 0x0000, 0x0000, 0x0000, 0x0000, 0x0000,
    0x0000, 0x0000, 0x0000, 0x0000, 0x0000, 0x0000, 0x0000, 0x0000, 0x0000, 0x0000, 0x0000, 0x0000,
    0x0000, 0x0000, 0x0000, 0x0000, 0x0000, 0x0000, 0x0000, 0x0000, 0x0000, 0x0000, 0x0000, 0x0000,
    0x0000, 0x0000, 0x0000, 0x0000, 0x0000, 0x0000, 0x0000, 0x0000, 0x0000, 0x0000, 0x0000, 0x0000,
    0x0000, 0x0000, 0x0000, 0x0000, 0x0000, 0x0000, 0x0000, 0x0000, 0x0000, 0x0000, 0x0000, 0x0000,
    0x0000, 0x0000, 0x0000, 0x0000, 0x0000, 0x0000, 0x0000, 0x0000, 0x0000, 0x0000, 0x0000, 0x0000,
    0x0000, 0x0000, 0x0000, 0x0000, 0x0000, 0x0000, 0x0000, 0x0000, 0x0000, 0x0000, 0x0000, 0x0000,
    0x0000, 0x0000, 0x0000, 0x0000, 0x0000, 0x0000, 0x0000, 0x0000, 0x0000, 0x0000, 0x0000, 0x0000,
    0x0000, 0x0000, 0x0000, 0x0000, 0x0000, 0x0000, 0x0000, 0x0000, 0x0000, 0x0000, 0x0000, 0x0000,
    0x0000, 0x0000, 0x0000, 0x0000, 0x0000, 0x0000, 0x0000, 0x0000, 0x0000, 0x0000, 0x0000, 0x0000,
    0x0000, 0x0000, 0x0000, 0x0000, 0x0000, 0x0000, 0x0000, 0x0000, 0x0000, 0x0000, 0x0000, 0x0000,
    0x0000, 0x0000, 0x0000, 0x0000, 0x0000, 0x0000, 0x0000, 0x0000, 0x0000, 0x0000, 0x0000, 0x0000,
    0x0000, 0x0000, 0x0000, 0x0000, 0x0000, 0x0000, 0x0000, 0x0000, 0x0000, 0x0000, 0x0000, 0x0000,
    0x0000, 0x0000, 0x0000, 0x0000, 0x0000, 0x0000, 0x0000, 0x0000, 0x0000, 0x0000, 0x0000, 0x0000,
    0x0000, 0x0000, 0x0000, 0x0000, 0x0000, 0x0000, 0x0000, 0x0000, 0x0000, 0x0000, 0x0000, 0x0000,
    0x0000, 0x0000, 0x0000, 0x0000, 0x0000, 0x0000, 0x0000, 0x0000, 0x0000, 0x0000, 0x0000, 0x0000,
    0x0000, 0x0000, 0x0000, 0x0000, 0x0000, 0x0000, 0x0000, 0x0000, 0x0000, 0x0000, 0x0000, 0x0000,
    0x0000, 0x0000, 0x0000, 0x0000, 0x0000, 0x0000, 0x0000, 0x0000, 0x0000, 0x0000, 0x0000, 0x0000,
    0x0000, 0x0000, 0x0000, 0x0000, 0x0000, 0x0000, 0x0000, 0x0000, 0x0000, 0x0000, 0x0000, 0x0000,
    0x0000, 0x0000, 0x0000, 0x0000, 0x0000, 0x0000, 0x0000, 0x0000, 0x0000, 0x0000, 0x0000, 0x0000,
    0x0000, 0x0000, 0x0000, 0x0000, 0x0000, 0x0000, 0x0000, 0x0000, 0x0000, 0x0000, 0x0000, 0x0000,
    0x0000, 0x0000, 0x0000, 0x0000, 0x0000, 0x0000, 0x0000, 0x0000, 0x0000, 0x0000, 0x0000, 0x0000,
    0x0000, 0x0000, 0x0000, 0x0000, 0x0000, 0x0000, 0x0000, 0x0000, 0x0000, 0x0000, 0x0000, 0x0000,
    0x0000, 0x0000, 0x0000, 0x0000, 0x0000, 0x0000, 0x0000, 0x0000, 0x0000, 0x0000, 0x0000, 0x0000,
    0x0000, 0x0000, 0x0000, 0x0000, 0x0000, 0x0000, 0x0000, 0x0000, 0x0000, 0x0000, 0x0000, 0x0000,
    0x0000, 0x0000, 0x0000, 0x0000, 0x0000, 0x0000, 0x0000, 0x0000, 0x0000, 0x0000, 0x0000, 0x0000,
    0x0000, 0x0000, 0x0000, 0x0000, 0x0000, 0x0000, 0x0000, 0x0000, 0x0000, 0x0000, 0x0000, 0x0000,
    0x0000, 0x0000, 0x0000, 0x0000, 0x0000, 0x0000, 0x0000, 0x0000, 0x0000, 0x0000, 0x0000, 0x0000,
    0x0000, 0x0000, 0x0000, 0x0000, 0x0000, 0x0000, 0x0000, 0x0000, 0x0000, 0x0000, 0x0000, 0x0000,
    0x0000, 0x0000, 0x0000, 0x0000, 0x0000, 0x0000, 0x0000, 0x0000, 0x0000, 0x0000, 0x0000, 0x0000,
    0x0000, 0x0000, 0x0000, 0x0000, 0x0000, 0x0000, 0x0000, 0x0000, 0x0000, 0x0000, 0x0000, 0x0000,
    0x0000, 0x0000, 0x0000, 0x0000, 0x0000, 0x0000, 0x0000, 0x0000, 0x0000, 0x0000, 0x0000, 0x0000,
    0x0000, 0x0000, 0x0000, 0x0000, 0x0000, 0x0000, 0x0000, 0x0000, 0x0000, 0x0000, 0x0000, 0x0000,
    0x0000, 0x0000, 0x0000, 0x0000, 0x0000, 0x0000, 0x0000, 0x0000, 0x0000, 0x0000, 0x0000, 0x0000,
    0x0000, 0x0000, 0x0000, 0x0000, 0x0000, 0x0000, 0x0000, 0x0000, 0x0000, 0x0000, 0x0000, 0x0000,
    0x0000, 0x0000, 0x0000, 0x0000, 0x0000, 0x0000, 0x0000, 0x0000, 0x0000, 0x0000, 0x0000, 0x0000,
    0x0000, 0x0000, 0x0000, 0x0000, 0x0000, 0x0000, 0x0000, 0x0000, 0x0000, 0x0000, 0x0000, 0x0000,
    0x0000, 0x0000, 0x0000, 0x0000, 0x0000, 0x0000, 0x0000, 0x0000, 0x0000, 0x0000, 0x0000, 0x0000,
    0x0000, 0x0000, 0x0000, 0x0000, 0x0000, 0x0000, 0x0000, 0x0000, 0x0000, 0x0000, 0x0000, 0x0000,
    0x0000, 0x0000, 0x0000, 0x0000, 0x0000, 0x0000, 0x0000, 0x0000, 0x0000, 0x0000, 0x0000, 0x0000,
    0x0000, 0x0000, 0x0000, 0x0000, 0x0000, 0x0000, 0x0000, 0x0000, 0x0000, 0x0000, 0x0000, 0x0000,
    0x0000, 0x0000, 0x0000, 0x0000, 0x0000, 0x0000, 0x0000, 0x0000, 0x0000, 0x0000, 0x0000, 0x0000,
    0x0000, 0x0000, 0x0000, 0x0000, 0x0000, 0x0000, 0x0000, 0x0000, 0x0000, 0x0000, 0x0000, 0x0000,
    0x0000, 0x0000, 0x0000, 0x0000, 0x0000, 0x0000, 0x0000, 0x0000, 0x0000, 0x0000, 0x0000, 0x0000,
    0x0000, 0x0000, 0x0000, 0x0000, 0x0000, 0x0000, 0x0000, 0x0000, 0x0000, 0x0000, 0x0000, 0x0000,
    0x0000, 0x0000, 0x0000, 0x0000, 0x0000, 0x0000, 0x0000, 0x0000, 0x0000, 0x0000, 0x0000, 0x0000,
    0x0000, 0x0000, 0x0000, 0x0000, 0x0000, 0x0000, 0x0000, 0x0000, 0x0000, 0x0000, 0x0000, 0x0000,
    0x0000, 0x0000, 0x0000, 0x0000, 0x0000, 0x0000, 0x0000, 0x0000, 0x0000, 0x0000, 0x0000, 0x0000,
    0x0000, 0x0000, 0x0000, 0x0000, 0x0000, 0x0000, 0x0000, 0x0000, 0x0000, 0x0000, 0x0000, 0x0000,
    0x0000, 0x0000, 0x0000, 0x0000, 0x0000, 0x0000, 0x0000, 0x0000, 0x0000, 0x0000, 0x0000, 0x0000,
    0x0000, 0x0000, 0x0000, 0x0000, 0x0000, 0x0000, 0x0000, 0x0000, 0x0000, 0x0000, 0x0000, 0x0000,
    0x0000, 0x0000, 0x0000, 0x0000, 0x0000, 0x0000, 0x0000, 0x0000, 0x0000, 0x0000, 0x0000, 0x0000,
    0x0000, 0x0000, 0x0000, 0x0000, 0x0000, 0x0000, 0x0000, 0x0000, 0x0000, 0x0000, 0x0000, 0x0000,
    0x0000, 0x0000, 0x0000, 0x0000, 0x0000, 0x0000, 0x0000, 0x0000, 0x0000, 0x0000, 0x0000, 0x0000,
    0x0000, 0x0000, 0x0000, 0x0000, 0x0000, 0x0000, 0x0000, 0x0000, 0x0000, 0x0000, 0x0000, 0x0000,
    0x0000, 0x0000, 0x0000, 0x0000, 0x0000, 0x0000, 0x0000, 0x0000, 0x0000, 0x0000, 0x0000, 0x0000,
    0x0000, 0x0000, 0x0000, 0x0000, 0x0000, 0x0000, 0x0000, 0x0000, 0x0000, 0x0000, 0x0000, 0x0000,
    0x0000, 0x0000, 0x0000, 0x0000, 0x0000, 0x0000, 0x0000, 0x0000, 0x0000, 0x0000, 0x0000, 0x0000,
    0x0000, 0x0000, 0x0000, 0x0000, 0x0000, 0x0000, 0x0000, 0x0000, 0x0000, 0x0000, 0x0000, 0x0000,
    0x0000, 0x0000, 0x0000, 0x0000, 0x0000, 0x0000, 0x0000, 0x0000, 0x0000, 0x0000, 0x0000, 0x0000,
    0x0000, 0x0000, 0x0000, 0x0000, 0x0000, 0x0000, 0x0000, 0x0000, 0x0000, 0x0000, 0x0000, 0x0000,
    0x0000, 0x0000, 0x0000, 0x0000, 0x0000, 0x0000, 0x0000, 0x0000, 0x0000, 0x0000, 0x0000, 0x0000,
    0x0000, 0x0000, 0x0000, 0x0000, 0x0000, 0x0000, 0x0000, 0x0000, 0x0000, 0x0000, 0x0000, 0x0000,
    0x0000, 0x0000, 0x0000, 0x0000, 0x0000, 0x0000, 0x0000, 0x0000, 0x0000, 0x0000, 0x0000, 0x0000,
    0x0000, 0x0000, 0x0000, 0x0000, 0x0000, 0x0000, 0x0000, 0x0000, 0x0000, 0x0000, 0x0000, 0x0000,
    0x0000, 0x0000, 0x0000, 0x0000, 0x0000, 0x0000, 0x0000, 0x0000, 0x0000, 0x0000, 0x0000, 0x0000,
    0x0000, 0x0000, 0x0000, 0x0000, 0x0000, 0x0000, 0x0000, 0x0000, 0x0000, 0x0000, 0x0000, 0x0000,
    0x0000, 0x0000, 0x0000, 0x0000, 0x0000, 0x0000, 0x0000, 0x0000, 0x0000, 0x0000, 0x0000, 0x0000,
    0x0000, 0x0000, 0x0000, 0x0000, 0x0000, 0x0000, 0x0000, 0x0000, 0x0000, 0x0000, 0x0000, 0x0000,
    0x0000, 0x0000, 0x0000, 0x0000, 0x0000, 0x0000, 0x0000, 0x0000, 0x0000, 0x0000, 0x0000, 0x0000,
    0x0000, 0x0000, 0x0000, 0x0000, 0x0000, 0x0000, 0x0000, 0x0000, 0x0000, 0x0000, 0x0000, 0x0000,
    0x0000, 0x0000, 0x0000, 0x0000, 0x0000, 0x0000, 0x0000, 0x0000, 0x0000, 0x0000, 0x0000, 0x0000,
    0x0000, 0x0000, 0x0000, 0x0000, 0x0000, 0x0000, 0x0000, 0x0000, 0x0000, 0x0000, 0x0000, 0x0000,
    0x0000, 0x0000, 0x0000, 0x0000, 0x0000, 0x0000, 0x0000, 0x0000, 0x0000, 0x0000, 0x0000, 0x0000,
    0x0000, 0x0000, 0x0000, 0x0000, 0x0000, 0x0000, 0x0000, 0x0000, 0x0000, 0x0000, 0x0000, 0x0000,
    0x0000, 0x0000, 0x0000, 0x0000, 0x0000, 0x0000, 0x0000, 0x0000, 0x0000, 0x0000, 0x0000, 0x0000,
    0x0000, 0x0000, 0x0000, 0x0000, 0x0000, 0x0000, 0x0000, 0x0000, 0x0000, 0x0000, 0x0000, 0x0000,
    0x0000, 0x0000, 0x0000, 0x0000, 0x0000, 0x0000, 0x0000, 0x0000, 0x0000, 0x0000, 0x0000, 0x0000,
    0x0000, 0x0000, 0x0000, 0x0000, 0x0000, 0x0000, 0x0000, 0x0000, 0x0000, 0x0000, 0x0000, 0x0000,
    0x0000, 0x0000, 0x0000, 0x0000, 0x0000, 0x0000, 0x0000, 0x0000, 0x0000, 0x0000, 0x0000, 0x0000,
    0x0000, 0x0000, 0x0000, 0x0000, 0x0000, 0x0000, 0x0000, 0x0000, 0x0000, 0x0000, 0x0000, 0x0000,
    0x0000, 0x0000, 0x0000, 0x0000, 0x0000, 0x0000, 0x0000, 0x0000, 0x0000, 0x0000, 0x0000, 0x0000,
    0x0000, 0x0000, 0x0000, 0x0000, 0x0000, 0x0000, 0x0000, 0x0000, 0x0000, 0x0000, 0x0000, 0x0000,
    0x0000, 0x0000, 0x0000, 0x0000, 0x0000, 0x0000, 0x0000, 0x0000, 0x0000, 0x0000, 0x0000, 0x0000,
    0x0000, 0x0000, 0x0000, 0x0000, 0x0000, 0x0000, 0x0000, 0x0000, 0x0000, 0x0000, 0x0000, 0x0000,
    0x0000, 0x0000, 0x0000, 0x0000, 0x0000, 0x0000, 0x0000, 0x0000, 0x0000, 0x0000, 0x0000, 0x0000,
    0x0000, 0x0000, 0x0000, 0x0000, 0x0000, 0x0000, 0x0000, 0x0000, 0x0000, 0x0000, 0x0000, 0x0000,
    0x0000, 0x0000, 0x0000, 0x0000, 0x0000, 0x0000, 0x0000, 0x0000, 0x0000, 0x0000, 0x0000, 0x0000,
    0x0000, 0x0000, 0x0000, 0x0000, 0x0000, 0x0000, 0x0000, 0x0000, 0x0000, 0x0000, 0x0000, 0x0000,
    0x0000, 0x0000, 0x0000, 0x0000, 0x0000, 0x0000, 0x0000, 0x0000, 0x0000, 0x0000, 0x0000, 0x0000,
    0x0000, 0x0000, 0x0000, 0x0000, 0x0000, 0x0000, 0x0000, 0x0000, 0x0000, 0x0000, 0x0000, 0x0000,
    0x0000, 0x0000, 0x0000, 0x0000, 0x0000, 0x0000, 0x0000, 0x0000, 0x0000, 0x0000, 0x0000, 0x0000,
    0x0000, 0x0000, 0x0000, 0x0000, 0x0000, 0x0000, 0x0000, 0x0000, 0x0000, 0x0000, 0x0000, 0x0000,
    0x0000, 0x0000, 0x0000, 0x0000, 0x0000, 0x0000, 0x0000, 0x0000, 0x0000, 0x0000, 0x0000, 0x0000,
    0x0000, 0x0000, 0x0000, 0x0000, 0x0000, 0x0000, 0x0000, 0x0000, 0x0000, 0x0000, 0x0000, 0x0000,
    0x0000, 0x0000, 0x0000, 0x0000, 0x0000, 0x0000, 0x0000, 0x0000, 0x0000, 0x0000, 0x0000, 0x0000,
    0x0000, 0x0000, 0x0000, 0x0000, 0x0000, 0x0000, 0x0000, 0x0000, 0x0000, 0x0000, 0x0000, 0x0000,
    0x0000, 0x0000, 0x0000, 0x0000, 0x0000, 0x0000, 0x0000, 0x0000, 0x0000, 0x0000, 0x0000, 0x0000,
    0x0000, 0x0000, 0x0000, 0x0000, 0x0000, 0x0000, 0x0000, 0x0000, 0x0000, 0x0000, 0x0000, 0x0000,
    0x0000, 0x0000, 0x0000, 0x0000, 0x0000, 0x0000, 0x0000, 0x0000, 0x0000, 0x0000, 0x0000, 0x0000,
    0x0000, 0x0000, 0x0000, 0x0000, 0x0000, 0x0000, 0x0000, 0x0000, 0x0000, 0x0000, 0x0000, 0x0000,
    0x0000, 0x0000, 0x0000, 0x0000, 0x0000, 0x0000, 0x0000, 0x0000, 0x0000, 0x0000, 0x0000, 0x0000,
    0x0000, 0x0000, 0x0000, 0x0000, 0x0000, 0x0000, 0x0000, 0x0000, 0x0000, 0x0000, 0x0000, 0x0000,
    0x0000, 0x0000, 0x0000, 0x0000, 0x0000, 0x0000, 0x0000, 0x0000, 0x0000, 0x0000, 0x0000, 0x0000,
    0x0000, 0x0000, 0x0000, 0x0000, 0x0000, 0x0000, 0x0000, 0x0000, 0x0000, 0x0000, 0x0000, 0x0000,
    0x0000, 0x0000, 0x0000, 0x0000, 0x0000, 0x0000, 0x0000, 0x0000, 0x0000, 0x0000, 0x0000, 0x0000,
    0x0000, 0x0000, 0x0000, 0x0000, 0x0000, 0x0000, 0x0000, 0x0000, 0x0000, 0x0000, 0x0000, 0x0000,
    0x0000, 0x0000, 0x0000, 0x0000, 0x0000, 0x0000, 0x0000, 0x0000, 0x0000, 0x0000, 0x0000, 0x0000,
    0x0000, 0x0000, 0x0000, 0x0000, 0x0000, 0x0000, 0x0000, 0x0000, 0x0000, 0x0000, 0x0000, 0x0000,
    0x0000, 0x0000, 0x0000, 0x0000, 0x0000, 0x0000, 0x0000, 0x0000, 0x0000, 0x0000, 0x0000, 0x0000,
    0x0000, 0x0000, 0x0000, 0x0000, 0x0000, 0x0000, 0x0000, 0x0000, 0x0000, 0x0000, 0x0000, 0x0000,
    0x0000, 0x0000, 0x0000, 0x0000, 0x0000, 0x0000, 0x0000, 0x0000, 0x0000, 0x0000, 0x0000, 0x0000,
    0x0000, 0x0000, 0x0000, 0x0000, 0x0000, 0x0000, 0x0000, 0x0000, 0x0000, 0x0000, 0x0000, 0x0000,
    0x0000, 0x0000, 0x0000, 0x0000, 0x0000, 0x0000, 0x0000, 0x0000, 0x0000, 0x0000, 0x0000, 0x0000,
    0x0000, 0x0000, 0x0000, 0x0000, 0x0000, 0x0000, 0x0000, 0x0000, 0x0000, 0x0000, 0x0000, 0x0000,
    0x0000, 0x0000, 0x0000, 0x0000, 0x0000, 0x0000, 0x0000, 0x0000, 0x0000, 0x0000, 0x0000, 0x0000,
    0x0000, 0x0000, 0x0000, 0x0000, 0x0000, 0x0000, 0x0000, 0x0000, 0x0000, 0x0000, 0x0000, 0x0000,
    0x0000, 0x0000, 0x0000, 0x0000, 0x0000, 0x0000, 0x0000, 0x0000, 0x0000, 0x0000, 0x0000, 0x0000,
    0x0000, 0x0000, 0x0000, 0x0000, 0x0000, 0x0000, 0x0000, 0x0000, 0x0000, 0x0000, 0x0000, 0x0000,
    0x0000, 0x0000, 0x0000, 0x0000, 0x0000, 0x0000, 0x0000, 0x0000, 0x0000, 0x0000, 0x0000, 0x0000,
    0x0000, 0x0000, 0x0000, 0x0000, 0x0000, 0x0000, 0x0000, 0x0000, 0x0000, 0x0000, 0x0000, 0x0000,
    0x0000, 0x0000, 0x0000, 0x0000, 0x0000, 0x0000, 0x0000, 0x0000, 0x0000, 0x0000, 0x0000, 0x0000,
    0x0000, 0x0000, 0x0000, 0x0000, 0x0000, 0x0000, 0x0000, 0x0000, 0x0000, 0x0000, 0x0000, 0x0000,
    0x0000, 0x0000, 0x0000, 0x0000, 0x0000, 0x0000, 0x0000, 0x0000, 0x0000, 0x0000, 0x0000, 0x0000,
    0x0000, 0x0000, 0x0000, 0x0000, 0x0000, 0x0000, 0x0000, 0x0000, 0x0000, 0x0000, 0x0000, 0x0000,
    0x0000, 0x0000, 0x0000, 0x0000, 0x0000, 0x0000, 0x0000, 0x0000, 0x0000, 0x0000, 0x0000, 0x0000,
    0x0000, 0x0000, 0x0000, 0x0000, 0x0000, 0x0000, 0x0000, 0x0000, 0x0000, 0x0000, 0x0000, 0x0000,
    0x0000, 0x0000, 0x0000, 0x0000, 0x0000, 0x0000, 0x0000, 0x0000, 0x0000, 0x0000, 0x0000, 0x0000,
    0x0000, 0x0000, 0x0000, 0x0000, 0x0000, 0x0000, 0x0000, 0x0000, 0x0000, 0x0000, 0x0000, 0x0000,
    0x0000, 0x0000, 0x0000, 0x0000, 0x0000, 0x0000, 0x0000, 0x0000, 0x0000, 0x0000, 0x0000, 0x0000,
    0x0000, 0x0000, 0x0000, 0x0000, 0x0000, 0x0000, 0x0000, 0x0000, 0x0000, 0x0000, 0x0000, 0x0000,
    0x0000, 0x0000, 0x0000, 0x0000, 0x0000, 0x0000, 0x0000, 0x0000, 0x0000, 0x0000, 0x0000, 0x0000,
    0x0000, 0x0000, 0x0000, 0x0000, 0x0000, 0x0000, 0x0000, 0x0000, 0x0000, 0x0000, 0x0000, 0x0000,
    0x0000, 0x0000, 0x0000, 0x0000, 0x0000, 0x0000, 0x0000, 0x0000, 0x0000, 0x0000, 0x0000, 0x0000,
    0x0000, 0x0000, 0x0000, 0x0000, 0x0000, 0x0000, 0x0000, 0x0000, 0x0000, 0x0000, 0x0000, 0x0000,
    0x0000, 0x0000, 0x0000, 0x0000, 0x0000, 0x0000, 0x0000, 0x0000, 0x0000, 0x0000, 0x0000, 0x0000,
    0x0000, 0x0000, 0x0000, 0x0000, 0x0000, 0x0000, 0x0000, 0x0000, 0x0000, 0x0000, 0x0000, 0x0000,
    0x0000, 0x0000, 0x0000, 0x0000, 0x0000, 0x0000, 0x0000, 0x0000, 0x0000, 0x0000, 0x0000, 0x0000,
    0x0000, 0x0000, 0x0000, 0x0000, 0x0000, 0x0000, 0x0000, 0x0000, 0x0000, 0x0000, 0x0000, 0x0000,
    0x0000, 0x0000, 0x0000, 0x0000, 0x0000, 0x0000, 0x0000, 0x0000, 0x0000, 0x0000, 0x0000, 0x0000,
    0x0000, 0x0000, 0x0000, 0x0000, 0x0000, 0x0000, 0x0000, 0x0000, 0x0000, 0x0000, 0x0000, 0x0000,
    0x0000, 0x0000, 0x0000, 0x0000, 0x0000, 0x0000, 0x0000, 0x0000, 0x0000, 0x0000, 0x0000, 0x0000,
    0x0000, 0x0000, 0x0000, 0x0000, 0x0000, 0x0000, 0x0000, 0x0000, 0x0000, 0x0000, 0x0000, 0x0000,
    0x0000, 0x0000, 0x0000, 0x0000, 0x0000, 0x0000, 0x0000, 0x0000, 0x0000, 0x0000, 0x0000, 0x0000,
    0x0000, 0x0000, 0x0000, 0x0000, 0x0000, 0x0000, 0x0000, 0x0000, 0x0000, 0x0000, 0x0000, 0x0000,
    0x0000, 0x0000, 0x0000, 0x0000, 0x0000, 0x0000, 0x0000, 0x0000, 0x0000, 0x0000, 0x0000, 0x0000,
    0x0000, 0x0000, 0x0000, 0x0000, 0x0000, 0x0000, 0x0000, 0x0000, 0x0000, 0x0000, 0x0000, 0x0000,
    0x0000, 0x0000, 0x0000, 0x0000, 0x0000, 0x0000, 0x0000, 0x0000, 0x0000, 0x0000, 0x0000, 0x0000,
    0x0000, 0x0000, 0x0000, 0x0000, 0x0000, 0x0000, 0x0000, 0x0000, 0x0000, 0x0000, 0x0000, 0x0000,
    0x0000, 0x0000, 0x0000, 0x0000, 0x0000, 0x0000, 0x0000, 0x0000, 0x0000, 0x0000, 0x0000, 0x0000,
    0x0000, 0x0000, 0x0000, 0x0000, 0x0000, 0x0000, 0x0000, 0x0000, 0x0000, 0x0000, 0x0000, 0x0000,
    0x0000, 0x0000, 0x0000, 0x0000, 0x0000, 0x0000, 0x0000, 0x0000, 0x0000, 0x0000, 0x0000, 0x0000,
    0x0000, 0x0000, 0x0000, 0x0000, 0x0000, 0x0000, 0x0000, 0x0000, 0x0000, 0x0000, 0x0000, 0x0000,
    0x0000, 0x0000, 0x0000, 0x0000, 0x0000, 0x0000, 0x0000, 0x0000, 0x0000, 0x0000, 0x0000, 0x0000,
    0x0000, 0x0000, 0x0000, 0x0000, 0x0000, 0x0000, 0x0000, 0x0000, 0x0000, 0x0000, 0x0000, 0x0000,
    0x0000, 0x0000, 0x0000, 0x0000, 0x0000, 0x0000, 0x0000, 0x0000, 0x0000, 0x0000, 0x0000, 0x0000,
    0x0000, 0x0000, 0x0000, 0x0000, 0x0000, 0x0000, 0x0000, 0x0000, 0x0000, 0x0000, 0x0000, 0x0000,
    0x0000, 0x0000, 0x0000, 0x0000, 0x0000, 0x0000, 0x0000, 0x0000, 0x0000, 0x0000, 0x0000, 0x0000,
    0x0000, 0x0000, 0x0000, 0x0000, 0x0000, 0x0000, 0x0000, 0x0000, 0x0000, 0x0000, 0x0000, 0x0000,
    0x0000, 0x0000, 0x0000, 0x0000, 0x0000, 0x0000, 0x0000, 0x0000, 0x0000, 0x0000, 0x0000, 0x0000,
    0x0000, 0x0000, 0x0000, 0x0000, 0x0000, 0x0000, 0x0000, 0x0000, 0x0000, 0x0000, 0x0000, 0x0000,
    0x0000, 0x0000, 0x0000, 0x0000, 0x0000, 0x0000, 0x0000, 0x0000, 0x0000, 0x0000, 0x0000, 0x0000,
    0x0000, 0x0000, 0x0000, 0x0000, 0x0000, 0x0000, 0x0000, 0x0000, 0x0000, 0x0000, 0x0000, 0x0000,
    0x0000, 0x0000, 0x0000, 0x0000, 0x0000, 0x0000, 0x0000, 0x0000, 0x0000, 0x0000, 0x0000, 0x0000,
    0x0000, 0x0000, 0x0000, 0x0000, 0x0000, 0x0000, 0x0000, 0x0000, 0x0000, 0x0000, 0x0000, 0x0000,
    0x0000, 0x0000, 0x0000, 0x0000, 0x0000, 0x0000, 0x0000, 0x0000, 0x0000, 0x0000, 0x0000, 0x0000,
    0x0000, 0x0000, 0x0000, 0x0000, 0x0000, 0x0000, 0x0000, 0x0000, 0x0000, 0x0000, 0x0000, 0x0000,
    0x0000, 0x0000, 0x0000, 0x0000, 0x0000, 0x0000, 0x0000, 0x0000, 0x0000, 0x0000, 0x0000, 0x0000,
    0x0000, 0x0000, 0x0000, 0x0000, 0x0000, 0x0000, 0x0000, 0x0000, 0x0000, 0x0000, 0x0000, 0x0000,
    0x0000, 0x0000, 0x0000, 0x0000, 0x0000, 0x0000, 0x0000, 0x0000, 0x0000, 0x0000, 0x0000, 0x0000,
    0x0000, 0x0000, 0x0000, 0x0000, 0x0000, 0x0000, 0x0000, 0x0000, 0x0000, 0x0000, 0x0000, 0x0000,
    0x0000, 0x0000, 0x0000, 0x0000, 0x0000, 0x0000, 0x0000, 0x0000, 0x0000, 0x0000, 0x0000, 0x0000,
    0x0000, 0x0000, 0x0000, 0x0000, 0x0000, 0x0000, 0x0000, 0x0000, 0x0000, 0x0000, 0x0000, 0x0000,
    0x0000, 0x0000, 0x0000, 0x0000, 0x0000, 0x0000, 0x0000, 0x0000, 0x0000, 0x0000, 0x0000, 0x0000,
    0x0000, 0x0000, 0x0000, 0x0000, 0x0000, 0x0000, 0x0000, 0x0000, 0x0000, 0x0000, 0x0000, 0x0000,
    0x0000, 0x0000, 0x0000, 0x0000, 0x0000, 0x0000, 0x0000, 0x0000, 0x0000, 0x0000, 0x0000, 0x0000,
    0x0000, 0x0000, 0x0000, 0x0000, 0x0000, 0x0000, 0x0000, 0x0000, 0x0000, 0x0000, 0x0000, 0x0000,
    0x0000, 0x0000, 0x0000, 0x0000, 0x0000, 0x0000, 0x0000, 0x0000, 0x0000, 0x0000, 0x0000, 0x0000,
    0x0000, 0x0000, 0x0000, 0x0000, 0x0000, 0x0000, 0x0000, 0x0000, 0x0000, 0x0000, 0x0000, 0x0000,
    0x0000, 0x0000, 0x0000, 0x0000, 0x0000, 0x0000, 0x0000, 0x0000, 0x0000, 0x0000, 0x0000, 0x0000,
    0x0000, 0x0000, 0x0000, 0x0000, 0x0000, 0x0000, 0x0000, 0x0000, 0x0000, 0x0000, 0x0000, 0x0000,
    0x0000, 0x0000, 0x0000, 0x0000, 0x0000, 0x0000, 0x0000, 0x0000, 0x0000, 0x0000, 0x0000, 0x0000,
    0x0000, 0x0000, 0x0000, 0x0000, 0x0000, 0x0000, 0x0000, 0x0000, 0x0000, 0x0000, 0x0000, 0x0000,
    0x0000, 0x0000, 0x0000, 0x0000, 0x0000, 0x0000, 0x0000, 0x0000, 0x0000, 0x0000, 0x0000, 0x0000,
    0x0000, 0x0000, 0x0000, 0x0000, 0x0000, 0x0000, 0x0000, 0x0000, 0x0000, 0x0000, 0x0000, 0x0000,
    0x0000, 0x0000, 0x0000, 0x0000, 0x0000, 0x0000, 0x0000, 0x0000, 0x0000, 0x0000, 0x0000, 0x0000,
    0x0000, 0x0000, 0x0000, 0x0000, 0x0000, 0x0000, 0x0000, 0x0000, 0x0000, 0x0000, 0x0000, 0x0000,
    0x0000, 0x0000, 0x0000, 0x0000, 0x0000, 0x0000, 0x0000, 0x0000, 0x0000, 0x0000, 0x0000, 0x0000,
    0x0000, 0x0000, 0x0000, 0x0000, 0x0000, 0x0000, 0x0000, 0x0000, 0x0000, 0x0000, 0x0000, 0x0000,
    0x0000, 0x0000, 0x0000, 0x0000, 0x0000, 0x0000, 0x0000, 0x0000, 0x0000, 0x0000, 0x0000, 0x0000,
    0x0000, 0x0000, 0x0000, 0x0000, 0x0000, 0x0000, 0x0000, 0x0000, 0x0000, 0x0000, 0x0000, 0x0000,
    0x0000, 0x0000, 0x0000, 0x0000, 0x0000, 0x0000, 0x0000, 0x0000, 0x0000, 0x0000, 0x0000, 0x0000,
    0x0000, 0x0000, 0x0000, 0x0000, 0x0000, 0x0000, 0x0000, 0x0000, 0x0000, 0x0000, 0x0000, 0x0000,
    0x0000, 0x0000, 0x0000, 0x0000, 0x0000, 0x0000, 0x0000, 0x0000, 0x0000, 0x0000, 0x0000, 0x0000,
    0x0000, 0x0000, 0x0000, 0x0000, 0x0000, 0x0000, 0x0000, 0x0000, 0x0000, 0x0000, 0x0000, 0x0000,
    0x0000, 0x0000, 0x0000, 0x0000, 0x0000, 0x0000, 0x0000, 0x0000, 0x0000, 0x0000, 0x0000, 0x0000,
    0x0000, 0x0000, 0x0000, 0x0000, 0x0000, 0x0000, 0x0000, 0x0000, 0x0000, 0x0000, 0x0000, 0x0000,
    0x0000, 0x0000, 0x0000, 0x0000, 0x0000, 0x0000, 0x0000, 0x0000, 0x0000, 0x0000, 0x0000, 0x0000,
    0x0000, 0x0000, 0x0000, 0x0000, 0x0000, 0x0000, 0x0000, 0x0000, 0x0000, 0x0000, 0x0000, 0x0000,
    0x0000, 0x0000, 0x0000, 0x0000, 0x0000, 0x0000, 0x0000, 0x0000, 0x0000, 0x0000, 0x0000, 0x0000,
    0x0000, 0x0000, 0x0000, 0x0000, 0x0000, 0x0000, 0x0000, 0x0000, 0x0000, 0x0000, 0x0000, 0x0000,
    0x0000, 0x0000, 0x0000, 0x0000, 0x0000, 0x0000, 0x0000, 0x0000, 0x0000, 0x0000, 0x0000, 0x0000,
    0x0000, 0x0000, 0x0000, 0x0000, 0x0000, 0x0000, 0x0000, 0x0000, 0x0000, 0x0000, 0x0000, 0x0000,
    0x0000, 0x0000, 0x0000, 0x0000, 0x0000, 0x0000, 0x0000, 0x0000, 0x0000, 0x0000, 0x0000, 0x0000,
    0x0000, 0x0000, 0x0000, 0x0000, 0x0000, 0x0000, 0x0000, 0x0000, 0x0000, 0x0000, 0x0000, 0x0000,
    0x0000, 0x0000, 0x0000, 0x0000, 0x0000, 0x0000, 0x0000, 0x0000, 0x0000, 0x0000, 0x0000, 0x0000,
    0x0000, 0x0000, 0x0000, 0x0000, 0x0000, 0x0000, 0x0000, 0x0000, 0x0000, 0x0000, 0x0000, 0x0000,
    0x0000, 0x0000, 0x0000, 0x0000, 0x0000, 0x0000, 0x0000, 0x0000, 0x0000, 0x0000, 0x0000, 0x0000,
    0x0000, 0x0000, 0x0000, 0x0000, 0x0000, 0x0000, 0x0000, 0x0000, 0x0000, 0x0000, 0x0000, 0x0000,
    0x0000, 0x0000, 0x0000, 0x0000, 0x0000, 0x0000, 0x0000, 0x0000, 0x0000, 0x0000, 0x0000, 0x0000,
    0x0000, 0x0000, 0x0000, 0x0000, 0x0000, 0x0000, 0x0000, 0x0000, 0x0000, 0x0000, 0x0000, 0x0000,
    0x0000, 0x0000, 0x0000, 0x0000, 0x0000, 0x0000, 0x0000, 0x0000, 0x0000, 0x0000, 0x0000, 0x0000,
    0x0000, 0x0000, 0x0000, 0x0000, 0x0000, 0x0000, 0x0000, 0x0000, 0x0000, 0x0000, 0x0000, 0x0000,
    0x0000, 0x0000, 0x0000, 0x0000, 0x0000, 0x0000, 0x0000, 0x0000, 0x0000, 0x0000, 0x0000, 0x0000,
    0x0000, 0x0000, 0x0000, 0x0000, 0x0000, 0x0000, 0x0000, 0x0000, 0x0000, 0x0000, 0x0000, 0x0000,
    0x0000, 0x0000, 0x0000, 0x0000, 0x0000, 0x0000, 0x0000, 0x0000, 0x0000, 0x0000, 0x0000, 0x0000,
    0x0000, 0x0000, 0x0000, 0x0000, 0x0000, 0x0000, 0x0000, 0x0000, 0x0000, 0x0000, 0x0000, 0x0000,
    0x0000, 0x0000, 0x0000, 0x0000, 0x0000, 0x0000, 0x0000, 0x0000, 0x0000, 0x0000, 0x0000, 0x0000,
    0x0000, 0x0000, 0x0000, 0x0000, 0x0000, 0x0000, 0x0000, 0x0000, 0x0000, 0x0000, 0x0000, 0x0000,
    0x0000, 0x0000, 0x0000, 0x0000, 0x0000, 0x0000, 0x0000, 0x0000, 0x0000, 0x0000, 0x0000, 0x0000,
    0x0000, 0x0000, 0x0000, 0x0000, 0x0000, 0x0000, 0x0000, 0x0000, 0x0000, 0x0000, 0x0000, 0x0000,
    0x0000, 0x0000, 0x0000, 0x0000, 0x0000, 0x0000, 0x0000, 0x0000, 0x0000, 0x0000, 0x0000, 0x0000,
    0x0000, 0x0000, 0x0000, 0x0000, 0x0000, 0x0000, 0x0000, 0x0000, 0x0000, 0x0000, 0x0000, 0x0000,
    0x0000, 0x0000, 0x0000, 0x0000, 0x0000, 0x0000, 0x0000, 0x0000, 0x0000, 0x0000, 0x0000, 0x0000,
    0x0000, 0x0000, 0x0000, 0x0000, 0x0000, 0x0000, 0x0000, 0x0000, 0x0000, 0x0000, 0x0000, 0x0000,
    0x0000, 0x0000, 0x0000, 0x0000, 0x0000, 0x0000, 0x0000, 0x0000, 0x0000, 0x0000, 0x0000, 0x0000,
    0x0000, 0x0000, 0x0000, 0x0000, 0x0000, 0x0000, 0x0000, 0x0000, 0x0000, 0x0000, 0x0000, 0x0000,
    0x0000, 0x0000, 0x0000, 0x0000, 0x0000, 0x0000, 0x0000, 0x0000, 0x0000, 0x0000, 0x0000, 0x0000,
    0x0000, 0x0000, 0x0000, 0x0000, 0x0000, 0x0000, 0x0000, 0x0000, 0x0000, 0x0000, 0x0000, 0x0000,
    0x0000, 0x0000, 0x0000, 0x0000, 0x0000, 0x0000, 0x0000, 0x0000, 0x0000, 0x0000, 0x0000, 0x0000,
    0x0000, 0x0000, 0x0000, 0x0000, 0x0000, 0x0000, 0x0000, 0x0000, 0x0000, 0x0000, 0x0000, 0x0000,
    0x0000, 0x0000, 0x0000, 0x0000, 0x0000, 0x0000, 0x0000, 0x0000, 0x0000, 0x0000, 0x0000, 0x0000,
    0x0000, 0x0000, 0x0000, 0x0000, 0x0000, 0x0000, 0x0000, 0x0000, 0x0000, 0x0000, 0x0000, 0x0000,
    0x0000, 0x0000, 0x0000, 0x0000, 0x0000, 0x0000, 0x0000, 0x0000, 0x0000, 0x0000, 0x0000, 0x0000,
    0x0000, 0x0000, 0x0000, 0x0000, 0x0000, 0x0000, 0x0000, 0x0000, 0x0000, 0x0000, 0x0000, 0x0000,
    0x0000, 0x0000, 0x0000, 0x0000, 0x0000, 0x0000, 0x0000, 0x0000, 0x0000, 0x0000, 0x0000, 0x0000,
    0x0000, 0x0000, 0x0000, 0x0000, 0x0000, 0x0000, 0x0000, 0x0000, 0x0000, 0x0000, 0x0000, 0x0000,
    0x0000, 0x0000, 0x0000, 0x0000, 0x0000, 0x0000, 0x0000, 0x0000, 0x0000, 0x0000, 0x0000, 0x0000,
    0x0000, 0x0000, 0x0000, 0x0000, 0x0000, 0x0000, 0x0000, 0x0000, 0x0000, 0x0000, 0x0000, 0x0000,
    0x0000, 0x0000, 0x0000, 0x0000, 0x0000, 0x0000, 0x0000, 0x0000, 0x0000, 0x0000, 0x0000, 0x0000,
    0x0000, 0x0000, 0x0000, 0x0000, 0x0000, 0x0000, 0x0000, 0x0000, 0x0000, 0x0000, 0x0000, 0x0000,
    0x0000, 0x0000, 0x0000, 0x0000, 0x0000, 0x0000, 0x0000, 0x0000, 0x0000, 0x0000, 0x0000, 0x0000,
    0x0000, 0x0000, 0x0000, 0x0000, 0x0000, 0x0000, 0x0000, 0x0000, 0x0000, 0x0000, 0x0000, 0x0000,
    0x0000, 0x0000, 0x0000, 0x0000, 0x0000, 0x0000, 0x0000, 0x0000, 0x0000, 0x0000, 0x0000, 0x0000,
    0x0000, 0x0000, 0x0000, 0x0000, 0x0000, 0x0000, 0x0000, 0x0000, 0x0000, 0x0000, 0x0000, 0x0000,
    0x0000, 0x0000, 0x0000, 0x0000, 0x0000, 0x0000, 0x0000, 0x0000, 0x0000, 0x0000, 0x0000, 0x0000,
    0x0000, 0x0000, 0x0000, 0x0000, 0x0000, 0x0000, 0x0000, 0x0000, 0x0000, 0x0000, 0x0000, 0x0000,
    0x0000, 0x0000, 0x0000, 0x0000, 0x0000, 0x0000, 0x0000, 0x0000, 0x0000, 0x0000, 0x0000, 0x0000,
    0x0000, 0x0000, 0x0000, 0x0000, 0x0000, 0x0000, 0x0000, 0x0000, 0x0000, 0x0000, 0x0000, 0x0000,
    0x0000, 0x0000, 0x0000, 0x0000, 0x0000, 0x0000, 0x0000, 0x0000, 0x0000, 0x0000, 0x0000, 0x0000,
    0x0000, 0x0000, 0x0000, 0x0000, 0x0000, 0x0000, 0x0000, 0x0000, 0x0000, 0x0000, 0x0000, 0x0000,
    0x0000, 0x0000, 0x0000, 0x0000, 0x0000, 0x0000, 0x0000, 0x0000, 0x0000, 0x0000, 0x0000, 0x0000,
    0x0000, 0x0000, 0x0000, 0x0000, 0x0000, 0x0000, 0x0000, 0x0000, 0x0000, 0x0000, 0x0000, 0x0000,
    0x0000, 0x0000, 0x0000, 0x0000, 0x0000, 0x0000, 0x0000, 0x0000, 0x0000, 0x0000, 0x0000, 0x0000,
    0x0000, 0x0000, 0x0000, 0x0000, 0x0000, 0x0000, 0x0000, 0x0000, 0x0000, 0x0000, 0x0000, 0x0000,
    0x0000, 0x0000, 0x0000, 0x0000, 0x0000, 0x0000, 0x0000, 0x0000, 0x0000, 0x0000, 0x0000, 0x0000,
    0x0000, 0x0000, 0x0000, 0x0000, 0x0000, 0x0000, 0x0000, 0x0000, 0x0000, 0x0000, 0x0000, 0x0000,
    0x0000, 0x0000, 0x0000, 0x0000, 0x0000, 0x0000, 0x0000, 0x0000, 0x0000, 0x0000, 0x0000, 0x0000,
    0x0000, 0x0000, 0x0000, 0x0000, 0x0000, 0x0000, 0x0000, 0x0000, 0x0000, 0x0000, 0x0000, 0x0000,
    0x0000, 0x0000, 0x0000, 0x0000, 0x0000, 0x0000, 0x0000, 0x0000, 0x0000, 0x0000, 0x0000, 0x0000,
    0x0000, 0x0000, 0x0000, 0x0000, 0x0000, 0x0000, 0x0000, 0x0000, 0x0000, 0x0000, 0x0000, 0x0000,
    0x0000, 0x0000, 0x0000, 0x0000, 0x0000, 0x0000, 0x0000, 0x0000, 0x0000, 0x0000, 0x0000, 0x0000,
    0x0000, 0x0000, 0x0000, 0x0000, 0x0000, 0x0000, 0x0000, 0x0000, 0x0000, 0x0000, 0x0000, 0x0000,
    0x0000, 0x0000, 0x0000, 0x0000, 0x0000, 0x0000, 0x0000, 0x0000, 0x0000, 0x0000, 0x0000, 0x0000,
    0x0000, 0x0000, 0x0000, 0x0000, 0x0000, 0x0000, 0x0000, 0x0000, 0x0000, 0x0000, 0x0000, 0x0000,
    0x0000, 0x0000, 0x0000, 0x0000, 0x0000, 0x0000, 0x0000, 0x0000, 0x0000, 0x0000, 0x0000, 0x0000,
    0x0000, 0x0000, 0x0000, 0x0000, 0x0000, 0x0000, 0x0000, 0x0000, 0x0000, 0x0000, 0x0000, 0x0000,
    0x0000, 0x0000, 0x0000, 0x0000, 0x0000, 0x0000, 0x0000, 0x0000, 0x0000, 0x0000, 0x0000, 0x0000,
    0x0000, 0x0000, 0x0000, 0x0000, 0x0000, 0x0000, 0x0000, 0x0000, 0x0000, 0x0000, 0x0000, 0x0000,
    0x0000, 0x0000, 0x0000, 0x0000, 0x0000, 0x0000, 0x0000, 0x0000, 0x0000, 0x0000, 0x0000, 0x0000,
    0x0000, 0x0000, 0x0000, 0x0000, 0x0000, 0x0000, 0x0000, 0x0000, 0x0000, 0x0000, 0x0000, 0x0000,
    0x0000, 0x0000, 0x0000, 0x0000, 0x0000, 0x0000, 0x0000, 0x0000, 0x0000, 0x0000, 0x0000, 0x0000,
    0x0000, 0x0000, 0x0000, 0x0000, 0x0000, 0x0000, 0x0000, 0x0000, 0x0000, 0x0000, 0x0000, 0x0000,
    0x0000, 0x0000, 0x0000, 0x0000, 0x0000, 0x0000, 0x0000, 0x0000, 0x0000, 0x0000, 0x0000, 0x0000,
    0x0000, 0x0000, 0x0000, 0x0000, 0x0000, 0x0000, 0x0000, 0x0000, 0x0000, 0x0000, 0x0000, 0x0000,
    0x0000, 0x0000, 0x0000, 0x0000, 0x0000, 0x0000, 0x0000, 0x0000, 0x0000, 0x0000, 0x0000, 0x0000,
    0x0000, 0x0000, 0x0000, 0x0000, 0x0000, 0x0000, 0x0000, 0x0000, 0x0000, 0x0000, 0x0000, 0x0000,
    0x0000, 0x0000, 0x0000, 0x0000, 0x0000, 0x0000, 0x0000, 0x0000, 0x0000, 0x0000, 0x0000, 0x0000,
    0x0000, 0x0000, 0x0000, 0x0000, 0x0000, 0x0000, 0x0000, 0x0000, 0x0000, 0x0000, 0x0000, 0x0000,
    0x0000, 0x0000, 0x0000, 0x0000, 0x0000, 0x0000, 0x0000, 0x0000, 0x0000, 0x0000, 0x0000, 0x0000,
    0x0000, 0x0000, 0x0000, 0x0000, 0x0000, 0x0000, 0x0000, 0x0000, 0x0000, 0x0000, 0x0000, 0x0000,
    0x0000, 0x0000, 0x0000, 0x0000, 0x0000, 0x0000, 0x0000, 0x0000, 0x0000, 0x0000, 0x0000, 0x0000,
    0x0000, 0x0000, 0x0000, 0x0000, 0x0000, 0x0000, 0x0000, 0x0000, 0x0000, 0x0000, 0x0000, 0x0000,
    0x0000, 0x0000, 0x0000, 0x0000, 0x0000, 0x0000, 0x0000, 0x0000, 0x0000, 0x0000, 0x0000, 0x0000,
    0x0000, 0x0000, 0x0000, 0x0000, 0x0000, 0x0000, 0x0000, 0x0000, 0x0000, 0x0000, 0x0000, 0x0000,
    0x0000, 0x0000, 0x0000, 0x0000, 0x0000, 0x0000, 0x0000, 0x0000, 0x0000, 0x0000, 0x0000, 0x0000,
    0x0000, 0x0000, 0x0000, 0x0000, 0x0000, 0x0000, 0x0000, 0x0000, 0x0000, 0x0000, 0x0000, 0x0000,
    0x0000, 0x0000, 0x0000, 0x0000, 0x0000, 0x0000, 0x0000, 0x0000, 0x0000, 0x0000, 0x0000, 0x0000,
    0x0000, 0x0000, 0x0000, 0x0000, 0x0000, 0x0000, 0x0000, 0x0000, 0x0000, 0x0000, 0x0000, 0x0000,
    0x0000, 0x0000, 0x0000, 0x0000, 0x0000, 0x0000, 0x0000, 0x0000, 0x0000, 0x0000, 0x0000, 0x0000,
    0x0000, 0x0000, 0x0000, 0x0000, 0x0000, 0x0000, 0x0000, 0x0000, 0x0000, 0x0000, 0x0000, 0x0000,
    0x0000, 0x0000, 0x0000, 0x0000, 0x0000, 0x0000, 0x0000, 0x0000, 0x0000, 0x0000, 0x0000, 0x0000,
    0x0000, 0x0000, 0x0000, 0x0000, 0x0000, 0x0000, 0x0000, 0x0000, 0x0000, 0x0000, 0x0000, 0x0000,
    0x0000, 0x0000, 0x0000, 0x0000, 0x0000, 0x0000, 0x0000, 0x0000, 0x0000, 0x0000, 0x0000, 0x0000,
    0x0000, 0x0000, 0x0000, 0x0000, 0x0000, 0x0000, 0x0000, 0x0000, 0x0000, 0x0000, 0x0000, 0x0000,
    0x0000, 0x0000, 0x0000, 0x0000, 0x0000, 0x0000, 0x0000, 0x0000, 0x0000, 0x0000, 0x0000, 0x0000,
    0x0000, 0x0000, 0x0000, 0x0000, 0x0000, 0x0000, 0x0000, 0x0000, 0x0000, 0x0000, 0x0000, 0x0000,
    0x0000, 0x0000, 0x0000, 0x0000, 0x0000, 0x0000, 0x0000, 0x0000, 0x0000, 0x0000, 0x0000, 0x0000,
    0x0000, 0x0000, 0x0000, 0x0000, 0x0000, 0x0000, 0x0000, 0x0000, 0x0000, 0x0000, 0x0000, 0x0000,
    0x0000, 0x0000, 0x0000, 0x0000, 0x0000, 0x0000, 0x0000, 0x0000, 0x0000, 0x0000, 0x0000, 0x0000,
    0x0000, 0x0000, 0x0000, 0x0000, 0x0000, 0x0000, 0x0000, 0x0000, 0x0000, 0x0000, 0x0000, 0x0000,
    0x0000, 0x0000, 0x0000, 0x0000, 0x0000, 0x0000, 0x0000, 0x0000, 0x0000, 0x0000, 0x0000, 0x0000,
    0x0000, 0x0000, 0x0000, 0x0000, 0x0000, 0x0000, 0x0000, 0x0000, 0x0000, 0x0000, 0x0000, 0x0000,
    0x0000, 0x0000, 0x0000, 0x0000, 0x0000, 0x0000, 0x0000, 0x0000, 0x0000, 0x0000, 0x0000, 0x0000,
    0x0000, 0x0000, 0x0000, 0x0000, 0x0000, 0x0000, 0x0000, 0x0000, 0x0000, 0x0000, 0x0000, 0x0000,
    0x0000, 0x0000, 0x0000, 0x0000, 0x0000, 0x0000, 0x0000, 0x0000, 0x0000, 0x0000, 0x0000, 0x0000,
    0x0000, 0x0000, 0x0000, 0x0000, 0x0000, 0x0000, 0x0000, 0x0000, 0x0000, 0x0000, 0x0000, 0x0000,
    0x0000, 0x0000, 0x0000, 0x0000, 0x0000, 0x0000, 0x0000, 0x0000, 0x0000, 0x0000, 0x0000, 0x0000,
    0x0000, 0x0000, 0x0000, 0x0000, 0x0000, 0x0000, 0x0000, 0x0000, 0x0000, 0x0000, 0x0000, 0x0000,
    0x0000, 0x0000, 0x0000, 0x0000, 0x0000, 0x0000, 0x0000, 0x0000, 0x0000, 0x0000, 0x0000, 0x0000,
    0x0000, 0x0000, 0x0000, 0x0000, 0x0000, 0x0000, 0x0000, 0x0000, 0x0000, 0x0000, 0x0000, 0x0000,
    0x0000, 0x0000, 0x0000, 0x0000, 0x0000, 0x0000, 0x0000, 0x0000, 0x0000, 0x0000, 0x0000, 0x0000,
    0x0000, 0x0000, 0x0000, 0x0000, 0x0000, 0x0000, 0x0000, 0x0000, 0x0000, 0x0000, 0x0000, 0x0000,
    0x0000, 0x0000, 0x0000, 0x0000, 0x0000, 0x0000, 0x0000, 0x0000, 0x0000, 0x0000, 0x0000, 0x0000,
    0x0000, 0x0000, 0x0000, 0x0000, 0x0000, 0x0000, 0x0000, 0x0000, 0x0000, 0x0000, 0x0000, 0x0000,
    0x0000, 0x0000, 0x0000, 0x0000, 0x0000, 0x0000, 0x0000, 0x0000, 0x0000, 0x0000, 0x0000, 0x0000,
    0x0000, 0x0000, 0x0000, 0x0000, 0x0000, 0x0000, 0x0000, 0x0000, 0x0000, 0x0000, 0x0000, 0x0000,
    0x0000, 0x0000, 0x0000, 0x0000, 0x0000, 0x0000, 0x0000, 0x0000, 0x0000, 0x0000, 0x0000, 0x0000,
    0x0000, 0x0000, 0x0000, 0x0000, 0x0000, 0x0000, 0x0000, 0x0000, 0x0000, 0x0000, 0x0000, 0x0000,
    0x0000, 0x0000, 0x0000, 0x0000, 0x0000, 0x0000, 0x0000, 0x0000, 0x0000, 0x0000, 0x0000, 0x0000,
    0x0000, 0x0000, 0x0000, 0x0000, 0x0000, 0x0000, 0x0000, 0x0000, 0x0000, 0x0000, 0x0000, 0x0000,
    0x0000, 0x0000, 0x0000, 0x0000, 0x0000, 0x0000, 0x0000, 0x0000, 0x0000, 0x0000, 0x0000, 0x0000,
    0x0000, 0x0000, 0x0000, 0x0000, 0x0000, 0x0000, 0x0000, 0x0000, 0x0000, 0x0000, 0x0000, 0x0000,
    0x0000, 0x0000, 0x0000, 0x0000, 0x0000, 0x0000, 0x0000, 0x0000, 0x0000, 0x0000, 0x0000, 0x0000,
    0x0000, 0x0000, 0x0000, 0x0000, 0x0000, 0x0000, 0x0000, 0x0000, 0x0000, 0x0000, 0x0000, 0x0000,
    0x0000, 0x0000, 0x0000, 0x0000, 0x0000, 0x0000, 0x0000, 0x0000, 0x0000, 0x0000, 0x0000, 0x0000,
    0x0000, 0x0000, 0x0000, 0x0000, 0x0000, 0x0000, 0x0000, 0x0000, 0x0000, 0x0000, 0x0000, 0x0000,
    0x0000, 0x0000, 0x0000, 0x0000, 0x0000, 0x0000, 0x0000, 0x0000, 0x0000, 0x0000, 0x0000, 0x0000,
    0x0000, 0x0000, 0x0000, 0x0000, 0x0000, 0x0000, 0x0000, 0x0000, 0x0000, 0x0000, 0x0000, 0x0000,
    0x0000, 0x0000, 0x0000, 0x0000, 0x0000, 0x0000, 0x0000, 0x0000, 0x0000, 0x0000, 0x0000, 0x0000,
    0x0000, 0x0000, 0x0000, 0x0000, 0x0000, 0x0000, 0x0000, 0x0000, 0x0000, 0x0000, 0x0000, 0x0000,
    0x0000, 0x0000, 0x0000, 0x0000, 0x0000, 0x0000, 0x0000, 0x0000, 0x0000, 0x0000, 0x0000, 0x0000,
    0x0000, 0x0000, 0x0000, 0x0000, 0x0000, 0x0000, 0x0000, 0x0000, 0x0000, 0x0000, 0x0000, 0x0000,
    0x0000, 0x0000, 0x0000, 0x0000, 0x0000, 0x0000, 0x0000, 0x0000, 0x0000, 0x0000, 0x0000, 0x0000,
    0x0000, 0x0000, 0x0000, 0x0000, 0x0000, 0x0000, 0x0000, 0x0000, 0x0000, 0x0000, 0x0000, 0x0000,
    0x0000, 0x0000, 0x0000, 0x0000, 0x0000, 0x0000, 0x0000, 0x0000, 0x0000, 0x0000, 0x0000, 0x0000,
    0x0000, 0x0000, 0x0000, 0x0000, 0x0000, 0x0000, 0x0000, 0x0000, 0x0000, 0x0000, 0x0000, 0x0000,
    0x0000, 0x0000, 0x0000, 0x0000, 0x0000, 0x0000, 0x0000, 0x0000, 0x0000, 0x0000, 0x0000, 0x0000,
    0x0000, 0x0000, 0x0000, 0x0000, 0x0000, 0x0000, 0x0000, 0x0000, 0x0000, 0x0000, 0x0000, 0x0000,
    0x0000, 0x0000, 0x0000, 0x0000, 0x0000, 0x0000, 0x0000, 0x0000, 0x0000, 0x0000, 0x0000, 0x0000,
    0x0000, 0x0000, 0x0000, 0x0000, 0x0000, 0x0000, 0x0000, 0x0000, 0x0000, 0x0000, 0x0000, 0x0000,
    0x0000, 0x0000, 0x0000, 0x0000, 0x0000, 0x0000, 0x0000, 0x0000, 0x0000, 0x0000, 0x0000, 0x0000,
    0x0000, 0x0000, 0x0000, 0x0000, 0x0000, 0x0000, 0x0000, 0x0000, 0x0000, 0x0000, 0x0000, 0x0000,
    0x0000, 0x0000, 0x0000, 0x0000, 0x0000, 0x0000, 0x0000, 0x0000, 0x0000, 0x0000, 0x0000, 0x0000,
    0x0000, 0x0000, 0x0000, 0x0000, 0x0000, 0x0000, 0x0000, 0x0000, 0x0000, 0x0000, 0x0000, 0x0000,
    0x0000, 0x0000, 0x0000, 0x0000, 0x0000, 0x0000, 0x0000, 0x0000, 0x0000, 0x0000, 0x0000, 0x0000,
    0x0000, 0x0000, 0x0000, 0x0000, 0x0000, 0x0000, 0x0000, 0x0000, 0x0000, 0x0000, 0x0000, 0x0000,
    0x0000, 0x0000, 0x0000, 0x0000, 0x0000, 0x0000, 0x0000, 0x0000, 0x0000, 0x0000, 0x0000, 0x0000,
    0x0000, 0x0000, 0x0000, 0x0000, 0x0000, 0x0000, 0x0000, 0x0000, 0x0000, 0x0000, 0x0000, 0x0000,
    0x0000, 0x0000, 0x0000, 0x0000, 0x0000, 0x0000, 0x0000, 0x0000, 0x0000, 0x0000, 0x0000, 0x0000,
    0x0000, 0x0000, 0x0000, 0x0000, 0x0000, 0x0000, 0x0000, 0x0000, 0x0000, 0x0000, 0x0000, 0x0000,
    0x0000, 0x0000, 0x0000, 0x0000, 0x0000, 0x0000, 0x0000, 0x0000, 0x0000, 0x0000, 0x0000, 0x0000,
    0x0000, 0x0000, 0x0000, 0x0000, 0x0000, 0x0000, 0x0000, 0x0000, 0x0000, 0x0000, 0x0000, 0x0000,
    0x0000, 0x0000, 0x0000, 0x0000, 0x0000, 0x0000, 0x0000, 0x0000, 0x0000, 0x0000, 0x0000, 0x0000,
    0x0000, 0x0000, 0x0000, 0x0000, 0x0000, 0x0000, 0x0000, 0x0000, 0x0000, 0x0000, 0x0000, 0x0000,
    0x0000, 0x0000, 0x0000, 0x0000, 0x0000, 0x0000, 0x0000, 0x0000, 0x0000, 0x0000, 0x0000, 0x0000,
    0x0000, 0x0000, 0x0000, 0x0000, 0x0000, 0x0000, 0x0000, 0x0000, 0x0000, 0x0000, 0x0000, 0x0000,
    0x0000, 0x0000, 0x0000, 0x0000, 0x0000, 0x0000, 0x0000, 0x0000, 0x0000, 0x0000, 0x0000, 0x0000,
    0x0000, 0x0000, 0x0000, 0x0000, 0x0000, 0x0000, 0x0000, 0x0000, 0x0000, 0x0000, 0x0000, 0x0000,
    0x0000, 0x0000, 0x0000, 0x0000, 0x0000, 0x0000, 0x0000, 0x0000, 0x0000, 0x0000, 0x0000, 0x0000,
    0x0000, 0x0000, 0x0000, 0x0000, 0x0000, 0x0000, 0x0000, 0x0000, 0x0000, 0x0000, 0x0000, 0x0000,
    0x0000, 0x0000, 0x0000, 0x0000, 0x0000, 0x0000, 0x0000, 0x0000, 0x0000, 0x0000, 0x0000, 0x0000,
    0x0000, 0x0000, 0x0000, 0x0000, 0x0000, 0x0000, 0x0000, 0x0000, 0x0000, 0x0000, 0x0000, 0x0000,
    0x0000, 0x0000, 0x0000, 0x0000, 0x0000, 0x0000, 0x0000, 0x0000, 0x0000, 0x0000, 0x0000, 0x0000,
    0x0000, 0x0000, 0x0000, 0x0000, 0x0000, 0x0000, 0x0000, 0x0000, 0x0000, 0x0000, 0x0000, 0x0000,
    0x0000, 0x0000, 0x0000, 0x0000, 0x0000, 0x0000, 0x0000, 0x0000, 0x0000, 0x0000, 0x0000, 0x0000,
    0x0000, 0x0000, 0x0000, 0x0000, 0x0000, 0x0000, 0x0000, 0x0000, 0x0000, 0x0000, 0x0000, 0x0000,
    0x0000, 0x0000, 0x0000, 0x0000, 0x0000, 0x0000, 0x0000, 0x0000, 0x0000, 0x0000, 0x0000, 0x0000,
    0x0000, 0x0000, 0x0000, 0x0000, 0x0000, 0x0000, 0x0000, 0x0000, 0x0000, 0x0000, 0x0000, 0x0000,
    0x0000, 0x0000, 0x0000, 0x0000, 0x0000, 0x0000, 0x0000, 0x0000, 0x0000, 0x0000, 0x0000, 0x0000,
    0x0000, 0x0000, 0x0000, 0x0000, 0x0000, 0x0000, 0x0000, 0x0000, 0x0000, 0x0000, 0x0000, 0x0000,
    0x0000, 0x0000, 0x0000, 0x0000, 0x0000, 0x0000, 0x0000, 0x0000, 0x0000, 0x0000, 0x0000, 0x0000,
    0x0000, 0x0000, 0x0000, 0x0000, 0x0000, 0x0000, 0x0000, 0x0000, 0x0000, 0x0000, 0x0000, 0x0000,
    0x0000, 0x0000, 0x0000, 0x0000, 0x0000, 0x0000, 0x0000, 0x0000, 0x0000, 0x0000, 0x0000, 0x0000,
};
